symbol	category	in_RNAseq_DESeq2	in_microarray_limma
A1CF	common	True	True
A2M	common	True	True
A3GALT2	common	True	True
A4GALT	common	True	True
AAAS	common	True	True
AACS	common	True	True
AADAT	common	True	True
AAGAB	common	True	True
AAK1	common	True	True
AAMDC	common	True	True
AAMP	common	True	True
AANAT	common	True	True
AAR2	common	True	True
AARD	common	True	True
AARS1	common	True	True
AARS2	common	True	True
AASDH	common	True	True
AASDHPPT	common	True	True
AASS	common	True	True
AATF	common	True	True
AATK	common	True	True
ABAT	common	True	True
ABCA1	common	True	True
ABCA12	common	True	True
ABCA13	common	True	True
ABCA2	common	True	True
ABCA3	common	True	True
ABCA4	common	True	True
ABCA5	common	True	True
ABCA6	common	True	True
ABCA7	common	True	True
ABCB1	common	True	True
ABCB10	common	True	True
ABCB11	common	True	True
ABCB4	common	True	True
ABCB6	common	True	True
ABCB7	common	True	True
ABCB8	common	True	True
ABCB9	common	True	True
ABCC1	common	True	True
ABCC10	common	True	True
ABCC11	common	True	True
ABCC12	common	True	True
ABCC2	common	True	True
ABCC3	common	True	True
ABCC4	common	True	True
ABCC5	common	True	True
ABCC6	common	True	True
ABCC9	common	True	True
ABCD1	common	True	True
ABCD3	common	True	True
ABCD4	common	True	True
ABCE1	common	True	True
ABCF1	common	True	True
ABCF2-H2BK1	common	True	True
ABCF3	common	True	True
ABCG1	common	True	True
ABCG2	common	True	True
ABCG4	common	True	True
ABCG5	common	True	True
ABCG8	common	True	True
ABHD1	common	True	True
ABHD10	common	True	True
ABHD11	common	True	True
ABHD12	common	True	True
ABHD13	common	True	True
ABHD14A	common	True	True
ABHD14A-ACY1	common	True	True
ABHD14B	common	True	True
ABHD15	common	True	True
ABHD16A	common	True	True
ABHD16B	common	True	True
ABHD17A	common	True	True
ABHD17B	common	True	True
ABHD17C	common	True	True
ABHD18	common	True	True
ABHD2	common	True	True
ABHD3	common	True	True
ABHD4	common	True	True
ABHD5	common	True	True
ABHD6	common	True	True
ABHD8	common	True	True
ABI1	common	True	True
ABI2	common	True	True
ABI3	common	True	True
ABI3BP	common	True	True
ABITRAM	common	True	True
ABL1	common	True	True
ABL2	common	True	True
ABLIM1	common	True	True
ABLIM2	common	True	True
ABLIM3	common	True	True
ABR	common	True	True
ABRACL	common	True	True
ABRAXAS1	common	True	True
ABRAXAS2	common	True	True
ABT1	common	True	True
ABTB1	common	True	True
ABTB2	common	True	True
ABTB3	common	True	True
ACAA1	common	True	True
ACAA2	common	True	True
ACACA	common	True	True
ACACB	common	True	True
ACAD10	common	True	True
ACAD11	common	True	True
ACAD8	common	True	True
ACAD9	common	True	True
ACADM	common	True	True
ACADS	common	True	True
ACADSB	common	True	True
ACADVL	common	True	True
ACAN	common	True	True
ACAP1	common	True	True
ACAP2	common	True	True
ACAP3	common	True	True
ACAT1	common	True	True
ACAT2	common	True	True
ACBD3	common	True	True
ACBD4	common	True	True
ACBD5	common	True	True
ACBD6	common	True	True
ACBD7	common	True	True
ACCS	common	True	True
ACCSL	common	True	True
ACD	common	True	True
ACE	common	True	True
ACE2	common	True	True
ACER2	common	True	True
ACER3	common	True	True
ACHE	common	True	True
ACIN1	common	True	True
ACKR2	common	True	True
ACKR3	common	True	True
ACLY	common	True	True
ACMSD	common	True	True
ACO1	common	True	True
ACO2	common	True	True
ACOD1	common	True	True
ACOT1	common	True	True
ACOT11	common	True	True
ACOT13	common	True	True
ACOT2	common	True	True
ACOT6	common	True	True
ACOT7	common	True	True
ACOT8	common	True	True
ACOT9	common	True	True
ACOX1	common	True	True
ACOX2	common	True	True
ACOX3	common	True	True
ACOXL	common	True	True
ACP1	common	True	True
ACP2	common	True	True
ACP3	common	True	True
ACP5	common	True	True
ACP6	common	True	True
ACP7	common	True	True
ACRV1	common	True	True
ACSBG1	common	True	True
ACSBG2	common	True	True
ACSF2	common	True	True
ACSF3	common	True	True
ACSL1	common	True	True
ACSL3	common	True	True
ACSL4	common	True	True
ACSL5	common	True	True
ACSL6	common	True	True
ACSM1	common	True	True
ACSM3	common	True	True
ACSM5	common	True	True
ACSS2	common	True	True
ACSS3	common	True	True
ACTA1	common	True	True
ACTA2	common	True	True
ACTB	common	True	True
ACTC1	common	True	True
ACTG1	common	True	True
ACTG2	common	True	True
ACTL10	common	True	True
ACTL6A	common	True	True
ACTL8	common	True	True
ACTMAP	common	True	True
ACTN1	common	True	True
ACTN3	common	True	True
ACTN4	common	True	True
ACTR10	common	True	True
ACTR1A	common	True	True
ACTR1B	common	True	True
ACTR2	common	True	True
ACTR3	common	True	True
ACTR3B	common	True	True
ACTR3C	common	True	True
ACTR5	common	True	True
ACTR6	common	True	True
ACTR8	common	True	True
ACVR1	common	True	True
ACVR1B	common	True	True
ACVR1C	common	True	True
ACVR2A	common	True	True
ACVR2B	common	True	True
ACVRL1	common	True	True
ACY1	common	True	True
ACYP1	common	True	True
ACYP2	common	True	True
ADA	common	True	True
ADA2	common	True	True
ADAD2	common	True	True
ADAM10	common	True	True
ADAM11	common	True	True
ADAM12	common	True	True
ADAM15	common	True	True
ADAM17	common	True	True
ADAM19	common	True	True
ADAM20	common	True	True
ADAM21	common	True	True
ADAM22	common	True	True
ADAM23	common	True	True
ADAM28	common	True	True
ADAM29	common	True	True
ADAM32	common	True	True
ADAM8	common	True	True
ADAM9	common	True	True
ADAMDEC1	common	True	True
ADAMTS1	common	True	True
ADAMTS10	common	True	True
ADAMTS12	common	True	True
ADAMTS13	common	True	True
ADAMTS14	common	True	True
ADAMTS15	common	True	True
ADAMTS16	common	True	True
ADAMTS17	common	True	True
ADAMTS18	common	True	True
ADAMTS19	common	True	True
ADAMTS2	common	True	True
ADAMTS3	common	True	True
ADAMTS4	common	True	True
ADAMTS5	common	True	True
ADAMTS6	common	True	True
ADAMTS7	common	True	True
ADAMTS8	common	True	True
ADAMTS9	common	True	True
ADAMTSL1	common	True	True
ADAMTSL4	common	True	True
ADAMTSL4-AS1	common	True	True
ADAMTSL5	common	True	True
ADAP1	common	True	True
ADAP2	common	True	True
ADAR	common	True	True
ADARB1	common	True	True
ADAT1	common	True	True
ADAT2	common	True	True
ADCK1	common	True	True
ADCK2	common	True	True
ADCK5	common	True	True
ADCY1	common	True	True
ADCY10	common	True	True
ADCY3	common	True	True
ADCY5	common	True	True
ADCY6	common	True	True
ADCY7	common	True	True
ADCY8	common	True	True
ADCY9	common	True	True
ADCYAP1R1	common	True	True
ADD1	common	True	True
ADD2	common	True	True
ADD3	common	True	True
ADGB	common	True	True
ADGRA1	common	True	True
ADGRA2	common	True	True
ADGRA3	common	True	True
ADGRB1	common	True	True
ADGRB2	common	True	True
ADGRB3	common	True	True
ADGRD1	common	True	True
ADGRE2	common	True	True
ADGRE5	common	True	True
ADGRF2P	common	True	True
ADGRF3	common	True	True
ADGRF4	common	True	True
ADGRF5	common	True	True
ADGRG1	common	True	True
ADGRG2	common	True	True
ADGRG3	common	True	True
ADGRG5	common	True	True
ADGRG6	common	True	True
ADGRL1	common	True	True
ADGRL2	common	True	True
ADGRL3	common	True	True
ADGRV1	common	True	True
ADH1C	common	True	True
ADH5	common	True	True
ADH7	common	True	True
ADI1	common	True	True
ADIPOR1	common	True	True
ADIPOR2	common	True	True
ADIRF	common	True	True
ADISSP	common	True	True
ADK	common	True	True
ADM	common	True	True
ADM2	common	True	True
ADM5	common	True	True
ADNP	common	True	True
ADNP2	common	True	True
ADO	common	True	True
ADORA1	common	True	True
ADORA2A	common	True	True
ADORA2B	common	True	True
ADPGK	common	True	True
ADPRH	common	True	True
ADPRHL1	common	True	True
ADPRM	common	True	True
ADPRS	common	True	True
ADRA1B	common	True	True
ADRA1D	common	True	True
ADRA2A	common	True	True
ADRA2B	common	True	True
ADRA2C	common	True	True
ADRB1	common	True	True
ADRB2	common	True	True
ADRM1	common	True	True
ADSL	common	True	True
ADSS1	common	True	True
ADSS2	common	True	True
ADTRP	common	True	True
AEBP1	common	True	True
AEBP2	common	True	True
AEN	common	True	True
AFAP1	common	True	True
AFAP1L1	common	True	True
AFAP1L2	common	True	True
AFDN	common	True	True
AFF1	common	True	True
AFF2	common	True	True
AFF3	common	True	True
AFF4	common	True	True
AFG1L	common	True	True
AFG2A	common	True	True
AFG2B	common	True	True
AFG3L2	common	True	True
AFMID	common	True	True
AFP	common	True	True
AFTPH	common	True	True
AGA	common	True	True
AGAP1	common	True	True
AGAP2	common	True	True
AGAP3	common	True	True
AGAP4	common	True	True
AGAP5	common	True	True
AGAP6	common	True	True
AGAP9	common	True	True
AGBL1	common	True	True
AGBL2	common	True	True
AGBL3	common	True	True
AGBL5	common	True	True
AGER	common	True	True
AGFG1	common	True	True
AGFG2	common	True	True
AGGF1	common	True	True
AGK	common	True	True
AGL	common	True	True
AGMAT	common	True	True
AGO1	common	True	True
AGO2	common	True	True
AGO3	common	True	True
AGO4	common	True	True
AGPAT1	common	True	True
AGPAT3	common	True	True
AGPAT4	common	True	True
AGPAT5	common	True	True
AGPS	common	True	True
AGRN	common	True	True
AGT	common	True	True
AGTPBP1	common	True	True
AGTR1	common	True	True
AGTRAP	common	True	True
AHCTF1	common	True	True
AHCY	common	True	True
AHCYL1	common	True	True
AHCYL2	common	True	True
AHDC1	common	True	True
AHI1	common	True	True
AHNAK	common	True	True
AHNAK2	common	True	True
AHR	common	True	True
AHRR	common	True	True
AHSA1	common	True	True
AHSA2P	common	True	True
AIDA	common	True	True
AIF1L	common	True	True
AIFM1	common	True	True
AIFM2	common	True	True
AIG1	common	True	True
AIM2	common	True	True
AIMP1	common	True	True
AIMP2	common	True	True
AIP	common	True	True
AIRE	common	True	True
AIRIM	common	True	True
AJAP1	common	True	True
AJM1	common	True	True
AJUBA	common	True	True
AK1	common	True	True
AK2	common	True	True
AK3	common	True	True
AK4	common	True	True
AK5	common	True	True
AK7	common	True	True
AK8	common	True	True
AK9	common	True	True
AKAP1	common	True	True
AKAP10	common	True	True
AKAP11	common	True	True
AKAP12	common	True	True
AKAP13	common	True	True
AKAP14	common	True	True
AKAP17A	common	True	True
AKAP19	common	True	True
AKAP3	common	True	True
AKAP4	common	True	True
AKAP5	common	True	True
AKAP6	common	True	True
AKAP7	common	True	True
AKAP8	common	True	True
AKAP8L	common	True	True
AKAP9	common	True	True
AKIP1	common	True	True
AKIRIN1	common	True	True
AKIRIN2	common	True	True
AKNA	common	True	True
AKNAD1	common	True	True
AKR1A1	common	True	True
AKR1B1	common	True	True
AKR1B10	common	True	True
AKR1B15	common	True	True
AKR1C1	common	True	True
AKR1C2	common	True	True
AKR1C3	common	True	True
AKR1E2	common	True	True
AKR7A2	common	True	True
AKR7A3	common	True	True
AKR7L	common	True	True
AKT1	common	True	True
AKT1S1	common	True	True
AKT2	common	True	True
AKT3	common	True	True
AKTIP	common	True	True
ALAD	common	True	True
ALAS1	common	True	True
ALCAM	common	True	True
ALDH16A1	common	True	True
ALDH18A1	common	True	True
ALDH1A2	common	True	True
ALDH1A3	common	True	True
ALDH1B1	common	True	True
ALDH1L2	common	True	True
ALDH2	common	True	True
ALDH3A1	common	True	True
ALDH3A2	common	True	True
ALDH3B1	common	True	True
ALDH3B2	common	True	True
ALDH4A1	common	True	True
ALDH6A1	common	True	True
ALDH7A1	common	True	True
ALDH9A1	common	True	True
ALDOA	common	True	True
ALDOC	common	True	True
ALG1	common	True	True
ALG10	common	True	True
ALG10B	common	True	True
ALG11	common	True	True
ALG12	common	True	True
ALG13	common	True	True
ALG14	common	True	True
ALG1L1P	common	True	True
ALG2	common	True	True
ALG3	common	True	True
ALG5	common	True	True
ALG6	common	True	True
ALG8	common	True	True
ALG9	common	True	True
ALKAL2	common	True	True
ALKBH1	common	True	True
ALKBH2	common	True	True
ALKBH3	common	True	True
ALKBH4	common	True	True
ALKBH5	common	True	True
ALKBH6	common	True	True
ALKBH7	common	True	True
ALKBH8	common	True	True
ALMS1	common	True	True
ALOX12B	common	True	True
ALOX15B	common	True	True
ALOX5AP	common	True	True
ALOXE3	common	True	True
ALPK1	common	True	True
ALPK2	common	True	True
ALPK3	common	True	True
ALPL	common	True	True
ALS2	common	True	True
ALX1	common	True	True
ALYREF	common	True	True
AMACR	common	True	True
AMBP	common	True	True
AMBRA1	common	True	True
AMD1	common	True	True
AMDHD1	common	True	True
AMDHD2	common	True	True
AMER1	common	True	True
AMER2	common	True	True
AMFR	common	True	True
AMH	common	True	True
AMIGO1	common	True	True
AMIGO2	common	True	True
AMIGO3	common	True	True
AMMECR1	common	True	True
AMMECR1L	common	True	True
AMN	common	True	True
AMN1	common	True	True
AMOT	common	True	True
AMOTL1	common	True	True
AMOTL2	common	True	True
AMPD2	common	True	True
AMPD3	common	True	True
AMPH	common	True	True
AMT	common	True	True
AMY2B	common	True	True
AMZ1	common	True	True
AMZ2	common	True	True
ANAPC1	common	True	True
ANAPC10	common	True	True
ANAPC11	common	True	True
ANAPC13	common	True	True
ANAPC15	common	True	True
ANAPC16	common	True	True
ANAPC2	common	True	True
ANAPC4	common	True	True
ANAPC5	common	True	True
ANAPC7	common	True	True
ANG	common	True	True
ANGEL1	common	True	True
ANGEL2	common	True	True
ANGPT1	common	True	True
ANGPT2	common	True	True
ANGPT4	common	True	True
ANGPTL1	common	True	True
ANGPTL2	common	True	True
ANGPTL4	common	True	True
ANGPTL5	common	True	True
ANGPTL6	common	True	True
ANGPTL7	common	True	True
ANK1	common	True	True
ANK2	common	True	True
ANK3	common	True	True
ANKAR	common	True	True
ANKDD1A	common	True	True
ANKDD1B	common	True	True
ANKEF1	common	True	True
ANKFN1	common	True	True
ANKFY1	common	True	True
ANKH	common	True	True
ANKHD1	common	True	True
ANKIB1	common	True	True
ANKLE1	common	True	True
ANKLE2	common	True	True
ANKMY1	common	True	True
ANKMY2	common	True	True
ANKRA2	common	True	True
ANKRD1	common	True	True
ANKRD10	common	True	True
ANKRD11	common	True	True
ANKRD12	common	True	True
ANKRD13A	common	True	True
ANKRD13B	common	True	True
ANKRD13C	common	True	True
ANKRD13C-DT	common	True	True
ANKRD13D	common	True	True
ANKRD16	common	True	True
ANKRD17	common	True	True
ANKRD18A	common	True	True
ANKRD18B	common	True	True
ANKRD19P	common	True	True
ANKRD2	common	True	True
ANKRD20A1	common	True	True
ANKRD20A5P	common	True	True
ANKRD22	common	True	True
ANKRD23	common	True	True
ANKRD24	common	True	True
ANKRD26	common	True	True
ANKRD27	common	True	True
ANKRD28	common	True	True
ANKRD29	common	True	True
ANKRD30B	common	True	True
ANKRD31	common	True	True
ANKRD33B	common	True	True
ANKRD34A	common	True	True
ANKRD34C	common	True	True
ANKRD35	common	True	True
ANKRD36	common	True	True
ANKRD36B	common	True	True
ANKRD36C	common	True	True
ANKRD37	common	True	True
ANKRD39	common	True	True
ANKRD40	common	True	True
ANKRD42	common	True	True
ANKRD44	common	True	True
ANKRD45	common	True	True
ANKRD46	common	True	True
ANKRD49	common	True	True
ANKRD50	common	True	True
ANKRD52	common	True	True
ANKRD53	common	True	True
ANKRD54	common	True	True
ANKRD55	common	True	True
ANKRD6	common	True	True
ANKRD61	common	True	True
ANKRD63	common	True	True
ANKRD66	common	True	True
ANKRD7	common	True	True
ANKRD9	common	True	True
ANKS1A	common	True	True
ANKS1B	common	True	True
ANKS3	common	True	True
ANKS4B	common	True	True
ANKS6	common	True	True
ANKZF1	common	True	True
ANLN	common	True	True
ANO1	common	True	True
ANO10	common	True	True
ANO2	common	True	True
ANO5	common	True	True
ANO6	common	True	True
ANO7	common	True	True
ANO8	common	True	True
ANP32A	common	True	True
ANP32B	common	True	True
ANP32CP	common	True	True
ANP32D	common	True	True
ANP32E	common	True	True
ANPEP	common	True	True
ANTKMT	common	True	True
ANTXR1	common	True	True
ANTXR2	common	True	True
ANXA1	common	True	True
ANXA10	common	True	True
ANXA11	common	True	True
ANXA2	common	True	True
ANXA2R	common	True	True
ANXA4	common	True	True
ANXA5	common	True	True
ANXA6	common	True	True
ANXA7	common	True	True
ANXA8	common	True	True
ANXA8L1	common	True	True
ANXA9	common	True	True
AOAH	common	True	True
AOC2	common	True	True
AOC3	common	True	True
AOPEP	common	True	True
AOX1	common	True	True
AP1AR	common	True	True
AP1B1	common	True	True
AP1G1	common	True	True
AP1G2	common	True	True
AP1M1	common	True	True
AP1M2	common	True	True
AP1S1	common	True	True
AP1S2	common	True	True
AP1S3	common	True	True
AP2A1	common	True	True
AP2A2	common	True	True
AP2B1	common	True	True
AP2M1	common	True	True
AP2S1	common	True	True
AP3B1	common	True	True
AP3B2	common	True	True
AP3D1	common	True	True
AP3M1	common	True	True
AP3M2	common	True	True
AP3S1	common	True	True
AP3S2	common	True	True
AP4B1	common	True	True
AP4E1	common	True	True
AP4M1	common	True	True
AP4S1	common	True	True
AP5B1	common	True	True
AP5M1	common	True	True
AP5S1	common	True	True
AP5Z1	common	True	True
APAF1	common	True	True
APBA1	common	True	True
APBA3	common	True	True
APBB1	common	True	True
APBB1IP	common	True	True
APBB2	common	True	True
APBB3	common	True	True
APC	common	True	True
APC2	common	True	True
APCDD1L	common	True	True
APEH	common	True	True
APEX1	common	True	True
APEX2	common	True	True
APH1A	common	True	True
APH1B	common	True	True
API5	common	True	True
APIP	common	True	True
APLF	common	True	True
APLN	common	True	True
APLNR	common	True	True
APLP1	common	True	True
APLP2	common	True	True
APMAP	common	True	True
APOA1	common	True	True
APOA4	common	True	True
APOBEC3A	common	True	True
APOBEC3B	common	True	True
APOBEC3C	common	True	True
APOBEC3D	common	True	True
APOBEC3F	common	True	True
APOBEC3G	common	True	True
APOBEC3H	common	True	True
APOC1	common	True	True
APOC3	common	True	True
APOE	common	True	True
APOH	common	True	True
APOL1	common	True	True
APOL2	common	True	True
APOL3	common	True	True
APOL4	common	True	True
APOL6	common	True	True
APOLD1	common	True	True
APOM	common	True	True
APOO	common	True	True
APOOL	common	True	True
APP	common	True	True
APPBP2	common	True	True
APPL1	common	True	True
APPL2	common	True	True
APRG1	common	True	True
APRT	common	True	True
APTX	common	True	True
AQP1	common	True	True
AQP11	common	True	True
AQP2	common	True	True
AQP5	common	True	True
AQP9	common	True	True
AQR	common	True	True
AR	common	True	True
ARAF	common	True	True
ARAP1	common	True	True
ARAP2	common	True	True
ARAP3	common	True	True
ARB2A	common	True	True
ARC	common	True	True
ARCN1	common	True	True
AREL1	common	True	True
ARF1	common	True	True
ARF4	common	True	True
ARF5	common	True	True
ARF6	common	True	True
ARFGAP1	common	True	True
ARFGAP2	common	True	True
ARFGAP3	common	True	True
ARFGEF1	common	True	True
ARFGEF2	common	True	True
ARFGEF3	common	True	True
ARFIP1	common	True	True
ARFIP2	common	True	True
ARFRP1	common	True	True
ARG2	common	True	True
ARGLU1	common	True	True
ARHGAP1	common	True	True
ARHGAP10	common	True	True
ARHGAP11B	common	True	True
ARHGAP12	common	True	True
ARHGAP15	common	True	True
ARHGAP17	common	True	True
ARHGAP18	common	True	True
ARHGAP19	common	True	True
ARHGAP19-SLIT1	common	True	True
ARHGAP20	common	True	True
ARHGAP21	common	True	True
ARHGAP22	common	True	True
ARHGAP23	common	True	True
ARHGAP24	common	True	True
ARHGAP25	common	True	True
ARHGAP26	common	True	True
ARHGAP27	common	True	True
ARHGAP28	common	True	True
ARHGAP29	common	True	True
ARHGAP30	common	True	True
ARHGAP31	common	True	True
ARHGAP32	common	True	True
ARHGAP33	common	True	True
ARHGAP35	common	True	True
ARHGAP39	common	True	True
ARHGAP40	common	True	True
ARHGAP42	common	True	True
ARHGAP44	common	True	True
ARHGAP45	common	True	True
ARHGAP5	common	True	True
ARHGAP6	common	True	True
ARHGAP9	common	True	True
ARHGDIA	common	True	True
ARHGDIB	common	True	True
ARHGEF1	common	True	True
ARHGEF10	common	True	True
ARHGEF10L	common	True	True
ARHGEF11	common	True	True
ARHGEF12	common	True	True
ARHGEF16	common	True	True
ARHGEF17	common	True	True
ARHGEF18	common	True	True
ARHGEF2	common	True	True
ARHGEF25	common	True	True
ARHGEF26	common	True	True
ARHGEF28	common	True	True
ARHGEF3	common	True	True
ARHGEF33	common	True	True
ARHGEF37	common	True	True
ARHGEF39	common	True	True
ARHGEF4	common	True	True
ARHGEF40	common	True	True
ARHGEF6	common	True	True
ARHGEF7	common	True	True
ARHGEF9	common	True	True
ARID1A	common	True	True
ARID1B	common	True	True
ARID2	common	True	True
ARID3A	common	True	True
ARID3B	common	True	True
ARID3C	common	True	True
ARID4A	common	True	True
ARID4B	common	True	True
ARID5A	common	True	True
ARID5B	common	True	True
ARIH1	common	True	True
ARIH2	common	True	True
ARIH2OS	common	True	True
ARK2N	common	True	True
ARL1	common	True	True
ARL10	common	True	True
ARL13B	common	True	True
ARL14EP	common	True	True
ARL14EPL	common	True	True
ARL15	common	True	True
ARL16	common	True	True
ARL17B	common	True	True
ARL2	common	True	True
ARL2-SNX15	common	True	True
ARL2BP	common	True	True
ARL3	common	True	True
ARL4A	common	True	True
ARL4C	common	True	True
ARL4D	common	True	True
ARL5A	common	True	True
ARL5B	common	True	True
ARL6	common	True	True
ARL6IP1	common	True	True
ARL6IP4	common	True	True
ARL6IP5	common	True	True
ARL6IP6	common	True	True
ARL8A	common	True	True
ARL8B	common	True	True
ARLN	common	True	True
ARMC1	common	True	True
ARMC10	common	True	True
ARMC12	common	True	True
ARMC2	common	True	True
ARMC5	common	True	True
ARMC6	common	True	True
ARMC7	common	True	True
ARMC8	common	True	True
ARMC9	common	True	True
ARMCX1	common	True	True
ARMCX2	common	True	True
ARMCX3	common	True	True
ARMCX4	common	True	True
ARMCX5	common	True	True
ARMCX5-GPRASP2	common	True	True
ARMCX6	common	True	True
ARMH3	common	True	True
ARMH4	common	True	True
ARNT	common	True	True
ARNT2	common	True	True
ARPC1A	common	True	True
ARPC1B	common	True	True
ARPC2	common	True	True
ARPC4	common	True	True
ARPC4-TTLL3	common	True	True
ARPC5	common	True	True
ARPC5L	common	True	True
ARPIN	common	True	True
ARPIN-AP3S2	common	True	True
ARPP19	common	True	True
ARRB1	common	True	True
ARRB2	common	True	True
ARRDC1	common	True	True
ARRDC1-AS1	common	True	True
ARRDC2	common	True	True
ARRDC3	common	True	True
ARRDC4	common	True	True
ARSA	common	True	True
ARSB	common	True	True
ARSD	common	True	True
ARSG	common	True	True
ARSI	common	True	True
ARSJ	common	True	True
ARSK	common	True	True
ARSL	common	True	True
ART3	common	True	True
ARTN	common	True	True
ARV1	common	True	True
ARVCF	common	True	True
ARX	common	True	True
AS3MT	common	True	True
ASAH1	common	True	True
ASAH2	common	True	True
ASAH2B	common	True	True
ASAP1	common	True	True
ASAP2	common	True	True
ASAP3	common	True	True
ASB1	common	True	True
ASB13	common	True	True
ASB14	common	True	True
ASB16-AS1	common	True	True
ASB2	common	True	True
ASB3	common	True	True
ASB5	common	True	True
ASB6	common	True	True
ASB7	common	True	True
ASB8	common	True	True
ASB9	common	True	True
ASCC1	common	True	True
ASCC2	common	True	True
ASCC3	common	True	True
ASCL1	common	True	True
ASF1A	common	True	True
ASF1B	common	True	True
ASGR1	common	True	True
ASH1L	common	True	True
ASH1L-AS1	common	True	True
ASH2L	common	True	True
ASIC1	common	True	True
ASIC4	common	True	True
ASIC5	common	True	True
ASL	common	True	True
ASMTL	common	True	True
ASNS	common	True	True
ASNSD1	common	True	True
ASPA	common	True	True
ASPH	common	True	True
ASPHD1	common	True	True
ASPHD2	common	True	True
ASPM	common	True	True
ASPRV1	common	True	True
ASPSCR1	common	True	True
ASS1	common	True	True
ASTE1	common	True	True
ASTN1	common	True	True
ASTN2	common	True	True
ASXL1	common	True	True
ASXL2	common	True	True
ASXL3	common	True	True
ATAD1	common	True	True
ATAD2	common	True	True
ATAD2B	common	True	True
ATAD3A	common	True	True
ATAD3B	common	True	True
ATAD3C	common	True	True
ATAD5	common	True	True
ATAT1	common	True	True
ATE1	common	True	True
ATF1	common	True	True
ATF2	common	True	True
ATF3	common	True	True
ATF4	common	True	True
ATF5	common	True	True
ATF6	common	True	True
ATF6B	common	True	True
ATF7	common	True	True
ATF7IP	common	True	True
ATF7IP2	common	True	True
ATG10	common	True	True
ATG101	common	True	True
ATG12	common	True	True
ATG13	common	True	True
ATG14	common	True	True
ATG16L1	common	True	True
ATG16L2	common	True	True
ATG2A	common	True	True
ATG2B	common	True	True
ATG3	common	True	True
ATG4A	common	True	True
ATG4B	common	True	True
ATG4C	common	True	True
ATG4D	common	True	True
ATG5	common	True	True
ATG7	common	True	True
ATG9A	common	True	True
ATIC	common	True	True
ATL1	common	True	True
ATL2	common	True	True
ATL3	common	True	True
ATM	common	True	True
ATMIN	common	True	True
ATN1	common	True	True
ATOH1	common	True	True
ATOH8	common	True	True
ATOSA	common	True	True
ATOSB	common	True	True
ATOX1	common	True	True
ATP10A	common	True	True
ATP10D	common	True	True
ATP11A	common	True	True
ATP11AUN	common	True	True
ATP11B	common	True	True
ATP11C	common	True	True
ATP12A	common	True	True
ATP13A1	common	True	True
ATP13A2	common	True	True
ATP13A3	common	True	True
ATP13A4	common	True	True
ATP1A1	common	True	True
ATP1A2	common	True	True
ATP1A3	common	True	True
ATP1B1	common	True	True
ATP1B2	common	True	True
ATP1B3	common	True	True
ATP23	common	True	True
ATP2A1	common	True	True
ATP2A2	common	True	True
ATP2A3	common	True	True
ATP2B1	common	True	True
ATP2B2	common	True	True
ATP2B3	common	True	True
ATP2B4	common	True	True
ATP2C1	common	True	True
ATP2C2	common	True	True
ATP4A	common	True	True
ATP5F1A	common	True	True
ATP5F1B	common	True	True
ATP5F1C	common	True	True
ATP5F1D	common	True	True
ATP5F1EP2	common	True	True
ATP5IF1	common	True	True
ATP5MC1	common	True	True
ATP5MC2	common	True	True
ATP5MC3	common	True	True
ATP5ME	common	True	True
ATP5MF	common	True	True
ATP5MF-PTCD1	common	True	True
ATP5MG	common	True	True
ATP5MGL	common	True	True
ATP5MJ	common	True	True
ATP5MK	common	True	True
ATP5PB	common	True	True
ATP5PD	common	True	True
ATP5PF	common	True	True
ATP5PO	common	True	True
ATP6AP1	common	True	True
ATP6AP1L	common	True	True
ATP6AP2	common	True	True
ATP6V0A1	common	True	True
ATP6V0A2	common	True	True
ATP6V0A4	common	True	True
ATP6V0B	common	True	True
ATP6V0C	common	True	True
ATP6V0D1	common	True	True
ATP6V0D2	common	True	True
ATP6V0E1	common	True	True
ATP6V0E2	common	True	True
ATP6V1A	common	True	True
ATP6V1B1	common	True	True
ATP6V1B2	common	True	True
ATP6V1C1	common	True	True
ATP6V1C2	common	True	True
ATP6V1D	common	True	True
ATP6V1E1	common	True	True
ATP6V1E2	common	True	True
ATP6V1F	common	True	True
ATP6V1G1	common	True	True
ATP6V1G2	common	True	True
ATP6V1G2-DDX39B	common	True	True
ATP6V1H	common	True	True
ATP7A	common	True	True
ATP7B	common	True	True
ATP8A1	common	True	True
ATP8A2	common	True	True
ATP8B1	common	True	True
ATP8B2	common	True	True
ATP8B3	common	True	True
ATP8B4	common	True	True
ATP9A	common	True	True
ATP9B	common	True	True
ATPAF1	common	True	True
ATPAF2	common	True	True
ATPSCKMT	common	True	True
ATR	common	True	True
ATRAID	common	True	True
ATRIP	common	True	True
ATRN	common	True	True
ATRX	common	True	True
ATXN1	common	True	True
ATXN10	common	True	True
ATXN1L	common	True	True
ATXN2	common	True	True
ATXN2L	common	True	True
ATXN3	common	True	True
ATXN7	common	True	True
ATXN7L1	common	True	True
ATXN7L2	common	True	True
ATXN7L3	common	True	True
ATXN7L3B	common	True	True
AUH	common	True	True
AUNIP	common	True	True
AUP1	common	True	True
AURKA	common	True	True
AURKAIP1	common	True	True
AURKB	common	True	True
AURKC	common	True	True
AUTS2	common	True	True
AVEN	common	True	True
AVIL	common	True	True
AVL9	common	True	True
AVP	common	True	True
AVPI1	common	True	True
AXIN1	common	True	True
AXIN2	common	True	True
AXL	common	True	True
AZI2	common	True	True
AZIN1	common	True	True
AZIN2	common	True	True
AZU1	common	True	True
B2M	common	True	True
B3GALNT1	common	True	True
B3GALNT2	common	True	True
B3GALT1	common	True	True
B3GALT4	common	True	True
B3GALT5	common	True	True
B3GALT6	common	True	True
B3GAT1	common	True	True
B3GAT3	common	True	True
B3GLCT	common	True	True
B3GNT2	common	True	True
B3GNT3	common	True	True
B3GNT4	common	True	True
B3GNT5	common	True	True
B3GNT6	common	True	True
B3GNT7	common	True	True
B3GNT8	common	True	True
B3GNT9	common	True	True
B4GALNT1	common	True	True
B4GALNT2	common	True	True
B4GALNT3	common	True	True
B4GALNT4	common	True	True
B4GALT1	common	True	True
B4GALT2	common	True	True
B4GALT3	common	True	True
B4GALT4	common	True	True
B4GALT5	common	True	True
B4GALT6	common	True	True
B4GALT7	common	True	True
B4GAT1	common	True	True
B9D1	common	True	True
B9D2	common	True	True
BAALC	common	True	True
BAALC-AS2	common	True	True
BAAT	common	True	True
BABAM1	common	True	True
BABAM2	common	True	True
BACE1	common	True	True
BACE2	common	True	True
BACH1	common	True	True
BACH2	common	True	True
BAD	common	True	True
BAG1	common	True	True
BAG2	common	True	True
BAG3	common	True	True
BAG4	common	True	True
BAG5	common	True	True
BAG6	common	True	True
BAHCC1	common	True	True
BAHD1	common	True	True
BAIAP2	common	True	True
BAIAP2L1	common	True	True
BAIAP2L2	common	True	True
BAIAP3	common	True	True
BAK1	common	True	True
BAMBI	common	True	True
BANF1	common	True	True
BANK1	common	True	True
BANP	common	True	True
BAP1	common	True	True
BARD1	common	True	True
BARHL1	common	True	True
BARX1	common	True	True
BASP1	common	True	True
BATF2	common	True	True
BATF3	common	True	True
BAX	common	True	True
BAZ1A	common	True	True
BAZ1B	common	True	True
BAZ2A	common	True	True
BAZ2B	common	True	True
BBC3	common	True	True
BBIP1	common	True	True
BBLN	common	True	True
BBOF1	common	True	True
BBOX1	common	True	True
BBS1	common	True	True
BBS10	common	True	True
BBS12	common	True	True
BBS2	common	True	True
BBS4	common	True	True
BBS5	common	True	True
BBS7	common	True	True
BBS9	common	True	True
BBX	common	True	True
BCAM	common	True	True
BCAP29	common	True	True
BCAP31	common	True	True
BCAR1	common	True	True
BCAR3	common	True	True
BCAS1	common	True	True
BCAS2	common	True	True
BCAS3	common	True	True
BCAS4	common	True	True
BCAT1	common	True	True
BCAT2	common	True	True
BCCIP	common	True	True
BCDIN3D	common	True	True
BCHE	common	True	True
BCKDHA	common	True	True
BCKDHB	common	True	True
BCKDK	common	True	True
BCL10	common	True	True
BCL11A	common	True	True
BCL11B	common	True	True
BCL2	common	True	True
BCL2L1	common	True	True
BCL2L11	common	True	True
BCL2L12	common	True	True
BCL2L13	common	True	True
BCL2L15	common	True	True
BCL2L2	common	True	True
BCL2L2-PABPN1	common	True	True
BCL3	common	True	True
BCL6	common	True	True
BCL7A	common	True	True
BCL7B	common	True	True
BCL7C	common	True	True
BCL9	common	True	True
BCL9L	common	True	True
BCLAF1	common	True	True
BCLAF3	common	True	True
BCO2	common	True	True
BCOR	common	True	True
BCORL1	common	True	True
BCR	common	True	True
BCS1L	common	True	True
BDH1	common	True	True
BDH2	common	True	True
BDKRB1	common	True	True
BDKRB2	common	True	True
BDNF	common	True	True
BDP1	common	True	True
BEAN1	common	True	True
BECN1	common	True	True
BEGAIN	common	True	True
BEND3	common	True	True
BEND4	common	True	True
BEND6	common	True	True
BEND7	common	True	True
BEST1	common	True	True
BEST3	common	True	True
BEST4	common	True	True
BET1	common	True	True
BET1L	common	True	True
BEX1	common	True	True
BEX2	common	True	True
BEX3	common	True	True
BEX4	common	True	True
BEX5	common	True	True
BFAR	common	True	True
BFSP1	common	True	True
BGN	common	True	True
BHLHA15	common	True	True
BHLHA9	common	True	True
BHLHE22	common	True	True
BHLHE23	common	True	True
BHLHE40	common	True	True
BHLHE41	common	True	True
BHMT2	common	True	True
BICC1	common	True	True
BICD1	common	True	True
BICD2	common	True	True
BICDL1	common	True	True
BICDL2	common	True	True
BICRA	common	True	True
BICRAL	common	True	True
BID	common	True	True
BIN1	common	True	True
BIN2	common	True	True
BIN3	common	True	True
BIRC2	common	True	True
BIRC3	common	True	True
BIRC5	common	True	True
BIRC6	common	True	True
BIVM	common	True	True
BIVM-ERCC5	common	True	True
BLACAT1	common	True	True
BLCAP	common	True	True
BLID	common	True	True
BLK	common	True	True
BLM	common	True	True
BLMH	common	True	True
BLNK	common	True	True
BLOC1S1	common	True	True
BLOC1S2	common	True	True
BLOC1S3	common	True	True
BLOC1S4	common	True	True
BLOC1S5	common	True	True
BLOC1S5-TXNDC5	common	True	True
BLOC1S6	common	True	True
BLTP1	common	True	True
BLTP2	common	True	True
BLTP3A	common	True	True
BLTP3B	common	True	True
BLVRA	common	True	True
BLVRB	common	True	True
BLZF1	common	True	True
BMAL1	common	True	True
BMAL2	common	True	True
BMERB1	common	True	True
BMF	common	True	True
BMP1	common	True	True
BMP2	common	True	True
BMP2K	common	True	True
BMP3	common	True	True
BMP4	common	True	True
BMP6	common	True	True
BMP7	common	True	True
BMP8A	common	True	True
BMPER	common	True	True
BMPR1A	common	True	True
BMPR1B	common	True	True
BMPR2	common	True	True
BMS1	common	True	True
BMS1P20	common	True	True
BNC1	common	True	True
BNC2	common	True	True
BNIP1	common	True	True
BNIP2	common	True	True
BNIP3	common	True	True
BNIP3L	common	True	True
BNIPL	common	True	True
BOC	common	True	True
BOD1	common	True	True
BOD1L1	common	True	True
BOD1L2	common	True	True
BOK	common	True	True
BOLA1	common	True	True
BOLA2	common	True	True
BOLA3	common	True	True
BOP1	common	True	True
BORA	common	True	True
BORCS5	common	True	True
BORCS6	common	True	True
BORCS7	common	True	True
BORCS7-ASMT	common	True	True
BORCS8	common	True	True
BPGM	common	True	True
BPHL	common	True	True
BPNT1	common	True	True
BPNT2	common	True	True
BPTF	common	True	True
BRAF	common	True	True
BRAP	common	True	True
BRAT1	common	True	True
BRCA1	common	True	True
BRCA2	common	True	True
BRCC3	common	True	True
BRD1	common	True	True
BRD10	common	True	True
BRD2	common	True	True
BRD3	common	True	True
BRD4	common	True	True
BRD7	common	True	True
BRD8	common	True	True
BRD9	common	True	True
BRF1	common	True	True
BRF2	common	True	True
BRI3	common	True	True
BRI3BP	common	True	True
BRICD5	common	True	True
BRINP1	common	True	True
BRINP2	common	True	True
BRIP1	common	True	True
BRIX1	common	True	True
BRK1	common	True	True
BRME1	common	True	True
BRMS1	common	True	True
BRMS1L	common	True	True
BROX	common	True	True
BRPF1	common	True	True
BRPF3	common	True	True
BRS3	common	True	True
BRSK1	common	True	True
BRSK2	common	True	True
BRWD1	common	True	True
BRWD3	common	True	True
BSCL2	common	True	True
BSDC1	common	True	True
BSG	common	True	True
BSN	common	True	True
BSND	common	True	True
BST1	common	True	True
BST2	common	True	True
BTAF1	common	True	True
BTBD1	common	True	True
BTBD10	common	True	True
BTBD16	common	True	True
BTBD18	common	True	True
BTBD19	common	True	True
BTBD2	common	True	True
BTBD3	common	True	True
BTBD6	common	True	True
BTBD7	common	True	True
BTBD8	common	True	True
BTBD9	common	True	True
BTC	common	True	True
BTD	common	True	True
BTF3	common	True	True
BTF3L4	common	True	True
BTG1	common	True	True
BTG2	common	True	True
BTG3	common	True	True
BTG4	common	True	True
BTLA	common	True	True
BTN1A1	common	True	True
BTN2A1	common	True	True
BTN2A2	common	True	True
BTN2A3P	common	True	True
BTN3A1	common	True	True
BTN3A2	common	True	True
BTN3A3	common	True	True
BTNL2	common	True	True
BTNL9	common	True	True
BTRC	common	True	True
BUB1	common	True	True
BUB1B	common	True	True
BUB1B-PAK6	common	True	True
BUB3	common	True	True
BUD13	common	True	True
BUD23	common	True	True
BUD31	common	True	True
BYSL	common	True	True
BZW1	common	True	True
BZW2	common	True	True
C1D	common	True	True
C1GALT1	common	True	True
C1GALT1C1	common	True	True
C1GALT1C1L	common	True	True
C1QBP	common	True	True
C1QL1	common	True	True
C1QL2	common	True	True
C1QL3	common	True	True
C1QL4	common	True	True
C1QTNF1	common	True	True
C1QTNF12	common	True	True
C1QTNF2	common	True	True
C1QTNF3	common	True	True
C1QTNF4	common	True	True
C1QTNF5	common	True	True
C1QTNF6	common	True	True
C1QTNF8	common	True	True
C1R	common	True	True
C1RL	common	True	True
C1S	common	True	True
C2	common	True	True
C2CD2	common	True	True
C2CD2L	common	True	True
C2CD3	common	True	True
C2CD4A	common	True	True
C2CD4B	common	True	True
C2CD4D	common	True	True
C2CD5	common	True	True
C3	common	True	True
C3AR1	common	True	True
C4A	common	True	True
C4B	common	True	True
C4BPB	common	True	True
C5	common	True	True
C5AR1	common	True	True
C5AR2	common	True	True
C8G	common	True	True
CA11	common	True	True
CA12	common	True	True
CA13	common	True	True
CA14	common	True	True
CA2	common	True	True
CA5B	common	True	True
CA6	common	True	True
CA7	common	True	True
CA9	common	True	True
CAAP1	common	True	True
CAB39	common	True	True
CAB39L	common	True	True
CABCOCO1	common	True	True
CABIN1	common	True	True
CABLES1	common	True	True
CABLES2	common	True	True
CABP1	common	True	True
CABP7	common	True	True
CABYR	common	True	True
CACFD1	common	True	True
CACHD1	common	True	True
CACNA1A	common	True	True
CACNA1B	common	True	True
CACNA1C	common	True	True
CACNA1D	common	True	True
CACNA1E	common	True	True
CACNA1G	common	True	True
CACNA1H	common	True	True
CACNA1I	common	True	True
CACNA2D1	common	True	True
CACNA2D2	common	True	True
CACNA2D3	common	True	True
CACNA2D4	common	True	True
CACNB1	common	True	True
CACNB2	common	True	True
CACNB3	common	True	True
CACNB4	common	True	True
CACNG4	common	True	True
CACNG5	common	True	True
CACNG6	common	True	True
CACNG7	common	True	True
CACNG8	common	True	True
CACTIN	common	True	True
CACTIN-AS1	common	True	True
CACUL1	common	True	True
CACYBP	common	True	True
CAD	common	True	True
CADM1	common	True	True
CADM2	common	True	True
CADM4	common	True	True
CADPS	common	True	True
CADPS2	common	True	True
CAGE1	common	True	True
CALB1	common	True	True
CALB2	common	True	True
CALCB	common	True	True
CALCOCO1	common	True	True
CALCOCO2	common	True	True
CALCRL	common	True	True
CALD1	common	True	True
CALHM2	common	True	True
CALHM3	common	True	True
CALHM4	common	True	True
CALHM5	common	True	True
CALHM6	common	True	True
CALM1	common	True	True
CALM2	common	True	True
CALM3	common	True	True
CALML4	common	True	True
CALR	common	True	True
CALU	common	True	True
CALY	common	True	True
CAMK1	common	True	True
CAMK1D	common	True	True
CAMK1G	common	True	True
CAMK2A	common	True	True
CAMK2B	common	True	True
CAMK2D	common	True	True
CAMK2G	common	True	True
CAMK2N1	common	True	True
CAMK2N2	common	True	True
CAMK4	common	True	True
CAMKK1	common	True	True
CAMKK2	common	True	True
CAMKMT	common	True	True
CAMLG	common	True	True
CAMSAP1	common	True	True
CAMSAP2	common	True	True
CAMSAP3	common	True	True
CAMTA1	common	True	True
CAMTA2	common	True	True
CAND1	common	True	True
CAND2	common	True	True
CANT1	common	True	True
CANX	common	True	True
CAP1	common	True	True
CAP2	common	True	True
CAPG	common	True	True
CAPN1	common	True	True
CAPN10	common	True	True
CAPN12	common	True	True
CAPN15	common	True	True
CAPN2	common	True	True
CAPN3	common	True	True
CAPN5	common	True	True
CAPN7	common	True	True
CAPN9	common	True	True
CAPNS1	common	True	True
CAPRIN1	common	True	True
CAPRIN2	common	True	True
CAPS	common	True	True
CAPS2	common	True	True
CAPZA1	common	True	True
CAPZA2	common	True	True
CAPZB	common	True	True
CARD10	common	True	True
CARD11	common	True	True
CARD14	common	True	True
CARD16	common	True	True
CARD19	common	True	True
CARD6	common	True	True
CARD8	common	True	True
CARD9	common	True	True
CARF	common	True	True
CARHSP1	common	True	True
CARINH	common	True	True
CARM1	common	True	True
CARMIL1	common	True	True
CARMIL2	common	True	True
CARMIL3	common	True	True
CARNMT1	common	True	True
CARNS1	common	True	True
CARS1	common	True	True
CARS2	common	True	True
CASC3	common	True	True
CASD1	common	True	True
CASK	common	True	True
CASKIN1	common	True	True
CASKIN2	common	True	True
CASP1	common	True	True
CASP10	common	True	True
CASP2	common	True	True
CASP3	common	True	True
CASP4	common	True	True
CASP6	common	True	True
CASP7	common	True	True
CASP8	common	True	True
CASP8AP2	common	True	True
CASP9	common	True	True
CASQ1	common	True	True
CASS4	common	True	True
CAST	common	True	True
CASTOR1	common	True	True
CASTOR2	common	True	True
CASTOR3P	common	True	True
CASZ1	common	True	True
CAT	common	True	True
CATSPER1	common	True	True
CATSPER2	common	True	True
CATSPER3	common	True	True
CATSPERB	common	True	True
CATSPERE	common	True	True
CATSPERG	common	True	True
CATSPERZ	common	True	True
CAV1	common	True	True
CAV2	common	True	True
CAV3	common	True	True
CAVIN1	common	True	True
CAVIN3	common	True	True
CAVIN4	common	True	True
CBARP	common	True	True
CBFA2T2	common	True	True
CBFA2T3	common	True	True
CBFB	common	True	True
CBL	common	True	True
CBLB	common	True	True
CBLC	common	True	True
CBLL1	common	True	True
CBLN3	common	True	True
CBR1	common	True	True
CBR3	common	True	True
CBR4	common	True	True
CBS	common	True	True
CBX1	common	True	True
CBX2	common	True	True
CBX3	common	True	True
CBX4	common	True	True
CBX5	common	True	True
CBX6	common	True	True
CBX7	common	True	True
CBX8	common	True	True
CBY1	common	True	True
CBY2	common	True	True
CBY3	common	True	True
CC2D1A	common	True	True
CC2D1B	common	True	True
CC2D2A	common	True	True
CC2D2B	common	True	True
CCAR1	common	True	True
CCAR2	common	True	True
CCBE1	common	True	True
CCDC102A	common	True	True
CCDC102B	common	True	True
CCDC106	common	True	True
CCDC107	common	True	True
CCDC110	common	True	True
CCDC112	common	True	True
CCDC116	common	True	True
CCDC117	common	True	True
CCDC12	common	True	True
CCDC121	common	True	True
CCDC122	common	True	True
CCDC124	common	True	True
CCDC125	common	True	True
CCDC126	common	True	True
CCDC127	common	True	True
CCDC134	common	True	True
CCDC136	common	True	True
CCDC137	common	True	True
CCDC138	common	True	True
CCDC14	common	True	True
CCDC140	common	True	True
CCDC141	common	True	True
CCDC142	common	True	True
CCDC144A	common	True	True
CCDC144NL-AS1	common	True	True
CCDC146	common	True	True
CCDC148	common	True	True
CCDC149	common	True	True
CCDC15	common	True	True
CCDC150	common	True	True
CCDC152	common	True	True
CCDC154	common	True	True
CCDC157	common	True	True
CCDC159	common	True	True
CCDC160	common	True	True
CCDC162P	common	True	True
CCDC163	common	True	True
CCDC167	common	True	True
CCDC169	common	True	True
CCDC169-SOHLH2	common	True	True
CCDC17	common	True	True
CCDC171	common	True	True
CCDC174	common	True	True
CCDC177	common	True	True
CCDC178	common	True	True
CCDC18	common	True	True
CCDC181	common	True	True
CCDC184	common	True	True
CCDC185	common	True	True
CCDC186	common	True	True
CCDC187	common	True	True
CCDC188	common	True	True
CCDC190	common	True	True
CCDC191	common	True	True
CCDC198	common	True	True
CCDC22	common	True	True
CCDC24	common	True	True
CCDC25	common	True	True
CCDC28A	common	True	True
CCDC28A-AS1	common	True	True
CCDC28B	common	True	True
CCDC30	common	True	True
CCDC32	common	True	True
CCDC33	common	True	True
CCDC34	common	True	True
CCDC40	common	True	True
CCDC43	common	True	True
CCDC47	common	True	True
CCDC50	common	True	True
CCDC51	common	True	True
CCDC57	common	True	True
CCDC59	common	True	True
CCDC6	common	True	True
CCDC61	common	True	True
CCDC62	common	True	True
CCDC66	common	True	True
CCDC68	common	True	True
CCDC69	common	True	True
CCDC7	common	True	True
CCDC71	common	True	True
CCDC71L	common	True	True
CCDC74A	common	True	True
CCDC74B	common	True	True
CCDC77	common	True	True
CCDC80	common	True	True
CCDC81	common	True	True
CCDC82	common	True	True
CCDC85A	common	True	True
CCDC85B	common	True	True
CCDC85C	common	True	True
CCDC86	common	True	True
CCDC87	common	True	True
CCDC88A	common	True	True
CCDC88B	common	True	True
CCDC88C	common	True	True
CCDC89	common	True	True
CCDC9	common	True	True
CCDC90B	common	True	True
CCDC91	common	True	True
CCDC92	common	True	True
CCDC93	common	True	True
CCDC97	common	True	True
CCDC9B	common	True	True
CCER1	common	True	True
CCHCR1	common	True	True
CCIN	common	True	True
CCKAR	common	True	True
CCKBR	common	True	True
CCL18	common	True	True
CCL2	common	True	True
CCL24	common	True	True
CCL26	common	True	True
CCL3	common	True	True
CCM2	common	True	True
CCM2L	common	True	True
CCN1	common	True	True
CCN2	common	True	True
CCN3	common	True	True
CCN4	common	True	True
CCN5	common	True	True
CCNA1	common	True	True
CCNA2	common	True	True
CCNB1	common	True	True
CCNB1IP1	common	True	True
CCNB2	common	True	True
CCNB3	common	True	True
CCNC	common	True	True
CCND1	common	True	True
CCND2	common	True	True
CCND3	common	True	True
CCNDBP1	common	True	True
CCNE1	common	True	True
CCNE2	common	True	True
CCNF	common	True	True
CCNG1	common	True	True
CCNG2	common	True	True
CCNH	common	True	True
CCNI	common	True	True
CCNJ	common	True	True
CCNJL	common	True	True
CCNK	common	True	True
CCNL1	common	True	True
CCNL2	common	True	True
CCNO	common	True	True
CCNP	common	True	True
CCNQ	common	True	True
CCNT1	common	True	True
CCNT2	common	True	True
CCNT2-AS1	common	True	True
CCNY	common	True	True
CCNYL1	common	True	True
CCP110	common	True	True
CCPG1	common	True	True
CCR1	common	True	True
CCR10	common	True	True
CCR7	common	True	True
CCRL2	common	True	True
CCS	common	True	True
CCSAP	common	True	True
CCSER2	common	True	True
CCT2	common	True	True
CCT3	common	True	True
CCT4	common	True	True
CCT5	common	True	True
CCT6A	common	True	True
CCT6B	common	True	True
CCT7	common	True	True
CCT8	common	True	True
CCZ1	common	True	True
CCZ1B	common	True	True
CD101	common	True	True
CD109	common	True	True
CD14	common	True	True
CD151	common	True	True
CD163	common	True	True
CD163L1	common	True	True
CD164	common	True	True
CD1D	common	True	True
CD1E	common	True	True
CD2	common	True	True
CD22	common	True	True
CD226	common	True	True
CD24	common	True	True
CD248	common	True	True
CD274	common	True	True
CD276	common	True	True
CD28	common	True	True
CD2AP	common	True	True
CD2BP2	common	True	True
CD300C	common	True	True
CD300E	common	True	True
CD320	common	True	True
CD33	common	True	True
CD34	common	True	True
CD38	common	True	True
CD3D	common	True	True
CD4	common	True	True
CD40	common	True	True
CD40LG	common	True	True
CD44	common	True	True
CD46	common	True	True
CD47	common	True	True
CD52	common	True	True
CD53	common	True	True
CD55	common	True	True
CD58	common	True	True
CD59	common	True	True
CD6	common	True	True
CD63	common	True	True
CD68	common	True	True
CD70	common	True	True
CD72	common	True	True
CD74	common	True	True
CD79A	common	True	True
CD79B	common	True	True
CD81	common	True	True
CD82	common	True	True
CD83	common	True	True
CD8A	common	True	True
CD9	common	True	True
CD93	common	True	True
CD99	common	True	True
CD99L2	common	True	True
CDA	common	True	True
CDADC1	common	True	True
CDAN1	common	True	True
CDC123	common	True	True
CDC14A	common	True	True
CDC14B	common	True	True
CDC16	common	True	True
CDC20	common	True	True
CDC23	common	True	True
CDC25A	common	True	True
CDC25B	common	True	True
CDC25C	common	True	True
CDC26	common	True	True
CDC27	common	True	True
CDC34	common	True	True
CDC37	common	True	True
CDC37L1	common	True	True
CDC40	common	True	True
CDC42	common	True	True
CDC42BPA	common	True	True
CDC42BPB	common	True	True
CDC42EP1	common	True	True
CDC42EP2	common	True	True
CDC42EP3	common	True	True
CDC42EP4	common	True	True
CDC42EP5	common	True	True
CDC42SE1	common	True	True
CDC42SE2	common	True	True
CDC45	common	True	True
CDC5L	common	True	True
CDC6	common	True	True
CDC7	common	True	True
CDC73	common	True	True
CDCA2	common	True	True
CDCA3	common	True	True
CDCA4	common	True	True
CDCA5	common	True	True
CDCA7	common	True	True
CDCA7L	common	True	True
CDCA8	common	True	True
CDCP1	common	True	True
CDH1	common	True	True
CDH10	common	True	True
CDH11	common	True	True
CDH12	common	True	True
CDH13	common	True	True
CDH15	common	True	True
CDH16	common	True	True
CDH18	common	True	True
CDH2	common	True	True
CDH20	common	True	True
CDH22	common	True	True
CDH23	common	True	True
CDH24	common	True	True
CDH26	common	True	True
CDH3	common	True	True
CDH4	common	True	True
CDH5	common	True	True
CDH7	common	True	True
CDH8	common	True	True
CDHR1	common	True	True
CDHR2	common	True	True
CDIN1	common	True	True
CDIPT	common	True	True
CDK1	common	True	True
CDK10	common	True	True
CDK11A	common	True	True
CDK11B	common	True	True
CDK12	common	True	True
CDK13	common	True	True
CDK14	common	True	True
CDK15	common	True	True
CDK16	common	True	True
CDK17	common	True	True
CDK18	common	True	True
CDK19	common	True	True
CDK2	common	True	True
CDK20	common	True	True
CDK2AP1	common	True	True
CDK2AP2	common	True	True
CDK4	common	True	True
CDK5	common	True	True
CDK5R1	common	True	True
CDK5R2	common	True	True
CDK5RAP1	common	True	True
CDK5RAP2	common	True	True
CDK5RAP3	common	True	True
CDK6	common	True	True
CDK7	common	True	True
CDK8	common	True	True
CDK9	common	True	True
CDKAL1	common	True	True
CDKL1	common	True	True
CDKL2	common	True	True
CDKL3	common	True	True
CDKL4	common	True	True
CDKL5	common	True	True
CDKN1A	common	True	True
CDKN1B	common	True	True
CDKN1C	common	True	True
CDKN2A	common	True	True
CDKN2AIP	common	True	True
CDKN2D	common	True	True
CDKN3	common	True	True
CDNF	common	True	True
CDON	common	True	True
CDPF1	common	True	True
CDR1	common	True	True
CDR2	common	True	True
CDR2L	common	True	True
CDRT15P3	common	True	True
CDS1	common	True	True
CDS2	common	True	True
CDT1	common	True	True
CDV3	common	True	True
CDX1	common	True	True
CDYL	common	True	True
CDYL2	common	True	True
CEACAM19	common	True	True
CEACAM3	common	True	True
CEACAM5	common	True	True
CEBPA	common	True	True
CEBPB	common	True	True
CEBPD	common	True	True
CEBPG	common	True	True
CEBPZ	common	True	True
CECR2	common	True	True
CEL	common	True	True
CELA1	common	True	True
CELF1	common	True	True
CELF2	common	True	True
CELF3	common	True	True
CELF5	common	True	True
CELSR1	common	True	True
CELSR2	common	True	True
CELSR3	common	True	True
CEMIP	common	True	True
CEMIP2	common	True	True
CENATAC	common	True	True
CEND1	common	True	True
CENPA	common	True	True
CENPB	common	True	True
CENPBD1P	common	True	True
CENPC	common	True	True
CENPE	common	True	True
CENPF	common	True	True
CENPH	common	True	True
CENPI	common	True	True
CENPK	common	True	True
CENPL	common	True	True
CENPM	common	True	True
CENPN	common	True	True
CENPO	common	True	True
CENPP	common	True	True
CENPQ	common	True	True
CENPS-CORT	common	True	True
CENPT	common	True	True
CENPU	common	True	True
CENPW	common	True	True
CENPX	common	True	True
CEP104	common	True	True
CEP112	common	True	True
CEP120	common	True	True
CEP126	common	True	True
CEP128	common	True	True
CEP131	common	True	True
CEP135	common	True	True
CEP15	common	True	True
CEP152	common	True	True
CEP162	common	True	True
CEP164	common	True	True
CEP170	common	True	True
CEP170B	common	True	True
CEP19	common	True	True
CEP192	common	True	True
CEP20	common	True	True
CEP250	common	True	True
CEP290	common	True	True
CEP295	common	True	True
CEP295NL	common	True	True
CEP350	common	True	True
CEP41	common	True	True
CEP43	common	True	True
CEP44	common	True	True
CEP55	common	True	True
CEP57	common	True	True
CEP57L1	common	True	True
CEP63	common	True	True
CEP68	common	True	True
CEP70	common	True	True
CEP72	common	True	True
CEP76	common	True	True
CEP78	common	True	True
CEP83	common	True	True
CEP85	common	True	True
CEP85L	common	True	True
CEP89	common	True	True
CEP95	common	True	True
CEP97	common	True	True
CEPT1	common	True	True
CERCAM	common	True	True
CERK	common	True	True
CERKL	common	True	True
CERS1	common	True	True
CERS2	common	True	True
CERS3	common	True	True
CERS5	common	True	True
CERS6	common	True	True
CERT1	common	True	True
CES3	common	True	True
CES4A	common	True	True
CETN2	common	True	True
CETN3	common	True	True
CETP	common	True	True
CFAP119	common	True	True
CFAP141	common	True	True
CFAP161	common	True	True
CFAP184	common	True	True
CFAP20	common	True	True
CFAP206	common	True	True
CFAP20DC	common	True	True
CFAP210	common	True	True
CFAP251	common	True	True
CFAP263	common	True	True
CFAP298	common	True	True
CFAP299	common	True	True
CFAP300	common	True	True
CFAP36	common	True	True
CFAP410	common	True	True
CFAP418	common	True	True
CFAP43	common	True	True
CFAP44	common	True	True
CFAP45	common	True	True
CFAP46	common	True	True
CFAP53	common	True	True
CFAP54	common	True	True
CFAP57	common	True	True
CFAP58	common	True	True
CFAP61	common	True	True
CFAP68	common	True	True
CFAP69	common	True	True
CFAP70	common	True	True
CFAP73	common	True	True
CFAP77	common	True	True
CFAP91	common	True	True
CFAP96	common	True	True
CFAP97	common	True	True
CFB	common	True	True
CFDP1	common	True	True
CFH	common	True	True
CFHR3	common	True	True
CFI	common	True	True
CFL1	common	True	True
CFL2	common	True	True
CFLAR	common	True	True
CGB1	common	True	True
CGB2	common	True	True
CGB3	common	True	True
CGB5	common	True	True
CGB7	common	True	True
CGB8	common	True	True
CGGBP1	common	True	True
CGN	common	True	True
CGNL1	common	True	True
CGRRF1	common	True	True
CH25H	common	True	True
CHAC1	common	True	True
CHAC2	common	True	True
CHADL	common	True	True
CHAF1A	common	True	True
CHAF1B	common	True	True
CHAMP1	common	True	True
CHASERR	common	True	True
CHCHD1	common	True	True
CHCHD10	common	True	True
CHCHD2	common	True	True
CHCHD3	common	True	True
CHCHD4	common	True	True
CHCHD5	common	True	True
CHCHD6	common	True	True
CHCHD7	common	True	True
CHD1	common	True	True
CHD1L	common	True	True
CHD2	common	True	True
CHD3	common	True	True
CHD4	common	True	True
CHD5	common	True	True
CHD6	common	True	True
CHD7	common	True	True
CHD8	common	True	True
CHD9	common	True	True
CHDH	common	True	True
CHEK1	common	True	True
CHEK2	common	True	True
CHERP	common	True	True
CHFR	common	True	True
CHGA	common	True	True
CHGB	common	True	True
CHI3L1	common	True	True
CHI3L2	common	True	True
CHIC1	common	True	True
CHIC2	common	True	True
CHID1	common	True	True
CHKA	common	True	True
CHKB	common	True	True
CHKB-CPT1B	common	True	True
CHL1	common	True	True
CHLSN	common	True	True
CHM	common	True	True
CHML	common	True	True
CHMP1A	common	True	True
CHMP1B	common	True	True
CHMP2A	common	True	True
CHMP2B	common	True	True
CHMP3	common	True	True
CHMP4B	common	True	True
CHMP5	common	True	True
CHMP6	common	True	True
CHMP7	common	True	True
CHN1	common	True	True
CHODL	common	True	True
CHORDC1	common	True	True
CHP1	common	True	True
CHPF	common	True	True
CHPF2	common	True	True
CHPT1	common	True	True
CHRAC1	common	True	True
CHRD	common	True	True
CHRDL1	common	True	True
CHRFAM7A	common	True	True
CHRM1	common	True	True
CHRM2	common	True	True
CHRM3	common	True	True
CHRM4	common	True	True
CHRM5	common	True	True
CHRNA3	common	True	True
CHRNA5	common	True	True
CHRNA7	common	True	True
CHRNA9	common	True	True
CHRNB1	common	True	True
CHRNB2	common	True	True
CHRNB3	common	True	True
CHRND	common	True	True
CHRNE	common	True	True
CHST1	common	True	True
CHST10	common	True	True
CHST11	common	True	True
CHST12	common	True	True
CHST13	common	True	True
CHST14	common	True	True
CHST15	common	True	True
CHST2	common	True	True
CHST3	common	True	True
CHST4	common	True	True
CHST7	common	True	True
CHST8	common	True	True
CHSY1	common	True	True
CHSY3	common	True	True
CHTF18	common	True	True
CHTF8	common	True	True
CHTOP	common	True	True
CHUK	common	True	True
CHURC1	common	True	True
CHURC1-FNTB	common	True	True
CIAO1	common	True	True
CIAO2A	common	True	True
CIAO2B	common	True	True
CIAO3	common	True	True
CIAPIN1	common	True	True
CIART	common	True	True
CIB1	common	True	True
CIB2	common	True	True
CIBAR1	common	True	True
CIBAR2	common	True	True
CIC	common	True	True
CIITA	common	True	True
CILK1	common	True	True
CILP	common	True	True
CILP2	common	True	True
CIMAP1B	common	True	True
CIMAP1C	common	True	True
CIMAP1D	common	True	True
CIMAP3	common	True	True
CIMIP2A	common	True	True
CIMIP5	common	True	True
CIMIP6	common	True	True
CINP	common	True	True
CIP2A	common	True	True
CIPC	common	True	True
CIRBP	common	True	True
CIRSR	common	True	True
CISD1	common	True	True
CISD2	common	True	True
CISD3	common	True	True
CISH	common	True	True
CIST1	common	True	True
CIT	common	True	True
CITED1	common	True	True
CITED2	common	True	True
CIZ1	common	True	True
CKAP2	common	True	True
CKAP2L	common	True	True
CKAP4	common	True	True
CKAP5	common	True	True
CKB	common	True	True
CKLF	common	True	True
CKLF-CMTM1	common	True	True
CKMT2	common	True	True
CKS1B	common	True	True
CKS2	common	True	True
CLASP1	common	True	True
CLASP2	common	True	True
CLASRP	common	True	True
CLBA1	common	True	True
CLCA2	common	True	True
CLCC1	common	True	True
CLCF1	common	True	True
CLCN2	common	True	True
CLCN3	common	True	True
CLCN4	common	True	True
CLCN5	common	True	True
CLCN6	common	True	True
CLCN7	common	True	True
CLDN1	common	True	True
CLDN11	common	True	True
CLDN12	common	True	True
CLDN14	common	True	True
CLDN15	common	True	True
CLDN18	common	True	True
CLDN2	common	True	True
CLDN22	common	True	True
CLDN23	common	True	True
CLDN3	common	True	True
CLDN4	common	True	True
CLDN5	common	True	True
CLDN7	common	True	True
CLDN9	common	True	True
CLDND1	common	True	True
CLDND2	common	True	True
CLEC11A	common	True	True
CLEC12B	common	True	True
CLEC16A	common	True	True
CLEC17A	common	True	True
CLEC2A	common	True	True
CLEC2B	common	True	True
CLEC2D	common	True	True
CLEC2L	common	True	True
CLEC3A	common	True	True
CLEC3B	common	True	True
CLEC4M	common	True	True
CLGN	common	True	True
CLHC1	common	True	True
CLIC1	common	True	True
CLIC2	common	True	True
CLIC3	common	True	True
CLIC4	common	True	True
CLIC5	common	True	True
CLIC6	common	True	True
CLINT1	common	True	True
CLIP1	common	True	True
CLIP2	common	True	True
CLIP3	common	True	True
CLIP4	common	True	True
CLK1	common	True	True
CLK2	common	True	True
CLK3	common	True	True
CLK4	common	True	True
CLLU1	common	True	True
CLMN	common	True	True
CLMP	common	True	True
CLN3	common	True	True
CLN5	common	True	True
CLN6	common	True	True
CLN8	common	True	True
CLNS1A	common	True	True
CLOCK	common	True	True
CLP1	common	True	True
CLPB	common	True	True
CLPP	common	True	True
CLPTM1	common	True	True
CLPTM1L	common	True	True
CLPX	common	True	True
CLSPN	common	True	True
CLSTN1	common	True	True
CLSTN2	common	True	True
CLSTN3	common	True	True
CLTA	common	True	True
CLTB	common	True	True
CLTC	common	True	True
CLTCL1	common	True	True
CLTRN	common	True	True
CLU	common	True	True
CLUAP1	common	True	True
CLUH	common	True	True
CLVS1	common	True	True
CLVS2	common	True	True
CLYBL	common	True	True
CMAS	common	True	True
CMBL	common	True	True
CMC1	common	True	True
CMC2	common	True	True
CMC4	common	True	True
CMIP	common	True	True
CMKLR1	common	True	True
CMKLR2	common	True	True
CMPK1	common	True	True
CMSS1	common	True	True
CMTM1	common	True	True
CMTM2	common	True	True
CMTM3	common	True	True
CMTM4	common	True	True
CMTM6	common	True	True
CMTM7	common	True	True
CMTR1	common	True	True
CMTR2	common	True	True
CMYA5	common	True	True
CNBD2	common	True	True
CNBP	common	True	True
CNDP1	common	True	True
CNDP2	common	True	True
CNEP1R1	common	True	True
CNGA3	common	True	True
CNGB1	common	True	True
CNGB3	common	True	True
CNIH1	common	True	True
CNIH2	common	True	True
CNIH3	common	True	True
CNIH4	common	True	True
CNKSR2	common	True	True
CNKSR3	common	True	True
CNN1	common	True	True
CNN2	common	True	True
CNN3	common	True	True
CNN3-DT	common	True	True
CNNM2	common	True	True
CNNM3	common	True	True
CNNM4	common	True	True
CNOT1	common	True	True
CNOT10	common	True	True
CNOT11	common	True	True
CNOT2	common	True	True
CNOT3	common	True	True
CNOT4	common	True	True
CNOT6	common	True	True
CNOT6L	common	True	True
CNOT7	common	True	True
CNOT8	common	True	True
CNOT9	common	True	True
CNP	common	True	True
CNPPD1	common	True	True
CNPY3	common	True	True
CNPY4	common	True	True
CNR1	common	True	True
CNRIP1	common	True	True
CNST	common	True	True
CNTD1	common	True	True
CNTF	common	True	True
CNTLN	common	True	True
CNTN2	common	True	True
CNTN3	common	True	True
CNTNAP1	common	True	True
CNTNAP3B	common	True	True
CNTNAP3P2	common	True	True
CNTNAP4	common	True	True
CNTNAP5	common	True	True
CNTRL	common	True	True
CNTROB	common	True	True
COA1	common	True	True
COA3	common	True	True
COA4	common	True	True
COA5	common	True	True
COA6	common	True	True
COA7	common	True	True
COA8	common	True	True
COASY	common	True	True
COBL	common	True	True
COBLL1	common	True	True
COG1	common	True	True
COG2	common	True	True
COG3	common	True	True
COG4	common	True	True
COG5	common	True	True
COG6	common	True	True
COG7	common	True	True
COIL	common	True	True
COL10A1	common	True	True
COL11A2	common	True	True
COL12A1	common	True	True
COL13A1	common	True	True
COL14A1	common	True	True
COL15A1	common	True	True
COL16A1	common	True	True
COL17A1	common	True	True
COL18A1	common	True	True
COL1A1	common	True	True
COL1A2	common	True	True
COL20A1	common	True	True
COL21A1	common	True	True
COL23A1	common	True	True
COL25A1	common	True	True
COL26A1	common	True	True
COL27A1	common	True	True
COL28A1	common	True	True
COL2A1	common	True	True
COL4A1	common	True	True
COL4A2	common	True	True
COL4A4	common	True	True
COL4A5	common	True	True
COL4A6	common	True	True
COL5A1	common	True	True
COL5A2	common	True	True
COL5A3	common	True	True
COL6A1	common	True	True
COL6A2	common	True	True
COL6A3	common	True	True
COL6A5	common	True	True
COL7A1	common	True	True
COL8A1	common	True	True
COL8A2	common	True	True
COL9A2	common	True	True
COL9A3	common	True	True
COLEC12	common	True	True
COLGALT1	common	True	True
COLGALT2	common	True	True
COMMD1	common	True	True
COMMD10	common	True	True
COMMD2	common	True	True
COMMD3-BMI1	common	True	True
COMMD4	common	True	True
COMMD5	common	True	True
COMMD6	common	True	True
COMMD7	common	True	True
COMMD8	common	True	True
COMMD9	common	True	True
COMP	common	True	True
COMT	common	True	True
COMTD1	common	True	True
COP1	common	True	True
COPA	common	True	True
COPB1	common	True	True
COPB2	common	True	True
COPE	common	True	True
COPG1	common	True	True
COPG2	common	True	True
COPRS	common	True	True
COPS2	common	True	True
COPS3	common	True	True
COPS4	common	True	True
COPS5	common	True	True
COPS6	common	True	True
COPS7A	common	True	True
COPS7B	common	True	True
COPS8	common	True	True
COPS9	common	True	True
COPZ1	common	True	True
COPZ2	common	True	True
COQ10A	common	True	True
COQ10B	common	True	True
COQ2	common	True	True
COQ3	common	True	True
COQ4	common	True	True
COQ5	common	True	True
COQ6	common	True	True
COQ7	common	True	True
COQ8A	common	True	True
COQ8B	common	True	True
COQ9	common	True	True
CORO1A	common	True	True
CORO1B	common	True	True
CORO1C	common	True	True
CORO2A	common	True	True
CORO2B	common	True	True
CORO6	common	True	True
CORO7	common	True	True
COTL1	common	True	True
COX10	common	True	True
COX11	common	True	True
COX14	common	True	True
COX15	common	True	True
COX17	common	True	True
COX18	common	True	True
COX19	common	True	True
COX20	common	True	True
COX4I1	common	True	True
COX5A	common	True	True
COX5B	common	True	True
COX6A1	common	True	True
COX6B1	common	True	True
COX6B2	common	True	True
COX6C	common	True	True
COX7A2	common	True	True
COX7A2L	common	True	True
COX7B	common	True	True
COX7C	common	True	True
COX8A	common	True	True
COX8C	common	True	True
COXFA4	common	True	True
COXFA4L2	common	True	True
CPA1	common	True	True
CPA4	common	True	True
CPA5	common	True	True
CPAMD8	common	True	True
CPAP	common	True	True
CPB1	common	True	True
CPB2	common	True	True
CPD	common	True	True
CPE	common	True	True
CPEB1	common	True	True
CPEB2	common	True	True
CPEB3	common	True	True
CPEB4	common	True	True
CPED1	common	True	True
CPLANE1	common	True	True
CPLANE2	common	True	True
CPLX2	common	True	True
CPM	common	True	True
CPN2	common	True	True
CPNE2	common	True	True
CPNE3	common	True	True
CPNE5	common	True	True
CPNE6	common	True	True
CPNE7	common	True	True
CPNE8	common	True	True
CPNE9	common	True	True
CPOX	common	True	True
CPPED1	common	True	True
CPQ	common	True	True
CPS1	common	True	True
CPSF1	common	True	True
CPSF2	common	True	True
CPSF3	common	True	True
CPSF4	common	True	True
CPSF6	common	True	True
CPSF7	common	True	True
CPT1A	common	True	True
CPT1B	common	True	True
CPT2	common	True	True
CPTP	common	True	True
CPVL	common	True	True
CPXM2	common	True	True
CPZ	common	True	True
CR2	common	True	True
CRABP2	common	True	True
CRACD	common	True	True
CRACDL	common	True	True
CRACR2A	common	True	True
CRACR2B	common	True	True
CRADD	common	True	True
CRAMP1	common	True	True
CRAT	common	True	True
CRB1	common	True	True
CRB2	common	True	True
CRBN	common	True	True
CRCP	common	True	True
CREB1	common	True	True
CREB3	common	True	True
CREB3L1	common	True	True
CREB3L2	common	True	True
CREB3L3	common	True	True
CREB3L4	common	True	True
CREB5	common	True	True
CREBBP	common	True	True
CREBL2	common	True	True
CREBRF	common	True	True
CREBZF	common	True	True
CREG1	common	True	True
CREG2	common	True	True
CRELD1	common	True	True
CRELD2	common	True	True
CREM	common	True	True
CRHBP	common	True	True
CRHR2	common	True	True
CRIM1	common	True	True
CRIP1	common	True	True
CRIP2	common	True	True
CRIP3	common	True	True
CRIPT	common	True	True
CRISPLD1	common	True	True
CRISPLD2	common	True	True
CRK	common	True	True
CRKL	common	True	True
CRLF1	common	True	True
CRLF3	common	True	True
CRLS1	common	True	True
CRMP1	common	True	True
CRNDE	common	True	True
CRNKL1	common	True	True
CROCC	common	True	True
CROT	common	True	True
CRPPA	common	True	True
CRTAC1	common	True	True
CRTAP	common	True	True
CRTC1	common	True	True
CRTC2	common	True	True
CRTC3	common	True	True
CRY1	common	True	True
CRY2	common	True	True
CRYAB	common	True	True
CRYBA2	common	True	True
CRYBB2	common	True	True
CRYBG1	common	True	True
CRYBG3	common	True	True
CRYGC	common	True	True
CRYGS	common	True	True
CRYL1	common	True	True
CRYM	common	True	True
CRYZ	common	True	True
CS	common	True	True
CSAD	common	True	True
CSDC2	common	True	True
CSDE1	common	True	True
CSE1L	common	True	True
CSF1	common	True	True
CSF1R	common	True	True
CSF2RB	common	True	True
CSF3	common	True	True
CSGALNACT1	common	True	True
CSGALNACT2	common	True	True
CSK	common	True	True
CSKMT	common	True	True
CSMD1	common	True	True
CSMD2	common	True	True
CSMD3	common	True	True
CSNK1A1	common	True	True
CSNK1A1L	common	True	True
CSNK1D	common	True	True
CSNK1E	common	True	True
CSNK1G2	common	True	True
CSNK1G2-AS1	common	True	True
CSNK1G3	common	True	True
CSNK2A1	common	True	True
CSNK2A2	common	True	True
CSNK2A3	common	True	True
CSNK2B	common	True	True
CSPG4	common	True	True
CSPG5	common	True	True
CSPP1	common	True	True
CSRNP1	common	True	True
CSRNP2	common	True	True
CSRNP3	common	True	True
CSRP1	common	True	True
CSRP2	common	True	True
CSRP3	common	True	True
CST3	common	True	True
CST7	common	True	True
CSTA	common	True	True
CSTB	common	True	True
CSTF1	common	True	True
CSTF2	common	True	True
CSTF2T	common	True	True
CSTF3	common	True	True
CSTPP1	common	True	True
CT45A3	common	True	True
CT45A6	common	True	True
CTAGE1	common	True	True
CTAGE15	common	True	True
CTAGE9	common	True	True
CTBP1	common	True	True
CTBP1-DT	common	True	True
CTBP2	common	True	True
CTBS	common	True	True
CTC1	common	True	True
CTCF	common	True	True
CTDNEP1	common	True	True
CTDP1	common	True	True
CTDSP1	common	True	True
CTDSP2	common	True	True
CTDSPL	common	True	True
CTDSPL2	common	True	True
CTF1	common	True	True
CTH	common	True	True
CTHRC1	common	True	True
CTIF	common	True	True
CTLA4	common	True	True
CTNNA1	common	True	True
CTNNAL1	common	True	True
CTNNB1	common	True	True
CTNNBIP1	common	True	True
CTNNBL1	common	True	True
CTNND1	common	True	True
CTNND2	common	True	True
CTNS	common	True	True
CTPS1	common	True	True
CTPS2	common	True	True
CTR9	common	True	True
CTRB1	common	True	True
CTRB2	common	True	True
CTSA	common	True	True
CTSB	common	True	True
CTSC	common	True	True
CTSD	common	True	True
CTSF	common	True	True
CTSK	common	True	True
CTSL	common	True	True
CTSO	common	True	True
CTSS	common	True	True
CTSZ	common	True	True
CTTN	common	True	True
CTTNBP2	common	True	True
CTTNBP2NL	common	True	True
CTU1	common	True	True
CTU2	common	True	True
CTXN1	common	True	True
CUBN	common	True	True
CUEDC1	common	True	True
CUEDC2	common	True	True
CUL1	common	True	True
CUL2	common	True	True
CUL3	common	True	True
CUL4A	common	True	True
CUL4B	common	True	True
CUL5	common	True	True
CUL7	common	True	True
CUL9	common	True	True
CUTA	common	True	True
CUTC	common	True	True
CUX1	common	True	True
CUX2	common	True	True
CUZD1	common	True	True
CWC15	common	True	True
CWC22	common	True	True
CWC25	common	True	True
CWC27	common	True	True
CWF19L1	common	True	True
CWF19L2	common	True	True
CXADR	common	True	True
CXCL1	common	True	True
CXCL12	common	True	True
CXCL14	common	True	True
CXCL2	common	True	True
CXCL3	common	True	True
CXCL5	common	True	True
CXCL8	common	True	True
CXCR5	common	True	True
CXXC1	common	True	True
CXXC4	common	True	True
CXXC5	common	True	True
CYB561	common	True	True
CYB561A3	common	True	True
CYB561D1	common	True	True
CYB561D2	common	True	True
CYB5A	common	True	True
CYB5B	common	True	True
CYB5D1	common	True	True
CYB5D2	common	True	True
CYB5R1	common	True	True
CYB5R2	common	True	True
CYB5R3	common	True	True
CYB5R4	common	True	True
CYB5RL	common	True	True
CYBA	common	True	True
CYBB	common	True	True
CYBC1	common	True	True
CYBRD1	common	True	True
CYC1	common	True	True
CYCS	common	True	True
CYFIP1	common	True	True
CYFIP2	common	True	True
CYLD	common	True	True
CYP11A1	common	True	True
CYP11B2	common	True	True
CYP17A1	common	True	True
CYP19A1	common	True	True
CYP1A1	common	True	True
CYP1A2	common	True	True
CYP1B1	common	True	True
CYP20A1	common	True	True
CYP26A1	common	True	True
CYP26B1	common	True	True
CYP27A1	common	True	True
CYP27B1	common	True	True
CYP27C1	common	True	True
CYP2C18	common	True	True
CYP2C9	common	True	True
CYP2J2	common	True	True
CYP2R1	common	True	True
CYP2U1	common	True	True
CYP2W1	common	True	True
CYP3A5	common	True	True
CYP46A1	common	True	True
CYP4F11	common	True	True
CYP4F2	common	True	True
CYP4F22	common	True	True
CYP4V2	common	True	True
CYP4X1	common	True	True
CYP51A1	common	True	True
CYREN	common	True	True
CYRIA	common	True	True
CYRIB	common	True	True
CYSRT1	common	True	True
CYSTM1	common	True	True
CYTH1	common	True	True
CYTH2	common	True	True
CYTH3	common	True	True
CYTH4	common	True	True
CYTIP	common	True	True
CZIB	common	True	True
D2HGDH	common	True	True
DAAM1	common	True	True
DAAM2	common	True	True
DAB2	common	True	True
DAB2IP	common	True	True
DACH1	common	True	True
DACT1	common	True	True
DACT2	common	True	True
DACT3	common	True	True
DAD1	common	True	True
DAG1	common	True	True
DAGLA	common	True	True
DAGLB	common	True	True
DALRD3	common	True	True
DAND5	common	True	True
DAO	common	True	True
DAP	common	True	True
DAP3	common	True	True
DAPK1	common	True	True
DAPK2	common	True	True
DAPK3	common	True	True
DAPL1	common	True	True
DAPP1	common	True	True
DARS1	common	True	True
DARS2	common	True	True
DAW1	common	True	True
DAXX	common	True	True
DAZAP1	common	True	True
DAZAP2	common	True	True
DAZL	common	True	True
DBF4	common	True	True
DBF4B	common	True	True
DBH	common	True	True
DBI	common	True	True
DBN1	common	True	True
DBNDD1	common	True	True
DBNDD2	common	True	True
DBNL	common	True	True
DBP	common	True	True
DBR1	common	True	True
DBT	common	True	True
DCAF1	common	True	True
DCAF10	common	True	True
DCAF11	common	True	True
DCAF12	common	True	True
DCAF13	common	True	True
DCAF15	common	True	True
DCAF16	common	True	True
DCAF17	common	True	True
DCAF4	common	True	True
DCAF4L1	common	True	True
DCAF5	common	True	True
DCAF6	common	True	True
DCAF7	common	True	True
DCAF8	common	True	True
DCAF8L1	common	True	True
DCAKD	common	True	True
DCBLD1	common	True	True
DCBLD2	common	True	True
DCDC1	common	True	True
DCDC2C	common	True	True
DCHS1	common	True	True
DCHS2	common	True	True
DCK	common	True	True
DCLK1	common	True	True
DCLK2	common	True	True
DCLRE1A	common	True	True
DCLRE1B	common	True	True
DCLRE1C	common	True	True
DCN	common	True	True
DCP1A	common	True	True
DCP1B	common	True	True
DCP2	common	True	True
DCPH1	common	True	True
DCPS	common	True	True
DCST1	common	True	True
DCSTAMP	common	True	True
DCT	common	True	True
DCTD	common	True	True
DCTN1	common	True	True
DCTN2	common	True	True
DCTN3	common	True	True
DCTN4	common	True	True
DCTN5	common	True	True
DCTN6	common	True	True
DCTPP1	common	True	True
DCUN1D1	common	True	True
DCUN1D2	common	True	True
DCUN1D3	common	True	True
DCUN1D4	common	True	True
DCUN1D5	common	True	True
DCXR	common	True	True
DDA1	common	True	True
DDAH1	common	True	True
DDAH2	common	True	True
DDB1	common	True	True
DDB2	common	True	True
DDHD1	common	True	True
DDHD2	common	True	True
DDIAS	common	True	True
DDIT3	common	True	True
DDIT4	common	True	True
DDIT4L	common	True	True
DDN	common	True	True
DDO	common	True	True
DDOST	common	True	True
DDR1	common	True	True
DDR2	common	True	True
DDRGK1	common	True	True
DDT	common	True	True
DDTL	common	True	True
DDX1	common	True	True
DDX10	common	True	True
DDX11	common	True	True
DDX12P	common	True	True
DDX17	common	True	True
DDX18	common	True	True
DDX19A	common	True	True
DDX19B	common	True	True
DDX20	common	True	True
DDX21	common	True	True
DDX23	common	True	True
DDX24	common	True	True
DDX27	common	True	True
DDX28	common	True	True
DDX31	common	True	True
DDX39A	common	True	True
DDX39B	common	True	True
DDX3X	common	True	True
DDX3Y	common	True	True
DDX41	common	True	True
DDX42	common	True	True
DDX46	common	True	True
DDX49	common	True	True
DDX5	common	True	True
DDX50	common	True	True
DDX51	common	True	True
DDX52	common	True	True
DDX54	common	True	True
DDX55	common	True	True
DDX56	common	True	True
DDX59	common	True	True
DDX6	common	True	True
DDX60	common	True	True
DDX60L	common	True	True
DEAF1	common	True	True
DECR1	common	True	True
DECR2	common	True	True
DEDD	common	True	True
DEDD2	common	True	True
DEF6	common	True	True
DEF8	common	True	True
DEFB134	common	True	True
DEGS1	common	True	True
DEK	common	True	True
DELE1	common	True	True
DENND10	common	True	True
DENND11	common	True	True
DENND1A	common	True	True
DENND1B	common	True	True
DENND2A	common	True	True
DENND2B	common	True	True
DENND2C	common	True	True
DENND3	common	True	True
DENND4A	common	True	True
DENND4B	common	True	True
DENND4C	common	True	True
DENND5A	common	True	True
DENND5B	common	True	True
DENND6A	common	True	True
DENND6B	common	True	True
DENR	common	True	True
DEPDC1	common	True	True
DEPDC1B	common	True	True
DEPDC4	common	True	True
DEPDC5	common	True	True
DEPDC7	common	True	True
DEPP1	common	True	True
DEPTOR	common	True	True
DERA	common	True	True
DERL1	common	True	True
DERL2	common	True	True
DERL3	common	True	True
DES	common	True	True
DESI1	common	True	True
DESI2	common	True	True
DET1	common	True	True
DEXI	common	True	True
DFFA	common	True	True
DFFB	common	True	True
DGAT1	common	True	True
DGAT2	common	True	True
DGCR2	common	True	True
DGCR6	common	True	True
DGCR6L	common	True	True
DGCR8	common	True	True
DGKA	common	True	True
DGKB	common	True	True
DGKD	common	True	True
DGKE	common	True	True
DGKG	common	True	True
DGKH	common	True	True
DGKI	common	True	True
DGKK	common	True	True
DGKQ	common	True	True
DGKZ	common	True	True
DGLUCY	common	True	True
DGUOK	common	True	True
DHCR24	common	True	True
DHCR7	common	True	True
DHDDS	common	True	True
DHFR	common	True	True
DHFR2	common	True	True
DHH	common	True	True
DHODH	common	True	True
DHPS	common	True	True
DHRS1	common	True	True
DHRS11	common	True	True
DHRS12	common	True	True
DHRS13	common	True	True
DHRS2	common	True	True
DHRS3	common	True	True
DHRS4	common	True	True
DHRS4L1	common	True	True
DHRS4L2	common	True	True
DHRS7	common	True	True
DHRS7B	common	True	True
DHRS7C	common	True	True
DHRS9	common	True	True
DHTKD1	common	True	True
DHX15	common	True	True
DHX16	common	True	True
DHX29	common	True	True
DHX30	common	True	True
DHX32	common	True	True
DHX33	common	True	True
DHX34	common	True	True
DHX35	common	True	True
DHX36	common	True	True
DHX37	common	True	True
DHX38	common	True	True
DHX40	common	True	True
DHX57	common	True	True
DHX58	common	True	True
DHX8	common	True	True
DHX9	common	True	True
DIABLO	common	True	True
DIAPH1	common	True	True
DIAPH2	common	True	True
DIAPH3	common	True	True
DICER1	common	True	True
DIDO1	common	True	True
DIMT1	common	True	True
DIO2	common	True	True
DIO3	common	True	True
DIP2A	common	True	True
DIP2B	common	True	True
DIP2C	common	True	True
DIPK1A	common	True	True
DIPK1B	common	True	True
DIPK2A	common	True	True
DIRAS1	common	True	True
DIRAS3	common	True	True
DIRC3	common	True	True
DIS3	common	True	True
DIS3L	common	True	True
DIS3L2	common	True	True
DISC1	common	True	True
DISP1	common	True	True
DISP2	common	True	True
DISP3	common	True	True
DIXDC1	common	True	True
DKC1	common	True	True
DKK1	common	True	True
DKK2	common	True	True
DKK3	common	True	True
DKKL1	common	True	True
DLAT	common	True	True
DLC1	common	True	True
DLD	common	True	True
DLEC1	common	True	True
DLEU1	common	True	True
DLEU2	common	True	True
DLEU7	common	True	True
DLG1	common	True	True
DLG2	common	True	True
DLG3	common	True	True
DLG4	common	True	True
DLG5	common	True	True
DLGAP1	common	True	True
DLGAP2	common	True	True
DLGAP3	common	True	True
DLGAP4	common	True	True
DLGAP5	common	True	True
DLK2	common	True	True
DLL1	common	True	True
DLL3	common	True	True
DLST	common	True	True
DLX1	common	True	True
DLX2	common	True	True
DLX3	common	True	True
DLX4	common	True	True
DLX5	common	True	True
DLX6	common	True	True
DMAC1	common	True	True
DMAC2	common	True	True
DMAC2L	common	True	True
DMAP1	common	True	True
DMBT1	common	True	True
DMC1	common	True	True
DMD	common	True	True
DMGDH	common	True	True
DMKN	common	True	True
DMPK	common	True	True
DMRT2	common	True	True
DMRTA1	common	True	True
DMRTA2	common	True	True
DMRTB1	common	True	True
DMTF1	common	True	True
DMWD	common	True	True
DMXL1	common	True	True
DMXL2	common	True	True
DNA2	common	True	True
DNAAF1	common	True	True
DNAAF10	common	True	True
DNAAF11	common	True	True
DNAAF19	common	True	True
DNAAF2	common	True	True
DNAAF3	common	True	True
DNAAF4	common	True	True
DNAAF5	common	True	True
DNAAF8	common	True	True
DNAAF9	common	True	True
DNAH1	common	True	True
DNAH10	common	True	True
DNAH11	common	True	True
DNAH12	common	True	True
DNAH14	common	True	True
DNAH17	common	True	True
DNAH2	common	True	True
DNAH3	common	True	True
DNAH5	common	True	True
DNAH6	common	True	True
DNAH7	common	True	True
DNAH8	common	True	True
DNAH9	common	True	True
DNAI1	common	True	True
DNAI3	common	True	True
DNAI4	common	True	True
DNAI7	common	True	True
DNAJA1	common	True	True
DNAJA2	common	True	True
DNAJA3	common	True	True
DNAJA4	common	True	True
DNAJB1	common	True	True
DNAJB11	common	True	True
DNAJB12	common	True	True
DNAJB13	common	True	True
DNAJB14	common	True	True
DNAJB2	common	True	True
DNAJB4	common	True	True
DNAJB5	common	True	True
DNAJB6	common	True	True
DNAJB9	common	True	True
DNAJC1	common	True	True
DNAJC10	common	True	True
DNAJC11	common	True	True
DNAJC12	common	True	True
DNAJC13	common	True	True
DNAJC14	common	True	True
DNAJC15	common	True	True
DNAJC16	common	True	True
DNAJC17	common	True	True
DNAJC18	common	True	True
DNAJC19	common	True	True
DNAJC2	common	True	True
DNAJC21	common	True	True
DNAJC22	common	True	True
DNAJC24	common	True	True
DNAJC25	common	True	True
DNAJC25-GNG10	common	True	True
DNAJC27	common	True	True
DNAJC28	common	True	True
DNAJC3	common	True	True
DNAJC30	common	True	True
DNAJC4	common	True	True
DNAJC5	common	True	True
DNAJC6	common	True	True
DNAJC7	common	True	True
DNAJC8	common	True	True
DNAJC9	common	True	True
DNAL1	common	True	True
DNAL4	common	True	True
DNALI1	common	True	True
DNASE1	common	True	True
DNASE1L1	common	True	True
DNASE1L2	common	True	True
DNASE2	common	True	True
DND1	common	True	True
DNER	common	True	True
DNHD1	common	True	True
DNLZ	common	True	True
DNM1	common	True	True
DNM1L	common	True	True
DNM2	common	True	True
DNM3	common	True	True
DNMBP	common	True	True
DNMT1	common	True	True
DNMT3A	common	True	True
DNMT3B	common	True	True
DNPEP	common	True	True
DNPH1	common	True	True
DNTTIP1	common	True	True
DNTTIP2	common	True	True
DOC2B	common	True	True
DOCK1	common	True	True
DOCK10	common	True	True
DOCK11	common	True	True
DOCK2	common	True	True
DOCK3	common	True	True
DOCK4	common	True	True
DOCK5	common	True	True
DOCK6	common	True	True
DOCK7	common	True	True
DOCK8	common	True	True
DOCK9	common	True	True
DOHH	common	True	True
DOK1	common	True	True
DOK2	common	True	True
DOK3	common	True	True
DOK4	common	True	True
DOK6	common	True	True
DOK7	common	True	True
DOLK	common	True	True
DOLPP1	common	True	True
DONSON	common	True	True
DOP1A	common	True	True
DOP1B	common	True	True
DORIP1	common	True	True
DOT1L	common	True	True
DPAGT1	common	True	True
DPCD	common	True	True
DPEP1	common	True	True
DPEP2NB	common	True	True
DPF1	common	True	True
DPF2	common	True	True
DPF3	common	True	True
DPH1	common	True	True
DPH2	common	True	True
DPH3	common	True	True
DPH5	common	True	True
DPH6	common	True	True
DPH7	common	True	True
DPM1	common	True	True
DPM2	common	True	True
DPM3	common	True	True
DPP10	common	True	True
DPP3	common	True	True
DPP4	common	True	True
DPP6	common	True	True
DPP7	common	True	True
DPP8	common	True	True
DPP9	common	True	True
DPY19L1	common	True	True
DPY19L2	common	True	True
DPY19L3	common	True	True
DPY19L4	common	True	True
DPY30	common	True	True
DPYD	common	True	True
DPYSL2	common	True	True
DPYSL3	common	True	True
DPYSL4	common	True	True
DPYSL5	common	True	True
DR1	common	True	True
DRAM1	common	True	True
DRAM2	common	True	True
DRAP1	common	True	True
DRC1	common	True	True
DRC10	common	True	True
DRC12	common	True	True
DRC2	common	True	True
DRC3	common	True	True
DRC4	common	True	True
DRC5	common	True	True
DRC8	common	True	True
DRC9	common	True	True
DRD4	common	True	True
DRG1	common	True	True
DRG2	common	True	True
DRGX	common	True	True
DRICH1	common	True	True
DROSHA	common	True	True
DRP2	common	True	True
DSCAM	common	True	True
DSCAML1	common	True	True
DSCC1	common	True	True
DSE	common	True	True
DSEL	common	True	True
DSG2	common	True	True
DSG3	common	True	True
DSG4	common	True	True
DSN1	common	True	True
DSP	common	True	True
DST	common	True	True
DSTN	common	True	True
DSTYK	common	True	True
DTD1	common	True	True
DTD2	common	True	True
DTHD1	common	True	True
DTL	common	True	True
DTNA	common	True	True
DTNB	common	True	True
DTNBP1	common	True	True
DTWD1	common	True	True
DTWD2	common	True	True
DTX1	common	True	True
DTX2	common	True	True
DTX3	common	True	True
DTX3L	common	True	True
DTX4	common	True	True
DTYMK	common	True	True
DUOX2	common	True	True
DUOXA1	common	True	True
DUS1L	common	True	True
DUS2	common	True	True
DUS3L	common	True	True
DUS4L	common	True	True
DUSP1	common	True	True
DUSP10	common	True	True
DUSP11	common	True	True
DUSP12	common	True	True
DUSP13B	common	True	True
DUSP14	common	True	True
DUSP15	common	True	True
DUSP16	common	True	True
DUSP18	common	True	True
DUSP19	common	True	True
DUSP22	common	True	True
DUSP23	common	True	True
DUSP28	common	True	True
DUSP3	common	True	True
DUSP4	common	True	True
DUSP5	common	True	True
DUSP6	common	True	True
DUSP7	common	True	True
DUSP8	common	True	True
DUSP9	common	True	True
DUT	common	True	True
DUX4	common	True	True
DUXAP10	common	True	True
DVL1	common	True	True
DVL2	common	True	True
DVL3	common	True	True
DXO	common	True	True
DYDC2	common	True	True
DYM	common	True	True
DYNAP	common	True	True
DYNC1H1	common	True	True
DYNC1I1	common	True	True
DYNC1I2	common	True	True
DYNC1LI1	common	True	True
DYNC1LI2	common	True	True
DYNC2H1	common	True	True
DYNC2I1	common	True	True
DYNC2I2	common	True	True
DYNC2LI1	common	True	True
DYNLL1	common	True	True
DYNLL2	common	True	True
DYNLRB1	common	True	True
DYNLT1	common	True	True
DYNLT2	common	True	True
DYNLT2B	common	True	True
DYNLT3	common	True	True
DYRK1A	common	True	True
DYRK1B	common	True	True
DYRK2	common	True	True
DYRK3	common	True	True
DYRK4	common	True	True
DYSF	common	True	True
DZANK1	common	True	True
DZIP1	common	True	True
DZIP1L	common	True	True
DZIP3	common	True	True
E2F1	common	True	True
E2F2	common	True	True
E2F3	common	True	True
E2F4	common	True	True
E2F5	common	True	True
E2F6	common	True	True
E2F8	common	True	True
E4F1	common	True	True
EAF1	common	True	True
EAF2	common	True	True
EAPP	common	True	True
EARS2	common	True	True
EBAG9	common	True	True
EBF1	common	True	True
EBF2	common	True	True
EBF3	common	True	True
EBF4	common	True	True
EBI3	common	True	True
EBLN2	common	True	True
EBNA1BP2	common	True	True
EBP	common	True	True
EBPL	common	True	True
ECD	common	True	True
ECE1	common	True	True
ECH1	common	True	True
ECHDC1	common	True	True
ECHDC2	common	True	True
ECHS1	common	True	True
ECI1	common	True	True
ECI2	common	True	True
ECM1	common	True	True
ECM2	common	True	True
ECPAS	common	True	True
ECSIT	common	True	True
ECT2	common	True	True
EDA	common	True	True
EDA2R	common	True	True
EDARADD	common	True	True
EDC3	common	True	True
EDC4	common	True	True
EDEM1	common	True	True
EDEM2	common	True	True
EDEM3	common	True	True
EDF1	common	True	True
EDIL3	common	True	True
EDN1	common	True	True
EDNRA	common	True	True
EDNRB	common	True	True
EDRF1	common	True	True
EEA1	common	True	True
EED	common	True	True
EEF1A1	common	True	True
EEF1A2	common	True	True
EEF1AKMT1	common	True	True
EEF1AKMT2	common	True	True
EEF1AKMT3	common	True	True
EEF1B2	common	True	True
EEF1D	common	True	True
EEF1E1	common	True	True
EEF1E1-BLOC1S5	common	True	True
EEF1G	common	True	True
EEF2	common	True	True
EEF2K	common	True	True
EEF2KMT	common	True	True
EEFSEC	common	True	True
EEIG1	common	True	True
EEIG2	common	True	True
EEPD1	common	True	True
EFCAB11	common	True	True
EFCAB12	common	True	True
EFCAB13	common	True	True
EFCAB14	common	True	True
EFCAB5	common	True	True
EFCAB6	common	True	True
EFCAB7	common	True	True
EFCC1	common	True	True
EFEMP1	common	True	True
EFEMP2	common	True	True
EFHB	common	True	True
EFHC1	common	True	True
EFHD2	common	True	True
EFL1	common	True	True
EFNA2	common	True	True
EFNA3	common	True	True
EFNA4	common	True	True
EFNA5	common	True	True
EFNB1	common	True	True
EFNB2	common	True	True
EFNB3	common	True	True
EFR3A	common	True	True
EFR3B	common	True	True
EFTUD2	common	True	True
EGF	common	True	True
EGFLAM	common	True	True
EGFR	common	True	True
EGLN1	common	True	True
EGLN2	common	True	True
EGLN3	common	True	True
EGR1	common	True	True
EGR2	common	True	True
EGR3	common	True	True
EGR4	common	True	True
EHBP1	common	True	True
EHBP1L1	common	True	True
EHD1	common	True	True
EHD2	common	True	True
EHD3	common	True	True
EHD4	common	True	True
EHF	common	True	True
EHHADH	common	True	True
EHMT1	common	True	True
EHMT2	common	True	True
EI24	common	True	True
EID1	common	True	True
EID2	common	True	True
EID2B	common	True	True
EID3	common	True	True
EIF1	common	True	True
EIF1AD	common	True	True
EIF1AX	common	True	True
EIF1B	common	True	True
EIF2A	common	True	True
EIF2AK1	common	True	True
EIF2AK2	common	True	True
EIF2AK3	common	True	True
EIF2AK4	common	True	True
EIF2B1	common	True	True
EIF2B2	common	True	True
EIF2B3	common	True	True
EIF2B4	common	True	True
EIF2B5	common	True	True
EIF2D	common	True	True
EIF2S1	common	True	True
EIF2S2	common	True	True
EIF2S3	common	True	True
EIF3A	common	True	True
EIF3B	common	True	True
EIF3C	common	True	True
EIF3D	common	True	True
EIF3E	common	True	True
EIF3F	common	True	True
EIF3G	common	True	True
EIF3H	common	True	True
EIF3I	common	True	True
EIF3J	common	True	True
EIF3K	common	True	True
EIF3L	common	True	True
EIF3M	common	True	True
EIF4A1	common	True	True
EIF4A2	common	True	True
EIF4A3	common	True	True
EIF4B	common	True	True
EIF4E	common	True	True
EIF4E2	common	True	True
EIF4E3	common	True	True
EIF4EBP1	common	True	True
EIF4EBP2	common	True	True
EIF4ENIF1	common	True	True
EIF4G1	common	True	True
EIF4G2	common	True	True
EIF4G3	common	True	True
EIF4H	common	True	True
EIF5	common	True	True
EIF5A	common	True	True
EIF5A2	common	True	True
EIF5AL1	common	True	True
EIF5B	common	True	True
EIF6	common	True	True
EIPR1	common	True	True
ELAC1	common	True	True
ELAC2	common	True	True
ELAPOR1	common	True	True
ELAPOR2	common	True	True
ELAVL1	common	True	True
ELAVL2	common	True	True
ELAVL3	common	True	True
ELF1	common	True	True
ELF2	common	True	True
ELF3	common	True	True
ELF4	common	True	True
ELF5	common	True	True
ELFN1	common	True	True
ELFN2	common	True	True
ELK1	common	True	True
ELK3	common	True	True
ELK4	common	True	True
ELL	common	True	True
ELL2	common	True	True
ELL3	common	True	True
ELMO1	common	True	True
ELMO2	common	True	True
ELMO3	common	True	True
ELMOD1	common	True	True
ELMOD2	common	True	True
ELMOD3	common	True	True
ELN	common	True	True
ELOA	common	True	True
ELOB	common	True	True
ELOC	common	True	True
ELOF1	common	True	True
ELOVL1	common	True	True
ELOVL3	common	True	True
ELOVL4	common	True	True
ELOVL5	common	True	True
ELOVL6	common	True	True
ELOVL7	common	True	True
ELP1	common	True	True
ELP2	common	True	True
ELP3	common	True	True
ELP4	common	True	True
ELP5	common	True	True
ELP6	common	True	True
EMC1	common	True	True
EMC10	common	True	True
EMC2	common	True	True
EMC3	common	True	True
EMC4	common	True	True
EMC6	common	True	True
EMC7	common	True	True
EMC8	common	True	True
EMC9	common	True	True
EMD	common	True	True
EME1	common	True	True
EME2	common	True	True
EMG1	common	True	True
EMID1	common	True	True
EMILIN1	common	True	True
EMILIN2	common	True	True
EML1	common	True	True
EML2	common	True	True
EML3	common	True	True
EML4	common	True	True
EML5	common	True	True
EML6	common	True	True
EMP1	common	True	True
EMP2	common	True	True
EMP3	common	True	True
EMSY	common	True	True
EMX1	common	True	True
EN1	common	True	True
EN2	common	True	True
ENAH	common	True	True
ENC1	common	True	True
ENDOD1	common	True	True
ENDOG	common	True	True
ENDOV	common	True	True
ENG	common	True	True
ENGASE	common	True	True
ENHO	common	True	True
ENKD1	common	True	True
ENKUR	common	True	True
ENO1	common	True	True
ENO2	common	True	True
ENO3	common	True	True
ENOPH1	common	True	True
ENOSF1	common	True	True
ENOX1	common	True	True
ENOX2	common	True	True
ENPEP	common	True	True
ENPP1	common	True	True
ENPP2	common	True	True
ENPP3	common	True	True
ENPP4	common	True	True
ENSA	common	True	True
ENTPD1	common	True	True
ENTPD4	common	True	True
ENTPD5	common	True	True
ENTPD6	common	True	True
ENTPD7	common	True	True
ENTR1	common	True	True
ENTREP3	common	True	True
ENY2	common	True	True
EOGT	common	True	True
EOLA1	common	True	True
EOLA2	common	True	True
EOMES	common	True	True
EP300	common	True	True
EP400	common	True	True
EP400P1	common	True	True
EPAS1	common	True	True
EPB41	common	True	True
EPB41L1	common	True	True
EPB41L2	common	True	True
EPB41L4A	common	True	True
EPB41L4A-DT	common	True	True
EPB41L4B	common	True	True
EPB41L5	common	True	True
EPC1	common	True	True
EPC2	common	True	True
EPCAM	common	True	True
EPDR1	common	True	True
EPG5	common	True	True
EPHA10	common	True	True
EPHA2	common	True	True
EPHA4	common	True	True
EPHA5	common	True	True
EPHA6	common	True	True
EPHA7	common	True	True
EPHB1	common	True	True
EPHB2	common	True	True
EPHB3	common	True	True
EPHB4	common	True	True
EPHB6	common	True	True
EPHX1	common	True	True
EPM2A	common	True	True
EPM2AIP1	common	True	True
EPN1	common	True	True
EPN2	common	True	True
EPN3	common	True	True
EPOP	common	True	True
EPOR	common	True	True
EPPK1	common	True	True
EPRS1	common	True	True
EPS15	common	True	True
EPS15L1	common	True	True
EPS8	common	True	True
EPS8L1	common	True	True
EPS8L2	common	True	True
EPSTI1	common	True	True
ERAL1	common	True	True
ERAP1	common	True	True
ERAP2	common	True	True
ERBB3	common	True	True
ERBB4	common	True	True
ERBIN	common	True	True
ERC1	common	True	True
ERC2	common	True	True
ERCC1	common	True	True
ERCC2	common	True	True
ERCC3	common	True	True
ERCC4	common	True	True
ERCC5	common	True	True
ERCC6	common	True	True
ERCC6L	common	True	True
ERCC6L2	common	True	True
ERCC8	common	True	True
EREG	common	True	True
ERF	common	True	True
ERFE	common	True	True
ERG	common	True	True
ERG28	common	True	True
ERGIC1	common	True	True
ERGIC2	common	True	True
ERGIC3	common	True	True
ERH	common	True	True
ERI1	common	True	True
ERI2	common	True	True
ERI3	common	True	True
ERICH1	common	True	True
ERICH2	common	True	True
ERICH3	common	True	True
ERICH4	common	True	True
ERLEC1	common	True	True
ERLIN1	common	True	True
ERLIN2	common	True	True
ERMAP	common	True	True
ERMARD	common	True	True
ERMN	common	True	True
ERMP1	common	True	True
ERN1	common	True	True
ERO1A	common	True	True
ERO1B	common	True	True
ERP29	common	True	True
ERP44	common	True	True
ERRFI1	common	True	True
ERV3-1	common	True	True
ERVK13-1	common	True	True
ERVW-1	common	True	True
ESCO1	common	True	True
ESCO2	common	True	True
ESD	common	True	True
ESF1	common	True	True
ESPL1	common	True	True
ESPN	common	True	True
ESPNL	common	True	True
ESR1	common	True	True
ESR2	common	True	True
ESRP1	common	True	True
ESRP2	common	True	True
ESRRA	common	True	True
ESRRB	common	True	True
ESRRG	common	True	True
ESS2	common	True	True
ESYT1	common	True	True
ESYT2	common	True	True
ESYT3	common	True	True
ETAA1	common	True	True
ETF1	common	True	True
ETFA	common	True	True
ETFB	common	True	True
ETFBKMT	common	True	True
ETFDH	common	True	True
ETFRF1	common	True	True
ETHE1	common	True	True
ETNK1	common	True	True
ETNK2	common	True	True
ETS1	common	True	True
ETS2	common	True	True
ETV1	common	True	True
ETV2	common	True	True
ETV3	common	True	True
ETV4	common	True	True
ETV5	common	True	True
ETV6	common	True	True
EVA1A	common	True	True
EVA1B	common	True	True
EVA1C	common	True	True
EVC	common	True	True
EVC2	common	True	True
EVI2A	common	True	True
EVI5	common	True	True
EVI5L	common	True	True
EVL	common	True	True
EVPL	common	True	True
EVX1	common	True	True
EVX2	common	True	True
EWSR1	common	True	True
EXD3	common	True	True
EXO1	common	True	True
EXO5	common	True	True
EXOC1	common	True	True
EXOC2	common	True	True
EXOC3	common	True	True
EXOC3-AS1	common	True	True
EXOC3L1	common	True	True
EXOC3L2	common	True	True
EXOC3L4	common	True	True
EXOC4	common	True	True
EXOC5	common	True	True
EXOC6	common	True	True
EXOC6B	common	True	True
EXOC7	common	True	True
EXOC8	common	True	True
EXOG	common	True	True
EXOSC1	common	True	True
EXOSC10	common	True	True
EXOSC2	common	True	True
EXOSC3	common	True	True
EXOSC4	common	True	True
EXOSC5	common	True	True
EXOSC6	common	True	True
EXOSC7	common	True	True
EXOSC8	common	True	True
EXOSC9	common	True	True
EXPH5	common	True	True
EXT1	common	True	True
EXT2	common	True	True
EXTL1	common	True	True
EXTL2	common	True	True
EXTL3	common	True	True
EYA1	common	True	True
EYA3	common	True	True
EYA4	common	True	True
EYS	common	True	True
EZH1	common	True	True
EZH2	common	True	True
EZR	common	True	True
F10	common	True	True
F11R	common	True	True
F12	common	True	True
F2	common	True	True
F2R	common	True	True
F2RL1	common	True	True
F2RL2	common	True	True
F3	common	True	True
F7	common	True	True
F8	common	True	True
F8A2	common	True	True
F9	common	True	True
FA2H	common	True	True
FAAP100	common	True	True
FAAP20	common	True	True
FAAP24	common	True	True
FABP1	common	True	True
FABP3	common	True	True
FABP5	common	True	True
FABP6	common	True	True
FADD	common	True	True
FADS1	common	True	True
FADS2	common	True	True
FADS3	common	True	True
FAF1	common	True	True
FAF2	common	True	True
FAH	common	True	True
FAHD1	common	True	True
FAHD2A	common	True	True
FAHD2B	common	True	True
FAIM	common	True	True
FAIM2	common	True	True
FAM107A	common	True	True
FAM107B	common	True	True
FAM110A	common	True	True
FAM110B	common	True	True
FAM110D	common	True	True
FAM111A	common	True	True
FAM111B	common	True	True
FAM114A1	common	True	True
FAM114A2	common	True	True
FAM117A	common	True	True
FAM117B	common	True	True
FAM120A	common	True	True
FAM120A2P	common	True	True
FAM120AOS	common	True	True
FAM120B	common	True	True
FAM120C	common	True	True
FAM124A	common	True	True
FAM131A	common	True	True
FAM131B	common	True	True
FAM131C	common	True	True
FAM133B	common	True	True
FAM133HP	common	True	True
FAM135A	common	True	True
FAM13A	common	True	True
FAM13B	common	True	True
FAM13C	common	True	True
FAM149A	common	True	True
FAM149B1	common	True	True
FAM151B	common	True	True
FAM153CP	common	True	True
FAM156A	common	True	True
FAM156B	common	True	True
FAM161A	common	True	True
FAM161B	common	True	True
FAM162A	common	True	True
FAM163A	common	True	True
FAM163B	common	True	True
FAM167A	common	True	True
FAM167B	common	True	True
FAM168A	common	True	True
FAM168B	common	True	True
FAM169BP	common	True	True
FAM171A1	common	True	True
FAM171A2	common	True	True
FAM171B	common	True	True
FAM174A	common	True	True
FAM174B	common	True	True
FAM174C	common	True	True
FAM177A1	common	True	True
FAM177B	common	True	True
FAM178B	common	True	True
FAM180A	common	True	True
FAM180B	common	True	True
FAM181B	common	True	True
FAM184A	common	True	True
FAM184B	common	True	True
FAM185A	common	True	True
FAM186B	common	True	True
FAM193A	common	True	True
FAM193B	common	True	True
FAM199X	common	True	True
FAM200A	common	True	True
FAM200B	common	True	True
FAM200C	common	True	True
FAM204A	common	True	True
FAM20B	common	True	True
FAM20C	common	True	True
FAM216A	common	True	True
FAM216B	common	True	True
FAM217B	common	True	True
FAM219A	common	True	True
FAM219B	common	True	True
FAM220A	common	True	True
FAM222A	common	True	True
FAM222B	common	True	True
FAM227A	common	True	True
FAM227B	common	True	True
FAM228B	common	True	True
FAM229A	common	True	True
FAM229B	common	True	True
FAM234A	common	True	True
FAM234B	common	True	True
FAM237A	common	True	True
FAM241A	common	True	True
FAM241B	common	True	True
FAM24B	common	True	True
FAM27E3	common	True	True
FAM30A	common	True	True
FAM32A	common	True	True
FAM3A	common	True	True
FAM3C	common	True	True
FAM43A	common	True	True
FAM43B	common	True	True
FAM47B	common	True	True
FAM47E	common	True	True
FAM50A	common	True	True
FAM50B	common	True	True
FAM53A	common	True	True
FAM53B	common	True	True
FAM53C	common	True	True
FAM72A	common	True	True
FAM72B	common	True	True
FAM72C	common	True	True
FAM72D	common	True	True
FAM76A	common	True	True
FAM76B	common	True	True
FAM78A	common	True	True
FAM78B	common	True	True
FAM81A	common	True	True
FAM86B1	common	True	True
FAM86B2	common	True	True
FAM86C1P	common	True	True
FAM88C	common	True	True
FAM89A	common	True	True
FAM89B	common	True	True
FAM8A1	common	True	True
FAM90A1	common	True	True
FAM91A1	common	True	True
FAM98A	common	True	True
FAM98B	common	True	True
FAM98C	common	True	True
FAN1	common	True	True
FANCA	common	True	True
FANCB	common	True	True
FANCC	common	True	True
FANCD2	common	True	True
FANCE	common	True	True
FANCF	common	True	True
FANCG	common	True	True
FANCI	common	True	True
FANCL	common	True	True
FANCM	common	True	True
FANK1	common	True	True
FAP	common	True	True
FAR1	common	True	True
FAR2	common	True	True
FARP1	common	True	True
FARP2	common	True	True
FARS2	common	True	True
FARSA	common	True	True
FARSB	common	True	True
FAS	common	True	True
FASN	common	True	True
FASTK	common	True	True
FASTKD1	common	True	True
FASTKD2	common	True	True
FASTKD3	common	True	True
FAT1	common	True	True
FAT2	common	True	True
FAT4	common	True	True
FATE1	common	True	True
FAU	common	True	True
FAXC	common	True	True
FAXDC2	common	True	True
FBF1	common	True	True
FBH1	common	True	True
FBL	common	True	True
FBLIM1	common	True	True
FBLN1	common	True	True
FBLN2	common	True	True
FBLN5	common	True	True
FBLN7	common	True	True
FBN1	common	True	True
FBN2	common	True	True
FBP1	common	True	True
FBRS	common	True	True
FBRSL1	common	True	True
FBXL12	common	True	True
FBXL13	common	True	True
FBXL14	common	True	True
FBXL15	common	True	True
FBXL16	common	True	True
FBXL17	common	True	True
FBXL18	common	True	True
FBXL19	common	True	True
FBXL2	common	True	True
FBXL20	common	True	True
FBXL22	common	True	True
FBXL3	common	True	True
FBXL4	common	True	True
FBXL5	common	True	True
FBXL6	common	True	True
FBXL7	common	True	True
FBXL9P	common	True	True
FBXO10	common	True	True
FBXO11	common	True	True
FBXO15	common	True	True
FBXO16	common	True	True
FBXO17	common	True	True
FBXO2	common	True	True
FBXO21	common	True	True
FBXO22	common	True	True
FBXO24	common	True	True
FBXO25	common	True	True
FBXO27	common	True	True
FBXO28	common	True	True
FBXO3	common	True	True
FBXO30	common	True	True
FBXO31	common	True	True
FBXO32	common	True	True
FBXO33	common	True	True
FBXO34	common	True	True
FBXO36	common	True	True
FBXO38	common	True	True
FBXO4	common	True	True
FBXO41	common	True	True
FBXO42	common	True	True
FBXO43	common	True	True
FBXO44	common	True	True
FBXO45	common	True	True
FBXO46	common	True	True
FBXO48	common	True	True
FBXO5	common	True	True
FBXO6	common	True	True
FBXO7	common	True	True
FBXO8	common	True	True
FBXO9	common	True	True
FBXW10	common	True	True
FBXW10B	common	True	True
FBXW11	common	True	True
FBXW2	common	True	True
FBXW4	common	True	True
FBXW5	common	True	True
FBXW7	common	True	True
FBXW8	common	True	True
FBXW9	common	True	True
FCER1G	common	True	True
FCF1	common	True	True
FCGBP	common	True	True
FCGR2A	common	True	True
FCGRT	common	True	True
FCHO1	common	True	True
FCHO2	common	True	True
FCHSD1	common	True	True
FCHSD2	common	True	True
FCMR	common	True	True
FCN1	common	True	True
FCN2	common	True	True
FCRL5	common	True	True
FCRLA	common	True	True
FCRLB	common	True	True
FCSK	common	True	True
FDCSP	common	True	True
FDFT1	common	True	True
FDPS	common	True	True
FDX1	common	True	True
FDX2	common	True	True
FDXACB1	common	True	True
FDXR	common	True	True
FECH	common	True	True
FEM1A	common	True	True
FEM1B	common	True	True
FEM1C	common	True	True
FEN1	common	True	True
FER	common	True	True
FER1L5	common	True	True
FER1L6	common	True	True
FERMT1	common	True	True
FERMT2	common	True	True
FERMT3	common	True	True
FERRY3	common	True	True
FES	common	True	True
FEV	common	True	True
FEZ2	common	True	True
FEZF1	common	True	True
FEZF2	common	True	True
FFAR1	common	True	True
FGD1	common	True	True
FGD3	common	True	True
FGD6	common	True	True
FGF1	common	True	True
FGF11	common	True	True
FGF12	common	True	True
FGF13	common	True	True
FGF14	common	True	True
FGF18	common	True	True
FGF19	common	True	True
FGF2	common	True	True
FGF22	common	True	True
FGF4	common	True	True
FGF5	common	True	True
FGF6	common	True	True
FGF7	common	True	True
FGF8	common	True	True
FGF9	common	True	True
FGFBP1	common	True	True
FGFBP2	common	True	True
FGFBP3	common	True	True
FGFR1	common	True	True
FGFR1OP2	common	True	True
FGFR2	common	True	True
FGFR3	common	True	True
FGFRL1	common	True	True
FGGY	common	True	True
FH	common	True	True
FHDC1	common	True	True
FHIP1A	common	True	True
FHIP1B	common	True	True
FHIP2A	common	True	True
FHIP2B	common	True	True
FHIT	common	True	True
FHL1	common	True	True
FHL2	common	True	True
FHL3	common	True	True
FHOD1	common	True	True
FHOD3	common	True	True
FIBCD1	common	True	True
FIBIN	common	True	True
FIBP	common	True	True
FICD	common	True	True
FIG4	common	True	True
FIGN	common	True	True
FIGNL1	common	True	True
FIGNL2	common	True	True
FILIP1	common	True	True
FILIP1L	common	True	True
FIP1L1	common	True	True
FIRRM	common	True	True
FIS1	common	True	True
FITM2	common	True	True
FIZ1	common	True	True
FJX1	common	True	True
FKBP10	common	True	True
FKBP11	common	True	True
FKBP14	common	True	True
FKBP15	common	True	True
FKBP1A	common	True	True
FKBP1B	common	True	True
FKBP2	common	True	True
FKBP3	common	True	True
FKBP4	common	True	True
FKBP5	common	True	True
FKBP7	common	True	True
FKBP8	common	True	True
FKBP9	common	True	True
FKBPL	common	True	True
FKRP	common	True	True
FKTN	common	True	True
FLACC1	common	True	True
FLAD1	common	True	True
FLCN	common	True	True
FLG	common	True	True
FLI1	common	True	True
FLII	common	True	True
FLJ30679	common	True	True
FLJ38576	common	True	True
FLNA	common	True	True
FLNB	common	True	True
FLNC	common	True	True
FLOT1	common	True	True
FLOT2	common	True	True
FLRT1	common	True	True
FLRT2	common	True	True
FLRT3	common	True	True
FLT3LG	common	True	True
FLVCR1	common	True	True
FLVCR2	common	True	True
FLYWCH1	common	True	True
FLYWCH2	common	True	True
FMC1-LUC7L2	common	True	True
FMN1	common	True	True
FMN2	common	True	True
FMNL1	common	True	True
FMNL2	common	True	True
FMNL3	common	True	True
FMO1	common	True	True
FMO4	common	True	True
FMO5	common	True	True
FMOD	common	True	True
FMR1	common	True	True
FN1	common	True	True
FN3KRP	common	True	True
FNBP1	common	True	True
FNBP1L	common	True	True
FNBP4	common	True	True
FNDC1	common	True	True
FNDC10	common	True	True
FNDC11	common	True	True
FNDC3A	common	True	True
FNDC3B	common	True	True
FNDC4	common	True	True
FNDC5	common	True	True
FNDC7	common	True	True
FNIP1	common	True	True
FNIP2	common	True	True
FNTA	common	True	True
FNTB	common	True	True
FOLR1	common	True	True
FOS	common	True	True
FOSB	common	True	True
FOSL1	common	True	True
FOSL2	common	True	True
FOXA1	common	True	True
FOXB2	common	True	True
FOXC1	common	True	True
FOXC2	common	True	True
FOXD1	common	True	True
FOXD2	common	True	True
FOXD3	common	True	True
FOXD4	common	True	True
FOXD4L3	common	True	True
FOXD4L5	common	True	True
FOXD4L6	common	True	True
FOXE1	common	True	True
FOXE3	common	True	True
FOXF1	common	True	True
FOXF2	common	True	True
FOXG1	common	True	True
FOXI3	common	True	True
FOXJ1	common	True	True
FOXJ2	common	True	True
FOXJ3	common	True	True
FOXK1	common	True	True
FOXK2	common	True	True
FOXL1	common	True	True
FOXL2	common	True	True
FOXL2NB	common	True	True
FOXM1	common	True	True
FOXN1	common	True	True
FOXN2	common	True	True
FOXN3	common	True	True
FOXO1	common	True	True
FOXO3	common	True	True
FOXO4	common	True	True
FOXO6	common	True	True
FOXP1	common	True	True
FOXP2	common	True	True
FOXP3	common	True	True
FOXP4	common	True	True
FOXQ1	common	True	True
FOXRED1	common	True	True
FOXRED2	common	True	True
FOXS1	common	True	True
FPGS	common	True	True
FPGT	common	True	True
FPGT-TNNI3K	common	True	True
FPR1	common	True	True
FPR2	common	True	True
FPR3	common	True	True
FRA10AC1	common	True	True
FRAS1	common	True	True
FRAT1	common	True	True
FRAT2	common	True	True
FREM1	common	True	True
FREM2	common	True	True
FREM3	common	True	True
FRG1	common	True	True
FRG1BP	common	True	True
FRG2	common	True	True
FRK	common	True	True
FRMD1	common	True	True
FRMD3	common	True	True
FRMD4A	common	True	True
FRMD4B	common	True	True
FRMD5	common	True	True
FRMD6	common	True	True
FRMD7	common	True	True
FRMD8	common	True	True
FRMPD1	common	True	True
FRMPD3	common	True	True
FRMPD4	common	True	True
FRRS1	common	True	True
FRS2	common	True	True
FRS3	common	True	True
FRY	common	True	True
FRYL	common	True	True
FRZB	common	True	True
FSAF1	common	True	True
FSCN1	common	True	True
FSCN2	common	True	True
FSD1	common	True	True
FSD1L	common	True	True
FSIP1	common	True	True
FST	common	True	True
FSTL1	common	True	True
FSTL3	common	True	True
FSTL4	common	True	True
FTH1	common	True	True
FTL	common	True	True
FTO	common	True	True
FTSJ1	common	True	True
FTSJ3	common	True	True
FUBP1	common	True	True
FUBP3	common	True	True
FUCA1	common	True	True
FUCA2	common	True	True
FUNDC1	common	True	True
FUNDC2	common	True	True
FUOM	common	True	True
FURIN	common	True	True
FUS	common	True	True
FUT1	common	True	True
FUT4	common	True	True
FUT8	common	True	True
FUT9	common	True	True
FUZ	common	True	True
FXN	common	True	True
FXR1	common	True	True
FXR2	common	True	True
FXYD1	common	True	True
FXYD3	common	True	True
FXYD5	common	True	True
FXYD7	common	True	True
FYCO1	common	True	True
FYN	common	True	True
FYTTD1	common	True	True
FZD1	common	True	True
FZD10	common	True	True
FZD2	common	True	True
FZD3	common	True	True
FZD4	common	True	True
FZD5	common	True	True
FZD6	common	True	True
FZD7	common	True	True
FZD8	common	True	True
FZR1	common	True	True
G0S2	common	True	True
G2E3	common	True	True
G3BP1	common	True	True
G3BP2	common	True	True
G6PC1	common	True	True
G6PC3	common	True	True
G6PD	common	True	True
GAA	common	True	True
GAB1	common	True	True
GAB2	common	True	True
GAB3	common	True	True
GABARAP	common	True	True
GABARAPL1	common	True	True
GABARAPL2	common	True	True
GABBR1	common	True	True
GABBR2	common	True	True
GABPA	common	True	True
GABPB1	common	True	True
GABPB2	common	True	True
GABRA1	common	True	True
GABRA3	common	True	True
GABRA5	common	True	True
GABRB3	common	True	True
GABRG3	common	True	True
GABRQ	common	True	True
GAD1	common	True	True
GAD2	common	True	True
GADD45A	common	True	True
GADD45B	common	True	True
GADD45G	common	True	True
GADD45GIP1	common	True	True
GADL1	common	True	True
GAK	common	True	True
GAL	common	True	True
GAL3ST1	common	True	True
GAL3ST2	common	True	True
GAL3ST4	common	True	True
GALE	common	True	True
GALK1	common	True	True
GALK2	common	True	True
GALM	common	True	True
GALNS	common	True	True
GALNT1	common	True	True
GALNT10	common	True	True
GALNT11	common	True	True
GALNT12	common	True	True
GALNT13	common	True	True
GALNT14	common	True	True
GALNT15	common	True	True
GALNT16	common	True	True
GALNT17	common	True	True
GALNT18	common	True	True
GALNT2	common	True	True
GALNT3	common	True	True
GALNT5	common	True	True
GALNT6	common	True	True
GALNT7	common	True	True
GALNT9	common	True	True
GALNTL6	common	True	True
GALR2	common	True	True
GALT	common	True	True
GAMT	common	True	True
GAN	common	True	True
GANAB	common	True	True
GANC	common	True	True
GAP43	common	True	True
GAPDH	common	True	True
GAPDHS	common	True	True
GAPVD1	common	True	True
GAR1	common	True	True
GAREM1	common	True	True
GAREM2	common	True	True
GARIN1A	common	True	True
GARIN1B	common	True	True
GARIN4	common	True	True
GARIN5B	common	True	True
GARNL3	common	True	True
GARRE1	common	True	True
GARS1	common	True	True
GART	common	True	True
GAS1	common	True	True
GAS2	common	True	True
GAS2L1	common	True	True
GAS2L2	common	True	True
GAS2L3	common	True	True
GAS6	common	True	True
GAS6-AS1	common	True	True
GASK1A	common	True	True
GASK1B	common	True	True
GATA1	common	True	True
GATA2	common	True	True
GATA3	common	True	True
GATA5	common	True	True
GATA6	common	True	True
GATAD1	common	True	True
GATAD2A	common	True	True
GATAD2B	common	True	True
GATB	common	True	True
GATC	common	True	True
GATD1	common	True	True
GATD3	common	True	True
GATM	common	True	True
GBA1	common	True	True
GBA2	common	True	True
GBA3	common	True	True
GBE1	common	True	True
GBF1	common	True	True
GBP1	common	True	True
GBP2	common	True	True
GBP3	common	True	True
GBP5	common	True	True
GBP7	common	True	True
GCA	common	True	True
GCAT	common	True	True
GCC1	common	True	True
GCC2	common	True	True
GCDH	common	True	True
GCFC2	common	True	True
GCG	common	True	True
GCGR	common	True	True
GCH1	common	True	True
GCHFR	common	True	True
GCK	common	True	True
GCKR	common	True	True
GCLC	common	True	True
GCLM	common	True	True
GCN1	common	True	True
GCNA	common	True	True
GCNT1	common	True	True
GCNT2	common	True	True
GCNT3	common	True	True
GCNT4	common	True	True
GCOM1	common	True	True
GCSAM	common	True	True
GCSH	common	True	True
GDA	common	True	True
GDAP1	common	True	True
GDAP1L1	common	True	True
GDAP2	common	True	True
GDE1	common	True	True
GDF10	common	True	True
GDF11	common	True	True
GDF15	common	True	True
GDF2	common	True	True
GDF5	common	True	True
GDF7	common	True	True
GDF9	common	True	True
GDI1	common	True	True
GDI2	common	True	True
GDNF	common	True	True
GDNF-AS1	common	True	True
GDPD1	common	True	True
GDPD3	common	True	True
GDPD5	common	True	True
GDPGP1	common	True	True
GEM	common	True	True
GEMIN2	common	True	True
GEMIN4	common	True	True
GEMIN5	common	True	True
GEMIN6	common	True	True
GEMIN7	common	True	True
GEMIN8	common	True	True
GEN1	common	True	True
GET1	common	True	True
GET3	common	True	True
GET4	common	True	True
GFAP	common	True	True
GFER	common	True	True
GFI1	common	True	True
GFM1	common	True	True
GFM2	common	True	True
GFOD1	common	True	True
GFOD2	common	True	True
GFOD3P	common	True	True
GFPT1	common	True	True
GFPT2	common	True	True
GFRA1	common	True	True
GFRA2	common	True	True
GFRA4	common	True	True
GFUS	common	True	True
GFY	common	True	True
GGA1	common	True	True
GGA2	common	True	True
GGA3	common	True	True
GGACT	common	True	True
GGCT	common	True	True
GGCX	common	True	True
GGH	common	True	True
GGN	common	True	True
GGNBP2	common	True	True
GGPS1	common	True	True
GGT1	common	True	True
GGT5	common	True	True
GGT7	common	True	True
GH2	common	True	True
GHDC	common	True	True
GHITM	common	True	True
GHR	common	True	True
GHSR	common	True	True
GID4	common	True	True
GID8	common	True	True
GIGYF1	common	True	True
GIGYF2	common	True	True
GIMAP7	common	True	True
GIN1	common	True	True
GINM1	common	True	True
GINS1	common	True	True
GINS2	common	True	True
GINS3	common	True	True
GINS4	common	True	True
GIP	common	True	True
GIPC1	common	True	True
GIPC2	common	True	True
GIPC3	common	True	True
GIPR	common	True	True
GIT1	common	True	True
GIT2	common	True	True
GJA1	common	True	True
GJB2	common	True	True
GJB3	common	True	True
GJC1	common	True	True
GJC2	common	True	True
GJC3	common	True	True
GJD3	common	True	True
GJD4	common	True	True
GK	common	True	True
GK5	common	True	True
GKAP1	common	True	True
GLA	common	True	True
GLB1	common	True	True
GLB1L	common	True	True
GLB1L2	common	True	True
GLB1L3	common	True	True
GLCCI1	common	True	True
GLCE	common	True	True
GLDC	common	True	True
GLE1	common	True	True
GLG1	common	True	True
GLI1	common	True	True
GLI2	common	True	True
GLI3	common	True	True
GLI4	common	True	True
GLIPR1	common	True	True
GLIPR1L2	common	True	True
GLIPR2	common	True	True
GLIS1	common	True	True
GLIS2	common	True	True
GLIS3	common	True	True
GLMN	common	True	True
GLMP	common	True	True
GLO1	common	True	True
GLOD4	common	True	True
GLRA4	common	True	True
GLRB	common	True	True
GLRX	common	True	True
GLRX2	common	True	True
GLRX3	common	True	True
GLRX5	common	True	True
GLS	common	True	True
GLT8D1	common	True	True
GLT8D2	common	True	True
GLTP	common	True	True
GLTPD2	common	True	True
GLUD1	common	True	True
GLUD2	common	True	True
GLUL	common	True	True
GLYCTK	common	True	True
GLYR1	common	True	True
GM2A	common	True	True
GMCL1	common	True	True
GMDS	common	True	True
GMEB1	common	True	True
GMEB2	common	True	True
GMFB	common	True	True
GMFG	common	True	True
GMIP	common	True	True
GMNC	common	True	True
GMNN	common	True	True
GMPPA	common	True	True
GMPPB	common	True	True
GMPR2	common	True	True
GMPS	common	True	True
GNA11	common	True	True
GNA12	common	True	True
GNA13	common	True	True
GNA14	common	True	True
GNA15	common	True	True
GNAI1	common	True	True
GNAI2	common	True	True
GNAI3	common	True	True
GNAL	common	True	True
GNAO1	common	True	True
GNAQ	common	True	True
GNAS	common	True	True
GNAT2	common	True	True
GNAZ	common	True	True
GNB1	common	True	True
GNB2	common	True	True
GNB3	common	True	True
GNB4	common	True	True
GNB5	common	True	True
GNE	common	True	True
GNG10	common	True	True
GNG11	common	True	True
GNG12	common	True	True
GNG2	common	True	True
GNG4	common	True	True
GNG5	common	True	True
GNG7	common	True	True
GNGT2	common	True	True
GNL1	common	True	True
GNL2	common	True	True
GNL3	common	True	True
GNL3L	common	True	True
GNPAT	common	True	True
GNPDA1	common	True	True
GNPDA2	common	True	True
GNPNAT1	common	True	True
GNPTAB	common	True	True
GNPTG	common	True	True
GNRH1	common	True	True
GNS	common	True	True
GOLGA1	common	True	True
GOLGA2	common	True	True
GOLGA3	common	True	True
GOLGA4	common	True	True
GOLGA5	common	True	True
GOLGA6A	common	True	True
GOLGA6L10	common	True	True
GOLGA6L2	common	True	True
GOLGA6L3P	common	True	True
GOLGA6L4	common	True	True
GOLGA6L5P	common	True	True
GOLGA6L9	common	True	True
GOLGA7	common	True	True
GOLGA7B	common	True	True
GOLGA8A	common	True	True
GOLGA8B	common	True	True
GOLGA8DP	common	True	True
GOLGA8F	common	True	True
GOLGA8N	common	True	True
GOLGA8O	common	True	True
GOLGA8R	common	True	True
GOLGA8S	common	True	True
GOLGA8T	common	True	True
GOLGB1	common	True	True
GOLIM4	common	True	True
GOLM1	common	True	True
GOLM2	common	True	True
GOLPH3	common	True	True
GOLPH3L	common	True	True
GOLT1B	common	True	True
GON4L	common	True	True
GON7	common	True	True
GOPC	common	True	True
GORAB	common	True	True
GORASP1	common	True	True
GORASP2	common	True	True
GOSR1	common	True	True
GOSR2	common	True	True
GOT1	common	True	True
GOT2	common	True	True
GP1BB	common	True	True
GP5	common	True	True
GPAA1	common	True	True
GPALPP1	common	True	True
GPAM	common	True	True
GPANK1	common	True	True
GPAT3	common	True	True
GPAT4	common	True	True
GPATCH1	common	True	True
GPATCH11	common	True	True
GPATCH2	common	True	True
GPATCH2L	common	True	True
GPATCH3	common	True	True
GPATCH4	common	True	True
GPATCH8	common	True	True
GPBAR1	common	True	True
GPBP1	common	True	True
GPBP1L1	common	True	True
GPC1	common	True	True
GPC1-AS1	common	True	True
GPC2	common	True	True
GPC5	common	True	True
GPC6	common	True	True
GPCPD1	common	True	True
GPD1	common	True	True
GPD1L	common	True	True
GPD2	common	True	True
GPER1	common	True	True
GPHN	common	True	True
GPI	common	True	True
GPKOW	common	True	True
GPLD1	common	True	True
GPM6A	common	True	True
GPN1	common	True	True
GPN2	common	True	True
GPN3	common	True	True
GPNMB	common	True	True
GPR101	common	True	True
GPR107	common	True	True
GPR108	common	True	True
GPR135	common	True	True
GPR137	common	True	True
GPR137B	common	True	True
GPR137C	common	True	True
GPR142	common	True	True
GPR146	common	True	True
GPR149	common	True	True
GPR150	common	True	True
GPR151	common	True	True
GPR153	common	True	True
GPR155	common	True	True
GPR156	common	True	True
GPR157	common	True	True
GPR158	common	True	True
GPR161	common	True	True
GPR162	common	True	True
GPR17	common	True	True
GPR173	common	True	True
GPR174	common	True	True
GPR176	common	True	True
GPR179	common	True	True
GPR180	common	True	True
GPR183	common	True	True
GPR19	common	True	True
GPR21	common	True	True
GPR25	common	True	True
GPR26	common	True	True
GPR27	common	True	True
GPR3	common	True	True
GPR31	common	True	True
GPR37	common	True	True
GPR37L1	common	True	True
GPR39	common	True	True
GPR4	common	True	True
GPR52	common	True	True
GPR55	common	True	True
GPR6	common	True	True
GPR61	common	True	True
GPR62	common	True	True
GPR63	common	True	True
GPR68	common	True	True
GPR75	common	True	True
GPR78	common	True	True
GPR84	common	True	True
GPR85	common	True	True
GPR87	common	True	True
GPR88	common	True	True
GPRASP1	common	True	True
GPRASP2	common	True	True
GPRASP3	common	True	True
GPRC5A	common	True	True
GPRC5B	common	True	True
GPRC5C	common	True	True
GPRIN1	common	True	True
GPRIN2	common	True	True
GPRIN3	common	True	True
GPS1	common	True	True
GPS2	common	True	True
GPSM1	common	True	True
GPSM2	common	True	True
GPSM3	common	True	True
GPT	common	True	True
GPT2	common	True	True
GPX1	common	True	True
GPX4	common	True	True
GPX8	common	True	True
GRAMD1A	common	True	True
GRAMD1B	common	True	True
GRAMD1C	common	True	True
GRAMD2B	common	True	True
GRAMD4	common	True	True
GRAP2	common	True	True
GRAPL	common	True	True
GRB10	common	True	True
GRB14	common	True	True
GRB2	common	True	True
GRB7	common	True	True
GREB1	common	True	True
GREB1L	common	True	True
GREM1	common	True	True
GREM1-AS1	common	True	True
GREM2	common	True	True
GRHL1	common	True	True
GRHL3	common	True	True
GRHPR	common	True	True
GRIA1	common	True	True
GRIA2	common	True	True
GRID1	common	True	True
GRID2	common	True	True
GRID2IP	common	True	True
GRIK1	common	True	True
GRIK2	common	True	True
GRIK3	common	True	True
GRIK4	common	True	True
GRIK5	common	True	True
GRIN1	common	True	True
GRIN2A	common	True	True
GRIN2B	common	True	True
GRIN2C	common	True	True
GRIN2D	common	True	True
GRIN3A	common	True	True
GRIN3B	common	True	True
GRINA	common	True	True
GRIP1	common	True	True
GRIP2	common	True	True
GRIPAP1	common	True	True
GRK2	common	True	True
GRK3	common	True	True
GRK4	common	True	True
GRK5	common	True	True
GRK6	common	True	True
GRK7	common	True	True
GRM4	common	True	True
GRM5	common	True	True
GRM6	common	True	True
GRM8	common	True	True
GRN	common	True	True
GRPEL1	common	True	True
GRPEL2	common	True	True
GRPR	common	True	True
GRSF1	common	True	True
GRTP1	common	True	True
GRWD1	common	True	True
GSAP	common	True	True
GSC	common	True	True
GSC2	common	True	True
GSDMB	common	True	True
GSDMC	common	True	True
GSDMD	common	True	True
GSDME	common	True	True
GSE1	common	True	True
GSG1	common	True	True
GSG1L	common	True	True
GSG1L2	common	True	True
GSK3A	common	True	True
GSK3B	common	True	True
GSKIP	common	True	True
GSN	common	True	True
GSPT1	common	True	True
GSPT2	common	True	True
GSR	common	True	True
GSS	common	True	True
GSTA1	common	True	True
GSTA2	common	True	True
GSTA4	common	True	True
GSTA5	common	True	True
GSTCD	common	True	True
GSTK1	common	True	True
GSTM1	common	True	True
GSTM2	common	True	True
GSTM4	common	True	True
GSTO1	common	True	True
GSTO2	common	True	True
GSTP1	common	True	True
GSTZ1	common	True	True
GSX1	common	True	True
GTF2A1	common	True	True
GTF2A2	common	True	True
GTF2B	common	True	True
GTF2E1	common	True	True
GTF2E2	common	True	True
GTF2F1	common	True	True
GTF2F2	common	True	True
GTF2H1	common	True	True
GTF2H2	common	True	True
GTF2H3	common	True	True
GTF2H4	common	True	True
GTF2H5	common	True	True
GTF2I	common	True	True
GTF2IRD1	common	True	True
GTF2IRD2	common	True	True
GTF2IRD2B	common	True	True
GTF3A	common	True	True
GTF3C1	common	True	True
GTF3C2	common	True	True
GTF3C3	common	True	True
GTF3C4	common	True	True
GTF3C5	common	True	True
GTF3C6	common	True	True
GTPBP1	common	True	True
GTPBP10	common	True	True
GTPBP2	common	True	True
GTPBP3	common	True	True
GTPBP4	common	True	True
GTPBP6	common	True	True
GTPBP8	common	True	True
GTSE1	common	True	True
GUCA1B	common	True	True
GUCD1	common	True	True
GUCY1A1	common	True	True
GUCY1A2	common	True	True
GUCY1B1	common	True	True
GUCY2C	common	True	True
GUF1	common	True	True
GUK1	common	True	True
GULP1	common	True	True
GUSB	common	True	True
GUSBP2	common	True	True
GVQW3	common	True	True
GXYLT1	common	True	True
GXYLT2	common	True	True
GYG1	common	True	True
GYS1	common	True	True
GZF1	common	True	True
GZMK	common	True	True
H1-0	common	True	True
H1-1	common	True	True
H1-10	common	True	True
H1-2	common	True	True
H1-3	common	True	True
H1-4	common	True	True
H1-5	common	True	True
H1-6	common	True	True
H2AC11	common	True	True
H2AC12	common	True	True
H2AC13	common	True	True
H2AC14	common	True	True
H2AC15	common	True	True
H2AC16	common	True	True
H2AC17	common	True	True
H2AC18	common	True	True
H2AC19	common	True	True
H2AC20	common	True	True
H2AC21	common	True	True
H2AC25	common	True	True
H2AC4	common	True	True
H2AC6	common	True	True
H2AC8	common	True	True
H2AJ	common	True	True
H2AX	common	True	True
H2AZ1	common	True	True
H2AZ2	common	True	True
H2BC1	common	True	True
H2BC10	common	True	True
H2BC11	common	True	True
H2BC12	common	True	True
H2BC13	common	True	True
H2BC14	common	True	True
H2BC17	common	True	True
H2BC18	common	True	True
H2BC21	common	True	True
H2BC26	common	True	True
H2BC3	common	True	True
H2BC4	common	True	True
H2BC5	common	True	True
H2BC6	common	True	True
H2BC7	common	True	True
H2BC8	common	True	True
H2BC9	common	True	True
H3-3A	common	True	True
H3-3B	common	True	True
H3-5	common	True	True
H3C1	common	True	True
H3C10	common	True	True
H3C11	common	True	True
H3C13	common	True	True
H3C15	common	True	True
H3C2	common	True	True
H3C3	common	True	True
H3C4	common	True	True
H3C6	common	True	True
H3C7	common	True	True
H3C8	common	True	True
H3P6	common	True	True
H4C1	common	True	True
H4C11	common	True	True
H4C12	common	True	True
H4C13	common	True	True
H4C14	common	True	True
H4C15	common	True	True
H4C16	common	True	True
H4C2	common	True	True
H4C3	common	True	True
H4C4	common	True	True
H4C5	common	True	True
H4C6	common	True	True
H4C8	common	True	True
H4C9	common	True	True
H6PD	common	True	True
HABP4	common	True	True
HACD1	common	True	True
HACD2	common	True	True
HACD3	common	True	True
HACE1	common	True	True
HACL1	common	True	True
HACL2	common	True	True
HADH	common	True	True
HADHA	common	True	True
HADHB	common	True	True
HAGH	common	True	True
HAGHL	common	True	True
HAMP	common	True	True
HAND2	common	True	True
HAPLN2	common	True	True
HAPLN3	common	True	True
HAPLN4	common	True	True
HAPSTR1	common	True	True
HARBI1	common	True	True
HARS1	common	True	True
HARS2	common	True	True
HAS1	common	True	True
HAS2	common	True	True
HAS3	common	True	True
HASPIN	common	True	True
HAT1	common	True	True
HAUS1	common	True	True
HAUS2	common	True	True
HAUS3	common	True	True
HAUS4	common	True	True
HAUS5	common	True	True
HAUS6	common	True	True
HAUS7	common	True	True
HAUS8	common	True	True
HAX1	common	True	True
HBEGF	common	True	True
HBP1	common	True	True
HBS1L	common	True	True
HBZ	common	True	True
HCAR1	common	True	True
HCCS	common	True	True
HCFC1	common	True	True
HCFC1R1	common	True	True
HCFC2	common	True	True
HCLS1	common	True	True
HCN1	common	True	True
HCN2	common	True	True
HCN3	common	True	True
HCN4	common	True	True
HCP5	common	True	True
HCRTR1	common	True	True
HCST	common	True	True
HDAC1	common	True	True
HDAC10	common	True	True
HDAC11	common	True	True
HDAC2	common	True	True
HDAC3	common	True	True
HDAC4	common	True	True
HDAC5	common	True	True
HDAC6	common	True	True
HDAC7	common	True	True
HDAC8	common	True	True
HDAC9	common	True	True
HDDC2	common	True	True
HDDC3	common	True	True
HDGF	common	True	True
HDGFL1	common	True	True
HDGFL2	common	True	True
HDGFL3	common	True	True
HDHD2	common	True	True
HDHD5	common	True	True
HDLBP	common	True	True
HDX	common	True	True
HEATR1	common	True	True
HEATR3	common	True	True
HEATR4	common	True	True
HEATR5A	common	True	True
HEATR5B	common	True	True
HEATR6	common	True	True
HEBP1	common	True	True
HEBP2	common	True	True
HECA	common	True	True
HECTD1	common	True	True
HECTD2	common	True	True
HECTD3	common	True	True
HECTD4	common	True	True
HECW1	common	True	True
HECW2	common	True	True
HEG1	common	True	True
HELB	common	True	True
HELLS	common	True	True
HELQ	common	True	True
HELZ	common	True	True
HELZ2	common	True	True
HEMK1	common	True	True
HEMK2	common	True	True
HERC1	common	True	True
HERC2	common	True	True
HERC2P2	common	True	True
HERC2P3	common	True	True
HERC3	common	True	True
HERC4	common	True	True
HERC5	common	True	True
HERC6	common	True	True
HERPUD1	common	True	True
HERPUD2	common	True	True
HES1	common	True	True
HES2	common	True	True
HES4	common	True	True
HES6	common	True	True
HES7	common	True	True
HESX1	common	True	True
HEXA	common	True	True
HEXB	common	True	True
HEXD	common	True	True
HEXIM1	common	True	True
HEXIM2	common	True	True
HEY1	common	True	True
HEY2	common	True	True
HEYL	common	True	True
HFE	common	True	True
HFM1	common	True	True
HGD	common	True	True
HGF	common	True	True
HGFAC	common	True	True
HGH1	common	True	True
HGS	common	True	True
HGSNAT	common	True	True
HHAT	common	True	True
HHEX	common	True	True
HHIPL1	common	True	True
HHIPL2	common	True	True
HHLA1	common	True	True
HIBADH	common	True	True
HIBCH	common	True	True
HIC1	common	True	True
HIC2	common	True	True
HIF1A	common	True	True
HIF1AN	common	True	True
HIGD1A	common	True	True
HIGD2A	common	True	True
HIKESHI	common	True	True
HILPDA	common	True	True
HINFP	common	True	True
HINT1	common	True	True
HINT2	common	True	True
HINT3	common	True	True
HIP1	common	True	True
HIP1R	common	True	True
HIPK1	common	True	True
HIPK2	common	True	True
HIPK3	common	True	True
HIPK4	common	True	True
HIRIP3	common	True	True
HIVEP1	common	True	True
HIVEP2	common	True	True
HIVEP3	common	True	True
HJURP	common	True	True
HK1	common	True	True
HK2	common	True	True
HKDC1	common	True	True
HLA-A	common	True	True
HLA-B	common	True	True
HLA-C	common	True	True
HLA-DMA	common	True	True
HLA-DMB	common	True	True
HLA-DPA1	common	True	True
HLA-DPB1	common	True	True
HLA-DQA1	common	True	True
HLA-DQA2	common	True	True
HLA-DQB1	common	True	True
HLA-DRA	common	True	True
HLA-DRB1	common	True	True
HLA-DRB5	common	True	True
HLA-E	common	True	True
HLA-F	common	True	True
HLA-G	common	True	True
HLA-L	common	True	True
HLA-V	common	True	True
HLCS	common	True	True
HLF	common	True	True
HLTF	common	True	True
HLX	common	True	True
HM13	common	True	True
HMBOX1	common	True	True
HMBS	common	True	True
HMCES	common	True	True
HMCN1	common	True	True
HMCN2	common	True	True
HMG20A	common	True	True
HMG20B	common	True	True
HMGA1	common	True	True
HMGA2	common	True	True
HMGA2-AS1	common	True	True
HMGB1	common	True	True
HMGB2	common	True	True
HMGB3	common	True	True
HMGCL	common	True	True
HMGCLL1	common	True	True
HMGCR	common	True	True
HMGCS1	common	True	True
HMGN1	common	True	True
HMGN2	common	True	True
HMGN3	common	True	True
HMGN4	common	True	True
HMGN5	common	True	True
HMGXB3	common	True	True
HMGXB4	common	True	True
HMMR	common	True	True
HMOX1	common	True	True
HMOX2	common	True	True
HMSD	common	True	True
HMX1	common	True	True
HMX3	common	True	True
HNF1A	common	True	True
HNF4A	common	True	True
HNF4G	common	True	True
HNMT	common	True	True
HNRNPA0	common	True	True
HNRNPA1	common	True	True
HNRNPA1L2	common	True	True
HNRNPA1P33	common	True	True
HNRNPA2B1	common	True	True
HNRNPA3	common	True	True
HNRNPAB	common	True	True
HNRNPC	common	True	True
HNRNPCL1	common	True	True
HNRNPCL2	common	True	True
HNRNPD	common	True	True
HNRNPDL	common	True	True
HNRNPF	common	True	True
HNRNPH1	common	True	True
HNRNPH2	common	True	True
HNRNPH3	common	True	True
HNRNPK	common	True	True
HNRNPL	common	True	True
HNRNPLL	common	True	True
HNRNPM	common	True	True
HNRNPR	common	True	True
HNRNPU	common	True	True
HNRNPUL1	common	True	True
HNRNPUL2	common	True	True
HNRNPUL2-BSCL2	common	True	True
HOGA1	common	True	True
HOMER1	common	True	True
HOMER2	common	True	True
HOMER3	common	True	True
HOMEZ	common	True	True
HOOK2	common	True	True
HOOK3	common	True	True
HOPX	common	True	True
HOXA-AS3	common	True	True
HOXA1	common	True	True
HOXA10	common	True	True
HOXA11	common	True	True
HOXA13	common	True	True
HOXA2	common	True	True
HOXA3	common	True	True
HOXA4	common	True	True
HOXA5	common	True	True
HOXA6	common	True	True
HOXA7	common	True	True
HOXB-AS3	common	True	True
HOXB1	common	True	True
HOXB13	common	True	True
HOXB2	common	True	True
HOXB3	common	True	True
HOXB5	common	True	True
HOXB6	common	True	True
HOXB7	common	True	True
HOXB9	common	True	True
HOXC10	common	True	True
HOXC12	common	True	True
HOXC13	common	True	True
HOXC6	common	True	True
HOXC8	common	True	True
HOXD1	common	True	True
HOXD10	common	True	True
HOXD11	common	True	True
HOXD12	common	True	True
HOXD13	common	True	True
HOXD3	common	True	True
HOXD4	common	True	True
HOXD8	common	True	True
HOXD9	common	True	True
HP	common	True	True
HP1BP3	common	True	True
HPCA	common	True	True
HPCAL1	common	True	True
HPCAL4	common	True	True
HPD	common	True	True
HPF1	common	True	True
HPGD	common	True	True
HPGDS	common	True	True
HPR	common	True	True
HPRT1	common	True	True
HPS1	common	True	True
HPS3	common	True	True
HPS4	common	True	True
HPS5	common	True	True
HPS6	common	True	True
HPSE	common	True	True
HR	common	True	True
HRAS	common	True	True
HRC	common	True	True
HRCT1	common	True	True
HRH1	common	True	True
HRH2	common	True	True
HRH4	common	True	True
HRK	common	True	True
HRNR	common	True	True
HROB	common	True	True
HS1BP3	common	True	True
HS2ST1	common	True	True
HS3ST1	common	True	True
HS3ST2	common	True	True
HS3ST3A1	common	True	True
HS3ST3B1	common	True	True
HS3ST4	common	True	True
HS3ST5	common	True	True
HS3ST6	common	True	True
HS6ST1	common	True	True
HS6ST3	common	True	True
HSBP1	common	True	True
HSBP1L1	common	True	True
HSCB	common	True	True
HSD11B1	common	True	True
HSD11B1L	common	True	True
HSD11B2	common	True	True
HSD17B1	common	True	True
HSD17B10	common	True	True
HSD17B11	common	True	True
HSD17B12	common	True	True
HSD17B14	common	True	True
HSD17B4	common	True	True
HSD17B6	common	True	True
HSD17B7	common	True	True
HSD17B8	common	True	True
HSD3B7	common	True	True
HSDL1	common	True	True
HSDL2	common	True	True
HSF1	common	True	True
HSF2	common	True	True
HSF2BP	common	True	True
HSF4	common	True	True
HSF5	common	True	True
HSH2D	common	True	True
HSP90AA1	common	True	True
HSP90AB1	common	True	True
HSP90B1	common	True	True
HSPA12A	common	True	True
HSPA12B	common	True	True
HSPA13	common	True	True
HSPA14	common	True	True
HSPA1A	common	True	True
HSPA1B	common	True	True
HSPA1L	common	True	True
HSPA2	common	True	True
HSPA4	common	True	True
HSPA4L	common	True	True
HSPA5	common	True	True
HSPA6	common	True	True
HSPA8	common	True	True
HSPA9	common	True	True
HSPB1	common	True	True
HSPB2	common	True	True
HSPB3	common	True	True
HSPB6	common	True	True
HSPB7	common	True	True
HSPB8	common	True	True
HSPB9	common	True	True
HSPBAP1	common	True	True
HSPBP1	common	True	True
HSPD1	common	True	True
HSPE1	common	True	True
HSPE1-MOB4	common	True	True
HSPG2	common	True	True
HSPH1	common	True	True
HTATIP2	common	True	True
HTATSF1	common	True	True
HTR1A	common	True	True
HTR1D	common	True	True
HTR2A	common	True	True
HTR3E	common	True	True
HTR5A	common	True	True
HTR7	common	True	True
HTRA1	common	True	True
HTRA2	common	True	True
HTRA4	common	True	True
HTT	common	True	True
HUNK	common	True	True
HUS1	common	True	True
HUS1B	common	True	True
HUWE1	common	True	True
HVCN1	common	True	True
HYAL1	common	True	True
HYAL2	common	True	True
HYAL3	common	True	True
HYCC1	common	True	True
HYCC2	common	True	True
HYDIN	common	True	True
HYKK	common	True	True
HYLS1	common	True	True
HYOU1	common	True	True
HYPK	common	True	True
IAH1	common	True	True
IARS1	common	True	True
IARS2	common	True	True
IBA57	common	True	True
IBSP	common	True	True
IBTK	common	True	True
ICA1L	common	True	True
ICAM1	common	True	True
ICAM3	common	True	True
ICAM5	common	True	True
ICE1	common	True	True
ICE2	common	True	True
ICMT	common	True	True
ICOSLG	common	True	True
ID1	common	True	True
ID2	common	True	True
ID3	common	True	True
ID4	common	True	True
IDE	common	True	True
IDH1	common	True	True
IDH2	common	True	True
IDH3A	common	True	True
IDH3B	common	True	True
IDH3G	common	True	True
IDI1	common	True	True
IDI2	common	True	True
IDNK	common	True	True
IDS	common	True	True
IDUA	common	True	True
IER2	common	True	True
IER3	common	True	True
IER3IP1	common	True	True
IER5	common	True	True
IER5L	common	True	True
IFFO1	common	True	True
IFFO2	common	True	True
IFI16	common	True	True
IFI27L1	common	True	True
IFI27L2	common	True	True
IFI35	common	True	True
IFI44	common	True	True
IFI44L	common	True	True
IFI6	common	True	True
IFIH1	common	True	True
IFIT1	common	True	True
IFIT1B	common	True	True
IFIT2	common	True	True
IFIT3	common	True	True
IFIT5	common	True	True
IFITM1	common	True	True
IFITM10	common	True	True
IFITM2	common	True	True
IFITM3	common	True	True
IFNA8	common	True	True
IFNAR1	common	True	True
IFNAR2	common	True	True
IFNGR1	common	True	True
IFNGR2	common	True	True
IFNLR1	common	True	True
IFRD1	common	True	True
IFRD2	common	True	True
IFT122	common	True	True
IFT140	common	True	True
IFT172	common	True	True
IFT20	common	True	True
IFT22	common	True	True
IFT25	common	True	True
IFT27	common	True	True
IFT43	common	True	True
IFT46	common	True	True
IFT52	common	True	True
IFT56	common	True	True
IFT57	common	True	True
IFT70A	common	True	True
IFT70B	common	True	True
IFT74	common	True	True
IFT80	common	True	True
IFT81	common	True	True
IFT88	common	True	True
IFTAP	common	True	True
IGBP1	common	True	True
IGDCC4	common	True	True
IGF1R	common	True	True
IGF2	common	True	True
IGF2BP1	common	True	True
IGF2BP2	common	True	True
IGF2BP3	common	True	True
IGF2R	common	True	True
IGFALS	common	True	True
IGFBP1	common	True	True
IGFBP2	common	True	True
IGFBP3	common	True	True
IGFBP4	common	True	True
IGFBP5	common	True	True
IGFBP6	common	True	True
IGFBP7	common	True	True
IGFBPL1	common	True	True
IGFL2	common	True	True
IGFL3	common	True	True
IGFLR1	common	True	True
IGFN1	common	True	True
IGHMBP2	common	True	True
IGIP	common	True	True
IGLON5	common	True	True
IGSF1	common	True	True
IGSF10	common	True	True
IGSF21	common	True	True
IGSF3	common	True	True
IGSF5	common	True	True
IGSF6	common	True	True
IGSF8	common	True	True
IGSF9B	common	True	True
IHH	common	True	True
IK	common	True	True
IKBIP	common	True	True
IKBKB	common	True	True
IKBKE	common	True	True
IKBKG	common	True	True
IKZF2	common	True	True
IKZF4	common	True	True
IKZF5	common	True	True
IL10	common	True	True
IL10RB	common	True	True
IL11	common	True	True
IL11RA	common	True	True
IL12A	common	True	True
IL12RB1	common	True	True
IL13RA1	common	True	True
IL13RA2	common	True	True
IL15	common	True	True
IL15RA	common	True	True
IL16	common	True	True
IL17B	common	True	True
IL17D	common	True	True
IL17RA	common	True	True
IL17RB	common	True	True
IL17RC	common	True	True
IL17RD	common	True	True
IL17RE	common	True	True
IL18	common	True	True
IL18BP	common	True	True
IL18R1	common	True	True
IL1A	common	True	True
IL1B	common	True	True
IL1R1	common	True	True
IL1R2	common	True	True
IL1RAP	common	True	True
IL1RAPL1	common	True	True
IL1RL1	common	True	True
IL1RN	common	True	True
IL20RB	common	True	True
IL21R	common	True	True
IL23A	common	True	True
IL27RA	common	True	True
IL2RB	common	True	True
IL2RG	common	True	True
IL31	common	True	True
IL31RA	common	True	True
IL32	common	True	True
IL34	common	True	True
IL36B	common	True	True
IL36RN	common	True	True
IL4R	common	True	True
IL6	common	True	True
IL6R	common	True	True
IL6ST	common	True	True
IL7	common	True	True
IL7R	common	True	True
IL9R	common	True	True
ILDR2	common	True	True
ILF2	common	True	True
ILF3	common	True	True
ILK	common	True	True
ILKAP	common	True	True
ILRUN	common	True	True
IMMP1L	common	True	True
IMMP2L	common	True	True
IMMT	common	True	True
IMP3	common	True	True
IMP4	common	True	True
IMPA1	common	True	True
IMPA2	common	True	True
IMPACT	common	True	True
IMPDH1	common	True	True
IMPDH2	common	True	True
IMPG2	common	True	True
INAFM1	common	True	True
INAFM2	common	True	True
INAVA	common	True	True
INCA1	common	True	True
INCENP	common	True	True
INF2	common	True	True
ING1	common	True	True
ING2	common	True	True
ING3	common	True	True
ING4	common	True	True
ING5	common	True	True
INHBA	common	True	True
INHBB	common	True	True
INHBE	common	True	True
INIP	common	True	True
INKA1	common	True	True
INKA2	common	True	True
INMT	common	True	True
INO80	common	True	True
INO80B	common	True	True
INO80B-WBP1	common	True	True
INO80C	common	True	True
INO80D	common	True	True
INO80E	common	True	True
INPP1	common	True	True
INPP4A	common	True	True
INPP4B	common	True	True
INPP5A	common	True	True
INPP5B	common	True	True
INPP5D	common	True	True
INPP5E	common	True	True
INPP5F	common	True	True
INPP5J	common	True	True
INPP5K	common	True	True
INPPL1	common	True	True
INSC	common	True	True
INSIG1	common	True	True
INSIG2	common	True	True
INSL3	common	True	True
INSM1	common	True	True
INSM2	common	True	True
INSR	common	True	True
INSRR	common	True	True
INSYN1	common	True	True
INSYN2A	common	True	True
INSYN2B	common	True	True
INTS1	common	True	True
INTS10	common	True	True
INTS11	common	True	True
INTS12	common	True	True
INTS13	common	True	True
INTS14	common	True	True
INTS15	common	True	True
INTS2	common	True	True
INTS3	common	True	True
INTS4	common	True	True
INTS4P2	common	True	True
INTS5	common	True	True
INTS6	common	True	True
INTS6L	common	True	True
INTS7	common	True	True
INTS8	common	True	True
INTS9	common	True	True
INTU	common	True	True
INVS	common	True	True
IP6K1	common	True	True
IP6K2	common	True	True
IP6K3	common	True	True
IPMK	common	True	True
IPO11	common	True	True
IPO13	common	True	True
IPO4	common	True	True
IPO5	common	True	True
IPO7	common	True	True
IPO8	common	True	True
IPO9	common	True	True
IPP	common	True	True
IPPK	common	True	True
IQCB1	common	True	True
IQCC	common	True	True
IQCE	common	True	True
IQCH	common	True	True
IQCK	common	True	True
IQCN	common	True	True
IQGAP1	common	True	True
IQGAP2	common	True	True
IQGAP3	common	True	True
IQSEC1	common	True	True
IQSEC2	common	True	True
IQSEC3	common	True	True
IQUB	common	True	True
IRAG1	common	True	True
IRAG1-AS1	common	True	True
IRAK1	common	True	True
IRAK1BP1	common	True	True
IRAK2	common	True	True
IRAK3	common	True	True
IRAK4	common	True	True
IREB2	common	True	True
IRF1	common	True	True
IRF2	common	True	True
IRF2BP1	common	True	True
IRF2BP2	common	True	True
IRF2BPL	common	True	True
IRF3	common	True	True
IRF7	common	True	True
IRF8	common	True	True
IRF9	common	True	True
IRGQ	common	True	True
IRS1	common	True	True
IRS2	common	True	True
IRX1	common	True	True
IRX2	common	True	True
IRX3	common	True	True
IRX4	common	True	True
IRX5	common	True	True
IRX6	common	True	True
ISCA1	common	True	True
ISCA2	common	True	True
ISCU	common	True	True
ISG15	common	True	True
ISG20	common	True	True
ISG20L2	common	True	True
ISL1	common	True	True
ISL2	common	True	True
ISLR	common	True	True
ISLR2	common	True	True
ISM1	common	True	True
ISM2	common	True	True
ISOC1	common	True	True
ISOC2	common	True	True
IST1	common	True	True
ISY1	common	True	True
ISY1-RAB43	common	True	True
ISYNA1	common	True	True
ITCH	common	True	True
ITFG1	common	True	True
ITFG2	common	True	True
ITGA10	common	True	True
ITGA11	common	True	True
ITGA2	common	True	True
ITGA2B	common	True	True
ITGA3	common	True	True
ITGA4	common	True	True
ITGA5	common	True	True
ITGA6	common	True	True
ITGA7	common	True	True
ITGA9	common	True	True
ITGAD	common	True	True
ITGAE	common	True	True
ITGAL	common	True	True
ITGAM	common	True	True
ITGAV	common	True	True
ITGAX	common	True	True
ITGB1	common	True	True
ITGB1BP1	common	True	True
ITGB1BP2	common	True	True
ITGB2	common	True	True
ITGB3	common	True	True
ITGB3BP	common	True	True
ITGB4	common	True	True
ITGB5	common	True	True
ITGB6	common	True	True
ITGB8	common	True	True
ITGBL1	common	True	True
ITIH1	common	True	True
ITIH2	common	True	True
ITIH4	common	True	True
ITK	common	True	True
ITM2B	common	True	True
ITM2C	common	True	True
ITPA	common	True	True
ITPK1	common	True	True
ITPKA	common	True	True
ITPKB	common	True	True
ITPKC	common	True	True
ITPR1	common	True	True
ITPR2	common	True	True
ITPR3	common	True	True
ITPRID1	common	True	True
ITPRID2	common	True	True
ITPRIP	common	True	True
ITPRIPL1	common	True	True
ITPRIPL2	common	True	True
ITSN1	common	True	True
ITSN2	common	True	True
IVD	common	True	True
IVNS1ABP	common	True	True
IWS1	common	True	True
IYD	common	True	True
IZUMO1	common	True	True
IZUMO4	common	True	True
JADE1	common	True	True
JADE2	common	True	True
JADE3	common	True	True
JAG1	common	True	True
JAG2	common	True	True
JAGN1	common	True	True
JAK1	common	True	True
JAK2	common	True	True
JAK3	common	True	True
JAKMIP2	common	True	True
JAKMIP2-AS1	common	True	True
JAKMIP3	common	True	True
JAM2	common	True	True
JAM3	common	True	True
JARID2	common	True	True
JAZF1	common	True	True
JCAD	common	True	True
JDP2	common	True	True
JHY	common	True	True
JKAMP	common	True	True
JMJD1C	common	True	True
JMJD1C-AS1	common	True	True
JMJD4	common	True	True
JMJD6	common	True	True
JMJD7	common	True	True
JMJD8	common	True	True
JMY	common	True	True
JOSD1	common	True	True
JOSD2	common	True	True
JPH1	common	True	True
JPH2	common	True	True
JPH3	common	True	True
JPH4	common	True	True
JPT1	common	True	True
JPT2	common	True	True
JRK	common	True	True
JRKL	common	True	True
JSRP1	common	True	True
JTB	common	True	True
JUN	common	True	True
JUNB	common	True	True
JUND	common	True	True
KALRN	common	True	True
KANK1	common	True	True
KANK2	common	True	True
KANSL1	common	True	True
KANSL1L	common	True	True
KANSL2	common	True	True
KANSL3	common	True	True
KARS1	common	True	True
KAT2A	common	True	True
KAT2B	common	True	True
KAT5	common	True	True
KAT6A	common	True	True
KAT6B	common	True	True
KAT7	common	True	True
KAT8	common	True	True
KATNA1	common	True	True
KATNAL1	common	True	True
KATNAL2	common	True	True
KATNB1	common	True	True
KATNBL1	common	True	True
KATNIP	common	True	True
KAZALD1	common	True	True
KAZN	common	True	True
KBTBD11	common	True	True
KBTBD13	common	True	True
KBTBD2	common	True	True
KBTBD3	common	True	True
KBTBD4	common	True	True
KBTBD6	common	True	True
KBTBD7	common	True	True
KBTBD8	common	True	True
KCMF1	common	True	True
KCNA10	common	True	True
KCNA2	common	True	True
KCNA4	common	True	True
KCNA6	common	True	True
KCNA7	common	True	True
KCNAB1	common	True	True
KCNAB2	common	True	True
KCNAB3	common	True	True
KCNB1	common	True	True
KCNC1	common	True	True
KCNC3	common	True	True
KCNC4	common	True	True
KCND1	common	True	True
KCND2	common	True	True
KCND3	common	True	True
KCNE1	common	True	True
KCNE3	common	True	True
KCNE4	common	True	True
KCNE5	common	True	True
KCNF1	common	True	True
KCNG1	common	True	True
KCNG2	common	True	True
KCNG3	common	True	True
KCNG4	common	True	True
KCNH1	common	True	True
KCNH2	common	True	True
KCNH3	common	True	True
KCNH4	common	True	True
KCNH6	common	True	True
KCNH8	common	True	True
KCNIP1	common	True	True
KCNIP2	common	True	True
KCNIP3	common	True	True
KCNJ10	common	True	True
KCNJ12	common	True	True
KCNJ13	common	True	True
KCNJ14	common	True	True
KCNJ15	common	True	True
KCNJ2	common	True	True
KCNJ3	common	True	True
KCNJ5-AS1	common	True	True
KCNJ6	common	True	True
KCNJ8	common	True	True
KCNJ9	common	True	True
KCNK12	common	True	True
KCNK13	common	True	True
KCNK15	common	True	True
KCNK16	common	True	True
KCNK18	common	True	True
KCNK2	common	True	True
KCNK3	common	True	True
KCNK4	common	True	True
KCNK6	common	True	True
KCNK7	common	True	True
KCNK9	common	True	True
KCNMA1	common	True	True
KCNMB1	common	True	True
KCNMB3	common	True	True
KCNMB4	common	True	True
KCNN1	common	True	True
KCNN2	common	True	True
KCNN3	common	True	True
KCNN4	common	True	True
KCNQ1	common	True	True
KCNQ2	common	True	True
KCNQ3	common	True	True
KCNQ4	common	True	True
KCNQ5	common	True	True
KCNS1	common	True	True
KCNS2	common	True	True
KCNS3	common	True	True
KCNT1	common	True	True
KCNT2	common	True	True
KCP	common	True	True
KCTD1	common	True	True
KCTD10	common	True	True
KCTD11	common	True	True
KCTD12	common	True	True
KCTD13	common	True	True
KCTD15	common	True	True
KCTD16	common	True	True
KCTD17	common	True	True
KCTD18	common	True	True
KCTD2	common	True	True
KCTD20	common	True	True
KCTD21	common	True	True
KCTD21-AS1	common	True	True
KCTD3	common	True	True
KCTD4	common	True	True
KCTD5	common	True	True
KCTD6	common	True	True
KCTD7	common	True	True
KCTD9	common	True	True
KDELR1	common	True	True
KDELR2	common	True	True
KDELR3	common	True	True
KDM1A	common	True	True
KDM1B	common	True	True
KDM2A	common	True	True
KDM2B	common	True	True
KDM3A	common	True	True
KDM3B	common	True	True
KDM4A	common	True	True
KDM4B	common	True	True
KDM4C	common	True	True
KDM4D	common	True	True
KDM4E	common	True	True
KDM5A	common	True	True
KDM5B	common	True	True
KDM5C	common	True	True
KDM5D	common	True	True
KDM6A	common	True	True
KDM6B	common	True	True
KDM7A	common	True	True
KDM8	common	True	True
KDR	common	True	True
KDSR	common	True	True
KEAP1	common	True	True
KGD4	common	True	True
KHDC4	common	True	True
KHDRBS1	common	True	True
KHDRBS2	common	True	True
KHDRBS3	common	True	True
KHK	common	True	True
KHNYN	common	True	True
KHSRP	common	True	True
KIAA0040	common	True	True
KIAA0232	common	True	True
KIAA0319	common	True	True
KIAA0319L	common	True	True
KIAA0513	common	True	True
KIAA0586	common	True	True
KIAA0753	common	True	True
KIAA0825	common	True	True
KIAA0930	common	True	True
KIAA1143	common	True	True
KIAA1191	common	True	True
KIAA1217	common	True	True
KIAA1328	common	True	True
KIAA1549	common	True	True
KIAA1549L	common	True	True
KIAA1586	common	True	True
KIAA1614	common	True	True
KIAA1671	common	True	True
KIAA1755	common	True	True
KIAA1958	common	True	True
KIAA2012	common	True	True
KIAA2013	common	True	True
KICS2	common	True	True
KIDINS220	common	True	True
KIF11	common	True	True
KIF13A	common	True	True
KIF13B	common	True	True
KIF14	common	True	True
KIF15	common	True	True
KIF16B	common	True	True
KIF17	common	True	True
KIF18A	common	True	True
KIF18B	common	True	True
KIF1A	common	True	True
KIF1B	common	True	True
KIF1C	common	True	True
KIF20A	common	True	True
KIF20B	common	True	True
KIF21A	common	True	True
KIF21B	common	True	True
KIF22	common	True	True
KIF23	common	True	True
KIF24	common	True	True
KIF26A	common	True	True
KIF26B	common	True	True
KIF27	common	True	True
KIF2A	common	True	True
KIF2C	common	True	True
KIF3A	common	True	True
KIF3B	common	True	True
KIF3C	common	True	True
KIF4A	common	True	True
KIF4B	common	True	True
KIF5A	common	True	True
KIF5B	common	True	True
KIF5C	common	True	True
KIF6	common	True	True
KIF7	common	True	True
KIF9	common	True	True
KIFAP3	common	True	True
KIFBP	common	True	True
KIFC1	common	True	True
KIFC2	common	True	True
KIFC3	common	True	True
KIN	common	True	True
KIRREL1	common	True	True
KIRREL2	common	True	True
KIRREL3	common	True	True
KISS1	common	True	True
KITLG	common	True	True
KIZ	common	True	True
KL	common	True	True
KLC1	common	True	True
KLC2	common	True	True
KLC4	common	True	True
KLF1	common	True	True
KLF10	common	True	True
KLF11	common	True	True
KLF12	common	True	True
KLF13	common	True	True
KLF14	common	True	True
KLF15	common	True	True
KLF16	common	True	True
KLF17	common	True	True
KLF2	common	True	True
KLF3	common	True	True
KLF4	common	True	True
KLF5	common	True	True
KLF6	common	True	True
KLF7	common	True	True
KLF8	common	True	True
KLF9	common	True	True
KLHDC1	common	True	True
KLHDC10	common	True	True
KLHDC2	common	True	True
KLHDC3	common	True	True
KLHDC4	common	True	True
KLHDC7B	common	True	True
KLHDC8A	common	True	True
KLHDC8B	common	True	True
KLHL1	common	True	True
KLHL10	common	True	True
KLHL11	common	True	True
KLHL12	common	True	True
KLHL13	common	True	True
KLHL14	common	True	True
KLHL15	common	True	True
KLHL17	common	True	True
KLHL18	common	True	True
KLHL2	common	True	True
KLHL20	common	True	True
KLHL21	common	True	True
KLHL22	common	True	True
KLHL23	common	True	True
KLHL24	common	True	True
KLHL25	common	True	True
KLHL26	common	True	True
KLHL28	common	True	True
KLHL29	common	True	True
KLHL3	common	True	True
KLHL30	common	True	True
KLHL31	common	True	True
KLHL34	common	True	True
KLHL35	common	True	True
KLHL36	common	True	True
KLHL42	common	True	True
KLHL5	common	True	True
KLHL6	common	True	True
KLHL7	common	True	True
KLHL8	common	True	True
KLK10	common	True	True
KLK11	common	True	True
KLK12	common	True	True
KLK14	common	True	True
KLK3	common	True	True
KLK6	common	True	True
KLK8	common	True	True
KLK9	common	True	True
KLLN	common	True	True
KLRC1	common	True	True
KLRC2	common	True	True
KLRC3	common	True	True
KLRC4-KLRK1	common	True	True
KLRG1	common	True	True
KLRG2	common	True	True
KMO	common	True	True
KMT2A	common	True	True
KMT2B	common	True	True
KMT2C	common	True	True
KMT2D	common	True	True
KMT2E	common	True	True
KMT5A	common	True	True
KMT5B	common	True	True
KMT5C	common	True	True
KNDC1	common	True	True
KNL1	common	True	True
KNOP1	common	True	True
KNSTRN	common	True	True
KNTC1	common	True	True
KPNA1	common	True	True
KPNA2	common	True	True
KPNA3	common	True	True
KPNA4	common	True	True
KPNA5	common	True	True
KPNA6	common	True	True
KPNB1	common	True	True
KPTN	common	True	True
KRABD1	common	True	True
KRABD2	common	True	True
KRABD3	common	True	True
KRABD4	common	True	True
KRABD5	common	True	True
KRAS	common	True	True
KRCC1	common	True	True
KREMEN1	common	True	True
KREMEN2	common	True	True
KRI1	common	True	True
KRIT1	common	True	True
KRR1	common	True	True
KRT10	common	True	True
KRT10-AS1	common	True	True
KRT14	common	True	True
KRT15	common	True	True
KRT16	common	True	True
KRT18	common	True	True
KRT18P55	common	True	True
KRT19	common	True	True
KRT32	common	True	True
KRT33B	common	True	True
KRT34	common	True	True
KRT36	common	True	True
KRT7	common	True	True
KRT71	common	True	True
KRT78	common	True	True
KRT79	common	True	True
KRT8	common	True	True
KRT80	common	True	True
KRT9	common	True	True
KRTAP1-1	common	True	True
KRTAP1-5	common	True	True
KRTAP16-1	common	True	True
KRTAP2-3	common	True	True
KRTAP4-7	common	True	True
KRTCAP2	common	True	True
KSR1	common	True	True
KSR2	common	True	True
KTN1	common	True	True
KXD1	common	True	True
KY	common	True	True
KYAT1	common	True	True
KYAT3	common	True	True
KYNU	common	True	True
L1CAM	common	True	True
L2HGDH	common	True	True
L3HYPDH	common	True	True
L3MBTL1	common	True	True
L3MBTL2	common	True	True
L3MBTL3	common	True	True
LACC1	common	True	True
LACTB	common	True	True
LACTB2	common	True	True
LACTBL1	common	True	True
LAG3	common	True	True
LAGE3	common	True	True
LAMA1	common	True	True
LAMA2	common	True	True
LAMA3	common	True	True
LAMA4	common	True	True
LAMA5	common	True	True
LAMB1	common	True	True
LAMB2	common	True	True
LAMB3	common	True	True
LAMB4	common	True	True
LAMC1	common	True	True
LAMC2	common	True	True
LAMC3	common	True	True
LAMP1	common	True	True
LAMP2	common	True	True
LAMP5	common	True	True
LAMTOR1	common	True	True
LAMTOR2	common	True	True
LAMTOR3	common	True	True
LAMTOR4	common	True	True
LAMTOR5	common	True	True
LANCL1	common	True	True
LANCL2	common	True	True
LANCL3	common	True	True
LAP3	common	True	True
LAPTM4A	common	True	True
LAPTM4B	common	True	True
LAPTM5	common	True	True
LARGE1	common	True	True
LARP1	common	True	True
LARP1B	common	True	True
LARP4	common	True	True
LARP4B	common	True	True
LARP6	common	True	True
LARP7	common	True	True
LARS1	common	True	True
LARS2	common	True	True
LAS1L	common	True	True
LASP1	common	True	True
LAT	common	True	True
LAT2	common	True	True
LATS1	common	True	True
LATS2	common	True	True
LAYN	common	True	True
LBH	common	True	True
LBR	common	True	True
LBX2	common	True	True
LCA5	common	True	True
LCA5L	common	True	True
LCAT	common	True	True
LCE2A	common	True	True
LCLAT1	common	True	True
LCMT1	common	True	True
LCMT2	common	True	True
LCN10	common	True	True
LCN2	common	True	True
LCN9	common	True	True
LCOR	common	True	True
LCORL	common	True	True
LCP1	common	True	True
LCT	common	True	True
LCTL	common	True	True
LDAF1	common	True	True
LDAH	common	True	True
LDB1	common	True	True
LDB2	common	True	True
LDB3	common	True	True
LDHA	common	True	True
LDHAL6A	common	True	True
LDHB	common	True	True
LDHC	common	True	True
LDHD	common	True	True
LDLR	common	True	True
LDLRAD2	common	True	True
LDLRAD3	common	True	True
LDLRAP1	common	True	True
LECT2	common	True	True
LEF1	common	True	True
LEKR1	common	True	True
LEMD2	common	True	True
LEMD3	common	True	True
LENG1	common	True	True
LENG8	common	True	True
LENG9	common	True	True
LEO1	common	True	True
LEPR	common	True	True
LEPROTL1	common	True	True
LETM1	common	True	True
LETM2	common	True	True
LETMD1	common	True	True
LFNG	common	True	True
LGALS1	common	True	True
LGALS12	common	True	True
LGALS3	common	True	True
LGALS3BP	common	True	True
LGALS8	common	True	True
LGALS8-AS1	common	True	True
LGALS9	common	True	True
LGALSL	common	True	True
LGI1	common	True	True
LGI2	common	True	True
LGI3	common	True	True
LGMN	common	True	True
LGR4	common	True	True
LGR5	common	True	True
LHCGR	common	True	True
LHFPL2	common	True	True
LHFPL4	common	True	True
LHFPL6	common	True	True
LHPP	common	True	True
LHX1	common	True	True
LHX2	common	True	True
LHX3	common	True	True
LHX4	common	True	True
LHX5	common	True	True
LHX6	common	True	True
LHX8	common	True	True
LHX9	common	True	True
LIAS	common	True	True
LIAT1	common	True	True
LIF	common	True	True
LIFR	common	True	True
LIG1	common	True	True
LIG3	common	True	True
LIG4	common	True	True
LILRB2	common	True	True
LIM2	common	True	True
LIMA1	common	True	True
LIMCH1	common	True	True
LIMD1	common	True	True
LIMD2	common	True	True
LIMK1	common	True	True
LIMK2	common	True	True
LIMS1	common	True	True
LIMS2	common	True	True
LIMS4	common	True	True
LIN28B	common	True	True
LIN37	common	True	True
LIN52	common	True	True
LIN54	common	True	True
LIN7A	common	True	True
LIN7B	common	True	True
LIN7C	common	True	True
LIN9	common	True	True
LINC00173	common	True	True
LINC00174	common	True	True
LINC00243	common	True	True
LINC00311	common	True	True
LINC00471	common	True	True
LINC00482	common	True	True
LINC00504	common	True	True
LINC00518	common	True	True
LINC00525	common	True	True
LINC00552	common	True	True
LINC00598	common	True	True
LINC00602	common	True	True
LINC00649	common	True	True
LINC00663	common	True	True
LINC00668	common	True	True
LINC00885	common	True	True
LINC01089	common	True	True
LINC01140	common	True	True
LINC01270	common	True	True
LINC01342	common	True	True
LINC01359	common	True	True
LINC01429	common	True	True
LINC01465	common	True	True
LINC01521	common	True	True
LINC01547	common	True	True
LINC01561	common	True	True
LINC01567	common	True	True
LINC01587	common	True	True
LINC01588	common	True	True
LINC01600	common	True	True
LINC01711	common	True	True
LINC02078	common	True	True
LINC02138	common	True	True
LINC02693	common	True	True
LINC02694	common	True	True
LINC02716	common	True	True
LINC02751	common	True	True
LINC02870	common	True	True
LINC02873	common	True	True
LINC02875	common	True	True
LINC02898	common	True	True
LINC02901	common	True	True
LINC03009	common	True	True
LINC03040	common	True	True
LINC03122	common	True	True
LINC03124	common	True	True
LINGO1	common	True	True
LINGO2	common	True	True
LINGO3	common	True	True
LINGO4	common	True	True
LINS1	common	True	True
LIPA	common	True	True
LIPC	common	True	True
LIPE	common	True	True
LIPG	common	True	True
LIPH	common	True	True
LIPT1	common	True	True
LIPT2	common	True	True
LITAF	common	True	True
LIX1	common	True	True
LIX1L	common	True	True
LLGL1	common	True	True
LLGL2	common	True	True
LLPH	common	True	True
LMAN1	common	True	True
LMAN2	common	True	True
LMAN2L	common	True	True
LMBR1	common	True	True
LMBR1L	common	True	True
LMBRD1	common	True	True
LMBRD2	common	True	True
LMF1	common	True	True
LMF2	common	True	True
LMLN	common	True	True
LMNA	common	True	True
LMNB1	common	True	True
LMNB2	common	True	True
LMNTD1	common	True	True
LMNTD2	common	True	True
LMO1	common	True	True
LMO2	common	True	True
LMO4	common	True	True
LMO7	common	True	True
LMOD1	common	True	True
LMTK2	common	True	True
LMTK3	common	True	True
LMX1A	common	True	True
LMX1B	common	True	True
LNP1	common	True	True
LNPEP	common	True	True
LNPK	common	True	True
LNX1	common	True	True
LNX2	common	True	True
LONP1	common	True	True
LONP2	common	True	True
LONRF1	common	True	True
LONRF2	common	True	True
LONRF3	common	True	True
LOX	common	True	True
LOXHD1	common	True	True
LOXL1	common	True	True
LOXL3	common	True	True
LOXL4	common	True	True
LPAL2	common	True	True
LPAR1	common	True	True
LPAR2	common	True	True
LPAR4	common	True	True
LPAR5	common	True	True
LPCAT1	common	True	True
LPCAT2	common	True	True
LPCAT3	common	True	True
LPCAT4	common	True	True
LPGAT1	common	True	True
LPIN1	common	True	True
LPIN2	common	True	True
LPIN3	common	True	True
LPO	common	True	True
LPP	common	True	True
LPXN	common	True	True
LRATD1	common	True	True
LRATD2	common	True	True
LRBA	common	True	True
LRCH1	common	True	True
LRCH2	common	True	True
LRCH3	common	True	True
LRCH4	common	True	True
LRFN1	common	True	True
LRFN2	common	True	True
LRFN3	common	True	True
LRFN4	common	True	True
LRFN5	common	True	True
LRGUK	common	True	True
LRIF1	common	True	True
LRIG1	common	True	True
LRIG2	common	True	True
LRIG3	common	True	True
LRIT3	common	True	True
LRMDA	common	True	True
LRP1	common	True	True
LRP10	common	True	True
LRP11	common	True	True
LRP12	common	True	True
LRP1B	common	True	True
LRP2	common	True	True
LRP2BP	common	True	True
LRP3	common	True	True
LRP4	common	True	True
LRP5	common	True	True
LRP5L	common	True	True
LRP6	common	True	True
LRP8	common	True	True
LRPAP1	common	True	True
LRPPRC	common	True	True
LRR1	common	True	True
LRRC1	common	True	True
LRRC10	common	True	True
LRRC10B	common	True	True
LRRC14	common	True	True
LRRC15	common	True	True
LRRC17	common	True	True
LRRC20	common	True	True
LRRC23	common	True	True
LRRC25	common	True	True
LRRC26	common	True	True
LRRC27	common	True	True
LRRC28	common	True	True
LRRC32	common	True	True
LRRC34	common	True	True
LRRC36	common	True	True
LRRC37A	common	True	True
LRRC37A11P	common	True	True
LRRC37A2	common	True	True
LRRC37A3	common	True	True
LRRC37A4P	common	True	True
LRRC37A5P	common	True	True
LRRC37B	common	True	True
LRRC39	common	True	True
LRRC4	common	True	True
LRRC40	common	True	True
LRRC41	common	True	True
LRRC42	common	True	True
LRRC45	common	True	True
LRRC46	common	True	True
LRRC47	common	True	True
LRRC49	common	True	True
LRRC4B	common	True	True
LRRC51	common	True	True
LRRC52	common	True	True
LRRC55	common	True	True
LRRC56	common	True	True
LRRC57	common	True	True
LRRC58	common	True	True
LRRC59	common	True	True
LRRC63	common	True	True
LRRC66	common	True	True
LRRC69	common	True	True
LRRC7	common	True	True
LRRC71	common	True	True
LRRC73	common	True	True
LRRC74B	common	True	True
LRRC75A	common	True	True
LRRC75B	common	True	True
LRRC8A	common	True	True
LRRC8B	common	True	True
LRRC8C	common	True	True
LRRC8D	common	True	True
LRRC8E	common	True	True
LRRCC1	common	True	True
LRRD1	common	True	True
LRRFIP1	common	True	True
LRRFIP2	common	True	True
LRRIQ1	common	True	True
LRRIQ3	common	True	True
LRRIQ4	common	True	True
LRRK1	common	True	True
LRRK2	common	True	True
LRRN1	common	True	True
LRRN3	common	True	True
LRRN4	common	True	True
LRRN4CL	common	True	True
LRRTM1	common	True	True
LRRTM2	common	True	True
LRRTM3	common	True	True
LRRTM4	common	True	True
LRSAM1	common	True	True
LRTM2	common	True	True
LRTM3	common	True	True
LRWD1	common	True	True
LSAMP	common	True	True
LSG1	common	True	True
LSM1	common	True	True
LSM10	common	True	True
LSM11	common	True	True
LSM12	common	True	True
LSM14A	common	True	True
LSM14B	common	True	True
LSM2	common	True	True
LSM3	common	True	True
LSM4	common	True	True
LSM5	common	True	True
LSM6	common	True	True
LSM7	common	True	True
LSM8	common	True	True
LSMEM1	common	True	True
LSMEM2	common	True	True
LSP1	common	True	True
LSR	common	True	True
LSS	common	True	True
LTA4H	common	True	True
LTAP1	common	True	True
LTB4R	common	True	True
LTBP1	common	True	True
LTBP2	common	True	True
LTBP3	common	True	True
LTBP4	common	True	True
LTBR	common	True	True
LTC4S	common	True	True
LTF	common	True	True
LTK	common	True	True
LTN1	common	True	True
LTO1	common	True	True
LTV1	common	True	True
LUC7L	common	True	True
LUC7L3	common	True	True
LUM	common	True	True
LURAP1	common	True	True
LURAP1L	common	True	True
LUZP1	common	True	True
LXN	common	True	True
LY6D	common	True	True
LY6E	common	True	True
LY6E-DT	common	True	True
LY6G5C	common	True	True
LY6K	common	True	True
LY6S-AS1	common	True	True
LY86	common	True	True
LY96	common	True	True
LYAR	common	True	True
LYG1	common	True	True
LYL1	common	True	True
LYN	common	True	True
LYPD1	common	True	True
LYPD3	common	True	True
LYPD6	common	True	True
LYPD6B	common	True	True
LYPLA1	common	True	True
LYPLA2	common	True	True
LYPLAL1	common	True	True
LYRM1	common	True	True
LYRM2	common	True	True
LYRM4	common	True	True
LYRM7	common	True	True
LYRM9	common	True	True
LYSET	common	True	True
LYSMD1	common	True	True
LYSMD2	common	True	True
LYSMD3	common	True	True
LYSMD4	common	True	True
LYST	common	True	True
LYVE1	common	True	True
LZIC	common	True	True
LZTFL1	common	True	True
LZTR1	common	True	True
LZTS1	common	True	True
LZTS2	common	True	True
LZTS3	common	True	True
M6PR	common	True	True
MAB21L1	common	True	True
MAB21L3	common	True	True
MAB21L4	common	True	True
MACF1	common	True	True
MACIR	common	True	True
MACO1	common	True	True
MACROD1	common	True	True
MACROH2A1	common	True	True
MAD1L1	common	True	True
MAD2L1	common	True	True
MAD2L1BP	common	True	True
MAD2L2	common	True	True
MADCAM1	common	True	True
MADD	common	True	True
MAEA	common	True	True
MAEL	common	True	True
MAF	common	True	True
MAF1	common	True	True
MAFA	common	True	True
MAFB	common	True	True
MAFF	common	True	True
MAFG	common	True	True
MAFIP	common	True	True
MAFK	common	True	True
MAGEA1	common	True	True
MAGEA2	common	True	True
MAGEA3	common	True	True
MAGEA5P	common	True	True
MAGED1	common	True	True
MAGED2	common	True	True
MAGED4	common	True	True
MAGED4B	common	True	True
MAGEF1	common	True	True
MAGEH1	common	True	True
MAGEL2	common	True	True
MAGI1	common	True	True
MAGI2	common	True	True
MAGI3	common	True	True
MAGIX	common	True	True
MAGOH	common	True	True
MAGOHB	common	True	True
MAGT1	common	True	True
MAIP1	common	True	True
MAK	common	True	True
MAK16	common	True	True
MALL	common	True	True
MALSU1	common	True	True
MALT1	common	True	True
MAMDC2	common	True	True
MAMDC4	common	True	True
MAML1	common	True	True
MAML2	common	True	True
MAML3	common	True	True
MAMLD1	common	True	True
MAMSTR	common	True	True
MAN1A1	common	True	True
MAN1A2	common	True	True
MAN1B1	common	True	True
MAN1B1-DT	common	True	True
MAN1C1	common	True	True
MAN2A1	common	True	True
MAN2A2	common	True	True
MAN2B1	common	True	True
MAN2B2	common	True	True
MAN2C1	common	True	True
MANBA	common	True	True
MANBAL	common	True	True
MANEA	common	True	True
MANEAL	common	True	True
MANF	common	True	True
MANSC1	common	True	True
MAOA	common	True	True
MAP10	common	True	True
MAP1A	common	True	True
MAP1B	common	True	True
MAP1LC3A	common	True	True
MAP1LC3B	common	True	True
MAP1LC3B2	common	True	True
MAP1LC3C	common	True	True
MAP1S	common	True	True
MAP2	common	True	True
MAP2K1	common	True	True
MAP2K2	common	True	True
MAP2K3	common	True	True
MAP2K4	common	True	True
MAP2K5	common	True	True
MAP2K6	common	True	True
MAP2K7	common	True	True
MAP3K1	common	True	True
MAP3K10	common	True	True
MAP3K11	common	True	True
MAP3K12	common	True	True
MAP3K13	common	True	True
MAP3K14	common	True	True
MAP3K15	common	True	True
MAP3K19	common	True	True
MAP3K2	common	True	True
MAP3K20	common	True	True
MAP3K21	common	True	True
MAP3K3	common	True	True
MAP3K4	common	True	True
MAP3K5	common	True	True
MAP3K6	common	True	True
MAP3K7	common	True	True
MAP3K7CL	common	True	True
MAP3K8	common	True	True
MAP3K9	common	True	True
MAP4	common	True	True
MAP4K1	common	True	True
MAP4K2	common	True	True
MAP4K3	common	True	True
MAP4K4	common	True	True
MAP4K5	common	True	True
MAP6	common	True	True
MAP6D1	common	True	True
MAP7	common	True	True
MAP7D1	common	True	True
MAP7D2	common	True	True
MAP7D3	common	True	True
MAP9	common	True	True
MAPDA	common	True	True
MAPK1	common	True	True
MAPK10	common	True	True
MAPK11	common	True	True
MAPK12	common	True	True
MAPK14	common	True	True
MAPK1IP1L	common	True	True
MAPK3	common	True	True
MAPK4	common	True	True
MAPK6	common	True	True
MAPK7	common	True	True
MAPK8	common	True	True
MAPK8IP1	common	True	True
MAPK8IP2	common	True	True
MAPK8IP3	common	True	True
MAPK9	common	True	True
MAPKAP1	common	True	True
MAPKAPK2	common	True	True
MAPKAPK3	common	True	True
MAPKAPK5	common	True	True
MAPKBP1	common	True	True
MAPRE1	common	True	True
MAPRE2	common	True	True
MAPRE3	common	True	True
MAPT	common	True	True
MARCHF1	common	True	True
MARCHF11	common	True	True
MARCHF2	common	True	True
MARCHF3	common	True	True
MARCHF4	common	True	True
MARCHF5	common	True	True
MARCHF6	common	True	True
MARCHF7	common	True	True
MARCHF8	common	True	True
MARCHF9	common	True	True
MARCKS	common	True	True
MARCKSL1	common	True	True
MARF1	common	True	True
MARK1	common	True	True
MARK2	common	True	True
MARK3	common	True	True
MARK4	common	True	True
MARS1	common	True	True
MARS2	common	True	True
MARVELD1	common	True	True
MARVELD3	common	True	True
MASP1	common	True	True
MASP2	common	True	True
MAST1	common	True	True
MAST2	common	True	True
MAST3	common	True	True
MAST4	common	True	True
MASTL	common	True	True
MAT2A	common	True	True
MAT2B	common	True	True
MATCAP1	common	True	True
MATCAP2	common	True	True
MATK	common	True	True
MATN1	common	True	True
MATN2	common	True	True
MATN3	common	True	True
MATR3	common	True	True
MAU2	common	True	True
MAVS	common	True	True
MAX	common	True	True
MAZ	common	True	True
MB	common	True	True
MB21D2	common	True	True
MBD1	common	True	True
MBD2	common	True	True
MBD3	common	True	True
MBD4	common	True	True
MBD5	common	True	True
MBD6	common	True	True
MBIP	common	True	True
MBL1P	common	True	True
MBLAC1	common	True	True
MBLAC2	common	True	True
MBNL1	common	True	True
MBNL2	common	True	True
MBNL3	common	True	True
MBOAT2	common	True	True
MBOAT4	common	True	True
MBOAT7	common	True	True
MBP	common	True	True
MBTD1	common	True	True
MBTPS1	common	True	True
MBTPS2	common	True	True
MCAM	common	True	True
MCAT	common	True	True
MCC	common	True	True
MCCC1	common	True	True
MCCC2	common	True	True
MCEE	common	True	True
MCF2L	common	True	True
MCF2L2	common	True	True
MCFD2	common	True	True
MCHR1	common	True	True
MCIDAS	common	True	True
MCL1	common	True	True
MCM10	common	True	True
MCM2	common	True	True
MCM3	common	True	True
MCM3AP	common	True	True
MCM3AP-AS1	common	True	True
MCM4	common	True	True
MCM5	common	True	True
MCM6	common	True	True
MCM7	common	True	True
MCM8	common	True	True
MCM9	common	True	True
MCMBP	common	True	True
MCOLN1	common	True	True
MCOLN2	common	True	True
MCOLN3	common	True	True
MCPH1	common	True	True
MCRIP1	common	True	True
MCRIP2	common	True	True
MCRS1	common	True	True
MCTP1	common	True	True
MCTP2	common	True	True
MCTS1	common	True	True
MCU	common	True	True
MCUB	common	True	True
MCUR1	common	True	True
MDC1	common	True	True
MDFI	common	True	True
MDFIC	common	True	True
MDGA1	common	True	True
MDGA2	common	True	True
MDH1	common	True	True
MDH1B	common	True	True
MDH2	common	True	True
MDK	common	True	True
MDM2	common	True	True
MDM4	common	True	True
MDN1	common	True	True
MDP1	common	True	True
ME1	common	True	True
ME2	common	True	True
ME3	common	True	True
MEA1	common	True	True
MEAF6	common	True	True
MEAK7	common	True	True
MECOM	common	True	True
MECP2	common	True	True
MECR	common	True	True
MED1	common	True	True
MED10	common	True	True
MED11	common	True	True
MED12	common	True	True
MED12L	common	True	True
MED13	common	True	True
MED13L	common	True	True
MED14	common	True	True
MED14OS	common	True	True
MED15	common	True	True
MED16	common	True	True
MED17	common	True	True
MED18	common	True	True
MED19	common	True	True
MED20	common	True	True
MED21	common	True	True
MED22	common	True	True
MED23	common	True	True
MED24	common	True	True
MED25	common	True	True
MED27	common	True	True
MED28	common	True	True
MED29	common	True	True
MED30	common	True	True
MED31	common	True	True
MED4	common	True	True
MED6	common	True	True
MED7	common	True	True
MED8	common	True	True
MED9	common	True	True
MEDAG	common	True	True
MEF2A	common	True	True
MEF2C	common	True	True
MEF2D	common	True	True
MEFV	common	True	True
MEGF10	common	True	True
MEGF11	common	True	True
MEGF6	common	True	True
MEGF8	common	True	True
MEGF9	common	True	True
MEI1	common	True	True
MEIG1	common	True	True
MEIOSIN	common	True	True
MEIS1	common	True	True
MEIS2	common	True	True
MEIS3	common	True	True
MELK	common	True	True
MELTF	common	True	True
MEMO1	common	True	True
MEN1	common	True	True
MEOX1	common	True	True
MEP1A	common	True	True
MEPCE	common	True	True
MERTK	common	True	True
MESD	common	True	True
MESP1	common	True	True
MEST	common	True	True
MET	common	True	True
METAP1	common	True	True
METAP1D	common	True	True
METAP2	common	True	True
METRN	common	True	True
METRNL	common	True	True
METTL1	common	True	True
METTL13	common	True	True
METTL14	common	True	True
METTL15	common	True	True
METTL16	common	True	True
METTL17	common	True	True
METTL18	common	True	True
METTL21A	common	True	True
METTL22	common	True	True
METTL23	common	True	True
METTL25	common	True	True
METTL25B	common	True	True
METTL26	common	True	True
METTL27	common	True	True
METTL2A	common	True	True
METTL2B	common	True	True
METTL3	common	True	True
METTL4	common	True	True
METTL5	common	True	True
METTL6	common	True	True
METTL8	common	True	True
METTL9	common	True	True
MEX3A	common	True	True
MEX3B	common	True	True
MEX3C	common	True	True
MEX3D	common	True	True
MFAP1	common	True	True
MFAP2	common	True	True
MFAP3	common	True	True
MFAP3L	common	True	True
MFAP4	common	True	True
MFAP5	common	True	True
MFF	common	True	True
MFF-DT	common	True	True
MFGE8	common	True	True
MFHAS1	common	True	True
MFN1	common	True	True
MFN2	common	True	True
MFSD1	common	True	True
MFSD11	common	True	True
MFSD12	common	True	True
MFSD2A	common	True	True
MFSD6	common	True	True
MFSD8	common	True	True
MGA	common	True	True
MGAM	common	True	True
MGAM2	common	True	True
MGARP	common	True	True
MGAT1	common	True	True
MGAT2	common	True	True
MGAT3	common	True	True
MGAT4B	common	True	True
MGAT5	common	True	True
MGAT5B	common	True	True
MGLL	common	True	True
MGME1	common	True	True
MGP	common	True	True
MGRN1	common	True	True
MGST1	common	True	True
MGST3	common	True	True
MIA2	common	True	True
MIA3	common	True	True
MIB1	common	True	True
MIB2	common	True	True
MICA	common	True	True
MICAL1	common	True	True
MICAL2	common	True	True
MICAL3	common	True	True
MICALL1	common	True	True
MICALL2	common	True	True
MICB	common	True	True
MICOS10	common	True	True
MICOS10-NBL1	common	True	True
MICOS13	common	True	True
MICU1	common	True	True
MICU2	common	True	True
MICU3	common	True	True
MID1	common	True	True
MID1IP1	common	True	True
MID2	common	True	True
MIDEAS	common	True	True
MIDN	common	True	True
MIEF1	common	True	True
MIEF2	common	True	True
MIEN1	common	True	True
MIER1	common	True	True
MIER2	common	True	True
MIER3	common	True	True
MIF	common	True	True
MIF-AS1	common	True	True
MIF4GD	common	True	True
MIGA1	common	True	True
MIGA2	common	True	True
MIIP	common	True	True
MILR1	common	True	True
MINAR1	common	True	True
MINDY1	common	True	True
MINDY2	common	True	True
MINDY3	common	True	True
MINK1	common	True	True
MINPP1	common	True	True
MIOS	common	True	True
MIPEP	common	True	True
MIR17HG	common	True	True
MIR1915HG	common	True	True
MIR22HG	common	True	True
MIR9-1HG	common	True	True
MIR99AHG	common	True	True
MIS12	common	True	True
MIS18A	common	True	True
MIS18BP1	common	True	True
MISP	common	True	True
MITD1	common	True	True
MITF	common	True	True
MIX23	common	True	True
MKI67	common	True	True
MKKS	common	True	True
MKLN1	common	True	True
MKNK1	common	True	True
MKNK2	common	True	True
MKRN1	common	True	True
MKRN2	common	True	True
MKRN3	common	True	True
MKS1	common	True	True
MKX	common	True	True
MLC1	common	True	True
MLEC	common	True	True
MLF1	common	True	True
MLF2	common	True	True
MLH1	common	True	True
MLH3	common	True	True
MLKL	common	True	True
MLLT1	common	True	True
MLLT10	common	True	True
MLLT11	common	True	True
MLLT6	common	True	True
MLPH	common	True	True
MLST8	common	True	True
MLX	common	True	True
MLXIP	common	True	True
MLXIPL	common	True	True
MLYCD	common	True	True
MMAA	common	True	True
MMAB	common	True	True
MMACHC	common	True	True
MMADHC	common	True	True
MMD	common	True	True
MME	common	True	True
MMEL1	common	True	True
MMGT1	common	True	True
MMP1	common	True	True
MMP10	common	True	True
MMP11	common	True	True
MMP14	common	True	True
MMP15	common	True	True
MMP16	common	True	True
MMP17	common	True	True
MMP19	common	True	True
MMP2	common	True	True
MMP21	common	True	True
MMP23B	common	True	True
MMP24	common	True	True
MMP25	common	True	True
MMP25-AS1	common	True	True
MMP28	common	True	True
MMP3	common	True	True
MMP7	common	True	True
MMP9	common	True	True
MMRN2	common	True	True
MMS19	common	True	True
MMS22L	common	True	True
MMUT	common	True	True
MN1	common	True	True
MNAT1	common	True	True
MND1	common	True	True
MNS1	common	True	True
MNT	common	True	True
MNX1	common	True	True
MOAP1	common	True	True
MOB1A	common	True	True
MOB1B	common	True	True
MOB2	common	True	True
MOB3A	common	True	True
MOB3B	common	True	True
MOB3C	common	True	True
MOB4	common	True	True
MOCOS	common	True	True
MOCS2	common	True	True
MOCS3	common	True	True
MOGS	common	True	True
MOK	common	True	True
MON1A	common	True	True
MON1B	common	True	True
MON2	common	True	True
MORC2	common	True	True
MORC3	common	True	True
MORC4	common	True	True
MORF4L1	common	True	True
MORF4L2	common	True	True
MORN1	common	True	True
MORN2	common	True	True
MORN3	common	True	True
MORN4	common	True	True
MORN5	common	True	True
MOSMO	common	True	True
MOSPD1	common	True	True
MOSPD2	common	True	True
MOSPD3	common	True	True
MOV10	common	True	True
MOV10L1	common	True	True
MOXD1	common	True	True
MPC1	common	True	True
MPC2	common	True	True
MPDU1	common	True	True
MPDZ	common	True	True
MPG	common	True	True
MPHOSPH10	common	True	True
MPHOSPH6	common	True	True
MPHOSPH8	common	True	True
MPHOSPH9	common	True	True
MPI	common	True	True
MPLKIP	common	True	True
MPND	common	True	True
MPP1	common	True	True
MPP2	common	True	True
MPP3	common	True	True
MPP4	common	True	True
MPP7	common	True	True
MPPE1	common	True	True
MPPED1	common	True	True
MPRIP	common	True	True
MPST	common	True	True
MPV17	common	True	True
MPV17L2	common	True	True
MPZ	common	True	True
MPZL1	common	True	True
MR1	common	True	True
MRAP	common	True	True
MRAP2	common	True	True
MRAS	common	True	True
MRC1	common	True	True
MRC2	common	True	True
MRE11	common	True	True
MREG	common	True	True
MRFAP1	common	True	True
MRFAP1L1	common	True	True
MRGBP	common	True	True
MRGPRD	common	True	True
MRGPRE	common	True	True
MRGPRF	common	True	True
MRI1	common	True	True
MRM1	common	True	True
MRM2	common	True	True
MRM3	common	True	True
MRNIP	common	True	True
MRO	common	True	True
MROH1	common	True	True
MROH2A	common	True	True
MROH6	common	True	True
MROH8	common	True	True
MRPL1	common	True	True
MRPL10	common	True	True
MRPL11	common	True	True
MRPL12	common	True	True
MRPL13	common	True	True
MRPL14	common	True	True
MRPL15	common	True	True
MRPL16	common	True	True
MRPL17	common	True	True
MRPL18	common	True	True
MRPL19	common	True	True
MRPL2	common	True	True
MRPL20	common	True	True
MRPL21	common	True	True
MRPL22	common	True	True
MRPL23	common	True	True
MRPL24	common	True	True
MRPL27	common	True	True
MRPL28	common	True	True
MRPL3	common	True	True
MRPL30	common	True	True
MRPL32	common	True	True
MRPL33	common	True	True
MRPL34	common	True	True
MRPL35	common	True	True
MRPL36	common	True	True
MRPL37	common	True	True
MRPL38	common	True	True
MRPL39	common	True	True
MRPL4	common	True	True
MRPL40	common	True	True
MRPL41	common	True	True
MRPL42	common	True	True
MRPL43	common	True	True
MRPL44	common	True	True
MRPL45	common	True	True
MRPL46	common	True	True
MRPL47	common	True	True
MRPL48	common	True	True
MRPL49	common	True	True
MRPL50	common	True	True
MRPL51	common	True	True
MRPL52	common	True	True
MRPL54	common	True	True
MRPL55	common	True	True
MRPL57	common	True	True
MRPL58	common	True	True
MRPL9	common	True	True
MRPS10	common	True	True
MRPS11	common	True	True
MRPS12	common	True	True
MRPS14	common	True	True
MRPS15	common	True	True
MRPS16	common	True	True
MRPS17	common	True	True
MRPS18A	common	True	True
MRPS18B	common	True	True
MRPS18C	common	True	True
MRPS2	common	True	True
MRPS21	common	True	True
MRPS22	common	True	True
MRPS23	common	True	True
MRPS24	common	True	True
MRPS25	common	True	True
MRPS26	common	True	True
MRPS27	common	True	True
MRPS28	common	True	True
MRPS30	common	True	True
MRPS31	common	True	True
MRPS33	common	True	True
MRPS34	common	True	True
MRPS35	common	True	True
MRPS5	common	True	True
MRPS7	common	True	True
MRPS9	common	True	True
MRRF	common	True	True
MRTFA	common	True	True
MRTFB	common	True	True
MRTO4	common	True	True
MSANTD1	common	True	True
MSANTD2	common	True	True
MSANTD3	common	True	True
MSANTD3-TMEFF1	common	True	True
MSANTD4	common	True	True
MSC	common	True	True
MSH2	common	True	True
MSH3	common	True	True
MSH4	common	True	True
MSH5	common	True	True
MSH6	common	True	True
MSI2	common	True	True
MSL1	common	True	True
MSL2	common	True	True
MSL3	common	True	True
MSLN	common	True	True
MSMB	common	True	True
MSMO1	common	True	True
MSN	common	True	True
MSRA	common	True	True
MSRB1	common	True	True
MSRB2	common	True	True
MSRB3	common	True	True
MSS51	common	True	True
MST1	common	True	True
MSTO1	common	True	True
MSX1	common	True	True
MT1E	common	True	True
MT1F	common	True	True
MT1L	common	True	True
MT1M	common	True	True
MT1X	common	True	True
MT2A	common	True	True
MTA1	common	True	True
MTA2	common	True	True
MTA3	common	True	True
MTARC2	common	True	True
MTBP	common	True	True
MTCH1	common	True	True
MTCH2	common	True	True
MTCL1	common	True	True
MTCL2	common	True	True
MTCL3	common	True	True
MTDH	common	True	True
MTERF1	common	True	True
MTERF2	common	True	True
MTERF3	common	True	True
MTERF4	common	True	True
MTF1	common	True	True
MTF2	common	True	True
MTFMT	common	True	True
MTFP1	common	True	True
MTFR1	common	True	True
MTFR1L	common	True	True
MTFR2	common	True	True
MTG1	common	True	True
MTG2	common	True	True
MTHFD1	common	True	True
MTHFD1L	common	True	True
MTHFD2	common	True	True
MTHFD2L	common	True	True
MTHFR	common	True	True
MTHFS	common	True	True
MTHFSD	common	True	True
MTIF2	common	True	True
MTIF3	common	True	True
MTLN	common	True	True
MTM1	common	True	True
MTMR1	common	True	True
MTMR10	common	True	True
MTMR11	common	True	True
MTMR12	common	True	True
MTMR14	common	True	True
MTMR2	common	True	True
MTMR3	common	True	True
MTMR4	common	True	True
MTMR6	common	True	True
MTMR9	common	True	True
MTNAP1	common	True	True
MTO1	common	True	True
MTOR	common	True	True
MTPAP	common	True	True
MTR	common	True	True
MTRES1	common	True	True
MTREX	common	True	True
MTRF1	common	True	True
MTRF1L	common	True	True
MTRFR	common	True	True
MTRR	common	True	True
MTSS1	common	True	True
MTSS2	common	True	True
MTTP	common	True	True
MTURN	common	True	True
MTUS1	common	True	True
MTUS2	common	True	True
MTX1	common	True	True
MTX2	common	True	True
MTX3	common	True	True
MUC1	common	True	True
MUC12	common	True	True
MUC20	common	True	True
MUC3A	common	True	True
MUC5AC	common	True	True
MUC5B	common	True	True
MUC6	common	True	True
MUC7	common	True	True
MUL1	common	True	True
MUS81	common	True	True
MUSK	common	True	True
MUTYH	common	True	True
MVB12A	common	True	True
MVB12B	common	True	True
MVD	common	True	True
MVK	common	True	True
MVP	common	True	True
MX1	common	True	True
MX2	common	True	True
MXD1	common	True	True
MXD3	common	True	True
MXD4	common	True	True
MXI1	common	True	True
MXRA5	common	True	True
MXRA7	common	True	True
MXRA8	common	True	True
MYADM	common	True	True
MYB	common	True	True
MYBBP1A	common	True	True
MYBL1	common	True	True
MYBL2	common	True	True
MYBPC2	common	True	True
MYBPH	common	True	True
MYC	common	True	True
MYCBP	common	True	True
MYCBP2	common	True	True
MYCL	common	True	True
MYCN	common	True	True
MYCT1	common	True	True
MYD88	common	True	True
MYDGF	common	True	True
MYEF2	common	True	True
MYEOV	common	True	True
MYG1	common	True	True
MYH10	common	True	True
MYH11	common	True	True
MYH14	common	True	True
MYH15	common	True	True
MYH3	common	True	True
MYH6	common	True	True
MYH7B	common	True	True
MYH9	common	True	True
MYL1	common	True	True
MYL12A	common	True	True
MYL12B	common	True	True
MYL2	common	True	True
MYL3	common	True	True
MYL4	common	True	True
MYL5	common	True	True
MYL6	common	True	True
MYL6B	common	True	True
MYL9	common	True	True
MYLIP	common	True	True
MYLK	common	True	True
MYLK2	common	True	True
MYLK3	common	True	True
MYLK4	common	True	True
MYMK	common	True	True
MYNN	common	True	True
MYO10	common	True	True
MYO15A	common	True	True
MYO15B	common	True	True
MYO16	common	True	True
MYO18A	common	True	True
MYO19	common	True	True
MYO1A	common	True	True
MYO1B	common	True	True
MYO1C	common	True	True
MYO1D	common	True	True
MYO1E	common	True	True
MYO1F	common	True	True
MYO3A	common	True	True
MYO3B	common	True	True
MYO5A	common	True	True
MYO5B	common	True	True
MYO5C	common	True	True
MYO6	common	True	True
MYO7A	common	True	True
MYO7B	common	True	True
MYO9A	common	True	True
MYO9B	common	True	True
MYOF	common	True	True
MYOM1	common	True	True
MYOM2	common	True	True
MYOM3	common	True	True
MYORG	common	True	True
MYOZ2	common	True	True
MYPN	common	True	True
MYPOP	common	True	True
MYRF	common	True	True
MYRFL	common	True	True
MYRIP	common	True	True
MYSM1	common	True	True
MYT1L	common	True	True
MZF1	common	True	True
MZT1	common	True	True
MZT2A	common	True	True
MZT2B	common	True	True
N4BP1	common	True	True
N4BP2	common	True	True
N4BP2L1	common	True	True
N4BP2L2	common	True	True
NAA10	common	True	True
NAA15	common	True	True
NAA16	common	True	True
NAA20	common	True	True
NAA25	common	True	True
NAA30	common	True	True
NAA35	common	True	True
NAA38	common	True	True
NAA40	common	True	True
NAA50	common	True	True
NAA60	common	True	True
NAA80	common	True	True
NAAA	common	True	True
NAALAD2	common	True	True
NAALADL2	common	True	True
NAB1	common	True	True
NAB2	common	True	True
NABP1	common	True	True
NABP2	common	True	True
NACA	common	True	True
NACA2	common	True	True
NACAD	common	True	True
NACC1	common	True	True
NACC2	common	True	True
NADK	common	True	True
NADK2	common	True	True
NADSYN1	common	True	True
NAE1	common	True	True
NAF1	common	True	True
NAGA	common	True	True
NAGK	common	True	True
NAGLU	common	True	True
NAGPA	common	True	True
NAGS	common	True	True
NAIF1	common	True	True
NAIP	common	True	True
NALCN	common	True	True
NALF1	common	True	True
NALF2	common	True	True
NAMPT	common	True	True
NANOS1	common	True	True
NANOS3	common	True	True
NANP	common	True	True
NANS	common	True	True
NAP1L1	common	True	True
NAP1L2	common	True	True
NAP1L4	common	True	True
NAP1L5	common	True	True
NAPA	common	True	True
NAPB	common	True	True
NAPEPLD	common	True	True
NAPG	common	True	True
NAPRT	common	True	True
NARF	common	True	True
NARS1	common	True	True
NARS2	common	True	True
NASP	common	True	True
NAT1	common	True	True
NAT10	common	True	True
NAT14	common	True	True
NAT16	common	True	True
NAT2	common	True	True
NAT8L	common	True	True
NAT9	common	True	True
NATD1	common	True	True
NAV1	common	True	True
NAV2	common	True	True
NAV3	common	True	True
NAXD	common	True	True
NAXE	common	True	True
NBAS	common	True	True
NBEA	common	True	True
NBEAL1	common	True	True
NBEAL2	common	True	True
NBL1	common	True	True
NBN	common	True	True
NBPF1	common	True	True
NBPF10	common	True	True
NBPF11	common	True	True
NBPF12	common	True	True
NBPF14	common	True	True
NBPF15	common	True	True
NBPF20	common	True	True
NBPF3	common	True	True
NBPF4	common	True	True
NBPF8	common	True	True
NBPF9	common	True	True
NBR1	common	True	True
NCALD	common	True	True
NCAM1	common	True	True
NCAM2	common	True	True
NCAPD2	common	True	True
NCAPD3	common	True	True
NCAPG	common	True	True
NCAPG2	common	True	True
NCAPH	common	True	True
NCAPH2	common	True	True
NCBP1	common	True	True
NCBP2	common	True	True
NCBP3	common	True	True
NCDN	common	True	True
NCEH1	common	True	True
NCF1	common	True	True
NCF2	common	True	True
NCF4	common	True	True
NCK1	common	True	True
NCK2	common	True	True
NCKAP1	common	True	True
NCKAP5	common	True	True
NCKAP5-AS2	common	True	True
NCKAP5L	common	True	True
NCKIPSD	common	True	True
NCL	common	True	True
NCLN	common	True	True
NCMAP	common	True	True
NCOA1	common	True	True
NCOA2	common	True	True
NCOA3	common	True	True
NCOA4	common	True	True
NCOA5	common	True	True
NCOA6	common	True	True
NCOA7	common	True	True
NCOR1	common	True	True
NCOR2	common	True	True
NCR3	common	True	True
NCR3LG1	common	True	True
NCS1	common	True	True
NCSTN	common	True	True
NDC1	common	True	True
NDC80	common	True	True
NDE1	common	True	True
NDEL1	common	True	True
NDFIP1	common	True	True
NDFIP2	common	True	True
NDN	common	True	True
NDNF	common	True	True
NDOR1	common	True	True
NDP	common	True	True
NDRG1	common	True	True
NDRG2	common	True	True
NDRG3	common	True	True
NDRG4	common	True	True
NDST1	common	True	True
NDST2	common	True	True
NDST3	common	True	True
NDUFA1	common	True	True
NDUFA10	common	True	True
NDUFA11	common	True	True
NDUFA12	common	True	True
NDUFA13	common	True	True
NDUFA2	common	True	True
NDUFA3	common	True	True
NDUFA5	common	True	True
NDUFA6	common	True	True
NDUFA7	common	True	True
NDUFA8	common	True	True
NDUFA9	common	True	True
NDUFAB1	common	True	True
NDUFAF1	common	True	True
NDUFAF2	common	True	True
NDUFAF3	common	True	True
NDUFAF4	common	True	True
NDUFAF5	common	True	True
NDUFAF6	common	True	True
NDUFAF7	common	True	True
NDUFAF8	common	True	True
NDUFB1	common	True	True
NDUFB10	common	True	True
NDUFB11	common	True	True
NDUFB2	common	True	True
NDUFB3	common	True	True
NDUFB4	common	True	True
NDUFB5	common	True	True
NDUFB6	common	True	True
NDUFB7	common	True	True
NDUFB8	common	True	True
NDUFB9	common	True	True
NDUFC1	common	True	True
NDUFC2-KCTD14	common	True	True
NDUFS1	common	True	True
NDUFS2	common	True	True
NDUFS3	common	True	True
NDUFS4	common	True	True
NDUFS5	common	True	True
NDUFS6	common	True	True
NDUFS7	common	True	True
NDUFS8	common	True	True
NDUFV1	common	True	True
NDUFV1-DT	common	True	True
NDUFV2	common	True	True
NDUFV3	common	True	True
NEB	common	True	True
NEBL	common	True	True
NECAB1	common	True	True
NECAB2	common	True	True
NECAB3	common	True	True
NECAP1	common	True	True
NECAP2	common	True	True
NECTIN1	common	True	True
NECTIN2	common	True	True
NECTIN3	common	True	True
NECTIN4	common	True	True
NEDD1	common	True	True
NEDD4	common	True	True
NEDD4L	common	True	True
NEDD9	common	True	True
NEFL	common	True	True
NEGR1	common	True	True
NEIL1	common	True	True
NEIL2	common	True	True
NEIL3	common	True	True
NEK1	common	True	True
NEK10	common	True	True
NEK11	common	True	True
NEK2	common	True	True
NEK3	common	True	True
NEK4	common	True	True
NEK5	common	True	True
NEK6	common	True	True
NEK7	common	True	True
NEK8	common	True	True
NEK9	common	True	True
NELFA	common	True	True
NELFB	common	True	True
NELFCD	common	True	True
NELFE	common	True	True
NELL2	common	True	True
NEMF	common	True	True
NEMP1	common	True	True
NEMP2	common	True	True
NENF	common	True	True
NEO1	common	True	True
NES	common	True	True
NET1	common	True	True
NETO2	common	True	True
NEU1	common	True	True
NEU2	common	True	True
NEU3	common	True	True
NEU4	common	True	True
NEURL1	common	True	True
NEURL1B	common	True	True
NEURL2	common	True	True
NEURL3	common	True	True
NEURL4	common	True	True
NEUROD1	common	True	True
NEUROD2	common	True	True
NEUROG2	common	True	True
NEUROG3	common	True	True
NEXMIF	common	True	True
NEXN	common	True	True
NF1	common	True	True
NF2	common	True	True
NFAM1	common	True	True
NFASC	common	True	True
NFAT5	common	True	True
NFATC1	common	True	True
NFATC2	common	True	True
NFATC2IP	common	True	True
NFATC3	common	True	True
NFATC4	common	True	True
NFE2	common	True	True
NFE2L1	common	True	True
NFE2L2	common	True	True
NFE2L3	common	True	True
NFE4	common	True	True
NFIA	common	True	True
NFIB	common	True	True
NFIC	common	True	True
NFIL3	common	True	True
NFIX	common	True	True
NFKB1	common	True	True
NFKB2	common	True	True
NFKBIA	common	True	True
NFKBIB	common	True	True
NFKBID	common	True	True
NFKBIE	common	True	True
NFKBIL1	common	True	True
NFKBIZ	common	True	True
NFRKB	common	True	True
NFS1	common	True	True
NFU1	common	True	True
NFX1	common	True	True
NFXL1	common	True	True
NFYA	common	True	True
NFYB	common	True	True
NFYC	common	True	True
NGDN	common	True	True
NGEF	common	True	True
NGF	common	True	True
NGFR	common	True	True
NGLY1	common	True	True
NGRN	common	True	True
NHEJ1	common	True	True
NHERF1	common	True	True
NHERF2	common	True	True
NHLH2	common	True	True
NHLRC2	common	True	True
NHLRC3	common	True	True
NHLRC4	common	True	True
NHP2	common	True	True
NHS	common	True	True
NHSL1	common	True	True
NHSL2	common	True	True
NHSL3	common	True	True
NIBAN1	common	True	True
NIBAN2	common	True	True
NIBAN3	common	True	True
NICOL1	common	True	True
NID2	common	True	True
NIF3L1	common	True	True
NIFK	common	True	True
NIM1K	common	True	True
NIN	common	True	True
NINJ1	common	True	True
NINL	common	True	True
NIP7	common	True	True
NIPA1	common	True	True
NIPA2	common	True	True
NIPAL1	common	True	True
NIPAL2	common	True	True
NIPAL3	common	True	True
NIPAL4	common	True	True
NIPBL	common	True	True
NIPSNAP1	common	True	True
NIPSNAP2	common	True	True
NIPSNAP3A	common	True	True
NISCH	common	True	True
NIT1	common	True	True
NIT2	common	True	True
NKAIN1	common	True	True
NKAIN3	common	True	True
NKAP	common	True	True
NKAPD1	common	True	True
NKD1	common	True	True
NKIRAS1	common	True	True
NKIRAS2	common	True	True
NKRF	common	True	True
NKTR	common	True	True
NKX1-2	common	True	True
NKX2-1	common	True	True
NKX2-2	common	True	True
NKX2-3	common	True	True
NKX2-4	common	True	True
NKX3-1	common	True	True
NKX3-2	common	True	True
NKX6-1	common	True	True
NKX6-2	common	True	True
NLE1	common	True	True
NLGN1	common	True	True
NLGN2	common	True	True
NLGN3	common	True	True
NLK	common	True	True
NLN	common	True	True
NLRC3	common	True	True
NLRC5	common	True	True
NLRP1	common	True	True
NLRP10	common	True	True
NLRP11	common	True	True
NLRP12	common	True	True
NLRP14	common	True	True
NLRP3	common	True	True
NLRP5	common	True	True
NLRP6	common	True	True
NLRX1	common	True	True
NMB	common	True	True
NMBR	common	True	True
NMD3	common	True	True
NME1	common	True	True
NME3	common	True	True
NME4	common	True	True
NME5	common	True	True
NME6	common	True	True
NME7	common	True	True
NME9	common	True	True
NMI	common	True	True
NMNAT1	common	True	True
NMNAT2	common	True	True
NMNAT3	common	True	True
NMRAL1	common	True	True
NMRK1	common	True	True
NMT1	common	True	True
NMT2	common	True	True
NMU	common	True	True
NMUR2	common	True	True
NNAT	common	True	True
NNMT	common	True	True
NNT	common	True	True
NOA1	common	True	True
NOB1	common	True	True
NOC2L	common	True	True
NOC3L	common	True	True
NOC4L	common	True	True
NOCT	common	True	True
NOD1	common	True	True
NOG	common	True	True
NOL10	common	True	True
NOL11	common	True	True
NOL3	common	True	True
NOL4L	common	True	True
NOL6	common	True	True
NOL7	common	True	True
NOL8	common	True	True
NOL9	common	True	True
NOLC1	common	True	True
NOM1	common	True	True
NOMO1	common	True	True
NOMO2	common	True	True
NOMO3	common	True	True
NONO	common	True	True
NOP10	common	True	True
NOP14	common	True	True
NOP16	common	True	True
NOP2	common	True	True
NOP53	common	True	True
NOP56	common	True	True
NOP58	common	True	True
NOP9	common	True	True
NOPCHAP1	common	True	True
NOS1	common	True	True
NOS1AP	common	True	True
NOS3	common	True	True
NOSIP	common	True	True
NOTCH1	common	True	True
NOTCH2	common	True	True
NOTCH2NLA	common	True	True
NOTCH3	common	True	True
NOTCH4	common	True	True
NOTUM	common	True	True
NOVA1	common	True	True
NOVA2	common	True	True
NOX3	common	True	True
NOX5	common	True	True
NOXA1	common	True	True
NOXO1	common	True	True
NOXRED1	common	True	True
NPAS1	common	True	True
NPAS2	common	True	True
NPAS3	common	True	True
NPAS4	common	True	True
NPAT	common	True	True
NPB	common	True	True
NPBWR1	common	True	True
NPBWR2	common	True	True
NPC1	common	True	True
NPC2	common	True	True
NPDC1	common	True	True
NPEPL1	common	True	True
NPEPPS	common	True	True
NPFFR1	common	True	True
NPHP1	common	True	True
NPHP3	common	True	True
NPHP3-ACAD11	common	True	True
NPHP4	common	True	True
NPHS1	common	True	True
NPIPA1	common	True	True
NPIPA3	common	True	True
NPIPA5	common	True	True
NPIPA7	common	True	True
NPIPB11	common	True	True
NPIPB13	common	True	True
NPIPB15	common	True	True
NPIPB3	common	True	True
NPIPB4	common	True	True
NPIPB5	common	True	True
NPIPB8	common	True	True
NPIPB9	common	True	True
NPL	common	True	True
NPLOC4	common	True	True
NPM1	common	True	True
NPM3	common	True	True
NPNT	common	True	True
NPR1	common	True	True
NPR2	common	True	True
NPR3	common	True	True
NPRL2	common	True	True
NPRL3	common	True	True
NPTN	common	True	True
NPTXR	common	True	True
NPY1R	common	True	True
NPY2R	common	True	True
NQO1	common	True	True
NQO2	common	True	True
NR0B1	common	True	True
NR1D1	common	True	True
NR1D2	common	True	True
NR1H2	common	True	True
NR1H3	common	True	True
NR2C1	common	True	True
NR2C2	common	True	True
NR2C2AP	common	True	True
NR2F1	common	True	True
NR2F2	common	True	True
NR2F6	common	True	True
NR3C1	common	True	True
NR3C2	common	True	True
NR4A1	common	True	True
NR4A2	common	True	True
NR4A3	common	True	True
NR5A1	common	True	True
NR5A2	common	True	True
NR6A1	common	True	True
NRAP	common	True	True
NRARP	common	True	True
NRAS	common	True	True
NRBF2	common	True	True
NRBP1	common	True	True
NRBP2	common	True	True
NRCAM	common	True	True
NRDC	common	True	True
NRDE2	common	True	True
NREP	common	True	True
NRF1	common	True	True
NRG1	common	True	True
NRG2	common	True	True
NRG3	common	True	True
NRG4	common	True	True
NRGN	common	True	True
NRIP1	common	True	True
NRIP2	common	True	True
NRIP3	common	True	True
NRL	common	True	True
NRM	common	True	True
NRN1	common	True	True
NRN1L	common	True	True
NRP1	common	True	True
NRP2	common	True	True
NRROS	common	True	True
NRSN2	common	True	True
NRSN2-AS1	common	True	True
NRTN	common	True	True
NRXN1	common	True	True
NRXN2	common	True	True
NRXN3	common	True	True
NSA2	common	True	True
NSD1	common	True	True
NSD2	common	True	True
NSD3	common	True	True
NSDHL	common	True	True
NSF	common	True	True
NSFL1C	common	True	True
NSL1	common	True	True
NSMAF	common	True	True
NSMCE1	common	True	True
NSMCE2	common	True	True
NSMCE3	common	True	True
NSMCE4A	common	True	True
NSMF	common	True	True
NSRP1	common	True	True
NSUN2	common	True	True
NSUN3	common	True	True
NSUN4	common	True	True
NSUN5P1	common	True	True
NSUN5P2	common	True	True
NSUN6	common	True	True
NSUN7	common	True	True
NT5C	common	True	True
NT5C1A	common	True	True
NT5C2	common	True	True
NT5C3A	common	True	True
NT5C3B	common	True	True
NT5DC1	common	True	True
NT5DC2	common	True	True
NT5DC3	common	True	True
NT5E	common	True	True
NT5M	common	True	True
NTAN1	common	True	True
NTAQ1	common	True	True
NTF4	common	True	True
NTHL1	common	True	True
NTM	common	True	True
NTMT1	common	True	True
NTN1	common	True	True
NTN3	common	True	True
NTN4	common	True	True
NTN5	common	True	True
NTNG1	common	True	True
NTNG2	common	True	True
NTPCR	common	True	True
NTRK2	common	True	True
NTRK3	common	True	True
NTSR1	common	True	True
NUAK1	common	True	True
NUAK2	common	True	True
NUB1	common	True	True
NUBP1	common	True	True
NUBP2	common	True	True
NUBPL	common	True	True
NUCB1	common	True	True
NUCB2	common	True	True
NUCKS1	common	True	True
NUDC	common	True	True
NUDCD1	common	True	True
NUDCD2	common	True	True
NUDCD3	common	True	True
NUDT1	common	True	True
NUDT10	common	True	True
NUDT11	common	True	True
NUDT12	common	True	True
NUDT13	common	True	True
NUDT14	common	True	True
NUDT15	common	True	True
NUDT16	common	True	True
NUDT16L1	common	True	True
NUDT17	common	True	True
NUDT18	common	True	True
NUDT19	common	True	True
NUDT2	common	True	True
NUDT21	common	True	True
NUDT22	common	True	True
NUDT3	common	True	True
NUDT4	common	True	True
NUDT4P2	common	True	True
NUDT5	common	True	True
NUDT6	common	True	True
NUDT7	common	True	True
NUDT8	common	True	True
NUDT9	common	True	True
NUF2	common	True	True
NUFIP1	common	True	True
NUFIP2	common	True	True
NUMA1	common	True	True
NUMB	common	True	True
NUMBL	common	True	True
NUP107	common	True	True
NUP133	common	True	True
NUP153	common	True	True
NUP155	common	True	True
NUP160	common	True	True
NUP188	common	True	True
NUP205	common	True	True
NUP210	common	True	True
NUP210L	common	True	True
NUP214	common	True	True
NUP35	common	True	True
NUP37	common	True	True
NUP42	common	True	True
NUP43	common	True	True
NUP50	common	True	True
NUP54	common	True	True
NUP58	common	True	True
NUP62	common	True	True
NUP85	common	True	True
NUP88	common	True	True
NUP93	common	True	True
NUPR1	common	True	True
NUPR2	common	True	True
NUS1	common	True	True
NUSAP1	common	True	True
NUTF2	common	True	True
NUTM1	common	True	True
NUTM2A	common	True	True
NUTM2G	common	True	True
NVL	common	True	True
NWD1	common	True	True
NXF1	common	True	True
NXF3	common	True	True
NXN	common	True	True
NXNL2	common	True	True
NXPE2	common	True	True
NXPE3	common	True	True
NXPH2	common	True	True
NXPH3	common	True	True
NXPH4	common	True	True
NXT1	common	True	True
NXT2	common	True	True
NYAP1	common	True	True
NYAP2	common	True	True
NYNRIN	common	True	True
OAF	common	True	True
OARD1	common	True	True
OAS1	common	True	True
OAS2	common	True	True
OAS3	common	True	True
OASL	common	True	True
OAT	common	True	True
OAZ1	common	True	True
OAZ2	common	True	True
OAZ3	common	True	True
OBI1	common	True	True
OBSCN	common	True	True
OBSL1	common	True	True
OC90	common	True	True
OCA2	common	True	True
OCEL1	common	True	True
OCIAD1	common	True	True
OCIAD2	common	True	True
OCLN	common	True	True
OCRL	common	True	True
ODAD1	common	True	True
ODAD2	common	True	True
ODAD3	common	True	True
ODAD4	common	True	True
ODAPH	common	True	True
ODC1	common	True	True
ODF2	common	True	True
ODF2L	common	True	True
ODR4	common	True	True
OFCC1	common	True	True
OFD1	common	True	True
OGA	common	True	True
OGDH	common	True	True
OGFOD1	common	True	True
OGFOD2	common	True	True
OGFOD3	common	True	True
OGFR	common	True	True
OGFRL1	common	True	True
OGG1	common	True	True
OGT	common	True	True
OIP5	common	True	True
OIT3	common	True	True
OLA1	common	True	True
OLAH	common	True	True
OLFM1	common	True	True
OLFM2	common	True	True
OLFML2A	common	True	True
OLFML2B	common	True	True
OLFML3	common	True	True
OLIG1	common	True	True
OLIG2	common	True	True
OLIG3	common	True	True
OMA1	common	True	True
ONECUT1	common	True	True
ONECUT2	common	True	True
ONECUT3	common	True	True
OPA1	common	True	True
OPA3	common	True	True
OPHN1	common	True	True
OPLAH	common	True	True
OPN3	common	True	True
OPN4	common	True	True
OPN5	common	True	True
OPRK1	common	True	True
OPRL1	common	True	True
OPTN	common	True	True
OR10A2	common	True	True
OR10K1	common	True	True
OR1F1	common	True	True
OR1M1	common	True	True
OR2AE1	common	True	True
OR2AG2	common	True	True
OR2B6	common	True	True
OR2C3	common	True	True
OR2M5	common	True	True
OR2S2	common	True	True
OR2T11	common	True	True
OR2T35	common	True	True
OR3A2	common	True	True
OR4D2	common	True	True
OR4F17	common	True	True
OR4K2	common	True	True
OR4N2	common	True	True
OR51B4	common	True	True
OR51G2	common	True	True
OR51I2	common	True	True
OR52A1	common	True	True
OR5C1	common	True	True
OR6A2	common	True	True
OR6C75	common	True	True
OR7C1	common	True	True
OR8J3	common	True	True
ORAI1	common	True	True
ORAI2	common	True	True
ORAI3	common	True	True
ORC1	common	True	True
ORC2	common	True	True
ORC3	common	True	True
ORC4	common	True	True
ORC5	common	True	True
ORC6	common	True	True
ORMDL1	common	True	True
ORMDL2	common	True	True
ORMDL3	common	True	True
OS9	common	True	True
OSBP	common	True	True
OSBP2	common	True	True
OSBPL10	common	True	True
OSBPL11	common	True	True
OSBPL1A	common	True	True
OSBPL2	common	True	True
OSBPL3	common	True	True
OSBPL5	common	True	True
OSBPL6	common	True	True
OSBPL7	common	True	True
OSBPL8	common	True	True
OSBPL9	common	True	True
OSCAR	common	True	True
OSCP1	common	True	True
OSER1	common	True	True
OSGEP	common	True	True
OSGEPL1	common	True	True
OSGIN1	common	True	True
OSGIN2	common	True	True
OSM	common	True	True
OSMR	common	True	True
OSR1	common	True	True
OSR2	common	True	True
OST4	common	True	True
OSTC	common	True	True
OSTCP1	common	True	True
OSTF1	common	True	True
OSTM1	common	True	True
OTOG	common	True	True
OTOGL	common	True	True
OTP	common	True	True
OTUB1	common	True	True
OTUB2	common	True	True
OTUD1	common	True	True
OTUD3	common	True	True
OTUD4	common	True	True
OTUD5	common	True	True
OTUD6B	common	True	True
OTUD7A	common	True	True
OTUD7B	common	True	True
OTULIN	common	True	True
OTULINL	common	True	True
OTX1	common	True	True
OVCH2	common	True	True
OVGP1	common	True	True
OXA1L	common	True	True
OXCT1	common	True	True
OXCT2	common	True	True
OXCT2P1	common	True	True
OXLD1	common	True	True
OXNAD1	common	True	True
OXR1	common	True	True
OXSM	common	True	True
OXSR1	common	True	True
OXT	common	True	True
OXTR	common	True	True
P2RX1	common	True	True
P2RX3	common	True	True
P2RX4	common	True	True
P2RX5-TAX1BP3	common	True	True
P2RX6	common	True	True
P2RX7	common	True	True
P2RY1	common	True	True
P2RY10	common	True	True
P2RY12	common	True	True
P2RY2	common	True	True
P2RY6	common	True	True
P2RY8	common	True	True
P3H1	common	True	True
P3H2	common	True	True
P3H3	common	True	True
P3H4	common	True	True
P4HA1	common	True	True
P4HA2	common	True	True
P4HA3	common	True	True
P4HB	common	True	True
P4HTM	common	True	True
PA2G4	common	True	True
PAAF1	common	True	True
PABIR1	common	True	True
PABIR2	common	True	True
PABIR3	common	True	True
PABPC1	common	True	True
PABPC1L	common	True	True
PABPC1L2B	common	True	True
PABPC3	common	True	True
PABPC4	common	True	True
PABPN1	common	True	True
PACC1	common	True	True
PACRG-AS3	common	True	True
PACRGL	common	True	True
PACS1	common	True	True
PACS2	common	True	True
PACSIN2	common	True	True
PACSIN3	common	True	True
PADI1	common	True	True
PADI2	common	True	True
PADI3	common	True	True
PADI4	common	True	True
PAF1	common	True	True
PAFAH1B1	common	True	True
PAFAH1B2	common	True	True
PAFAH1B3	common	True	True
PAFAH2	common	True	True
PAG1	common	True	True
PAH	common	True	True
PAICS	common	True	True
PAIP1	common	True	True
PAIP2	common	True	True
PAIP2B	common	True	True
PAK1	common	True	True
PAK1IP1	common	True	True
PAK2	common	True	True
PAK3	common	True	True
PAK4	common	True	True
PALB2	common	True	True
PALD1	common	True	True
PALLD	common	True	True
PALM	common	True	True
PALM2AKAP2	common	True	True
PALM3	common	True	True
PALMD	common	True	True
PALS1	common	True	True
PALS2	common	True	True
PAM	common	True	True
PAMR1	common	True	True
PAN2	common	True	True
PAN3	common	True	True
PANK1	common	True	True
PANK2	common	True	True
PANK3	common	True	True
PANK4	common	True	True
PANO1	common	True	True
PANX1	common	True	True
PANX2	common	True	True
PANX3	common	True	True
PAPLN	common	True	True
PAPOLA	common	True	True
PAPOLB	common	True	True
PAPOLG	common	True	True
PAPPA	common	True	True
PAPPA2	common	True	True
PAPSS1	common	True	True
PAPSS2	common	True	True
PAQR3	common	True	True
PAQR4	common	True	True
PAQR5	common	True	True
PAQR6	common	True	True
PAQR7	common	True	True
PAQR8	common	True	True
PAQR9	common	True	True
PARD3	common	True	True
PARD3B	common	True	True
PARD6A	common	True	True
PARD6B	common	True	True
PARD6G	common	True	True
PARG	common	True	True
PARK7	common	True	True
PARL	common	True	True
PARM1	common	True	True
PARN	common	True	True
PARP1	common	True	True
PARP10	common	True	True
PARP11	common	True	True
PARP12	common	True	True
PARP14	common	True	True
PARP16	common	True	True
PARP2	common	True	True
PARP3	common	True	True
PARP4	common	True	True
PARP6	common	True	True
PARP8	common	True	True
PARP9	common	True	True
PARPBP	common	True	True
PARS2	common	True	True
PARVA	common	True	True
PARVB	common	True	True
PASD1	common	True	True
PASK	common	True	True
PATE2	common	True	True
PATJ	common	True	True
PATL1	common	True	True
PATL2	common	True	True
PATZ1	common	True	True
PAWR	common	True	True
PAX2	common	True	True
PAX3	common	True	True
PAX5	common	True	True
PAX6	common	True	True
PAX7	common	True	True
PAX8	common	True	True
PAX9	common	True	True
PAXBP1	common	True	True
PAXIP1	common	True	True
PBDC1	common	True	True
PBK	common	True	True
PBLD	common	True	True
PBRM1	common	True	True
PBX1	common	True	True
PBX2	common	True	True
PBX3	common	True	True
PBX4	common	True	True
PBXIP1	common	True	True
PC	common	True	True
PCBD1	common	True	True
PCBD2	common	True	True
PCBP1	common	True	True
PCBP2	common	True	True
PCBP3	common	True	True
PCBP4	common	True	True
PCCA	common	True	True
PCCB	common	True	True
PCDH1	common	True	True
PCDH10	common	True	True
PCDH12	common	True	True
PCDH15	common	True	True
PCDH17	common	True	True
PCDH18	common	True	True
PCDH19	common	True	True
PCDH7	common	True	True
PCDH8	common	True	True
PCDH9	common	True	True
PCDHA9	common	True	True
PCDHB10	common	True	True
PCDHB11	common	True	True
PCDHB12	common	True	True
PCDHB13	common	True	True
PCDHB14	common	True	True
PCDHB15	common	True	True
PCDHB16	common	True	True
PCDHB2	common	True	True
PCDHB3	common	True	True
PCDHB4	common	True	True
PCDHB5	common	True	True
PCDHB6	common	True	True
PCDHB7	common	True	True
PCDHB8	common	True	True
PCDHB9	common	True	True
PCDHGC3	common	True	True
PCED1A	common	True	True
PCED1B	common	True	True
PCF11	common	True	True
PCGF1	common	True	True
PCGF2	common	True	True
PCGF3	common	True	True
PCGF5	common	True	True
PCGF6	common	True	True
PCID2	common	True	True
PCIF1	common	True	True
PCK2	common	True	True
PCLAF	common	True	True
PCLO	common	True	True
PCM1	common	True	True
PCMT1	common	True	True
PCMTD1	common	True	True
PCMTD2	common	True	True
PCNA	common	True	True
PCNP	common	True	True
PCNT	common	True	True
PCNX1	common	True	True
PCNX2	common	True	True
PCNX3	common	True	True
PCNX4	common	True	True
PCOLCE	common	True	True
PCOLCE-AS1	common	True	True
PCOLCE2	common	True	True
PCOTH	common	True	True
PCSK1	common	True	True
PCSK2	common	True	True
PCSK4	common	True	True
PCSK5	common	True	True
PCSK6	common	True	True
PCSK7	common	True	True
PCSK9	common	True	True
PCTP	common	True	True
PCYOX1	common	True	True
PCYOX1L	common	True	True
PCYT1A	common	True	True
PCYT1B	common	True	True
PCYT2	common	True	True
PDAP1	common	True	True
PDC	common	True	True
PDCD10	common	True	True
PDCD11	common	True	True
PDCD1LG2	common	True	True
PDCD2	common	True	True
PDCD2L	common	True	True
PDCD4	common	True	True
PDCD5	common	True	True
PDCD6	common	True	True
PDCD6IP	common	True	True
PDCD7	common	True	True
PDCL	common	True	True
PDCL3	common	True	True
PDE10A	common	True	True
PDE11A	common	True	True
PDE12	common	True	True
PDE1B	common	True	True
PDE1C	common	True	True
PDE2A	common	True	True
PDE3A	common	True	True
PDE3B	common	True	True
PDE4A	common	True	True
PDE4B	common	True	True
PDE4C	common	True	True
PDE4D	common	True	True
PDE4DIP	common	True	True
PDE5A	common	True	True
PDE6A	common	True	True
PDE6D	common	True	True
PDE6G	common	True	True
PDE7A	common	True	True
PDE7B	common	True	True
PDE8A	common	True	True
PDE8B	common	True	True
PDF	common	True	True
PDGFA	common	True	True
PDGFB	common	True	True
PDGFC	common	True	True
PDGFRA	common	True	True
PDGFRB	common	True	True
PDHA1	common	True	True
PDHB	common	True	True
PDHX	common	True	True
PDIA3	common	True	True
PDIA4	common	True	True
PDIA5	common	True	True
PDIA6	common	True	True
PDIK1L	common	True	True
PDK1	common	True	True
PDK2	common	True	True
PDK3	common	True	True
PDK4	common	True	True
PDLIM1	common	True	True
PDLIM2	common	True	True
PDLIM3	common	True	True
PDLIM4	common	True	True
PDLIM5	common	True	True
PDLIM7	common	True	True
PDP1	common	True	True
PDP2	common	True	True
PDPK1	common	True	True
PDPN	common	True	True
PDPR	common	True	True
PDRG1	common	True	True
PDS5A	common	True	True
PDS5B	common	True	True
PDSS1	common	True	True
PDSS2	common	True	True
PDX1	common	True	True
PDXDC1	common	True	True
PDXDC2P-NPIPB14P	common	True	True
PDXK	common	True	True
PDZD11	common	True	True
PDZD2	common	True	True
PDZD4	common	True	True
PDZD7	common	True	True
PDZD8	common	True	True
PDZK1	common	True	True
PDZK1IP1	common	True	True
PDZRN3	common	True	True
PEA15	common	True	True
PEAK1	common	True	True
PEAK3	common	True	True
PEAR1	common	True	True
PEBP1	common	True	True
PECAM1	common	True	True
PECR	common	True	True
PEDS1	common	True	True
PEDS1-UBE2V1	common	True	True
PEF1	common	True	True
PEG10	common	True	True
PELATON	common	True	True
PELI1	common	True	True
PELI2	common	True	True
PELI3	common	True	True
PELO	common	True	True
PELP1	common	True	True
PEMT	common	True	True
PEPD	common	True	True
PER1	common	True	True
PER2	common	True	True
PER3	common	True	True
PERM1	common	True	True
PERP	common	True	True
PES1	common	True	True
PET100	common	True	True
PET117	common	True	True
PEX1	common	True	True
PEX10	common	True	True
PEX11A	common	True	True
PEX11B	common	True	True
PEX11G	common	True	True
PEX12	common	True	True
PEX13	common	True	True
PEX14	common	True	True
PEX16	common	True	True
PEX19	common	True	True
PEX2	common	True	True
PEX26	common	True	True
PEX3	common	True	True
PEX39	common	True	True
PEX5	common	True	True
PEX6	common	True	True
PEX7	common	True	True
PFAS	common	True	True
PFDN1	common	True	True
PFDN2	common	True	True
PFDN4	common	True	True
PFDN5	common	True	True
PFDN6	common	True	True
PFKFB1	common	True	True
PFKFB2	common	True	True
PFKFB3	common	True	True
PFKFB4	common	True	True
PFKL	common	True	True
PFKM	common	True	True
PFKP	common	True	True
PFN1	common	True	True
PFN2	common	True	True
PFN4	common	True	True
PGA4	common	True	True
PGAM1	common	True	True
PGAM4	common	True	True
PGAM5	common	True	True
PGAP1	common	True	True
PGAP2	common	True	True
PGAP3	common	True	True
PGAP4	common	True	True
PGAP6	common	True	True
PGBD1	common	True	True
PGBD2	common	True	True
PGBD4	common	True	True
PGBD5	common	True	True
PGCKA1	common	True	True
PGD	common	True	True
PGF	common	True	True
PGGHG	common	True	True
PGGT1B	common	True	True
PGK1	common	True	True
PGK2	common	True	True
PGLS	common	True	True
PGLYRP3	common	True	True
PGM1	common	True	True
PGM2	common	True	True
PGM2L1	common	True	True
PGM3	common	True	True
PGP	common	True	True
PGPEP1	common	True	True
PGR	common	True	True
PGRMC1	common	True	True
PGRMC2	common	True	True
PGS1	common	True	True
PHACTR1	common	True	True
PHACTR2	common	True	True
PHACTR4	common	True	True
PHAF1	common	True	True
PHAX	common	True	True
PHB1	common	True	True
PHB2	common	True	True
PHC1	common	True	True
PHC2	common	True	True
PHC3	common	True	True
PHETA1	common	True	True
PHETA2	common	True	True
PHEX	common	True	True
PHF1	common	True	True
PHF10	common	True	True
PHF11	common	True	True
PHF12	common	True	True
PHF13	common	True	True
PHF14	common	True	True
PHF19	common	True	True
PHF2	common	True	True
PHF20	common	True	True
PHF20L1	common	True	True
PHF21A	common	True	True
PHF21B	common	True	True
PHF23	common	True	True
PHF24	common	True	True
PHF3	common	True	True
PHF5A	common	True	True
PHF6	common	True	True
PHF7	common	True	True
PHF8	common	True	True
PHGDH	common	True	True
PHIP	common	True	True
PHKA1	common	True	True
PHKA2	common	True	True
PHKB	common	True	True
PHKG1	common	True	True
PHKG2	common	True	True
PHLDA1	common	True	True
PHLDA2	common	True	True
PHLDA3	common	True	True
PHLDB1	common	True	True
PHLDB2	common	True	True
PHLDB3	common	True	True
PHLPP1	common	True	True
PHLPP2	common	True	True
PHOSPHO1	common	True	True
PHOSPHO2	common	True	True
PHOX2A	common	True	True
PHOX2B	common	True	True
PHPT1	common	True	True
PHRF1	common	True	True
PHTF1	common	True	True
PHTF2	common	True	True
PHYH	common	True	True
PHYHD1	common	True	True
PHYHIP	common	True	True
PHYKPL	common	True	True
PI15	common	True	True
PI3	common	True	True
PI4K2A	common	True	True
PI4K2B	common	True	True
PI4KA	common	True	True
PI4KAP1	common	True	True
PI4KAP2	common	True	True
PI4KB	common	True	True
PIANP	common	True	True
PIAS1	common	True	True
PIAS2	common	True	True
PIAS3	common	True	True
PIAS4	common	True	True
PIBF1	common	True	True
PICALM	common	True	True
PICK1	common	True	True
PID1	common	True	True
PIDD1	common	True	True
PIERCE1	common	True	True
PIERCE2	common	True	True
PIEZO1	common	True	True
PIF1	common	True	True
PIGA	common	True	True
PIGB	common	True	True
PIGBOS1	common	True	True
PIGC	common	True	True
PIGF	common	True	True
PIGG	common	True	True
PIGH	common	True	True
PIGK	common	True	True
PIGL	common	True	True
PIGM	common	True	True
PIGN	common	True	True
PIGO	common	True	True
PIGP	common	True	True
PIGR	common	True	True
PIGS	common	True	True
PIGT	common	True	True
PIGU	common	True	True
PIGV	common	True	True
PIGW	common	True	True
PIGX	common	True	True
PIGY	common	True	True
PIGZ	common	True	True
PIH1D1	common	True	True
PIH1D2	common	True	True
PIK3AP1	common	True	True
PIK3C2A	common	True	True
PIK3C2B	common	True	True
PIK3C2G	common	True	True
PIK3C3	common	True	True
PIK3CA	common	True	True
PIK3CB	common	True	True
PIK3CD	common	True	True
PIK3CD-AS1	common	True	True
PIK3CD-AS2	common	True	True
PIK3CG	common	True	True
PIK3IP1	common	True	True
PIK3R1	common	True	True
PIK3R2	common	True	True
PIK3R3	common	True	True
PIK3R4	common	True	True
PIKFYVE	common	True	True
PILRB	common	True	True
PIM1	common	True	True
PIM2	common	True	True
PIM3	common	True	True
PIMREG	common	True	True
PIN1	common	True	True
PIN4	common	True	True
PINK1	common	True	True
PINLYP	common	True	True
PINX1	common	True	True
PIP4K2A	common	True	True
PIP4K2B	common	True	True
PIP4K2C	common	True	True
PIP4P1	common	True	True
PIP4P2	common	True	True
PIP5K1A	common	True	True
PIP5K1B	common	True	True
PIP5K1C	common	True	True
PIP5KL1	common	True	True
PIR	common	True	True
PISD	common	True	True
PITHD1	common	True	True
PITPNA	common	True	True
PITPNB	common	True	True
PITPNC1	common	True	True
PITPNM1	common	True	True
PITPNM2	common	True	True
PITPNM3	common	True	True
PITRM1	common	True	True
PITX1	common	True	True
PITX2	common	True	True
PITX3	common	True	True
PIWIL2	common	True	True
PIWIL4	common	True	True
PJA1	common	True	True
PJA2	common	True	True
PJVK	common	True	True
PKD1	common	True	True
PKD1L1	common	True	True
PKD1L2	common	True	True
PKD2	common	True	True
PKDCC	common	True	True
PKIA	common	True	True
PKIB	common	True	True
PKIG	common	True	True
PKLR	common	True	True
PKM	common	True	True
PKMYT1	common	True	True
PKN1	common	True	True
PKN2	common	True	True
PKN3	common	True	True
PKNOX1	common	True	True
PKNOX2	common	True	True
PKP1	common	True	True
PKP2	common	True	True
PKP3	common	True	True
PKP4	common	True	True
PLA2G12A	common	True	True
PLA2G15	common	True	True
PLA2G3	common	True	True
PLA2G4A	common	True	True
PLA2G4C	common	True	True
PLA2G4F	common	True	True
PLA2G6	common	True	True
PLAA	common	True	True
PLAAT1	common	True	True
PLAAT3	common	True	True
PLAAT4	common	True	True
PLAC1	common	True	True
PLAC4	common	True	True
PLAC8	common	True	True
PLAC8L1	common	True	True
PLAC9	common	True	True
PLAG1	common	True	True
PLAGL1	common	True	True
PLAGL2	common	True	True
PLAT	common	True	True
PLAU	common	True	True
PLAUR	common	True	True
PLB1	common	True	True
PLBD2	common	True	True
PLCB1	common	True	True
PLCB2	common	True	True
PLCB3	common	True	True
PLCB4	common	True	True
PLCD1	common	True	True
PLCD3	common	True	True
PLCD4	common	True	True
PLCE1	common	True	True
PLCG1	common	True	True
PLCG2	common	True	True
PLCH1	common	True	True
PLCH2	common	True	True
PLCL1	common	True	True
PLCL2	common	True	True
PLCXD1	common	True	True
PLD1	common	True	True
PLD2	common	True	True
PLD3	common	True	True
PLD4	common	True	True
PLD6	common	True	True
PLEC	common	True	True
PLEK	common	True	True
PLEKHA1	common	True	True
PLEKHA2	common	True	True
PLEKHA3	common	True	True
PLEKHA4	common	True	True
PLEKHA5	common	True	True
PLEKHA6	common	True	True
PLEKHA8	common	True	True
PLEKHA8P1	common	True	True
PLEKHB1	common	True	True
PLEKHB2	common	True	True
PLEKHF1	common	True	True
PLEKHF2	common	True	True
PLEKHG1	common	True	True
PLEKHG2	common	True	True
PLEKHG3	common	True	True
PLEKHG4	common	True	True
PLEKHG4B	common	True	True
PLEKHG5	common	True	True
PLEKHG6	common	True	True
PLEKHG7	common	True	True
PLEKHH1	common	True	True
PLEKHH2	common	True	True
PLEKHH3	common	True	True
PLEKHJ1	common	True	True
PLEKHM1	common	True	True
PLEKHM2	common	True	True
PLEKHM3	common	True	True
PLEKHN1	common	True	True
PLEKHO1	common	True	True
PLEKHO2	common	True	True
PLEKHS1	common	True	True
PLGRKT	common	True	True
PLIN3	common	True	True
PLIN4	common	True	True
PLK1	common	True	True
PLK2	common	True	True
PLK3	common	True	True
PLK4	common	True	True
PLLP	common	True	True
PLOD1	common	True	True
PLOD2	common	True	True
PLOD3	common	True	True
PLP1	common	True	True
PLP2	common	True	True
PLPBP	common	True	True
PLPP1	common	True	True
PLPP2	common	True	True
PLPP3	common	True	True
PLPP4	common	True	True
PLPP5	common	True	True
PLPP6	common	True	True
PLPP7	common	True	True
PLPPR1	common	True	True
PLPPR2	common	True	True
PLPPR3	common	True	True
PLPPR4	common	True	True
PLRG1	common	True	True
PLS1	common	True	True
PLS3	common	True	True
PLSCR1	common	True	True
PLSCR3	common	True	True
PLSCR4	common	True	True
PLTP	common	True	True
PLVAP	common	True	True
PLXDC1	common	True	True
PLXNA1	common	True	True
PLXNA2	common	True	True
PLXNA3	common	True	True
PLXNA4	common	True	True
PLXNB1	common	True	True
PLXNB2	common	True	True
PLXNB3	common	True	True
PLXNC1	common	True	True
PLXND1	common	True	True
PM20D1	common	True	True
PM20D2	common	True	True
PMAIP1	common	True	True
PMCH	common	True	True
PMEL	common	True	True
PMEPA1	common	True	True
PMF1	common	True	True
PMFBP1	common	True	True
PML	common	True	True
PMM1	common	True	True
PMM2	common	True	True
PMP22	common	True	True
PMPCA	common	True	True
PMPCB	common	True	True
PMS1	common	True	True
PMS2	common	True	True
PMS2P3	common	True	True
PMVK	common	True	True
PNCK	common	True	True
PNISR	common	True	True
PNKD	common	True	True
PNKP	common	True	True
PNLDC1	common	True	True
PNMA1	common	True	True
PNMA2	common	True	True
PNMA3	common	True	True
PNMA5	common	True	True
PNMA8B	common	True	True
PNN	common	True	True
PNO1	common	True	True
PNP	common	True	True
PNPLA2	common	True	True
PNPLA3	common	True	True
PNPLA6	common	True	True
PNPLA7	common	True	True
PNPLA8	common	True	True
PNPO	common	True	True
PNPT1	common	True	True
PNRC1	common	True	True
PNRC2	common	True	True
POC1A	common	True	True
POC1B	common	True	True
POC5	common	True	True
PODNL1	common	True	True
PODXL	common	True	True
PODXL2	common	True	True
POFUT1	common	True	True
POFUT2	common	True	True
POFUT3	common	True	True
POFUT4	common	True	True
POGK	common	True	True
POGLUT1	common	True	True
POGLUT2	common	True	True
POGLUT3	common	True	True
POGZ	common	True	True
POLA1	common	True	True
POLA2	common	True	True
POLB	common	True	True
POLD1	common	True	True
POLD2	common	True	True
POLD3	common	True	True
POLD4	common	True	True
POLDIP2	common	True	True
POLDIP3	common	True	True
POLE	common	True	True
POLE2	common	True	True
POLE3	common	True	True
POLE4	common	True	True
POLG	common	True	True
POLG2	common	True	True
POLH	common	True	True
POLI	common	True	True
POLK	common	True	True
POLL	common	True	True
POLM	common	True	True
POLQ	common	True	True
POLR1A	common	True	True
POLR1B	common	True	True
POLR1C	common	True	True
POLR1D	common	True	True
POLR1E	common	True	True
POLR1F	common	True	True
POLR1G	common	True	True
POLR1H	common	True	True
POLR2A	common	True	True
POLR2B	common	True	True
POLR2C	common	True	True
POLR2D	common	True	True
POLR2E	common	True	True
POLR2F	common	True	True
POLR2G	common	True	True
POLR2H	common	True	True
POLR2I	common	True	True
POLR2J	common	True	True
POLR2J3	common	True	True
POLR2J4	common	True	True
POLR2K	common	True	True
POLR2L	common	True	True
POLR3A	common	True	True
POLR3B	common	True	True
POLR3C	common	True	True
POLR3D	common	True	True
POLR3E	common	True	True
POLR3F	common	True	True
POLR3G	common	True	True
POLR3GL	common	True	True
POLR3H	common	True	True
POLR3K	common	True	True
POLRMT	common	True	True
POM121	common	True	True
POM121C	common	True	True
POMC	common	True	True
POMGNT1	common	True	True
POMGNT2	common	True	True
POMK	common	True	True
POMP	common	True	True
POMT1	common	True	True
POMT2	common	True	True
POMZP3	common	True	True
PON2	common	True	True
POP1	common	True	True
POP4	common	True	True
POP5	common	True	True
POP7	common	True	True
POPDC1	common	True	True
POPDC1-AS1	common	True	True
POPDC2	common	True	True
POPDC3	common	True	True
POR	common	True	True
PORCN	common	True	True
POSTN	common	True	True
POT1	common	True	True
POTEC	common	True	True
POTEE	common	True	True
POTEF	common	True	True
POTEI	common	True	True
POTEJ	common	True	True
POTEM	common	True	True
POU2AF3	common	True	True
POU2F1	common	True	True
POU2F2	common	True	True
POU2F3	common	True	True
POU3F1	common	True	True
POU3F2	common	True	True
POU3F3	common	True	True
POU4F1	common	True	True
POU4F3	common	True	True
POU6F1	common	True	True
PPA1	common	True	True
PPA2	common	True	True
PPAN-P2RY11	common	True	True
PPARA	common	True	True
PPARD	common	True	True
PPARG	common	True	True
PPARGC1A	common	True	True
PPARGC1B	common	True	True
PPAT	common	True	True
PPCDC	common	True	True
PPCS	common	True	True
PPDPF	common	True	True
PPEF1	common	True	True
PPFIA1	common	True	True
PPFIA2	common	True	True
PPFIA3	common	True	True
PPFIA4	common	True	True
PPFIBP1	common	True	True
PPFIBP2	common	True	True
PPHLN1	common	True	True
PPIA	common	True	True
PPIAL4A	common	True	True
PPIAL4E	common	True	True
PPIAL4F	common	True	True
PPIAL4G	common	True	True
PPIAP30	common	True	True
PPIB	common	True	True
PPIC	common	True	True
PPID	common	True	True
PPIE	common	True	True
PPIF	common	True	True
PPIG	common	True	True
PPIH	common	True	True
PPIL1	common	True	True
PPIL2	common	True	True
PPIL3	common	True	True
PPIL4	common	True	True
PPIL6	common	True	True
PPIP5K1	common	True	True
PPIP5K2	common	True	True
PPL	common	True	True
PPM1A	common	True	True
PPM1B	common	True	True
PPM1D	common	True	True
PPM1E	common	True	True
PPM1F	common	True	True
PPM1G	common	True	True
PPM1H	common	True	True
PPM1J	common	True	True
PPM1K	common	True	True
PPM1L	common	True	True
PPM1M	common	True	True
PPM1N	common	True	True
PPME1	common	True	True
PPOX	common	True	True
PPP1CA	common	True	True
PPP1CB	common	True	True
PPP1CC	common	True	True
PPP1R10	common	True	True
PPP1R11	common	True	True
PPP1R12A	common	True	True
PPP1R12B	common	True	True
PPP1R12C	common	True	True
PPP1R13B	common	True	True
PPP1R13L	common	True	True
PPP1R14A	common	True	True
PPP1R14B	common	True	True
PPP1R14C	common	True	True
PPP1R15A	common	True	True
PPP1R15B	common	True	True
PPP1R16A	common	True	True
PPP1R18	common	True	True
PPP1R1A	common	True	True
PPP1R1B	common	True	True
PPP1R2	common	True	True
PPP1R21	common	True	True
PPP1R26	common	True	True
PPP1R35	common	True	True
PPP1R36	common	True	True
PPP1R37	common	True	True
PPP1R3B	common	True	True
PPP1R3C	common	True	True
PPP1R3D	common	True	True
PPP1R3E	common	True	True
PPP1R3F	common	True	True
PPP1R3G	common	True	True
PPP1R42	common	True	True
PPP1R7	common	True	True
PPP1R8	common	True	True
PPP1R9A	common	True	True
PPP1R9B	common	True	True
PPP2CA	common	True	True
PPP2CB	common	True	True
PPP2R1A	common	True	True
PPP2R1B	common	True	True
PPP2R2A	common	True	True
PPP2R2B	common	True	True
PPP2R2C	common	True	True
PPP2R2D	common	True	True
PPP2R3A	common	True	True
PPP2R3B	common	True	True
PPP2R3C	common	True	True
PPP2R5A	common	True	True
PPP2R5B	common	True	True
PPP2R5C	common	True	True
PPP2R5D	common	True	True
PPP2R5E	common	True	True
PPP3CA	common	True	True
PPP3CB	common	True	True
PPP3CC	common	True	True
PPP3R1	common	True	True
PPP4C	common	True	True
PPP4R1	common	True	True
PPP4R2	common	True	True
PPP4R3A	common	True	True
PPP4R3B	common	True	True
PPP4R4	common	True	True
PPP5C	common	True	True
PPP5D1P	common	True	True
PPP6C	common	True	True
PPP6R1	common	True	True
PPP6R2	common	True	True
PPP6R3	common	True	True
PPRC1	common	True	True
PPT1	common	True	True
PPT2	common	True	True
PPTC7	common	True	True
PPWD1	common	True	True
PPY	common	True	True
PQBP1	common	True	True
PRADC1	common	True	True
PRAG1	common	True	True
PRAM1	common	True	True
PRAME	common	True	True
PRAMEF12	common	True	True
PRAMEF13	common	True	True
PRAMEF8	common	True	True
PRC1	common	True	True
PRC1-AS1	common	True	True
PRCC	common	True	True
PRCP	common	True	True
PRDM1	common	True	True
PRDM10	common	True	True
PRDM11	common	True	True
PRDM12	common	True	True
PRDM13	common	True	True
PRDM15	common	True	True
PRDM16	common	True	True
PRDM16-DT	common	True	True
PRDM2	common	True	True
PRDM4	common	True	True
PRDM5	common	True	True
PRDM6	common	True	True
PRDM8	common	True	True
PRDX1	common	True	True
PRDX2	common	True	True
PRDX3	common	True	True
PRDX4	common	True	True
PRDX5	common	True	True
PRDX6	common	True	True
PREB	common	True	True
PRECSIT	common	True	True
PRELID1	common	True	True
PRELID2	common	True	True
PRELID3A	common	True	True
PRELID3B	common	True	True
PREP	common	True	True
PREPL	common	True	True
PREX1	common	True	True
PREX2	common	True	True
PRG4	common	True	True
PRH1	common	True	True
PRH2	common	True	True
PRICKLE2	common	True	True
PRICKLE3	common	True	True
PRIM1	common	True	True
PRIM2	common	True	True
PRIMA1	common	True	True
PRIMPOL	common	True	True
PRKAA1	common	True	True
PRKAA2	common	True	True
PRKAB1	common	True	True
PRKAB2	common	True	True
PRKACA	common	True	True
PRKACB	common	True	True
PRKACG	common	True	True
PRKAG1	common	True	True
PRKAG2	common	True	True
PRKAR1A	common	True	True
PRKAR1B	common	True	True
PRKAR2A	common	True	True
PRKAR2B	common	True	True
PRKCA	common	True	True
PRKCB	common	True	True
PRKCD	common	True	True
PRKCE	common	True	True
PRKCG	common	True	True
PRKCH	common	True	True
PRKCI	common	True	True
PRKCQ	common	True	True
PRKCSH	common	True	True
PRKCZ	common	True	True
PRKD1	common	True	True
PRKD2	common	True	True
PRKD3	common	True	True
PRKDC	common	True	True
PRKG1	common	True	True
PRKRA	common	True	True
PRKRIP1	common	True	True
PRKX	common	True	True
PRKY	common	True	True
PRLR	common	True	True
PRM3	common	True	True
PRMT1	common	True	True
PRMT2	common	True	True
PRMT3	common	True	True
PRMT5	common	True	True
PRMT6	common	True	True
PRMT7	common	True	True
PRMT9	common	True	True
PRNP	common	True	True
PROB1	common	True	True
PROCA1	common	True	True
PROCR	common	True	True
PROM1	common	True	True
PROM2	common	True	True
PRORP	common	True	True
PROS1	common	True	True
PROSER1	common	True	True
PROSER2	common	True	True
PROSER3	common	True	True
PROX1	common	True	True
PROZ	common	True	True
PRP4K	common	True	True
PRPF18	common	True	True
PRPF19	common	True	True
PRPF3	common	True	True
PRPF31	common	True	True
PRPF38A	common	True	True
PRPF38B	common	True	True
PRPF39	common	True	True
PRPF4	common	True	True
PRPF40A	common	True	True
PRPF40B	common	True	True
PRPF6	common	True	True
PRPF8	common	True	True
PRPS1	common	True	True
PRPS2	common	True	True
PRPSAP1	common	True	True
PRPSAP2	common	True	True
PRR11	common	True	True
PRR12	common	True	True
PRR13	common	True	True
PRR14	common	True	True
PRR14L	common	True	True
PRR15L	common	True	True
PRR16	common	True	True
PRR18	common	True	True
PRR19	common	True	True
PRR22	common	True	True
PRR23C	common	True	True
PRR23E	common	True	True
PRR3	common	True	True
PRR35	common	True	True
PRR36	common	True	True
PRR4	common	True	True
PRR5	common	True	True
PRR5L	common	True	True
PRR7	common	True	True
PRR9	common	True	True
PRRC1	common	True	True
PRRC2A	common	True	True
PRRC2B	common	True	True
PRRC2C	common	True	True
PRRG1	common	True	True
PRRG2	common	True	True
PRRG3	common	True	True
PRRG4	common	True	True
PRRT1	common	True	True
PRRT2	common	True	True
PRRT3	common	True	True
PRRT4	common	True	True
PRRX1	common	True	True
PRRX2	common	True	True
PRSS12	common	True	True
PRSS22	common	True	True
PRSS23	common	True	True
PRSS3	common	True	True
PRSS36	common	True	True
PRSS40A	common	True	True
PRSS53	common	True	True
PRSS54	common	True	True
PRSS56	common	True	True
PRSS8	common	True	True
PRTFDC1	common	True	True
PRTG	common	True	True
PRUNE1	common	True	True
PRUNE2	common	True	True
PRX	common	True	True
PRXL2A	common	True	True
PRXL2B	common	True	True
PRXL2C	common	True	True
PSAP	common	True	True
PSAT1	common	True	True
PSCA	common	True	True
PSD	common	True	True
PSD2	common	True	True
PSD3	common	True	True
PSD4	common	True	True
PSEN1	common	True	True
PSEN2	common	True	True
PSENEN	common	True	True
PSG1	common	True	True
PSG2	common	True	True
PSG4	common	True	True
PSG5	common	True	True
PSG6	common	True	True
PSG9	common	True	True
PSIP1	common	True	True
PSKH1	common	True	True
PSMA1	common	True	True
PSMA2	common	True	True
PSMA3	common	True	True
PSMA3-AS1	common	True	True
PSMA4	common	True	True
PSMA5	common	True	True
PSMA6	common	True	True
PSMA7	common	True	True
PSMB1	common	True	True
PSMB10	common	True	True
PSMB2	common	True	True
PSMB3	common	True	True
PSMB4	common	True	True
PSMB5	common	True	True
PSMB6	common	True	True
PSMB7	common	True	True
PSMB8	common	True	True
PSMB8-AS1	common	True	True
PSMB9	common	True	True
PSMC1	common	True	True
PSMC2	common	True	True
PSMC3	common	True	True
PSMC3IP	common	True	True
PSMC4	common	True	True
PSMC5	common	True	True
PSMC6	common	True	True
PSMD1	common	True	True
PSMD10	common	True	True
PSMD11	common	True	True
PSMD12	common	True	True
PSMD13	common	True	True
PSMD14	common	True	True
PSMD2	common	True	True
PSMD3	common	True	True
PSMD4	common	True	True
PSMD5	common	True	True
PSMD6	common	True	True
PSMD7	common	True	True
PSMD8	common	True	True
PSMD9	common	True	True
PSME1	common	True	True
PSME2	common	True	True
PSME3	common	True	True
PSME3IP1	common	True	True
PSME4	common	True	True
PSMF1	common	True	True
PSMG1	common	True	True
PSMG2	common	True	True
PSMG3	common	True	True
PSMG3-AS1	common	True	True
PSMG4	common	True	True
PSORS1C1	common	True	True
PSPC1	common	True	True
PSPH	common	True	True
PSPN	common	True	True
PSRC1	common	True	True
PSTK	common	True	True
PSTPIP1	common	True	True
PSTPIP2	common	True	True
PTAFR	common	True	True
PTAR1	common	True	True
PTBP1	common	True	True
PTBP2	common	True	True
PTBP3	common	True	True
PTCD1	common	True	True
PTCD2	common	True	True
PTCD3	common	True	True
PTCH1	common	True	True
PTCH2	common	True	True
PTCHD4	common	True	True
PTDSS1	common	True	True
PTDSS2	common	True	True
PTEN	common	True	True
PTER	common	True	True
PTF1A	common	True	True
PTGDR	common	True	True
PTGDS	common	True	True
PTGER1	common	True	True
PTGER2	common	True	True
PTGER3	common	True	True
PTGER4	common	True	True
PTGES	common	True	True
PTGES2	common	True	True
PTGES3	common	True	True
PTGES3L-AARSD1	common	True	True
PTGFR	common	True	True
PTGFRN	common	True	True
PTGIR	common	True	True
PTGIS	common	True	True
PTGR1	common	True	True
PTGR2	common	True	True
PTGR3	common	True	True
PTGS1	common	True	True
PTGS2	common	True	True
PTH1R	common	True	True
PTHLH	common	True	True
PTK2	common	True	True
PTK2B	common	True	True
PTK6	common	True	True
PTK7	common	True	True
PTMA	common	True	True
PTMS	common	True	True
PTN	common	True	True
PTOV1	common	True	True
PTP4A1	common	True	True
PTP4A2	common	True	True
PTPA	common	True	True
PTPDC1	common	True	True
PTPMT1	common	True	True
PTPN1	common	True	True
PTPN11	common	True	True
PTPN12	common	True	True
PTPN13	common	True	True
PTPN14	common	True	True
PTPN18	common	True	True
PTPN2	common	True	True
PTPN21	common	True	True
PTPN22	common	True	True
PTPN23	common	True	True
PTPN3	common	True	True
PTPN4	common	True	True
PTPN5	common	True	True
PTPN9	common	True	True
PTPRA	common	True	True
PTPRB	common	True	True
PTPRCAP	common	True	True
PTPRD	common	True	True
PTPRE	common	True	True
PTPRF	common	True	True
PTPRG	common	True	True
PTPRH	common	True	True
PTPRJ	common	True	True
PTPRK	common	True	True
PTPRM	common	True	True
PTPRN	common	True	True
PTPRN2	common	True	True
PTPRO	common	True	True
PTPRQ	common	True	True
PTPRR	common	True	True
PTPRS	common	True	True
PTPRU	common	True	True
PTPRZ1	common	True	True
PTRH1	common	True	True
PTRH2	common	True	True
PTRHD1	common	True	True
PTS	common	True	True
PTTG1	common	True	True
PTTG1IP	common	True	True
PTTG2	common	True	True
PTX3	common	True	True
PTX4	common	True	True
PUDP	common	True	True
PUF60	common	True	True
PUM1	common	True	True
PUM2	common	True	True
PUM3	common	True	True
PURA	common	True	True
PURB	common	True	True
PURG	common	True	True
PUS1	common	True	True
PUS10	common	True	True
PUS3	common	True	True
PUS7	common	True	True
PUS7L	common	True	True
PUSL1	common	True	True
PVR	common	True	True
PWP1	common	True	True
PWP2	common	True	True
PWWP2A	common	True	True
PWWP2B	common	True	True
PWWP3A	common	True	True
PXDC1	common	True	True
PXDN	common	True	True
PXDNL	common	True	True
PXK	common	True	True
PXMP2	common	True	True
PXMP4	common	True	True
PXN	common	True	True
PXT1	common	True	True
PXYLP1	common	True	True
PYCARD-AS1	common	True	True
PYCR1	common	True	True
PYCR2	common	True	True
PYCR3	common	True	True
PYGB	common	True	True
PYGL	common	True	True
PYGM	common	True	True
PYGO1	common	True	True
PYGO2	common	True	True
PYHIN1	common	True	True
PYM1	common	True	True
PYROXD1	common	True	True
PYROXD2	common	True	True
PYY	common	True	True
QARS1	common	True	True
QDPR	common	True	True
QKI	common	True	True
QNG1	common	True	True
QPCT	common	True	True
QPCTL	common	True	True
QPRT	common	True	True
QRFPR	common	True	True
QRICH1	common	True	True
QRICH2	common	True	True
QRSL1	common	True	True
QSER1	common	True	True
QSOX1	common	True	True
QSOX2	common	True	True
QTGAL	common	True	True
QTMAN	common	True	True
QTRT1	common	True	True
QTRT2	common	True	True
R3HCC1	common	True	True
R3HCC1L	common	True	True
R3HDM1	common	True	True
R3HDM2	common	True	True
R3HDM4	common	True	True
RAB10	common	True	True
RAB11A	common	True	True
RAB11B	common	True	True
RAB11FIP1	common	True	True
RAB11FIP2	common	True	True
RAB11FIP3	common	True	True
RAB11FIP4	common	True	True
RAB11FIP5	common	True	True
RAB12	common	True	True
RAB13	common	True	True
RAB14	common	True	True
RAB15	common	True	True
RAB18	common	True	True
RAB1A	common	True	True
RAB1B	common	True	True
RAB20	common	True	True
RAB21	common	True	True
RAB22A	common	True	True
RAB23	common	True	True
RAB24	common	True	True
RAB26	common	True	True
RAB27A	common	True	True
RAB27B	common	True	True
RAB28	common	True	True
RAB29	common	True	True
RAB2A	common	True	True
RAB2B	common	True	True
RAB30	common	True	True
RAB31	common	True	True
RAB32	common	True	True
RAB33A	common	True	True
RAB33B	common	True	True
RAB34	common	True	True
RAB35	common	True	True
RAB36	common	True	True
RAB37	common	True	True
RAB38	common	True	True
RAB39A	common	True	True
RAB39B	common	True	True
RAB3A	common	True	True
RAB3B	common	True	True
RAB3D	common	True	True
RAB3GAP1	common	True	True
RAB3GAP2	common	True	True
RAB3IL1	common	True	True
RAB3IP	common	True	True
RAB40A	common	True	True
RAB40AL	common	True	True
RAB40B	common	True	True
RAB40C	common	True	True
RAB42	common	True	True
RAB43	common	True	True
RAB44	common	True	True
RAB4A	common	True	True
RAB4B	common	True	True
RAB5A	common	True	True
RAB5B	common	True	True
RAB5C	common	True	True
RAB5IF	common	True	True
RAB6A	common	True	True
RAB6C	common	True	True
RAB6D	common	True	True
RAB7A	common	True	True
RAB7B	common	True	True
RAB8A	common	True	True
RAB8B	common	True	True
RAB9A	common	True	True
RAB9B	common	True	True
RABAC1	common	True	True
RABEP1	common	True	True
RABEP2	common	True	True
RABEPK	common	True	True
RABGAP1L	common	True	True
RABGEF1	common	True	True
RABGGTA	common	True	True
RABGGTB	common	True	True
RABIF	common	True	True
RABL2A	common	True	True
RABL2B	common	True	True
RABL3	common	True	True
RAC1	common	True	True
RAC2	common	True	True
RAC3	common	True	True
RACGAP1	common	True	True
RACK1	common	True	True
RAD1	common	True	True
RAD17	common	True	True
RAD18	common	True	True
RAD21	common	True	True
RAD21-AS1	common	True	True
RAD21L1	common	True	True
RAD23A	common	True	True
RAD23B	common	True	True
RAD50	common	True	True
RAD51	common	True	True
RAD51AP1	common	True	True
RAD51B	common	True	True
RAD51C	common	True	True
RAD51D	common	True	True
RAD52	common	True	True
RAD54B	common	True	True
RAD54L	common	True	True
RAD54L2	common	True	True
RAD9A	common	True	True
RAD9B	common	True	True
RADIL	common	True	True
RADX	common	True	True
RAE1	common	True	True
RAET1E	common	True	True
RAET1G	common	True	True
RAET1L	common	True	True
RAF1	common	True	True
RAG1	common	True	True
RAI1	common	True	True
RAI14	common	True	True
RAI2	common	True	True
RALA	common	True	True
RALB	common	True	True
RALBP1	common	True	True
RALGAPA1	common	True	True
RALGAPA2	common	True	True
RALGAPB	common	True	True
RALGDS	common	True	True
RALGPS1	common	True	True
RALGPS2	common	True	True
RALY	common	True	True
RALYL	common	True	True
RAMAC	common	True	True
RAMP1	common	True	True
RAN	common	True	True
RANBP1	common	True	True
RANBP10	common	True	True
RANBP2	common	True	True
RANBP3	common	True	True
RANBP3L	common	True	True
RANBP6	common	True	True
RANBP9	common	True	True
RANGAP1	common	True	True
RANGRF	common	True	True
RAP1A	common	True	True
RAP1B	common	True	True
RAP1GAP	common	True	True
RAP1GAP2	common	True	True
RAP1GDS1	common	True	True
RAP2A	common	True	True
RAP2B	common	True	True
RAP2C	common	True	True
RAPGEF1	common	True	True
RAPGEF2	common	True	True
RAPGEF3	common	True	True
RAPGEF4	common	True	True
RAPGEF5	common	True	True
RAPGEF6	common	True	True
RAPGEFL1	common	True	True
RAPH1	common	True	True
RAPSN	common	True	True
RARA	common	True	True
RARB	common	True	True
RARG	common	True	True
RARRES1	common	True	True
RARRES2	common	True	True
RARS1	common	True	True
RARS2	common	True	True
RASA1	common	True	True
RASA2	common	True	True
RASA3	common	True	True
RASA4	common	True	True
RASA4B	common	True	True
RASAL1	common	True	True
RASAL2	common	True	True
RASAL3	common	True	True
RASD1	common	True	True
RASD2	common	True	True
RASGEF1A	common	True	True
RASGEF1B	common	True	True
RASGEF1C	common	True	True
RASGRF1	common	True	True
RASGRP1	common	True	True
RASGRP3	common	True	True
RASIP1	common	True	True
RASL10A	common	True	True
RASL10B	common	True	True
RASL11A	common	True	True
RASL12	common	True	True
RASSF1	common	True	True
RASSF1-AS1	common	True	True
RASSF10	common	True	True
RASSF3	common	True	True
RASSF4	common	True	True
RASSF5	common	True	True
RASSF7	common	True	True
RASSF8	common	True	True
RASSF9	common	True	True
RAVER1	common	True	True
RAVER2	common	True	True
RAX	common	True	True
RB1	common	True	True
RB1CC1	common	True	True
RBAK	common	True	True
RBBP4	common	True	True
RBBP5	common	True	True
RBBP6	common	True	True
RBBP7	common	True	True
RBBP8	common	True	True
RBBP9	common	True	True
RBCK1	common	True	True
RBFA	common	True	True
RBFOX1	common	True	True
RBFOX2	common	True	True
RBIS	common	True	True
RBKS	common	True	True
RBL1	common	True	True
RBL2	common	True	True
RBM10	common	True	True
RBM12	common	True	True
RBM12B	common	True	True
RBM14	common	True	True
RBM14-RBM4	common	True	True
RBM15	common	True	True
RBM15B	common	True	True
RBM17	common	True	True
RBM18	common	True	True
RBM19	common	True	True
RBM20	common	True	True
RBM22	common	True	True
RBM23	common	True	True
RBM24	common	True	True
RBM25	common	True	True
RBM26	common	True	True
RBM27	common	True	True
RBM28	common	True	True
RBM3	common	True	True
RBM33	common	True	True
RBM34	common	True	True
RBM38	common	True	True
RBM39	common	True	True
RBM4	common	True	True
RBM41	common	True	True
RBM42	common	True	True
RBM43	common	True	True
RBM44	common	True	True
RBM45	common	True	True
RBM47	common	True	True
RBM48	common	True	True
RBM4B	common	True	True
RBM5	common	True	True
RBM6	common	True	True
RBM7	common	True	True
RBM8A	common	True	True
RBMS1	common	True	True
RBMS2	common	True	True
RBMS3	common	True	True
RBMX	common	True	True
RBMX2	common	True	True
RBMXL2	common	True	True
RBP1	common	True	True
RBPJ	common	True	True
RBPJL	common	True	True
RBPMS	common	True	True
RBSN	common	True	True
RBX1	common	True	True
RC3H1	common	True	True
RC3H2	common	True	True
RCAN1	common	True	True
RCAN3	common	True	True
RCBTB1	common	True	True
RCBTB2	common	True	True
RCC1	common	True	True
RCC1L	common	True	True
RCC2	common	True	True
RCCD1	common	True	True
RCE1	common	True	True
RCHY1	common	True	True
RCL1	common	True	True
RCN1	common	True	True
RCN2	common	True	True
RCN3	common	True	True
RCOR1	common	True	True
RCOR2	common	True	True
RCOR3	common	True	True
RCSD1	common	True	True
RDH10	common	True	True
RDH11	common	True	True
RDH12	common	True	True
RDH13	common	True	True
RDH5	common	True	True
RDM1	common	True	True
RDX	common	True	True
REC8	common	True	True
RECK	common	True	True
RECQL	common	True	True
RECQL4	common	True	True
RECQL5	common	True	True
REEP1	common	True	True
REEP2	common	True	True
REEP3	common	True	True
REEP4	common	True	True
REEP5	common	True	True
REEP6	common	True	True
REG4	common	True	True
REL	common	True	True
RELA	common	True	True
RELB	common	True	True
RELCH	common	True	True
RELL1	common	True	True
RELL2	common	True	True
RELN	common	True	True
RELT	common	True	True
REM2	common	True	True
RENBP	common	True	True
REP15	common	True	True
REPIN1	common	True	True
REPS1	common	True	True
REPS2	common	True	True
RER1	common	True	True
RERE	common	True	True
RESF1	common	True	True
REST	common	True	True
RETREG1	common	True	True
RETREG2	common	True	True
RETREG3	common	True	True
RETSAT	common	True	True
REV1	common	True	True
REV3L	common	True	True
REX1BD	common	True	True
REXO1	common	True	True
REXO2	common	True	True
REXO4	common	True	True
REXO5	common	True	True
RFC1	common	True	True
RFC2	common	True	True
RFC3	common	True	True
RFC4	common	True	True
RFC5	common	True	True
RFESD	common	True	True
RFFL	common	True	True
RFK	common	True	True
RFLNA	common	True	True
RFLNB	common	True	True
RFNG	common	True	True
RFPL2	common	True	True
RFPL3	common	True	True
RFPL3S	common	True	True
RFPL4A	common	True	True
RFPL4AL1	common	True	True
RFPL4B	common	True	True
RFT1	common	True	True
RFTN1	common	True	True
RFTN2	common	True	True
RFWD3	common	True	True
RFX1	common	True	True
RFX2	common	True	True
RFX3	common	True	True
RFX5	common	True	True
RFX6	common	True	True
RFX7	common	True	True
RFX8	common	True	True
RFXANK	common	True	True
RFXAP	common	True	True
RGL1	common	True	True
RGL2	common	True	True
RGL4	common	True	True
RGMA	common	True	True
RGMB	common	True	True
RGP1	common	True	True
RGPD1	common	True	True
RGPD3	common	True	True
RGPD4	common	True	True
RGPD5	common	True	True
RGPD6	common	True	True
RGPD8	common	True	True
RGS10	common	True	True
RGS11	common	True	True
RGS12	common	True	True
RGS14	common	True	True
RGS16	common	True	True
RGS17	common	True	True
RGS19	common	True	True
RGS2	common	True	True
RGS20	common	True	True
RGS22	common	True	True
RGS3	common	True	True
RGS4	common	True	True
RGS5	common	True	True
RGS7	common	True	True
RGS7BP	common	True	True
RGS9BP	common	True	True
RHBDD1	common	True	True
RHBDD2	common	True	True
RHBDD3	common	True	True
RHBDF1	common	True	True
RHBDF2	common	True	True
RHBDL1	common	True	True
RHBDL2	common	True	True
RHBDL3	common	True	True
RHBG	common	True	True
RHCE	common	True	True
RHD	common	True	True
RHEB	common	True	True
RHEBL1	common	True	True
RHEX	common	True	True
RHNO1	common	True	True
RHO	common	True	True
RHOA	common	True	True
RHOB	common	True	True
RHOBTB1	common	True	True
RHOBTB2	common	True	True
RHOBTB3	common	True	True
RHOC	common	True	True
RHOF	common	True	True
RHOG	common	True	True
RHOQ	common	True	True
RHOT1	common	True	True
RHOT2	common	True	True
RHOU	common	True	True
RHOV	common	True	True
RHOXF1	common	True	True
RHPN1	common	True	True
RHPN2	common	True	True
RIBC1	common	True	True
RIC1	common	True	True
RIC8A	common	True	True
RIC8B	common	True	True
RICTOR	common	True	True
RIDA	common	True	True
RIF1	common	True	True
RIGI	common	True	True
RIIAD1	common	True	True
RILP	common	True	True
RILPL1	common	True	True
RILPL2	common	True	True
RIMBP2	common	True	True
RIMBP3	common	True	True
RIMKLA	common	True	True
RIMKLB	common	True	True
RIMOC1	common	True	True
RIMS1	common	True	True
RIMS2	common	True	True
RIMS3	common	True	True
RIMS4	common	True	True
RIN1	common	True	True
RIN2	common	True	True
RIN3	common	True	True
RING1	common	True	True
RINL	common	True	True
RINT1	common	True	True
RIOK1	common	True	True
RIOK2	common	True	True
RIOK3	common	True	True
RIOX1	common	True	True
RIOX2	common	True	True
RIPK1	common	True	True
RIPK2	common	True	True
RIPK4	common	True	True
RIPOR1	common	True	True
RIPOR3	common	True	True
RIT1	common	True	True
RITA1	common	True	True
RLF	common	True	True
RLIG1	common	True	True
RLIM	common	True	True
RMC1	common	True	True
RMDN1	common	True	True
RMDN2	common	True	True
RMDN3	common	True	True
RMI1	common	True	True
RMI2	common	True	True
RMND1	common	True	True
RMND5A	common	True	True
RMND5B	common	True	True
RMP24	common	True	True
RMP64	common	True	True
RNASE1	common	True	True
RNASE10	common	True	True
RNASE2	common	True	True
RNASE3	common	True	True
RNASEH1	common	True	True
RNASEH2A	common	True	True
RNASEH2B	common	True	True
RNASEH2C	common	True	True
RNASEK	common	True	True
RNASEL	common	True	True
RNASET2	common	True	True
RND2	common	True	True
RND3	common	True	True
RNF10	common	True	True
RNF103	common	True	True
RNF103-CHMP3	common	True	True
RNF11	common	True	True
RNF111	common	True	True
RNF112	common	True	True
RNF113A	common	True	True
RNF114	common	True	True
RNF115	common	True	True
RNF121	common	True	True
RNF122	common	True	True
RNF123	common	True	True
RNF125	common	True	True
RNF126	common	True	True
RNF128	common	True	True
RNF13	common	True	True
RNF130	common	True	True
RNF133	common	True	True
RNF135	common	True	True
RNF138	common	True	True
RNF139	common	True	True
RNF14	common	True	True
RNF141	common	True	True
RNF144A	common	True	True
RNF144B	common	True	True
RNF145	common	True	True
RNF146	common	True	True
RNF148	common	True	True
RNF149	common	True	True
RNF150	common	True	True
RNF151	common	True	True
RNF152	common	True	True
RNF157	common	True	True
RNF166	common	True	True
RNF167	common	True	True
RNF168	common	True	True
RNF169	common	True	True
RNF170	common	True	True
RNF175	common	True	True
RNF181	common	True	True
RNF182	common	True	True
RNF185	common	True	True
RNF187	common	True	True
RNF19A	common	True	True
RNF19B	common	True	True
RNF2	common	True	True
RNF20	common	True	True
RNF208	common	True	True
RNF212B	common	True	True
RNF213	common	True	True
RNF214	common	True	True
RNF215	common	True	True
RNF216	common	True	True
RNF217	common	True	True
RNF220	common	True	True
RNF222	common	True	True
RNF225	common	True	True
RNF24	common	True	True
RNF25	common	True	True
RNF26	common	True	True
RNF31	common	True	True
RNF32	common	True	True
RNF32-DT	common	True	True
RNF34	common	True	True
RNF38	common	True	True
RNF4	common	True	True
RNF40	common	True	True
RNF41	common	True	True
RNF43	common	True	True
RNF44	common	True	True
RNF5	common	True	True
RNF6	common	True	True
RNF7	common	True	True
RNF8	common	True	True
RNFT1	common	True	True
RNFT2	common	True	True
RNGTT	common	True	True
RNH1	common	True	True
RNMT	common	True	True
RNPC3	common	True	True
RNPC3-DT	common	True	True
RNPEP	common	True	True
RNPEPL1	common	True	True
RNPS1	common	True	True
RO60	common	True	True
ROBO1	common	True	True
ROBO3	common	True	True
ROBO4	common	True	True
ROCK1	common	True	True
ROCK2	common	True	True
ROGDI	common	True	True
ROM1	common	True	True
ROMO1	common	True	True
ROPN1	common	True	True
ROPN1B	common	True	True
ROPN1L	common	True	True
ROR1	common	True	True
ROR1-AS1	common	True	True
ROR2	common	True	True
RORA	common	True	True
RORB	common	True	True
RORC	common	True	True
ROS1	common	True	True
RP1	common	True	True
RP1L1	common	True	True
RP2	common	True	True
RP9	common	True	True
RPA1	common	True	True
RPA2	common	True	True
RPA3	common	True	True
RPA4	common	True	True
RPAIN	common	True	True
RPAP1	common	True	True
RPAP2	common	True	True
RPAP3	common	True	True
RPE	common	True	True
RPEL1	common	True	True
RPF1	common	True	True
RPF2	common	True	True
RPGR	common	True	True
RPGRIP1	common	True	True
RPGRIP1L	common	True	True
RPH3AL	common	True	True
RPIA	common	True	True
RPL10	common	True	True
RPL10A	common	True	True
RPL11	common	True	True
RPL12	common	True	True
RPL13	common	True	True
RPL13A	common	True	True
RPL14	common	True	True
RPL15	common	True	True
RPL17	common	True	True
RPL18	common	True	True
RPL18A	common	True	True
RPL19	common	True	True
RPL21	common	True	True
RPL22	common	True	True
RPL22L1	common	True	True
RPL23	common	True	True
RPL23A	common	True	True
RPL24	common	True	True
RPL26	common	True	True
RPL26L1	common	True	True
RPL27	common	True	True
RPL27A	common	True	True
RPL28	common	True	True
RPL29	common	True	True
RPL3	common	True	True
RPL30	common	True	True
RPL31	common	True	True
RPL32	common	True	True
RPL34	common	True	True
RPL35	common	True	True
RPL35A	common	True	True
RPL36A	common	True	True
RPL36A-HNRNPH2	common	True	True
RPL36AL	common	True	True
RPL37	common	True	True
RPL37A	common	True	True
RPL38	common	True	True
RPL39	common	True	True
RPL39L	common	True	True
RPL4	common	True	True
RPL41	common	True	True
RPL5	common	True	True
RPL6	common	True	True
RPL7	common	True	True
RPL7A	common	True	True
RPL7L1	common	True	True
RPL8	common	True	True
RPL9	common	True	True
RPLP0	common	True	True
RPLP1	common	True	True
RPLP2	common	True	True
RPN1	common	True	True
RPN2	common	True	True
RPP14	common	True	True
RPP21	common	True	True
RPP25	common	True	True
RPP25L	common	True	True
RPP30	common	True	True
RPP38	common	True	True
RPP38-DT	common	True	True
RPP40	common	True	True
RPRD1A	common	True	True
RPRD1B	common	True	True
RPRD2	common	True	True
RPS10	common	True	True
RPS10-NUDT3	common	True	True
RPS11	common	True	True
RPS12	common	True	True
RPS13	common	True	True
RPS14	common	True	True
RPS15	common	True	True
RPS15A	common	True	True
RPS16	common	True	True
RPS17	common	True	True
RPS18	common	True	True
RPS19	common	True	True
RPS19BP1	common	True	True
RPS2	common	True	True
RPS20	common	True	True
RPS21	common	True	True
RPS23	common	True	True
RPS24	common	True	True
RPS25	common	True	True
RPS26	common	True	True
RPS27	common	True	True
RPS27A	common	True	True
RPS27L	common	True	True
RPS28	common	True	True
RPS29	common	True	True
RPS3	common	True	True
RPS3A	common	True	True
RPS4X	common	True	True
RPS5	common	True	True
RPS6	common	True	True
RPS6KA1	common	True	True
RPS6KA2	common	True	True
RPS6KA3	common	True	True
RPS6KA4	common	True	True
RPS6KA5	common	True	True
RPS6KA6	common	True	True
RPS6KB1	common	True	True
RPS6KB2	common	True	True
RPS6KC1	common	True	True
RPS6KL1	common	True	True
RPS7	common	True	True
RPS8	common	True	True
RPS9	common	True	True
RPSA	common	True	True
RPTN	common	True	True
RPTOR	common	True	True
RPUSD1	common	True	True
RPUSD2	common	True	True
RPUSD3	common	True	True
RPUSD4	common	True	True
RRAD	common	True	True
RRAGA	common	True	True
RRAGB	common	True	True
RRAGC	common	True	True
RRAGD	common	True	True
RRAS	common	True	True
RRAS2	common	True	True
RRBP1	common	True	True
RREB1	common	True	True
RRM1	common	True	True
RRM2	common	True	True
RRM2B	common	True	True
RRN3	common	True	True
RRP1	common	True	True
RRP12	common	True	True
RRP15	common	True	True
RRP1B	common	True	True
RRP36	common	True	True
RRP7A	common	True	True
RRP8	common	True	True
RRP9	common	True	True
RRS1	common	True	True
RSAD1	common	True	True
RSAD2	common	True	True
RSBN1	common	True	True
RSBN1L	common	True	True
RSC1A1	common	True	True
RSF1	common	True	True
RSKR	common	True	True
RSL1D1	common	True	True
RSL24D1	common	True	True
RSPH3	common	True	True
RSPH4A	common	True	True
RSPH6A	common	True	True
RSPH9	common	True	True
RSPO2	common	True	True
RSPO3	common	True	True
RSPRY1	common	True	True
RSRC1	common	True	True
RSRC2	common	True	True
RSRP1	common	True	True
RSU1	common	True	True
RTBDN	common	True	True
RTCA	common	True	True
RTCB	common	True	True
RTEL1	common	True	True
RTF1	common	True	True
RTF2	common	True	True
RTKN	common	True	True
RTKN2	common	True	True
RTL10	common	True	True
RTL3	common	True	True
RTL5	common	True	True
RTL6	common	True	True
RTL8A	common	True	True
RTL8B	common	True	True
RTL8C	common	True	True
RTL9	common	True	True
RTN1	common	True	True
RTN2	common	True	True
RTN3	common	True	True
RTN4	common	True	True
RTN4IP1	common	True	True
RTN4R	common	True	True
RTN4RL2	common	True	True
RTP1	common	True	True
RTP4	common	True	True
RTP5	common	True	True
RTRAF	common	True	True
RTTN	common	True	True
RUBCN	common	True	True
RUBCNL	common	True	True
RUFY1	common	True	True
RUFY2	common	True	True
RUFY3	common	True	True
RUNDC1	common	True	True
RUNDC3A	common	True	True
RUNDC3B	common	True	True
RUNX1	common	True	True
RUNX1T1	common	True	True
RUNX2	common	True	True
RUNX3	common	True	True
RUSC1	common	True	True
RUSC1-AS1	common	True	True
RUSC2	common	True	True
RUSF1	common	True	True
RUVBL1	common	True	True
RUVBL2	common	True	True
RWDD1	common	True	True
RWDD2A	common	True	True
RWDD2B	common	True	True
RWDD3	common	True	True
RWDD4	common	True	True
RXFP3	common	True	True
RXRA	common	True	True
RXRB	common	True	True
RXYLT1	common	True	True
RYBP	common	True	True
RYK	common	True	True
RYR1	common	True	True
RYR2	common	True	True
RYR3	common	True	True
S100A1	common	True	True
S100A10	common	True	True
S100A11	common	True	True
S100A13	common	True	True
S100A16	common	True	True
S100A2	common	True	True
S100A3	common	True	True
S100A4	common	True	True
S100A5	common	True	True
S100A6	common	True	True
S100B	common	True	True
S100P	common	True	True
S100PBP	common	True	True
S100Z	common	True	True
S1PR1	common	True	True
S1PR2	common	True	True
S1PR3	common	True	True
S1PR5	common	True	True
SAAL1	common	True	True
SAC3D1	common	True	True
SACM1L	common	True	True
SACS	common	True	True
SAE1	common	True	True
SAFB	common	True	True
SAFB2	common	True	True
SALL1	common	True	True
SALL2	common	True	True
SALL3	common	True	True
SALL4	common	True	True
SAMD1	common	True	True
SAMD10	common	True	True
SAMD11	common	True	True
SAMD12	common	True	True
SAMD13	common	True	True
SAMD14	common	True	True
SAMD15	common	True	True
SAMD3	common	True	True
SAMD4A	common	True	True
SAMD4B	common	True	True
SAMD5	common	True	True
SAMD8	common	True	True
SAMD9	common	True	True
SAMD9L	common	True	True
SAMHD1	common	True	True
SAMM50	common	True	True
SAMSN1	common	True	True
SAMTOR	common	True	True
SANBR	common	True	True
SAP130	common	True	True
SAP18	common	True	True
SAP25	common	True	True
SAP30	common	True	True
SAP30BP	common	True	True
SAP30L	common	True	True
SAPCD2	common	True	True
SAR1A	common	True	True
SAR1B	common	True	True
SARAF	common	True	True
SARDH	common	True	True
SARM1	common	True	True
SARNP	common	True	True
SARS1	common	True	True
SARS2	common	True	True
SART1	common	True	True
SART3	common	True	True
SASH1	common	True	True
SASS6	common	True	True
SAT1	common	True	True
SAT2	common	True	True
SATB1	common	True	True
SATB2	common	True	True
SAV1	common	True	True
SAXO1	common	True	True
SAXO2	common	True	True
SAXO4	common	True	True
SAXO5	common	True	True
SAYSD1	common	True	True
SBDS	common	True	True
SBF1	common	True	True
SBF2	common	True	True
SBK1	common	True	True
SBNO1	common	True	True
SBNO2	common	True	True
SBSN	common	True	True
SC5D	common	True	True
SCAF1	common	True	True
SCAF11	common	True	True
SCAF4	common	True	True
SCAF8	common	True	True
SCAI	common	True	True
SCAMP1	common	True	True
SCAMP2	common	True	True
SCAMP3	common	True	True
SCAMP4	common	True	True
SCAMP5	common	True	True
SCAND1	common	True	True
SCAND2P	common	True	True
SCAP	common	True	True
SCAPER	common	True	True
SCARA3	common	True	True
SCARB1	common	True	True
SCARB2	common	True	True
SCARF1	common	True	True
SCARF2	common	True	True
SCCPDH	common	True	True
SCD	common	True	True
SCD5	common	True	True
SCFD1	common	True	True
SCFD2	common	True	True
SCG2	common	True	True
SCG5	common	True	True
SCGB1D1	common	True	True
SCGB1D4	common	True	True
SCGB2B2	common	True	True
SCIN	common	True	True
SCLT1	common	True	True
SCLY	common	True	True
SCMH1	common	True	True
SCML1	common	True	True
SCML2	common	True	True
SCN10A	common	True	True
SCN1A	common	True	True
SCN1B	common	True	True
SCN2A	common	True	True
SCN3A	common	True	True
SCN4A	common	True	True
SCN8A	common	True	True
SCN9A	common	True	True
SCNM1	common	True	True
SCNN1A	common	True	True
SCNN1D	common	True	True
SCO1	common	True	True
SCOC	common	True	True
SCP2	common	True	True
SCPEP1	common	True	True
SCRG1	common	True	True
SCRIB	common	True	True
SCRN1	common	True	True
SCRN2	common	True	True
SCRN3	common	True	True
SCRT1	common	True	True
SCRT2	common	True	True
SCUBE1	common	True	True
SCUBE2	common	True	True
SCUBE3	common	True	True
SCX	common	True	True
SCYL1	common	True	True
SCYL2	common	True	True
SCYL3	common	True	True
SDAD1	common	True	True
SDC1	common	True	True
SDC2	common	True	True
SDC3	common	True	True
SDC4	common	True	True
SDCBP	common	True	True
SDCBP2	common	True	True
SDCCAG8	common	True	True
SDE2	common	True	True
SDF2	common	True	True
SDF2L1	common	True	True
SDF4	common	True	True
SDHA	common	True	True
SDHAF1	common	True	True
SDHAF2	common	True	True
SDHAF3	common	True	True
SDHAF4	common	True	True
SDHB	common	True	True
SDHC	common	True	True
SDHD	common	True	True
SDK2	common	True	True
SDR39U1	common	True	True
SDSL	common	True	True
SEC11A	common	True	True
SEC11C	common	True	True
SEC13	common	True	True
SEC14L1	common	True	True
SEC14L2	common	True	True
SEC14L5	common	True	True
SEC14L6	common	True	True
SEC16A	common	True	True
SEC16B	common	True	True
SEC22A	common	True	True
SEC22B	common	True	True
SEC22C	common	True	True
SEC23A	common	True	True
SEC23B	common	True	True
SEC23IP	common	True	True
SEC24A	common	True	True
SEC24B	common	True	True
SEC24C	common	True	True
SEC24D	common	True	True
SEC31A	common	True	True
SEC31B	common	True	True
SEC61A1	common	True	True
SEC61A2	common	True	True
SEC61B	common	True	True
SEC61G	common	True	True
SEC62	common	True	True
SEC63	common	True	True
SECISBP2	common	True	True
SECISBP2L	common	True	True
SECTM1	common	True	True
SEH1L	common	True	True
SEL1L	common	True	True
SEL1L3	common	True	True
SELENOF	common	True	True
SELENOI	common	True	True
SELENOK	common	True	True
SELENOM	common	True	True
SELENON	common	True	True
SELENOO	common	True	True
SELENOP	common	True	True
SELENOS	common	True	True
SELENOT	common	True	True
SELENOV	common	True	True
SELENOW	common	True	True
SELL	common	True	True
SELPLG	common	True	True
SEM1	common	True	True
SEMA3A	common	True	True
SEMA3B	common	True	True
SEMA3C	common	True	True
SEMA3D	common	True	True
SEMA3E	common	True	True
SEMA3G	common	True	True
SEMA4A	common	True	True
SEMA4B	common	True	True
SEMA4C	common	True	True
SEMA4D	common	True	True
SEMA4F	common	True	True
SEMA4G	common	True	True
SEMA5A	common	True	True
SEMA5B	common	True	True
SEMA6A	common	True	True
SEMA6B	common	True	True
SEMA6C	common	True	True
SEMA7A	common	True	True
SENP1	common	True	True
SENP2	common	True	True
SENP3	common	True	True
SENP3-EIF4A1	common	True	True
SENP5	common	True	True
SENP6	common	True	True
SENP7	common	True	True
SENP8	common	True	True
SEPHS1	common	True	True
SEPHS2	common	True	True
SEPSECS	common	True	True
SEPTIN1	common	True	True
SEPTIN10	common	True	True
SEPTIN11	common	True	True
SEPTIN2	common	True	True
SEPTIN3	common	True	True
SEPTIN4	common	True	True
SEPTIN6	common	True	True
SEPTIN7	common	True	True
SEPTIN8	common	True	True
SEPTIN9	common	True	True
SERAC1	common	True	True
SERBP1	common	True	True
SERF1B	common	True	True
SERF2	common	True	True
SERGEF	common	True	True
SERHL	common	True	True
SERHL2	common	True	True
SERINC1	common	True	True
SERINC3	common	True	True
SERINC4	common	True	True
SERINC5	common	True	True
SERP1	common	True	True
SERPINA1	common	True	True
SERPINA10	common	True	True
SERPINA3	common	True	True
SERPINA6	common	True	True
SERPINB1	common	True	True
SERPINB2	common	True	True
SERPINB3	common	True	True
SERPINB4	common	True	True
SERPINB5	common	True	True
SERPINB6	common	True	True
SERPINB7	common	True	True
SERPINB8	common	True	True
SERPINC1	common	True	True
SERPIND1	common	True	True
SERPINE1	common	True	True
SERPINE2	common	True	True
SERPINF1	common	True	True
SERPINF2	common	True	True
SERPING1	common	True	True
SERPINH1	common	True	True
SERPINI1	common	True	True
SERTAD1	common	True	True
SERTAD2	common	True	True
SERTAD3	common	True	True
SERTAD4	common	True	True
SERTM1	common	True	True
SESN1	common	True	True
SESN2	common	True	True
SESN3	common	True	True
SESTD1	common	True	True
SET	common	True	True
SETBP1	common	True	True
SETD1A	common	True	True
SETD1B	common	True	True
SETD2	common	True	True
SETD3	common	True	True
SETD4	common	True	True
SETD5	common	True	True
SETD6	common	True	True
SETD7	common	True	True
SETD9	common	True	True
SETDB1	common	True	True
SETDB2	common	True	True
SETMAR	common	True	True
SETSIP	common	True	True
SETX	common	True	True
SEZ6L	common	True	True
SEZ6L2	common	True	True
SF1	common	True	True
SF3A1	common	True	True
SF3A2	common	True	True
SF3A3	common	True	True
SF3B1	common	True	True
SF3B2	common	True	True
SF3B3	common	True	True
SF3B4	common	True	True
SF3B5	common	True	True
SF3B6	common	True	True
SFI1	common	True	True
SFMBT1	common	True	True
SFMBT2	common	True	True
SFN	common	True	True
SFPQ	common	True	True
SFR1	common	True	True
SFRP2	common	True	True
SFRP4	common	True	True
SFRP5	common	True	True
SFSWAP	common	True	True
SFT2D1	common	True	True
SFT2D2	common	True	True
SFT2D3	common	True	True
SFTPC	common	True	True
SFXN1	common	True	True
SFXN2	common	True	True
SFXN3	common	True	True
SFXN4	common	True	True
SFXN5	common	True	True
SGCA	common	True	True
SGCB	common	True	True
SGCE	common	True	True
SGCG	common	True	True
SGCZ	common	True	True
SGF29	common	True	True
SGIP1	common	True	True
SGK1	common	True	True
SGK3	common	True	True
SGMS1	common	True	True
SGMS2	common	True	True
SGO1	common	True	True
SGO2	common	True	True
SGPL1	common	True	True
SGPP1	common	True	True
SGPP2	common	True	True
SGSH	common	True	True
SGSM1	common	True	True
SGSM2	common	True	True
SGSM3	common	True	True
SGTA	common	True	True
SGTB	common	True	True
SH2B1	common	True	True
SH2B2	common	True	True
SH2B3	common	True	True
SH2D1B	common	True	True
SH2D2A	common	True	True
SH2D3A	common	True	True
SH2D3C	common	True	True
SH2D4A	common	True	True
SH2D5	common	True	True
SH2D6	common	True	True
SH3BGR	common	True	True
SH3BGRL	common	True	True
SH3BGRL2	common	True	True
SH3BGRL3	common	True	True
SH3BP1	common	True	True
SH3BP2	common	True	True
SH3BP4	common	True	True
SH3BP5	common	True	True
SH3BP5L	common	True	True
SH3D19	common	True	True
SH3D21	common	True	True
SH3GL1	common	True	True
SH3GLB1	common	True	True
SH3GLB2	common	True	True
SH3KBP1	common	True	True
SH3PXD2A	common	True	True
SH3PXD2B	common	True	True
SH3RF1	common	True	True
SH3RF2	common	True	True
SH3RF3	common	True	True
SH3TC1	common	True	True
SH3TC2	common	True	True
SH3YL1	common	True	True
SHANK1	common	True	True
SHANK2	common	True	True
SHARPIN	common	True	True
SHB	common	True	True
SHC1	common	True	True
SHC2	common	True	True
SHC3	common	True	True
SHC4	common	True	True
SHCBP1	common	True	True
SHF	common	True	True
SHFL	common	True	True
SHISA2	common	True	True
SHISA3	common	True	True
SHISA4	common	True	True
SHISA5	common	True	True
SHISA6	common	True	True
SHISA7	common	True	True
SHISA8	common	True	True
SHISA9	common	True	True
SHISAL1	common	True	True
SHKBP1	common	True	True
SHLD1	common	True	True
SHLD2	common	True	True
SHMT1	common	True	True
SHMT2	common	True	True
SHOC1	common	True	True
SHOC2	common	True	True
SHOX2	common	True	True
SHPK	common	True	True
SHPRH	common	True	True
SHQ1	common	True	True
SHROOM1	common	True	True
SHROOM2	common	True	True
SHROOM3	common	True	True
SHROOM4	common	True	True
SHTN1	common	True	True
SIAE	common	True	True
SIAH1	common	True	True
SIAH2	common	True	True
SIDT1	common	True	True
SIDT2	common	True	True
SIGIRR	common	True	True
SIGLEC1	common	True	True
SIGLEC10	common	True	True
SIGLEC15	common	True	True
SIGLEC9	common	True	True
SIGLECL1	common	True	True
SIGMAR1	common	True	True
SIK1	common	True	True
SIK2	common	True	True
SIK3	common	True	True
SIKE1	common	True	True
SIL1	common	True	True
SIM1	common	True	True
SIM2	common	True	True
SIMC1	common	True	True
SIN3A	common	True	True
SIN3B	common	True	True
SINHCAF	common	True	True
SIPA1	common	True	True
SIPA1L1	common	True	True
SIPA1L2	common	True	True
SIPA1L3	common	True	True
SIRPA	common	True	True
SIRPB1	common	True	True
SIRPB2	common	True	True
SIRPG	common	True	True
SIRT1	common	True	True
SIRT2	common	True	True
SIRT3	common	True	True
SIRT5	common	True	True
SIRT6	common	True	True
SIRT7	common	True	True
SIT1	common	True	True
SIVA1	common	True	True
SIX1	common	True	True
SIX2	common	True	True
SIX3	common	True	True
SIX4	common	True	True
SIX5	common	True	True
SKA1	common	True	True
SKA2	common	True	True
SKA3	common	True	True
SKAP2	common	True	True
SKI	common	True	True
SKIC2	common	True	True
SKIC3	common	True	True
SKIC8	common	True	True
SKIDA1	common	True	True
SKIL	common	True	True
SKOR1	common	True	True
SKOR2	common	True	True
SKP1	common	True	True
SKP2	common	True	True
SLA	common	True	True
SLAIN1	common	True	True
SLAIN2	common	True	True
SLAMF6	common	True	True
SLAMF7	common	True	True
SLAMF8	common	True	True
SLAMF9	common	True	True
SLBP	common	True	True
SLC10A2	common	True	True
SLC10A3	common	True	True
SLC10A5	common	True	True
SLC10A7	common	True	True
SLC11A1	common	True	True
SLC11A2	common	True	True
SLC12A2	common	True	True
SLC12A4	common	True	True
SLC12A5	common	True	True
SLC12A6	common	True	True
SLC12A7	common	True	True
SLC12A8	common	True	True
SLC12A9	common	True	True
SLC13A2	common	True	True
SLC13A3	common	True	True
SLC13A4	common	True	True
SLC13A5	common	True	True
SLC14A1	common	True	True
SLC14A2	common	True	True
SLC15A2	common	True	True
SLC15A3	common	True	True
SLC15A4	common	True	True
SLC16A1	common	True	True
SLC16A10	common	True	True
SLC16A11	common	True	True
SLC16A12	common	True	True
SLC16A13	common	True	True
SLC16A14	common	True	True
SLC16A2	common	True	True
SLC16A3	common	True	True
SLC16A4	common	True	True
SLC16A5	common	True	True
SLC16A6	common	True	True
SLC16A7	common	True	True
SLC16A8	common	True	True
SLC16A9	common	True	True
SLC17A3	common	True	True
SLC17A5	common	True	True
SLC17A7	common	True	True
SLC18B1	common	True	True
SLC19A1	common	True	True
SLC19A2	common	True	True
SLC19A3	common	True	True
SLC1A1	common	True	True
SLC1A2	common	True	True
SLC1A3	common	True	True
SLC1A4	common	True	True
SLC1A5	common	True	True
SLC1A7	common	True	True
SLC20A1	common	True	True
SLC20A2	common	True	True
SLC22A1	common	True	True
SLC22A13	common	True	True
SLC22A15	common	True	True
SLC22A17	common	True	True
SLC22A2	common	True	True
SLC22A23	common	True	True
SLC22A4	common	True	True
SLC22A5	common	True	True
SLC22A7	common	True	True
SLC23A2	common	True	True
SLC23A3	common	True	True
SLC24A1	common	True	True
SLC24A2	common	True	True
SLC24A3	common	True	True
SLC24A4	common	True	True
SLC25A1	common	True	True
SLC25A10	common	True	True
SLC25A11	common	True	True
SLC25A12	common	True	True
SLC25A13	common	True	True
SLC25A14	common	True	True
SLC25A15	common	True	True
SLC25A16	common	True	True
SLC25A17	common	True	True
SLC25A18	common	True	True
SLC25A19	common	True	True
SLC25A2	common	True	True
SLC25A20	common	True	True
SLC25A22	common	True	True
SLC25A23	common	True	True
SLC25A24	common	True	True
SLC25A25	common	True	True
SLC25A26	common	True	True
SLC25A27	common	True	True
SLC25A28	common	True	True
SLC25A29	common	True	True
SLC25A3	common	True	True
SLC25A30	common	True	True
SLC25A32	common	True	True
SLC25A33	common	True	True
SLC25A35	common	True	True
SLC25A36	common	True	True
SLC25A37	common	True	True
SLC25A38	common	True	True
SLC25A39	common	True	True
SLC25A4	common	True	True
SLC25A40	common	True	True
SLC25A42	common	True	True
SLC25A43	common	True	True
SLC25A44	common	True	True
SLC25A45	common	True	True
SLC25A46	common	True	True
SLC25A47	common	True	True
SLC25A5	common	True	True
SLC25A51	common	True	True
SLC25A52	common	True	True
SLC25A53	common	True	True
SLC25A6	common	True	True
SLC26A1	common	True	True
SLC26A10P	common	True	True
SLC26A11	common	True	True
SLC26A2	common	True	True
SLC26A4	common	True	True
SLC26A6	common	True	True
SLC26A7	common	True	True
SLC26A8	common	True	True
SLC26A9	common	True	True
SLC27A1	common	True	True
SLC27A3	common	True	True
SLC27A4	common	True	True
SLC27A5	common	True	True
SLC28A3	common	True	True
SLC29A1	common	True	True
SLC29A2	common	True	True
SLC29A3	common	True	True
SLC29A4	common	True	True
SLC2A1	common	True	True
SLC2A11	common	True	True
SLC2A12	common	True	True
SLC2A13	common	True	True
SLC2A14	common	True	True
SLC2A3	common	True	True
SLC2A4RG	common	True	True
SLC2A5	common	True	True
SLC2A6	common	True	True
SLC2A8	common	True	True
SLC30A1	common	True	True
SLC30A3	common	True	True
SLC30A4	common	True	True
SLC30A5	common	True	True
SLC30A6	common	True	True
SLC30A7	common	True	True
SLC30A8	common	True	True
SLC30A9	common	True	True
SLC31A1	common	True	True
SLC31A2	common	True	True
SLC32A1	common	True	True
SLC33A1	common	True	True
SLC33A2	common	True	True
SLC35A1	common	True	True
SLC35A2	common	True	True
SLC35A3	common	True	True
SLC35A4	common	True	True
SLC35A5	common	True	True
SLC35B1	common	True	True
SLC35B2	common	True	True
SLC35B3	common	True	True
SLC35B4	common	True	True
SLC35C1	common	True	True
SLC35D1	common	True	True
SLC35D2	common	True	True
SLC35D4	common	True	True
SLC35E1	common	True	True
SLC35E2A	common	True	True
SLC35E2B	common	True	True
SLC35E3	common	True	True
SLC35E4	common	True	True
SLC35F1	common	True	True
SLC35F2	common	True	True
SLC35F4	common	True	True
SLC35F5	common	True	True
SLC35F6	common	True	True
SLC35G1	common	True	True
SLC35G2	common	True	True
SLC35G3	common	True	True
SLC35H1	common	True	True
SLC36A1	common	True	True
SLC36A4	common	True	True
SLC37A1	common	True	True
SLC37A2	common	True	True
SLC37A3	common	True	True
SLC37A4	common	True	True
SLC38A1	common	True	True
SLC38A10	common	True	True
SLC38A12	common	True	True
SLC38A2	common	True	True
SLC38A3	common	True	True
SLC38A4	common	True	True
SLC38A5	common	True	True
SLC38A6	common	True	True
SLC38A7	common	True	True
SLC38A9	common	True	True
SLC39A1	common	True	True
SLC39A10	common	True	True
SLC39A11	common	True	True
SLC39A13	common	True	True
SLC39A14	common	True	True
SLC39A2	common	True	True
SLC39A3	common	True	True
SLC39A4	common	True	True
SLC39A5	common	True	True
SLC39A6	common	True	True
SLC39A7	common	True	True
SLC39A8	common	True	True
SLC39A9	common	True	True
SLC3A1	common	True	True
SLC3A2	common	True	True
SLC41A1	common	True	True
SLC41A2	common	True	True
SLC41A3	common	True	True
SLC43A1	common	True	True
SLC43A2	common	True	True
SLC43A3	common	True	True
SLC44A1	common	True	True
SLC44A2	common	True	True
SLC44A3	common	True	True
SLC44A4	common	True	True
SLC45A1	common	True	True
SLC45A3	common	True	True
SLC45A4	common	True	True
SLC46A1	common	True	True
SLC47A2	common	True	True
SLC48A1	common	True	True
SLC49A4	common	True	True
SLC4A1AP	common	True	True
SLC4A2	common	True	True
SLC4A3	common	True	True
SLC4A4	common	True	True
SLC4A7	common	True	True
SLC4A8	common	True	True
SLC50A1	common	True	True
SLC51B	common	True	True
SLC52A2	common	True	True
SLC5A1	common	True	True
SLC5A10	common	True	True
SLC5A12	common	True	True
SLC5A2	common	True	True
SLC5A3	common	True	True
SLC5A4	common	True	True
SLC5A6	common	True	True
SLC5A7	common	True	True
SLC5A8	common	True	True
SLC60A2	common	True	True
SLC61A1	common	True	True
SLC66A1	common	True	True
SLC66A2	common	True	True
SLC66A3	common	True	True
SLC67A1	common	True	True
SLC67A1-AS	common	True	True
SLC67A2	common	True	True
SLC68A1	common	True	True
SLC6A1	common	True	True
SLC6A11	common	True	True
SLC6A15	common	True	True
SLC6A16	common	True	True
SLC6A17	common	True	True
SLC6A18	common	True	True
SLC6A2	common	True	True
SLC6A3	common	True	True
SLC6A4	common	True	True
SLC6A6	common	True	True
SLC6A8	common	True	True
SLC6A9	common	True	True
SLC71A1	common	True	True
SLC71A2	common	True	True
SLC75A1	common	True	True
SLC7A1	common	True	True
SLC7A10	common	True	True
SLC7A11	common	True	True
SLC7A14	common	True	True
SLC7A2	common	True	True
SLC7A5	common	True	True
SLC7A6	common	True	True
SLC7A6OS	common	True	True
SLC7A7	common	True	True
SLC7A8	common	True	True
SLC8A1	common	True	True
SLC8A2	common	True	True
SLC8A3	common	True	True
SLC8B1	common	True	True
SLC9A1	common	True	True
SLC9A3	common	True	True
SLC9A5	common	True	True
SLC9A6	common	True	True
SLC9A7	common	True	True
SLC9A8	common	True	True
SLC9A9	common	True	True
SLC9B2	common	True	True
SLC9C1	common	True	True
SLC9C2	common	True	True
SLC9D1	common	True	True
SLCO2B1	common	True	True
SLCO3A1	common	True	True
SLCO4A1	common	True	True
SLCO5A1	common	True	True
SLF1	common	True	True
SLF2	common	True	True
SLFN11	common	True	True
SLFN12	common	True	True
SLFN13	common	True	True
SLFN5	common	True	True
SLFNL1	common	True	True
SLIRP	common	True	True
SLIRP-OT1	common	True	True
SLIT1	common	True	True
SLIT3	common	True	True
SLITRK1	common	True	True
SLITRK2	common	True	True
SLITRK3	common	True	True
SLITRK4	common	True	True
SLITRK5	common	True	True
SLITRK6	common	True	True
SLK	common	True	True
SLMAP	common	True	True
SLN	common	True	True
SLTM	common	True	True
SLU7	common	True	True
SLX1A	common	True	True
SLX1A-SULT1A3	common	True	True
SLX4	common	True	True
SLX4IP	common	True	True
SLX9	common	True	True
SMAD1	common	True	True
SMAD2	common	True	True
SMAD3	common	True	True
SMAD4	common	True	True
SMAD5	common	True	True
SMAD6	common	True	True
SMAD7	common	True	True
SMAD9	common	True	True
SMAGP	common	True	True
SMAP1	common	True	True
SMAP2	common	True	True
SMARCA1	common	True	True
SMARCA2	common	True	True
SMARCA4	common	True	True
SMARCA5	common	True	True
SMARCAD1	common	True	True
SMARCAL1	common	True	True
SMARCB1	common	True	True
SMARCC1	common	True	True
SMARCC2	common	True	True
SMARCD1	common	True	True
SMARCD2	common	True	True
SMARCD3	common	True	True
SMARCE1	common	True	True
SMC1A	common	True	True
SMC2	common	True	True
SMC3	common	True	True
SMC4	common	True	True
SMC5	common	True	True
SMC6	common	True	True
SMCHD1	common	True	True
SMCO2	common	True	True
SMCO4	common	True	True
SMCR5	common	True	True
SMCR8	common	True	True
SMDT1	common	True	True
SMG1	common	True	True
SMG5	common	True	True
SMG6	common	True	True
SMG7	common	True	True
SMG8	common	True	True
SMG9	common	True	True
SMIM10	common	True	True
SMIM10L1	common	True	True
SMIM11	common	True	True
SMIM12	common	True	True
SMIM13	common	True	True
SMIM14	common	True	True
SMIM15	common	True	True
SMIM19	common	True	True
SMIM20	common	True	True
SMIM24	common	True	True
SMIM26	common	True	True
SMIM29	common	True	True
SMIM3	common	True	True
SMIM5	common	True	True
SMIM7	common	True	True
SMIM8	common	True	True
SMKR1	common	True	True
SMLR1	common	True	True
SMN1	common	True	True
SMNDC1	common	True	True
SMO	common	True	True
SMOC1	common	True	True
SMOX	common	True	True
SMPD1	common	True	True
SMPD2	common	True	True
SMPD3	common	True	True
SMPD4	common	True	True
SMPDL3A	common	True	True
SMPDL3B	common	True	True
SMS	common	True	True
SMTN	common	True	True
SMTNL2	common	True	True
SMU1	common	True	True
SMUG1	common	True	True
SMURF1	common	True	True
SMURF2	common	True	True
SMYD2	common	True	True
SMYD3	common	True	True
SMYD4	common	True	True
SMYD5	common	True	True
SNAI1	common	True	True
SNAI2	common	True	True
SNAI3	common	True	True
SNAP23	common	True	True
SNAP25	common	True	True
SNAP29	common	True	True
SNAP47	common	True	True
SNAPC1	common	True	True
SNAPC2	common	True	True
SNAPC3	common	True	True
SNAPC4	common	True	True
SNAPC5	common	True	True
SNAPIN	common	True	True
SNCA	common	True	True
SNCB	common	True	True
SNCG	common	True	True
SND1	common	True	True
SNED1	common	True	True
SNF8	common	True	True
SNHG28	common	True	True
SNHG32	common	True	True
SNIP1	common	True	True
SNN	common	True	True
SNORC	common	True	True
SNORD49A	common	True	True
SNORD89	common	True	True
SNPH	common	True	True
SNRK	common	True	True
SNRNP200	common	True	True
SNRNP25	common	True	True
SNRNP27	common	True	True
SNRNP35	common	True	True
SNRNP40	common	True	True
SNRNP48	common	True	True
SNRNP70	common	True	True
SNRPA	common	True	True
SNRPA1	common	True	True
SNRPB	common	True	True
SNRPB2	common	True	True
SNRPC	common	True	True
SNRPD1	common	True	True
SNRPD2	common	True	True
SNRPD3	common	True	True
SNRPE	common	True	True
SNRPF	common	True	True
SNRPG	common	True	True
SNRPN	common	True	True
SNTA1	common	True	True
SNTB1	common	True	True
SNTB2	common	True	True
SNU13	common	True	True
SNUPN	common	True	True
SNW1	common	True	True
SNX1	common	True	True
SNX11	common	True	True
SNX12	common	True	True
SNX13	common	True	True
SNX14	common	True	True
SNX15	common	True	True
SNX16	common	True	True
SNX17	common	True	True
SNX18	common	True	True
SNX19	common	True	True
SNX2	common	True	True
SNX21	common	True	True
SNX22	common	True	True
SNX24	common	True	True
SNX25	common	True	True
SNX27	common	True	True
SNX29	common	True	True
SNX29P2	common	True	True
SNX3	common	True	True
SNX30	common	True	True
SNX31	common	True	True
SNX32	common	True	True
SNX33	common	True	True
SNX4	common	True	True
SNX5	common	True	True
SNX6	common	True	True
SNX7	common	True	True
SNX8	common	True	True
SNX9	common	True	True
SOAT1	common	True	True
SOAT2	common	True	True
SOBP	common	True	True
SOCS1	common	True	True
SOCS2	common	True	True
SOCS3	common	True	True
SOCS4	common	True	True
SOCS5	common	True	True
SOCS6	common	True	True
SOCS7	common	True	True
SOD1	common	True	True
SOD2	common	True	True
SOD3	common	True	True
SOHLH1	common	True	True
SOHLH2	common	True	True
SON	common	True	True
SORBS1	common	True	True
SORBS2	common	True	True
SORBS3	common	True	True
SORCS2	common	True	True
SORD	common	True	True
SORL1	common	True	True
SORT1	common	True	True
SOS1	common	True	True
SOS2	common	True	True
SOST	common	True	True
SOWAHA	common	True	True
SOWAHB	common	True	True
SOWAHC	common	True	True
SOWAHD	common	True	True
SOX1	common	True	True
SOX11	common	True	True
SOX12	common	True	True
SOX13	common	True	True
SOX15	common	True	True
SOX18	common	True	True
SOX2	common	True	True
SOX21	common	True	True
SOX30	common	True	True
SOX4	common	True	True
SOX5	common	True	True
SOX6	common	True	True
SOX7	common	True	True
SOX8	common	True	True
SOX9	common	True	True
SP1	common	True	True
SP100	common	True	True
SP110	common	True	True
SP140	common	True	True
SP140L	common	True	True
SP2	common	True	True
SP3	common	True	True
SP4	common	True	True
SP5	common	True	True
SP6	common	True	True
SP7	common	True	True
SP8	common	True	True
SP9	common	True	True
SPA17	common	True	True
SPACA3	common	True	True
SPACA6	common	True	True
SPACA9	common	True	True
SPACDR	common	True	True
SPAG1	common	True	True
SPAG16	common	True	True
SPAG4	common	True	True
SPAG5	common	True	True
SPAG7	common	True	True
SPAG8	common	True	True
SPAG9	common	True	True
SPARC	common	True	True
SPART	common	True	True
SPAST	common	True	True
SPATA1	common	True	True
SPATA12	common	True	True
SPATA13	common	True	True
SPATA17	common	True	True
SPATA18	common	True	True
SPATA2	common	True	True
SPATA20	common	True	True
SPATA24	common	True	True
SPATA25	common	True	True
SPATA2L	common	True	True
SPATA31A5	common	True	True
SPATA31E1	common	True	True
SPATA31F1	common	True	True
SPATA31H1	common	True	True
SPATA33	common	True	True
SPATA4	common	True	True
SPATA41	common	True	True
SPATA46	common	True	True
SPATA6	common	True	True
SPATA6L	common	True	True
SPATA7	common	True	True
SPATA8	common	True	True
SPATA9	common	True	True
SPATC1L	common	True	True
SPATS1	common	True	True
SPATS2	common	True	True
SPATS2L	common	True	True
SPC24	common	True	True
SPC25	common	True	True
SPCS1	common	True	True
SPCS2	common	True	True
SPCS3	common	True	True
SPDL1	common	True	True
SPDYE1	common	True	True
SPECC1	common	True	True
SPECC1L	common	True	True
SPECC1L-ADORA2A	common	True	True
SPEF1	common	True	True
SPEF2	common	True	True
SPEG	common	True	True
SPEGNB	common	True	True
SPEM1	common	True	True
SPEN	common	True	True
SPG11	common	True	True
SPG21	common	True	True
SPG7	common	True	True
SPHK1	common	True	True
SPHK2	common	True	True
SPHKAP	common	True	True
SPI1	common	True	True
SPICE1	common	True	True
SPIDR	common	True	True
SPIN1	common	True	True
SPIN2A	common	True	True
SPIN2B	common	True	True
SPIN3	common	True	True
SPIN4	common	True	True
SPINDOC	common	True	True
SPINK1	common	True	True
SPINK2	common	True	True
SPINK9	common	True	True
SPINT1	common	True	True
SPINT2	common	True	True
SPIRE1	common	True	True
SPIRE2	common	True	True
SPMAP1	common	True	True
SPMAP2	common	True	True
SPMAP2L	common	True	True
SPMIP1	common	True	True
SPMIP4	common	True	True
SPMIP9	common	True	True
SPN	common	True	True
SPNS1	common	True	True
SPNS2	common	True	True
SPNS3	common	True	True
SPOCD1	common	True	True
SPOCK1	common	True	True
SPOCK2	common	True	True
SPOCK3	common	True	True
SPON1	common	True	True
SPON2	common	True	True
SPOP	common	True	True
SPOPL	common	True	True
SPOUT1	common	True	True
SPP1	common	True	True
SPPL2A	common	True	True
SPPL2B	common	True	True
SPPL3	common	True	True
SPR	common	True	True
SPRED1	common	True	True
SPRED2	common	True	True
SPRED3	common	True	True
SPRING1	common	True	True
SPRN	common	True	True
SPRR2B	common	True	True
SPRR2D	common	True	True
SPRR2E	common	True	True
SPRR2F	common	True	True
SPRTN	common	True	True
SPRY1	common	True	True
SPRY2	common	True	True
SPRY3	common	True	True
SPRY4	common	True	True
SPRYD3	common	True	True
SPRYD4	common	True	True
SPRYD7	common	True	True
SPSB1	common	True	True
SPSB2	common	True	True
SPSB3	common	True	True
SPSB4	common	True	True
SPTA1	common	True	True
SPTAN1	common	True	True
SPTB	common	True	True
SPTBN1	common	True	True
SPTBN2	common	True	True
SPTBN4	common	True	True
SPTBN5	common	True	True
SPTLC1	common	True	True
SPTLC2	common	True	True
SPTLC3	common	True	True
SPTSSA	common	True	True
SPTY2D1	common	True	True
SQLE	common	True	True
SQOR	common	True	True
SQSTM1	common	True	True
SRA1	common	True	True
SRBD1	common	True	True
SRC	common	True	True
SRCIN1	common	True	True
SRD5A1	common	True	True
SRD5A2	common	True	True
SRD5A3	common	True	True
SREBF1	common	True	True
SREBF2	common	True	True
SREK1	common	True	True
SREK1IP1	common	True	True
SRF	common	True	True
SRFBP1	common	True	True
SRGAP1	common	True	True
SRGAP2	common	True	True
SRGAP2B	common	True	True
SRGAP2C	common	True	True
SRGAP3	common	True	True
SRGN	common	True	True
SRI	common	True	True
SRL	common	True	True
SRM	common	True	True
SRMS	common	True	True
SRP14	common	True	True
SRP19	common	True	True
SRP54	common	True	True
SRP68	common	True	True
SRP72	common	True	True
SRP9	common	True	True
SRPK1	common	True	True
SRPK2	common	True	True
SRPK3	common	True	True
SRPRA	common	True	True
SRPRB	common	True	True
SRPX	common	True	True
SRPX2	common	True	True
SRR	common	True	True
SRRD	common	True	True
SRRM1	common	True	True
SRRM2	common	True	True
SRRM3	common	True	True
SRRM4	common	True	True
SRRM5	common	True	True
SRRT	common	True	True
SRSF1	common	True	True
SRSF10	common	True	True
SRSF11	common	True	True
SRSF2	common	True	True
SRSF3	common	True	True
SRSF4	common	True	True
SRSF5	common	True	True
SRSF6	common	True	True
SRSF7	common	True	True
SRSF8	common	True	True
SRSF9	common	True	True
SRXN1	common	True	True
SS18	common	True	True
SS18L1	common	True	True
SS18L2	common	True	True
SSB	common	True	True
SSBP1	common	True	True
SSBP2	common	True	True
SSBP3	common	True	True
SSBP4	common	True	True
SSC4D	common	True	True
SSC5D	common	True	True
SSH1	common	True	True
SSH2	common	True	True
SSH3	common	True	True
SSMEM1	common	True	True
SSNA1	common	True	True
SSPN	common	True	True
SSR1	common	True	True
SSR2	common	True	True
SSR3	common	True	True
SSR4	common	True	True
SSRP1	common	True	True
SSTR2	common	True	True
SSTR3	common	True	True
SSTR4	common	True	True
SSU72	common	True	True
SSX1	common	True	True
SSX2IP	common	True	True
ST13	common	True	True
ST14	common	True	True
ST18	common	True	True
ST20	common	True	True
ST20-AS1	common	True	True
ST20-MTHFS	common	True	True
ST3GAL1	common	True	True
ST3GAL2	common	True	True
ST3GAL3	common	True	True
ST3GAL4	common	True	True
ST3GAL5	common	True	True
ST3GAL6	common	True	True
ST6GAL2	common	True	True
ST6GALNAC1	common	True	True
ST6GALNAC2	common	True	True
ST6GALNAC3	common	True	True
ST6GALNAC4	common	True	True
ST6GALNAC5	common	True	True
ST6GALNAC6	common	True	True
ST7	common	True	True
ST7-AS1	common	True	True
ST7L	common	True	True
ST8SIA1	common	True	True
ST8SIA2	common	True	True
ST8SIA3	common	True	True
ST8SIA4	common	True	True
ST8SIA5	common	True	True
ST8SIA6	common	True	True
STAB1	common	True	True
STAB2	common	True	True
STAC	common	True	True
STAC2	common	True	True
STAC3	common	True	True
STAG1	common	True	True
STAG2	common	True	True
STAG3	common	True	True
STAG3L1	common	True	True
STAG3L2	common	True	True
STAG3L4	common	True	True
STAM	common	True	True
STAM2	common	True	True
STAMBP	common	True	True
STAMBPL1	common	True	True
STAP1	common	True	True
STAP2	common	True	True
STAR	common	True	True
STARD10	common	True	True
STARD13	common	True	True
STARD3	common	True	True
STARD3NL	common	True	True
STARD4	common	True	True
STARD5	common	True	True
STARD7	common	True	True
STARD7-AS1	common	True	True
STARD8	common	True	True
STARD9	common	True	True
STAT1	common	True	True
STAT2	common	True	True
STAT3	common	True	True
STAT4	common	True	True
STAT5A	common	True	True
STAT5B	common	True	True
STAT6	common	True	True
STAU1	common	True	True
STAU2	common	True	True
STC1	common	True	True
STC2	common	True	True
STEAP1	common	True	True
STEAP1B	common	True	True
STEAP2	common	True	True
STEAP3	common	True	True
STEAP4	common	True	True
STEEP1	common	True	True
STIL	common	True	True
STIM1	common	True	True
STIM2	common	True	True
STIMATE-MUSTN1	common	True	True
STING1	common	True	True
STIP1	common	True	True
STK10	common	True	True
STK11	common	True	True
STK11IP	common	True	True
STK16	common	True	True
STK17A	common	True	True
STK17B	common	True	True
STK24	common	True	True
STK25	common	True	True
STK26	common	True	True
STK3	common	True	True
STK32A	common	True	True
STK32C	common	True	True
STK33	common	True	True
STK35	common	True	True
STK36	common	True	True
STK38	common	True	True
STK38L	common	True	True
STK39	common	True	True
STK4	common	True	True
STK40	common	True	True
STMN1	common	True	True
STMN3	common	True	True
STMN4	common	True	True
STMP1	common	True	True
STN1	common	True	True
STOM	common	True	True
STOML1	common	True	True
STOML2	common	True	True
STON2	common	True	True
STOX1	common	True	True
STOX2	common	True	True
STPG1	common	True	True
STPG2	common	True	True
STPG3	common	True	True
STPG4	common	True	True
STRA6	common	True	True
STRADA	common	True	True
STRADB	common	True	True
STRAP	common	True	True
STRBP	common	True	True
STRIP1	common	True	True
STRIP2	common	True	True
STRN	common	True	True
STRN3	common	True	True
STRN4	common	True	True
STS	common	True	True
STT3A	common	True	True
STT3B	common	True	True
STUB1	common	True	True
STUM	common	True	True
STX10	common	True	True
STX11	common	True	True
STX12	common	True	True
STX16	common	True	True
STX16-NPEPL1	common	True	True
STX17	common	True	True
STX18	common	True	True
STX1A	common	True	True
STX1B	common	True	True
STX2	common	True	True
STX3	common	True	True
STX4	common	True	True
STX5	common	True	True
STX6	common	True	True
STX7	common	True	True
STX8	common	True	True
STXBP1	common	True	True
STXBP2	common	True	True
STXBP3	common	True	True
STXBP4	common	True	True
STXBP5	common	True	True
STXBP5L	common	True	True
STXBP6	common	True	True
STYK1	common	True	True
STYX	common	True	True
STYXL1	common	True	True
STYXL2	common	True	True
SUB1	common	True	True
SUCLA2	common	True	True
SUCLG1	common	True	True
SUCLG2	common	True	True
SUCO	common	True	True
SUDS3	common	True	True
SUFU	common	True	True
SUGCT	common	True	True
SUGP1	common	True	True
SUGP2	common	True	True
SUGT1	common	True	True
SULF2	common	True	True
SULT1A1	common	True	True
SULT1A2	common	True	True
SULT1A4	common	True	True
SULT1B1	common	True	True
SULT1C2	common	True	True
SULT1E1	common	True	True
SULT2B1	common	True	True
SUMF1	common	True	True
SUMF2	common	True	True
SUMO1	common	True	True
SUMO2	common	True	True
SUMO3	common	True	True
SUMO4	common	True	True
SUN1	common	True	True
SUN2	common	True	True
SUN3	common	True	True
SUOX	common	True	True
SUPT16H	common	True	True
SUPT20H	common	True	True
SUPT20HL1	common	True	True
SUPT20HL2	common	True	True
SUPT3H	common	True	True
SUPT4H1	common	True	True
SUPT5H	common	True	True
SUPT6H	common	True	True
SUPT7L	common	True	True
SUPV3L1	common	True	True
SURF1	common	True	True
SURF2	common	True	True
SURF4	common	True	True
SURF6	common	True	True
SUSD1	common	True	True
SUSD2	common	True	True
SUSD4	common	True	True
SUSD6	common	True	True
SUV39H1	common	True	True
SUV39H2	common	True	True
SUZ12	common	True	True
SV2A	common	True	True
SVBP	common	True	True
SVEP1	common	True	True
SVIL	common	True	True
SVIP	common	True	True
SVOP	common	True	True
SWAP70	common	True	True
SWI5	common	True	True
SWSAP1	common	True	True
SWT1	common	True	True
SYAP1	common	True	True
SYBU	common	True	True
SYCE1L	common	True	True
SYCE2	common	True	True
SYCE3	common	True	True
SYCP3	common	True	True
SYDE1	common	True	True
SYDE2	common	True	True
SYF2	common	True	True
SYMPK	common	True	True
SYN1	common	True	True
SYN2	common	True	True
SYN3	common	True	True
SYNC	common	True	True
SYNCRIP	common	True	True
SYNDIG1L	common	True	True
SYNE1	common	True	True
SYNE2	common	True	True
SYNE3	common	True	True
SYNGAP1	common	True	True
SYNGR1	common	True	True
SYNGR2	common	True	True
SYNJ1	common	True	True
SYNJ2	common	True	True
SYNJ2BP-COX16	common	True	True
SYNM	common	True	True
SYNPO	common	True	True
SYNPO2	common	True	True
SYNPR	common	True	True
SYNRG	common	True	True
SYP	common	True	True
SYPL1	common	True	True
SYPL2	common	True	True
SYS1	common	True	True
SYS1-DBNDD2	common	True	True
SYT1	common	True	True
SYT11	common	True	True
SYT12	common	True	True
SYT13	common	True	True
SYT14	common	True	True
SYT15	common	True	True
SYT2	common	True	True
SYT3	common	True	True
SYT4	common	True	True
SYT5	common	True	True
SYT6	common	True	True
SYT7	common	True	True
SYT8	common	True	True
SYTL1	common	True	True
SYTL2	common	True	True
SYTL3	common	True	True
SYTL4	common	True	True
SYTL5	common	True	True
SYVN1	common	True	True
SZRD1	common	True	True
SZT2	common	True	True
TAB1	common	True	True
TAB2	common	True	True
TAB3	common	True	True
TACC1	common	True	True
TACC2	common	True	True
TACC3	common	True	True
TACO1	common	True	True
TACR1	common	True	True
TACR2	common	True	True
TACSTD2	common	True	True
TADA1	common	True	True
TADA2A	common	True	True
TADA2B	common	True	True
TADA3	common	True	True
TAF1	common	True	True
TAF10	common	True	True
TAF11	common	True	True
TAF12	common	True	True
TAF13	common	True	True
TAF15	common	True	True
TAF1A	common	True	True
TAF1B	common	True	True
TAF1C	common	True	True
TAF1D	common	True	True
TAF1L	common	True	True
TAF2	common	True	True
TAF3	common	True	True
TAF4	common	True	True
TAF4B	common	True	True
TAF5	common	True	True
TAF5L	common	True	True
TAF6	common	True	True
TAF6L	common	True	True
TAF7	common	True	True
TAF7L	common	True	True
TAF8	common	True	True
TAF9	common	True	True
TAF9B	common	True	True
TAFA2	common	True	True
TAFA3	common	True	True
TAFA5	common	True	True
TAFAZZIN	common	True	True
TAGAP	common	True	True
TAGLN	common	True	True
TAGLN2	common	True	True
TAGLN3	common	True	True
TAL1	common	True	True
TALDO1	common	True	True
TAMALIN	common	True	True
TAMM41	common	True	True
TANC1	common	True	True
TANC2	common	True	True
TANGO2	common	True	True
TANGO6	common	True	True
TANK	common	True	True
TAOK1	common	True	True
TAOK2	common	True	True
TAOK3	common	True	True
TAP1	common	True	True
TAP2	common	True	True
TAPBP	common	True	True
TAPBPL	common	True	True
TAPT1	common	True	True
TARBP1	common	True	True
TARBP2	common	True	True
TARDBP	common	True	True
TARS1	common	True	True
TARS2	common	True	True
TARS3	common	True	True
TAS2R1	common	True	True
TAS2R13	common	True	True
TAS2R14	common	True	True
TAS2R19	common	True	True
TAS2R20	common	True	True
TAS2R3	common	True	True
TAS2R30	common	True	True
TAS2R31	common	True	True
TAS2R4	common	True	True
TAS2R46	common	True	True
TAS2R5	common	True	True
TAS2R50	common	True	True
TAS2R7	common	True	True
TASOR	common	True	True
TASOR2	common	True	True
TASP1	common	True	True
TATDN1	common	True	True
TATDN2	common	True	True
TATDN3	common	True	True
TAX1BP1	common	True	True
TAX1BP3	common	True	True
TBC1D1	common	True	True
TBC1D10A	common	True	True
TBC1D10B	common	True	True
TBC1D12	common	True	True
TBC1D13	common	True	True
TBC1D14	common	True	True
TBC1D15	common	True	True
TBC1D16	common	True	True
TBC1D17	common	True	True
TBC1D19	common	True	True
TBC1D2	common	True	True
TBC1D20	common	True	True
TBC1D22A	common	True	True
TBC1D22B	common	True	True
TBC1D23	common	True	True
TBC1D24	common	True	True
TBC1D25	common	True	True
TBC1D2B	common	True	True
TBC1D30	common	True	True
TBC1D31	common	True	True
TBC1D32	common	True	True
TBC1D3L	common	True	True
TBC1D3P1-DHX40P1	common	True	True
TBC1D3P5	common	True	True
TBC1D4	common	True	True
TBC1D5	common	True	True
TBC1D7	common	True	True
TBC1D8	common	True	True
TBC1D8B	common	True	True
TBC1D9	common	True	True
TBC1D9B	common	True	True
TBCA	common	True	True
TBCB	common	True	True
TBCC	common	True	True
TBCCD1	common	True	True
TBCD	common	True	True
TBCE	common	True	True
TBCEL	common	True	True
TBCK	common	True	True
TBK1	common	True	True
TBKBP1	common	True	True
TBL1X	common	True	True
TBL1XR1	common	True	True
TBL2	common	True	True
TBL3	common	True	True
TBP	common	True	True
TBPL1	common	True	True
TBPL2	common	True	True
TBR1	common	True	True
TBRG1	common	True	True
TBRG4	common	True	True
TBX1	common	True	True
TBX15	common	True	True
TBX18	common	True	True
TBX19	common	True	True
TBX2	common	True	True
TBX3	common	True	True
TBX4	common	True	True
TBX5	common	True	True
TBX6	common	True	True
TBXA2R	common	True	True
TBXAS1	common	True	True
TBXT	common	True	True
TC2N	common	True	True
TCAF1	common	True	True
TCAF2	common	True	True
TCAIM	common	True	True
TCEA1	common	True	True
TCEA2	common	True	True
TCEA3	common	True	True
TCEAL1	common	True	True
TCEAL3	common	True	True
TCEAL4	common	True	True
TCEAL6	common	True	True
TCEAL7	common	True	True
TCEAL8	common	True	True
TCEAL9	common	True	True
TCEANC	common	True	True
TCEANC2	common	True	True
TCERG1	common	True	True
TCERG1L	common	True	True
TCF12	common	True	True
TCF12-DT	common	True	True
TCF15	common	True	True
TCF19	common	True	True
TCF20	common	True	True
TCF21	common	True	True
TCF24	common	True	True
TCF25	common	True	True
TCF3	common	True	True
TCF4	common	True	True
TCF7	common	True	True
TCF7L1	common	True	True
TCF7L2	common	True	True
TCFL5	common	True	True
TCHH	common	True	True
TCHP	common	True	True
TCIM	common	True	True
TCIRG1	common	True	True
TCN2	common	True	True
TCOF1	common	True	True
TCP1	common	True	True
TCP10L	common	True	True
TCP10L3	common	True	True
TCP11	common	True	True
TCP11L1	common	True	True
TCP11L2	common	True	True
TCTA	common	True	True
TCTN1	common	True	True
TCTN2	common	True	True
TCTN3	common	True	True
TDG	common	True	True
TDO2	common	True	True
TDP1	common	True	True
TDP2	common	True	True
TDRD12	common	True	True
TDRD3	common	True	True
TDRD5	common	True	True
TDRD7	common	True	True
TDRD9	common	True	True
TDRKH	common	True	True
TDRP	common	True	True
TEAD1	common	True	True
TEAD2	common	True	True
TEAD3	common	True	True
TEAD4	common	True	True
TEC	common	True	True
TECPR1	common	True	True
TECPR2	common	True	True
TECR	common	True	True
TECTA	common	True	True
TECTB	common	True	True
TEDC1	common	True	True
TEDC2	common	True	True
TEF	common	True	True
TEFM	common	True	True
TEK	common	True	True
TEKT1	common	True	True
TEKT4	common	True	True
TEKT4P2	common	True	True
TEKT5	common	True	True
TEKTIP1	common	True	True
TELO2	common	True	True
TEN1	common	True	True
TENM1	common	True	True
TENM2	common	True	True
TENM3	common	True	True
TENM4	common	True	True
TENT2	common	True	True
TENT4A	common	True	True
TENT4B	common	True	True
TENT5A	common	True	True
TENT5B	common	True	True
TENT5C	common	True	True
TEP1	common	True	True
TEPSIN	common	True	True
TERF1	common	True	True
TERF2	common	True	True
TERF2IP	common	True	True
TERT	common	True	True
TES	common	True	True
TESK1	common	True	True
TESK2	common	True	True
TESPA1	common	True	True
TET1	common	True	True
TET2	common	True	True
TET3	common	True	True
TEX10	common	True	True
TEX101	common	True	True
TEX13B	common	True	True
TEX15	common	True	True
TEX2	common	True	True
TEX22	common	True	True
TEX261	common	True	True
TEX264	common	True	True
TEX29	common	True	True
TEX30	common	True	True
TEX56P	common	True	True
TEX9	common	True	True
TFAM	common	True	True
TFAP2A	common	True	True
TFAP2B	common	True	True
TFAP2C	common	True	True
TFAP2E	common	True	True
TFAP4	common	True	True
TFB1M	common	True	True
TFB2M	common	True	True
TFCP2	common	True	True
TFCP2L1	common	True	True
TFDP1	common	True	True
TFDP2	common	True	True
TFE3	common	True	True
TFEB	common	True	True
TFEC	common	True	True
TFF3	common	True	True
TFG	common	True	True
TFIP11	common	True	True
TFPI	common	True	True
TFPI2	common	True	True
TFPT	common	True	True
TFR2	common	True	True
TFRC	common	True	True
TG	common	True	True
TGDS	common	True	True
TGFA	common	True	True
TGFB1	common	True	True
TGFB1I1	common	True	True
TGFB2	common	True	True
TGFB3	common	True	True
TGFBI	common	True	True
TGFBR1	common	True	True
TGFBR2	common	True	True
TGFBR3	common	True	True
TGFBR3L	common	True	True
TGFBRAP1	common	True	True
TGIF1	common	True	True
TGIF2	common	True	True
TGM1	common	True	True
TGM2	common	True	True
TGM6	common	True	True
TGM7	common	True	True
TGOLN2	common	True	True
TGS1	common	True	True
TH	common	True	True
THADA	common	True	True
THAP1	common	True	True
THAP10	common	True	True
THAP11	common	True	True
THAP12	common	True	True
THAP2	common	True	True
THAP3	common	True	True
THAP4	common	True	True
THAP5	common	True	True
THAP6	common	True	True
THAP7	common	True	True
THAP7-AS1	common	True	True
THAP8	common	True	True
THAP9	common	True	True
THAP9-AS1	common	True	True
THBD	common	True	True
THBS1	common	True	True
THBS2	common	True	True
THBS3	common	True	True
THBS4	common	True	True
THEM4	common	True	True
THEM6	common	True	True
THEMIS	common	True	True
THEMIS2	common	True	True
THG1L	common	True	True
THNSL1	common	True	True
THOC1	common	True	True
THOC2	common	True	True
THOC3	common	True	True
THOC5	common	True	True
THOC6	common	True	True
THOC7	common	True	True
THOP1	common	True	True
THRA	common	True	True
THRAP3	common	True	True
THRB	common	True	True
THSD1	common	True	True
THSD4	common	True	True
THSD7A	common	True	True
THSD7B	common	True	True
THTPA	common	True	True
THUMPD1	common	True	True
THUMPD2	common	True	True
THUMPD3	common	True	True
THUMPD3-AS1	common	True	True
THYN1	common	True	True
TIA1	common	True	True
TIAL1	common	True	True
TIAM1	common	True	True
TIAM2	common	True	True
TICAM1	common	True	True
TICRR	common	True	True
TIFA	common	True	True
TIGAR	common	True	True
TIGD1	common	True	True
TIGD2	common	True	True
TIGD3	common	True	True
TIGD4	common	True	True
TIGD5	common	True	True
TIGD6	common	True	True
TIGD7	common	True	True
TIGIT	common	True	True
TIMELESS	common	True	True
TIMM10	common	True	True
TIMM10B	common	True	True
TIMM13	common	True	True
TIMM17A	common	True	True
TIMM17B	common	True	True
TIMM21	common	True	True
TIMM22	common	True	True
TIMM23	common	True	True
TIMM23B	common	True	True
TIMM29	common	True	True
TIMM44	common	True	True
TIMM50	common	True	True
TIMM8A	common	True	True
TIMM8B	common	True	True
TIMM9	common	True	True
TIMMDC1	common	True	True
TIMP1	common	True	True
TIMP4	common	True	True
TINAGL1	common	True	True
TINF2	common	True	True
TIPARP	common	True	True
TIPIN	common	True	True
TIPRL	common	True	True
TIRAP	common	True	True
TJAP1	common	True	True
TJP1	common	True	True
TJP2	common	True	True
TK1	common	True	True
TK2	common	True	True
TKFC	common	True	True
TKT	common	True	True
TLCD1	common	True	True
TLCD2	common	True	True
TLCD3A	common	True	True
TLCD3B	common	True	True
TLCD5	common	True	True
TLDC2	common	True	True
TLE1	common	True	True
TLE2	common	True	True
TLE3	common	True	True
TLE4	common	True	True
TLE5	common	True	True
TLE6	common	True	True
TLK1	common	True	True
TLK2	common	True	True
TLL1	common	True	True
TLL2	common	True	True
TLN1	common	True	True
TLN2	common	True	True
TLNRD1	common	True	True
TLR1	common	True	True
TLR10	common	True	True
TLR3	common	True	True
TLR6	common	True	True
TLX1	common	True	True
TLX2	common	True	True
TLX3	common	True	True
TM2D1	common	True	True
TM2D2	common	True	True
TM2D3	common	True	True
TM4SF1	common	True	True
TM4SF1-AS1	common	True	True
TM4SF18	common	True	True
TM4SF19	common	True	True
TM4SF19-AS1	common	True	True
TM4SF19-DYNLT2B	common	True	True
TM6SF2	common	True	True
TM7SF2	common	True	True
TM7SF3	common	True	True
TM9SF1	common	True	True
TM9SF2	common	True	True
TM9SF3	common	True	True
TM9SF4	common	True	True
TMA16	common	True	True
TMA7	common	True	True
TMBIM1	common	True	True
TMBIM4	common	True	True
TMBIM6	common	True	True
TMC3	common	True	True
TMC4	common	True	True
TMC6	common	True	True
TMC7	common	True	True
TMC8	common	True	True
TMCC1	common	True	True
TMCC2	common	True	True
TMCC3	common	True	True
TMCO1	common	True	True
TMCO4	common	True	True
TMCO6	common	True	True
TMED1	common	True	True
TMED10	common	True	True
TMED2	common	True	True
TMED3	common	True	True
TMED4	common	True	True
TMED5	common	True	True
TMED7-TICAM2	common	True	True
TMED8	common	True	True
TMED9	common	True	True
TMEFF1	common	True	True
TMEFF2	common	True	True
TMEM100	common	True	True
TMEM101	common	True	True
TMEM102	common	True	True
TMEM106A	common	True	True
TMEM106B	common	True	True
TMEM106C	common	True	True
TMEM107	common	True	True
TMEM108	common	True	True
TMEM109	common	True	True
TMEM11	common	True	True
TMEM115	common	True	True
TMEM116	common	True	True
TMEM117	common	True	True
TMEM119	common	True	True
TMEM120A	common	True	True
TMEM120B	common	True	True
TMEM121	common	True	True
TMEM121B	common	True	True
TMEM123	common	True	True
TMEM126A	common	True	True
TMEM126B	common	True	True
TMEM127	common	True	True
TMEM128	common	True	True
TMEM129	common	True	True
TMEM130	common	True	True
TMEM131	common	True	True
TMEM131L	common	True	True
TMEM132A	common	True	True
TMEM132B	common	True	True
TMEM132C	common	True	True
TMEM132E	common	True	True
TMEM132E-DT	common	True	True
TMEM134	common	True	True
TMEM135	common	True	True
TMEM138	common	True	True
TMEM140	common	True	True
TMEM141	common	True	True
TMEM143	common	True	True
TMEM144	common	True	True
TMEM145	common	True	True
TMEM147	common	True	True
TMEM147-AS1	common	True	True
TMEM14A	common	True	True
TMEM14B	common	True	True
TMEM14C	common	True	True
TMEM150A	common	True	True
TMEM151A	common	True	True
TMEM151B	common	True	True
TMEM154	common	True	True
TMEM156	common	True	True
TMEM158	common	True	True
TMEM160	common	True	True
TMEM161A	common	True	True
TMEM161B	common	True	True
TMEM164	common	True	True
TMEM165	common	True	True
TMEM167A	common	True	True
TMEM167B	common	True	True
TMEM168	common	True	True
TMEM169	common	True	True
TMEM17	common	True	True
TMEM170A	common	True	True
TMEM170B	common	True	True
TMEM171	common	True	True
TMEM175	common	True	True
TMEM176A	common	True	True
TMEM177	common	True	True
TMEM178B	common	True	True
TMEM179	common	True	True
TMEM179B	common	True	True
TMEM18	common	True	True
TMEM181	common	True	True
TMEM182	common	True	True
TMEM183A	common	True	True
TMEM183BP	common	True	True
TMEM184A	common	True	True
TMEM184B	common	True	True
TMEM184C	common	True	True
TMEM185A	common	True	True
TMEM185B	common	True	True
TMEM186	common	True	True
TMEM187	common	True	True
TMEM19	common	True	True
TMEM191B	common	True	True
TMEM191C	common	True	True
TMEM192	common	True	True
TMEM198	common	True	True
TMEM200A	common	True	True
TMEM200B	common	True	True
TMEM200C	common	True	True
TMEM201	common	True	True
TMEM203	common	True	True
TMEM205	common	True	True
TMEM208	common	True	True
TMEM209	common	True	True
TMEM212	common	True	True
TMEM214	common	True	True
TMEM216	common	True	True
TMEM217	common	True	True
TMEM218	common	True	True
TMEM219	common	True	True
TMEM220	common	True	True
TMEM221	common	True	True
TMEM222	common	True	True
TMEM223	common	True	True
TMEM225B	common	True	True
TMEM229B	common	True	True
TMEM230	common	True	True
TMEM231	common	True	True
TMEM232	common	True	True
TMEM233	common	True	True
TMEM234	common	True	True
TMEM235	common	True	True
TMEM236	common	True	True
TMEM237	common	True	True
TMEM238	common	True	True
TMEM240	common	True	True
TMEM242	common	True	True
TMEM243	common	True	True
TMEM244	common	True	True
TMEM245	common	True	True
TMEM248	common	True	True
TMEM250	common	True	True
TMEM253	common	True	True
TMEM254	common	True	True
TMEM255A	common	True	True
TMEM255B	common	True	True
TMEM258	common	True	True
TMEM259	common	True	True
TMEM260	common	True	True
TMEM263	common	True	True
TMEM266	common	True	True
TMEM267	common	True	True
TMEM268	common	True	True
TMEM269	common	True	True
TMEM273	common	True	True
TMEM278	common	True	True
TMEM33	common	True	True
TMEM35A	common	True	True
TMEM35B	common	True	True
TMEM37	common	True	True
TMEM38A	common	True	True
TMEM38B	common	True	True
TMEM39A	common	True	True
TMEM39B	common	True	True
TMEM41A	common	True	True
TMEM41B	common	True	True
TMEM42	common	True	True
TMEM43	common	True	True
TMEM44	common	True	True
TMEM45A	common	True	True
TMEM47	common	True	True
TMEM50A	common	True	True
TMEM50B	common	True	True
TMEM51	common	True	True
TMEM52B	common	True	True
TMEM53	common	True	True
TMEM54	common	True	True
TMEM59	common	True	True
TMEM60	common	True	True
TMEM62	common	True	True
TMEM63A	common	True	True
TMEM63B	common	True	True
TMEM63C	common	True	True
TMEM64	common	True	True
TMEM65	common	True	True
TMEM67	common	True	True
TMEM68	common	True	True
TMEM69	common	True	True
TMEM70	common	True	True
TMEM71	common	True	True
TMEM74	common	True	True
TMEM79	common	True	True
TMEM80	common	True	True
TMEM81	common	True	True
TMEM86A	common	True	True
TMEM86B	common	True	True
TMEM87A	common	True	True
TMEM87B	common	True	True
TMEM88	common	True	True
TMEM8B	common	True	True
TMEM9	common	True	True
TMEM91	common	True	True
TMEM92	common	True	True
TMEM94	common	True	True
TMEM97	common	True	True
TMEM98	common	True	True
TMEM9B	common	True	True
TMF1	common	True	True
TMLHE	common	True	True
TMLHE-AS1	common	True	True
TMOD1	common	True	True
TMOD2	common	True	True
TMOD3	common	True	True
TMPO	common	True	True
TMPRSS11E	common	True	True
TMPRSS12	common	True	True
TMPRSS15	common	True	True
TMPRSS2	common	True	True
TMPRSS5	common	True	True
TMSB10	common	True	True
TMSB15A	common	True	True
TMSB15B	common	True	True
TMSB4X	common	True	True
TMSB4Y	common	True	True
TMT1A	common	True	True
TMT1B	common	True	True
TMTC1	common	True	True
TMTC2	common	True	True
TMTC3	common	True	True
TMTC4	common	True	True
TMUB1	common	True	True
TMUB2	common	True	True
TMX1	common	True	True
TMX2	common	True	True
TMX3	common	True	True
TMX4	common	True	True
TNC	common	True	True
TNFAIP1	common	True	True
TNFAIP2	common	True	True
TNFAIP3	common	True	True
TNFAIP6	common	True	True
TNFAIP8	common	True	True
TNFAIP8L1	common	True	True
TNFAIP8L3	common	True	True
TNFRSF10B	common	True	True
TNFRSF10C	common	True	True
TNFRSF10D	common	True	True
TNFRSF11A	common	True	True
TNFRSF11B	common	True	True
TNFRSF12A	common	True	True
TNFRSF13C	common	True	True
TNFRSF14	common	True	True
TNFRSF14-AS1	common	True	True
TNFRSF19	common	True	True
TNFRSF1A	common	True	True
TNFRSF1B	common	True	True
TNFRSF21	common	True	True
TNFRSF25	common	True	True
TNFRSF8	common	True	True
TNFRSF9	common	True	True
TNFSF12	common	True	True
TNFSF12-TNFSF13	common	True	True
TNFSF13	common	True	True
TNFSF13B	common	True	True
TNFSF14	common	True	True
TNFSF4	common	True	True
TNFSF9	common	True	True
TNIK	common	True	True
TNIP1	common	True	True
TNIP2	common	True	True
TNIP3	common	True	True
TNK2	common	True	True
TNKS	common	True	True
TNKS1BP1	common	True	True
TNKS2	common	True	True
TNNC2	common	True	True
TNNI1	common	True	True
TNNI3	common	True	True
TNNT1	common	True	True
TNNT2	common	True	True
TNPO1	common	True	True
TNPO2	common	True	True
TNPO3	common	True	True
TNR	common	True	True
TNRC18	common	True	True
TNRC6A	common	True	True
TNRC6B	common	True	True
TNRC6C	common	True	True
TNS2	common	True	True
TNS3	common	True	True
TNXA	common	True	True
TNXB	common	True	True
TOB1	common	True	True
TOB2	common	True	True
TOE1	common	True	True
TOGARAM1	common	True	True
TOGARAM2	common	True	True
TOLLIP	common	True	True
TOM1	common	True	True
TOM1L1	common	True	True
TOM1L2	common	True	True
TOMM20	common	True	True
TOMM22	common	True	True
TOMM34	common	True	True
TOMM40	common	True	True
TOMM40L	common	True	True
TOMM5	common	True	True
TOMM6	common	True	True
TOMM7	common	True	True
TOMM70	common	True	True
TONSL	common	True	True
TOP1	common	True	True
TOP1MT	common	True	True
TOP2A	common	True	True
TOP2B	common	True	True
TOP3A	common	True	True
TOP3B	common	True	True
TOPAZ1	common	True	True
TOPBP1	common	True	True
TOPORS	common	True	True
TOR1A	common	True	True
TOR1AIP1	common	True	True
TOR1AIP2	common	True	True
TOR1B	common	True	True
TOR2A	common	True	True
TOR3A	common	True	True
TOR4A	common	True	True
TOX	common	True	True
TOX2	common	True	True
TOX4	common	True	True
TP53	common	True	True
TP53AIP1	common	True	True
TP53BP1	common	True	True
TP53BP2	common	True	True
TP53I11	common	True	True
TP53I13	common	True	True
TP53I3	common	True	True
TP53INP1	common	True	True
TP53INP2	common	True	True
TP53TG5	common	True	True
TP63	common	True	True
TP73	common	True	True
TPBG	common	True	True
TPBGL	common	True	True
TPCN1	common	True	True
TPCN2	common	True	True
TPD52	common	True	True
TPD52L1	common	True	True
TPD52L2	common	True	True
TPGS1	common	True	True
TPGS2	common	True	True
TPH1	common	True	True
TPI1	common	True	True
TPK1	common	True	True
TPM1	common	True	True
TPM2	common	True	True
TPM3	common	True	True
TPM4	common	True	True
TPMT	common	True	True
TPP1	common	True	True
TPP2	common	True	True
TPPP	common	True	True
TPPP3	common	True	True
TPR	common	True	True
TPRA1	common	True	True
TPRG1	common	True	True
TPRG1L	common	True	True
TPRKB	common	True	True
TPRN	common	True	True
TPRXL	common	True	True
TPST1	common	True	True
TPST2	common	True	True
TPT1	common	True	True
TPTE	common	True	True
TPX2	common	True	True
TRA2A	common	True	True
TRA2B	common	True	True
TRABD	common	True	True
TRABD2A	common	True	True
TRABD2B	common	True	True
TRADD	common	True	True
TRAF1	common	True	True
TRAF2	common	True	True
TRAF3	common	True	True
TRAF3IP1	common	True	True
TRAF3IP2	common	True	True
TRAF3IP3	common	True	True
TRAF4	common	True	True
TRAF5	common	True	True
TRAF6	common	True	True
TRAF7	common	True	True
TRAFD1	common	True	True
TRAIP	common	True	True
TRAK1	common	True	True
TRAK2	common	True	True
TRAM1	common	True	True
TRAM1L1	common	True	True
TRAM2	common	True	True
TRANK1	common	True	True
TRAP1	common	True	True
TRAPPC1	common	True	True
TRAPPC10	common	True	True
TRAPPC11	common	True	True
TRAPPC12	common	True	True
TRAPPC13	common	True	True
TRAPPC14	common	True	True
TRAPPC2	common	True	True
TRAPPC2L	common	True	True
TRAPPC3	common	True	True
TRAPPC3L	common	True	True
TRAPPC4	common	True	True
TRAPPC5	common	True	True
TRAPPC6A	common	True	True
TRAPPC6B	common	True	True
TRAPPC8	common	True	True
TRAPPC9	common	True	True
TRARG1	common	True	True
TRDMT1	common	True	True
TRDN	common	True	True
TREM1	common	True	True
TREM2	common	True	True
TRERF1	common	True	True
TRHDE-AS1	common	True	True
TRIAP1	common	True	True
TRIB1	common	True	True
TRIB2	common	True	True
TRIB3	common	True	True
TRIL	common	True	True
TRIM10	common	True	True
TRIM11	common	True	True
TRIM13	common	True	True
TRIM14	common	True	True
TRIM15	common	True	True
TRIM16	common	True	True
TRIM16L	common	True	True
TRIM17	common	True	True
TRIM2	common	True	True
TRIM21	common	True	True
TRIM22	common	True	True
TRIM23	common	True	True
TRIM24	common	True	True
TRIM25	common	True	True
TRIM26	common	True	True
TRIM27	common	True	True
TRIM28	common	True	True
TRIM29	common	True	True
TRIM3	common	True	True
TRIM32	common	True	True
TRIM33	common	True	True
TRIM34	common	True	True
TRIM35	common	True	True
TRIM36	common	True	True
TRIM37	common	True	True
TRIM38	common	True	True
TRIM39	common	True	True
TRIM39-RPP21	common	True	True
TRIM4	common	True	True
TRIM40	common	True	True
TRIM41	common	True	True
TRIM44	common	True	True
TRIM45	common	True	True
TRIM46	common	True	True
TRIM47	common	True	True
TRIM49	common	True	True
TRIM49D2	common	True	True
TRIM5	common	True	True
TRIM51	common	True	True
TRIM52	common	True	True
TRIM54	common	True	True
TRIM55	common	True	True
TRIM56	common	True	True
TRIM59	common	True	True
TRIM6	common	True	True
TRIM6-TRIM34	common	True	True
TRIM62	common	True	True
TRIM65	common	True	True
TRIM66	common	True	True
TRIM67	common	True	True
TRIM68	common	True	True
TRIM69	common	True	True
TRIM7	common	True	True
TRIM71	common	True	True
TRIM72	common	True	True
TRIM73	common	True	True
TRIM8	common	True	True
TRIM9	common	True	True
TRIML1	common	True	True
TRIML2	common	True	True
TRIO	common	True	True
TRIOBP	common	True	True
TRIP10	common	True	True
TRIP11	common	True	True
TRIP12	common	True	True
TRIP13	common	True	True
TRIP4	common	True	True
TRIP6	common	True	True
TRIQK	common	True	True
TRIR	common	True	True
TRIT1	common	True	True
TRMO	common	True	True
TRMT1	common	True	True
TRMT10A	common	True	True
TRMT10B	common	True	True
TRMT10C	common	True	True
TRMT11	common	True	True
TRMT112	common	True	True
TRMT13	common	True	True
TRMT1L	common	True	True
TRMT2A	common	True	True
TRMT2B	common	True	True
TRMT44	common	True	True
TRMT5	common	True	True
TRMT6	common	True	True
TRMT61A	common	True	True
TRMT61B	common	True	True
TRMU	common	True	True
TRNAU1AP	common	True	True
TRNP1	common	True	True
TRNT1	common	True	True
TROAP	common	True	True
TRPA1	common	True	True
TRPC1	common	True	True
TRPC3	common	True	True
TRPC4	common	True	True
TRPC4AP	common	True	True
TRPC5	common	True	True
TRPM1	common	True	True
TRPM2	common	True	True
TRPM3	common	True	True
TRPM4	common	True	True
TRPM5	common	True	True
TRPM6	common	True	True
TRPM7	common	True	True
TRPM8	common	True	True
TRPS1	common	True	True
TRPT1	common	True	True
TRPV1	common	True	True
TRPV2	common	True	True
TRPV3	common	True	True
TRPV4	common	True	True
TRRAP	common	True	True
TRUB1	common	True	True
TRUB2	common	True	True
TSACC	common	True	True
TSC1	common	True	True
TSC2	common	True	True
TSC22D1	common	True	True
TSC22D2	common	True	True
TSC22D3	common	True	True
TSC22D4	common	True	True
TSEN15	common	True	True
TSEN2	common	True	True
TSEN34	common	True	True
TSEN54	common	True	True
TSFM	common	True	True
TSG101	common	True	True
TSGA10	common	True	True
TSGA10IP	common	True	True
TSHR	common	True	True
TSHZ1	common	True	True
TSHZ2	common	True	True
TSHZ3	common	True	True
TSKU	common	True	True
TSLP	common	True	True
TSN	common	True	True
TSNARE1	common	True	True
TSNAX	common	True	True
TSNAX-DISC1	common	True	True
TSNAXIP1	common	True	True
TSPAN1	common	True	True
TSPAN10	common	True	True
TSPAN11	common	True	True
TSPAN12	common	True	True
TSPAN13	common	True	True
TSPAN14	common	True	True
TSPAN15	common	True	True
TSPAN16	common	True	True
TSPAN17	common	True	True
TSPAN18	common	True	True
TSPAN3	common	True	True
TSPAN31	common	True	True
TSPAN32	common	True	True
TSPAN33	common	True	True
TSPAN4	common	True	True
TSPAN5	common	True	True
TSPAN6	common	True	True
TSPAN7	common	True	True
TSPAN9	common	True	True
TSPEAR	common	True	True
TSPO	common	True	True
TSPOAP1	common	True	True
TSPYL1	common	True	True
TSPYL2	common	True	True
TSPYL4	common	True	True
TSPYL5	common	True	True
TSPYL6	common	True	True
TSR1	common	True	True
TSR2	common	True	True
TSR3	common	True	True
TSSC4	common	True	True
TSSK6	common	True	True
TST	common	True	True
TSTD2	common	True	True
TSTD3	common	True	True
TTBK1	common	True	True
TTBK2	common	True	True
TTC1	common	True	True
TTC12	common	True	True
TTC13	common	True	True
TTC14	common	True	True
TTC16	common	True	True
TTC17	common	True	True
TTC19	common	True	True
TTC21A	common	True	True
TTC21B	common	True	True
TTC22	common	True	True
TTC23	common	True	True
TTC24	common	True	True
TTC27	common	True	True
TTC28	common	True	True
TTC29	common	True	True
TTC3	common	True	True
TTC31	common	True	True
TTC32	common	True	True
TTC33	common	True	True
TTC34	common	True	True
TTC38	common	True	True
TTC39A	common	True	True
TTC39B	common	True	True
TTC39C	common	True	True
TTC5	common	True	True
TTC7A	common	True	True
TTC7B	common	True	True
TTC8	common	True	True
TTC9	common	True	True
TTC9C	common	True	True
TTF1	common	True	True
TTF2	common	True	True
TTI1	common	True	True
TTI2	common	True	True
TTK	common	True	True
TTL	common	True	True
TTLL1	common	True	True
TTLL11	common	True	True
TTLL12	common	True	True
TTLL3	common	True	True
TTLL4	common	True	True
TTLL5	common	True	True
TTLL6	common	True	True
TTLL7	common	True	True
TTLL9	common	True	True
TTN	common	True	True
TTPA	common	True	True
TTPAL	common	True	True
TTYH2	common	True	True
TTYH3	common	True	True
TUB	common	True	True
TUBA1A	common	True	True
TUBA1B	common	True	True
TUBA1C	common	True	True
TUBA3C	common	True	True
TUBA4A	common	True	True
TUBA8	common	True	True
TUBAL3	common	True	True
TUBB	common	True	True
TUBB2A	common	True	True
TUBB2B	common	True	True
TUBB3	common	True	True
TUBB4A	common	True	True
TUBB4B	common	True	True
TUBB6	common	True	True
TUBD1	common	True	True
TUBE1	common	True	True
TUBG1	common	True	True
TUBG2	common	True	True
TUBGCP2	common	True	True
TUBGCP3	common	True	True
TUBGCP4	common	True	True
TUBGCP5	common	True	True
TUBGCP6	common	True	True
TUFM	common	True	True
TUFT1	common	True	True
TULP1	common	True	True
TULP3	common	True	True
TULP4	common	True	True
TUSC1	common	True	True
TUSC2	common	True	True
TUSC3	common	True	True
TUT1	common	True	True
TUT4	common	True	True
TUT7	common	True	True
TVP23A	common	True	True
TVP23B	common	True	True
TVP23C	common	True	True
TWF1	common	True	True
TWF2	common	True	True
TWIST1	common	True	True
TWIST2	common	True	True
TWNK	common	True	True
TWSG1	common	True	True
TXLNA	common	True	True
TXLNB	common	True	True
TXLNG	common	True	True
TXLNGY	common	True	True
TXN	common	True	True
TXN2	common	True	True
TXNDC11	common	True	True
TXNDC12	common	True	True
TXNDC15	common	True	True
TXNDC16	common	True	True
TXNDC17	common	True	True
TXNDC2	common	True	True
TXNDC5	common	True	True
TXNDC9	common	True	True
TXNIP	common	True	True
TXNL1	common	True	True
TXNL4A	common	True	True
TXNL4B	common	True	True
TXNRD1	common	True	True
TXNRD2	common	True	True
TXNRD3	common	True	True
TYK2	common	True	True
TYMP	common	True	True
TYMS	common	True	True
TYMSOS	common	True	True
TYRO3	common	True	True
TYSND1	common	True	True
TYW1	common	True	True
TYW1B	common	True	True
TYW2	common	True	True
TYW3	common	True	True
TYW5	common	True	True
U2AF1	common	True	True
U2AF1L4	common	True	True
U2AF2	common	True	True
U2SURP	common	True	True
UACA	common	True	True
UAP1	common	True	True
UAP1L1	common	True	True
UBA1	common	True	True
UBA2	common	True	True
UBA3	common	True	True
UBA5	common	True	True
UBA52	common	True	True
UBA6	common	True	True
UBA7	common	True	True
UBAC1	common	True	True
UBAC2	common	True	True
UBALD1	common	True	True
UBALD2	common	True	True
UBAP1	common	True	True
UBAP1L	common	True	True
UBAP2	common	True	True
UBAP2L	common	True	True
UBASH3B	common	True	True
UBB	common	True	True
UBC	common	True	True
UBE2A	common	True	True
UBE2B	common	True	True
UBE2C	common	True	True
UBE2D1	common	True	True
UBE2D2	common	True	True
UBE2D3	common	True	True
UBE2D3-AS1	common	True	True
UBE2D4	common	True	True
UBE2E1	common	True	True
UBE2E2	common	True	True
UBE2E3	common	True	True
UBE2F	common	True	True
UBE2F-SCLY	common	True	True
UBE2G1	common	True	True
UBE2G2	common	True	True
UBE2H	common	True	True
UBE2I	common	True	True
UBE2J1	common	True	True
UBE2J2	common	True	True
UBE2K	common	True	True
UBE2L3	common	True	True
UBE2L6	common	True	True
UBE2M	common	True	True
UBE2N	common	True	True
UBE2NL	common	True	True
UBE2O	common	True	True
UBE2Q1	common	True	True
UBE2Q2	common	True	True
UBE2R2	common	True	True
UBE2S	common	True	True
UBE2T	common	True	True
UBE2V1	common	True	True
UBE2V2	common	True	True
UBE2W	common	True	True
UBE2Z	common	True	True
UBE3A	common	True	True
UBE3B	common	True	True
UBE3C	common	True	True
UBE3D	common	True	True
UBE4A	common	True	True
UBE4B	common	True	True
UBFD1	common	True	True
UBIAD1	common	True	True
UBL3	common	True	True
UBL4A	common	True	True
UBL4B	common	True	True
UBL5	common	True	True
UBL7	common	True	True
UBLCP1	common	True	True
UBN1	common	True	True
UBN2	common	True	True
UBOX5	common	True	True
UBP1	common	True	True
UBQLN1	common	True	True
UBQLN2	common	True	True
UBQLN4	common	True	True
UBQLNL	common	True	True
UBR1	common	True	True
UBR2	common	True	True
UBR3	common	True	True
UBR4	common	True	True
UBR5	common	True	True
UBR7	common	True	True
UBTD1	common	True	True
UBTD2	common	True	True
UBTF	common	True	True
UBXN1	common	True	True
UBXN11	common	True	True
UBXN2A	common	True	True
UBXN2B	common	True	True
UBXN4	common	True	True
UBXN6	common	True	True
UBXN7	common	True	True
UBXN8	common	True	True
UCHL1	common	True	True
UCHL3	common	True	True
UCHL5	common	True	True
UCK1	common	True	True
UCK2	common	True	True
UCKL1	common	True	True
UCN	common	True	True
UCN2	common	True	True
UCN3	common	True	True
UCP1	common	True	True
UCP2	common	True	True
UCP3	common	True	True
UEVLD	common	True	True
UFC1	common	True	True
UFD1	common	True	True
UFL1	common	True	True
UFM1	common	True	True
UFSP1	common	True	True
UFSP2	common	True	True
UGCG	common	True	True
UGDH	common	True	True
UGGT1	common	True	True
UGGT2	common	True	True
UGP2	common	True	True
UGT2B4	common	True	True
UGT2B7	common	True	True
UGT8	common	True	True
UHMK1	common	True	True
UHRF1	common	True	True
UHRF2	common	True	True
UIMC1	common	True	True
ULBP1	common	True	True
ULBP2	common	True	True
ULBP3	common	True	True
ULK1	common	True	True
ULK2	common	True	True
ULK3	common	True	True
ULK4	common	True	True
UMAD1	common	True	True
UMOD	common	True	True
UMODL1	common	True	True
UMPS	common	True	True
UNC119	common	True	True
UNC119B	common	True	True
UNC13A	common	True	True
UNC13B	common	True	True
UNC13C	common	True	True
UNC13D	common	True	True
UNC45A	common	True	True
UNC45B	common	True	True
UNC50	common	True	True
UNC5B	common	True	True
UNC5C	common	True	True
UNC5D	common	True	True
UNC79	common	True	True
UNC80	common	True	True
UNC93B1	common	True	True
UNCX	common	True	True
UNG	common	True	True
UNK	common	True	True
UNKL	common	True	True
UPB1	common	True	True
UPF1	common	True	True
UPF2	common	True	True
UPF3A	common	True	True
UPF3B	common	True	True
UPK1A-AS1	common	True	True
UPK3BL1	common	True	True
UPP1	common	True	True
UPRT	common	True	True
UQCC1	common	True	True
UQCC2	common	True	True
UQCC3	common	True	True
UQCC4	common	True	True
UQCC5	common	True	True
UQCC6	common	True	True
UQCR10	common	True	True
UQCR11	common	True	True
UQCRB	common	True	True
UQCRC1	common	True	True
UQCRC2	common	True	True
UQCRFS1	common	True	True
UQCRH	common	True	True
UQCRHL	common	True	True
UQCRQ	common	True	True
URB1	common	True	True
URB2	common	True	True
URGCP	common	True	True
URI1	common	True	True
URM1	common	True	True
UROC1	common	True	True
UROD	common	True	True
UROS	common	True	True
USB1	common	True	True
USE1	common	True	True
USF1	common	True	True
USF2	common	True	True
USF3	common	True	True
USH1G	common	True	True
USH2A	common	True	True
USHBP1	common	True	True
USO1	common	True	True
USP1	common	True	True
USP10	common	True	True
USP11	common	True	True
USP12	common	True	True
USP13	common	True	True
USP14	common	True	True
USP15	common	True	True
USP16	common	True	True
USP18	common	True	True
USP19	common	True	True
USP20	common	True	True
USP21	common	True	True
USP22	common	True	True
USP24	common	True	True
USP25	common	True	True
USP27X	common	True	True
USP28	common	True	True
USP3	common	True	True
USP30	common	True	True
USP31	common	True	True
USP32	common	True	True
USP33	common	True	True
USP34	common	True	True
USP35	common	True	True
USP36	common	True	True
USP37	common	True	True
USP38	common	True	True
USP39	common	True	True
USP4	common	True	True
USP40	common	True	True
USP42	common	True	True
USP43	common	True	True
USP45	common	True	True
USP46	common	True	True
USP47	common	True	True
USP48	common	True	True
USP49	common	True	True
USP5	common	True	True
USP51	common	True	True
USP53	common	True	True
USP54	common	True	True
USP6	common	True	True
USP6NL	common	True	True
USP7	common	True	True
USP8	common	True	True
USP9X	common	True	True
USP9Y	common	True	True
USPL1	common	True	True
UST	common	True	True
UTP11	common	True	True
UTP14A	common	True	True
UTP15	common	True	True
UTP18	common	True	True
UTP20	common	True	True
UTP23	common	True	True
UTP25	common	True	True
UTP3	common	True	True
UTP4	common	True	True
UTP6	common	True	True
UTRN	common	True	True
UTS2	common	True	True
UTS2B	common	True	True
UTS2R	common	True	True
UTY	common	True	True
UVRAG	common	True	True
UVSSA	common	True	True
UXS1	common	True	True
UXT	common	True	True
UXT-AS1	common	True	True
VAC14	common	True	True
VAMP1	common	True	True
VAMP2	common	True	True
VAMP3	common	True	True
VAMP4	common	True	True
VAMP5	common	True	True
VAMP7	common	True	True
VAMP8	common	True	True
VANGL1	common	True	True
VAPA	common	True	True
VAPB	common	True	True
VARS1	common	True	True
VARS2	common	True	True
VASH1	common	True	True
VASN	common	True	True
VASP	common	True	True
VAT1	common	True	True
VAT1L	common	True	True
VAV2	common	True	True
VAV3	common	True	True
VAX2	common	True	True
VBP1	common	True	True
VCAN	common	True	True
VCF1	common	True	True
VCF2	common	True	True
VCL	common	True	True
VCP	common	True	True
VCPIP1	common	True	True
VCPKMT	common	True	True
VDAC1	common	True	True
VDAC2	common	True	True
VDAC3	common	True	True
VDR	common	True	True
VEGFA	common	True	True
VEGFB	common	True	True
VEGFC	common	True	True
VEPH1	common	True	True
VEZF1	common	True	True
VEZT	common	True	True
VGF	common	True	True
VGLL3	common	True	True
VGLL4	common	True	True
VHL	common	True	True
VILL	common	True	True
VIM	common	True	True
VIM-AS1	common	True	True
VIPAS39	common	True	True
VIPR1	common	True	True
VIRMA	common	True	True
VKORC1	common	True	True
VKORC1L1	common	True	True
VLDLR	common	True	True
VMA12	common	True	True
VMA21	common	True	True
VMA22	common	True	True
VMAC	common	True	True
VMO1	common	True	True
VMP1	common	True	True
VN1R1	common	True	True
VN1R4	common	True	True
VNN1	common	True	True
VNN2	common	True	True
VNN3P	common	True	True
VOPP1	common	True	True
VPS11	common	True	True
VPS13A	common	True	True
VPS13B	common	True	True
VPS13C	common	True	True
VPS13D	common	True	True
VPS16	common	True	True
VPS18	common	True	True
VPS25	common	True	True
VPS26A	common	True	True
VPS26B	common	True	True
VPS26C	common	True	True
VPS28	common	True	True
VPS29	common	True	True
VPS33A	common	True	True
VPS33B	common	True	True
VPS35	common	True	True
VPS35L	common	True	True
VPS36	common	True	True
VPS37A	common	True	True
VPS37B	common	True	True
VPS37C	common	True	True
VPS37D	common	True	True
VPS39	common	True	True
VPS41	common	True	True
VPS45	common	True	True
VPS4A	common	True	True
VPS4B	common	True	True
VPS50	common	True	True
VPS51	common	True	True
VPS52	common	True	True
VPS53	common	True	True
VPS54	common	True	True
VPS72	common	True	True
VPS8	common	True	True
VPS9D1	common	True	True
VRK1	common	True	True
VRK2	common	True	True
VRK3	common	True	True
VSIG10	common	True	True
VSIG10L	common	True	True
VSIG8	common	True	True
VSNL1	common	True	True
VSTM2A	common	True	True
VSTM2B	common	True	True
VSTM2L	common	True	True
VSTM4	common	True	True
VSX1	common	True	True
VSX2	common	True	True
VTA1	common	True	True
VTCN1	common	True	True
VTI1A	common	True	True
VTI1B	common	True	True
VWA1	common	True	True
VWA3A	common	True	True
VWA3B	common	True	True
VWA5A	common	True	True
VWA7	common	True	True
VWA8	common	True	True
VWC2	common	True	True
VWCE	common	True	True
VWF	common	True	True
VXN	common	True	True
WAC	common	True	True
WAPL	common	True	True
WARS1	common	True	True
WARS2	common	True	True
WAS	common	True	True
WASF1	common	True	True
WASF2	common	True	True
WASF3	common	True	True
WASHC1	common	True	True
WASHC2A	common	True	True
WASHC2C	common	True	True
WASHC3	common	True	True
WASHC4	common	True	True
WASHC5	common	True	True
WASL	common	True	True
WBP1	common	True	True
WBP11	common	True	True
WBP1L	common	True	True
WBP2	common	True	True
WBP4	common	True	True
WDCP	common	True	True
WDFY1	common	True	True
WDFY2	common	True	True
WDFY3	common	True	True
WDFY4	common	True	True
WDHD1	common	True	True
WDPCP	common	True	True
WDR1	common	True	True
WDR11	common	True	True
WDR12	common	True	True
WDR13	common	True	True
WDR17	common	True	True
WDR18	common	True	True
WDR19	common	True	True
WDR20	common	True	True
WDR24	common	True	True
WDR25	common	True	True
WDR26	common	True	True
WDR27	common	True	True
WDR3	common	True	True
WDR31	common	True	True
WDR33	common	True	True
WDR35	common	True	True
WDR36	common	True	True
WDR37	common	True	True
WDR38	common	True	True
WDR4	common	True	True
WDR41	common	True	True
WDR43	common	True	True
WDR44	common	True	True
WDR45	common	True	True
WDR45B	common	True	True
WDR46	common	True	True
WDR47	common	True	True
WDR48	common	True	True
WDR49	common	True	True
WDR5	common	True	True
WDR53	common	True	True
WDR54	common	True	True
WDR55	common	True	True
WDR59	common	True	True
WDR5B	common	True	True
WDR6	common	True	True
WDR62	common	True	True
WDR7	common	True	True
WDR70	common	True	True
WDR72	common	True	True
WDR73	common	True	True
WDR74	common	True	True
WDR75	common	True	True
WDR76	common	True	True
WDR77	common	True	True
WDR81	common	True	True
WDR82	common	True	True
WDR83	common	True	True
WDR83OS	common	True	True
WDR86	common	True	True
WDR87	common	True	True
WDR89	common	True	True
WDR90	common	True	True
WDR91	common	True	True
WDR93	common	True	True
WDR97	common	True	True
WDSUB1	common	True	True
WDTC1	common	True	True
WEE1	common	True	True
WEE2	common	True	True
WFDC3	common	True	True
WFIKKN2	common	True	True
WFS1	common	True	True
WHAMM	common	True	True
WHR1	common	True	True
WHRN	common	True	True
WIPF1	common	True	True
WIPF2	common	True	True
WIPF3	common	True	True
WIPI1	common	True	True
WIPI2	common	True	True
WIZ	common	True	True
WLS	common	True	True
WNK1	common	True	True
WNK2	common	True	True
WNK3	common	True	True
WNK4	common	True	True
WNT10B	common	True	True
WNT16	common	True	True
WNT2B	common	True	True
WNT3	common	True	True
WNT4	common	True	True
WNT5A	common	True	True
WNT5B	common	True	True
WNT7A	common	True	True
WNT7B	common	True	True
WNT9B	common	True	True
WRAP53	common	True	True
WRAP73	common	True	True
WRN	common	True	True
WRNIP1	common	True	True
WSB1	common	True	True
WSB2	common	True	True
WSCD1	common	True	True
WT1	common	True	True
WTAP	common	True	True
WTIP	common	True	True
WWC1	common	True	True
WWC2	common	True	True
WWC2-AS2	common	True	True
WWC3	common	True	True
WWOX	common	True	True
WWP1	common	True	True
WWP2	common	True	True
WWTR1	common	True	True
XAB2	common	True	True
XAF1	common	True	True
XAGE1B	common	True	True
XBP1	common	True	True
XCR1	common	True	True
XDH	common	True	True
XIAP	common	True	True
XIRP1	common	True	True
XIRP2	common	True	True
XKR4	common	True	True
XKR6	common	True	True
XKR7	common	True	True
XKR8	common	True	True
XKR9	common	True	True
XKRX	common	True	True
XPA	common	True	True
XPC	common	True	True
XPNPEP1	common	True	True
XPNPEP3	common	True	True
XPO1	common	True	True
XPO4	common	True	True
XPO5	common	True	True
XPO6	common	True	True
XPO7	common	True	True
XPOT	common	True	True
XPR1	common	True	True
XRCC1	common	True	True
XRCC2	common	True	True
XRCC3	common	True	True
XRCC4	common	True	True
XRCC5	common	True	True
XRCC6	common	True	True
XRN1	common	True	True
XRN2	common	True	True
XRRA1	common	True	True
XXYLT1	common	True	True
XYLB	common	True	True
XYLT1	common	True	True
XYLT2	common	True	True
YAE1	common	True	True
YAF2	common	True	True
YAP1	common	True	True
YARS1	common	True	True
YARS2	common	True	True
YBEY	common	True	True
YBX1	common	True	True
YBX2	common	True	True
YBX3	common	True	True
YDJC	common	True	True
YEATS2	common	True	True
YEATS4	common	True	True
YES1	common	True	True
YIF1A	common	True	True
YIF1B	common	True	True
YIPF1	common	True	True
YIPF2	common	True	True
YIPF3	common	True	True
YIPF4	common	True	True
YIPF5	common	True	True
YIPF6	common	True	True
YJEFN3	common	True	True
YJU2	common	True	True
YJU2B	common	True	True
YKT6	common	True	True
YLPM1	common	True	True
YME1L1	common	True	True
YOD1	common	True	True
YPEL1	common	True	True
YPEL2	common	True	True
YPEL3	common	True	True
YPEL4	common	True	True
YPEL5	common	True	True
YRDC	common	True	True
YTHDC1	common	True	True
YTHDC2	common	True	True
YTHDF1	common	True	True
YTHDF2	common	True	True
YTHDF3	common	True	True
YWHAB	common	True	True
YWHAE	common	True	True
YWHAEP7	common	True	True
YWHAG	common	True	True
YWHAH	common	True	True
YWHAH-AS1	common	True	True
YWHAQ	common	True	True
YWHAZ	common	True	True
YY1	common	True	True
YY1AP1	common	True	True
ZACN	common	True	True
ZAN	common	True	True
ZAP70	common	True	True
ZAR1	common	True	True
ZBBX	common	True	True
ZBED1	common	True	True
ZBED3	common	True	True
ZBED4	common	True	True
ZBED5	common	True	True
ZBED6	common	True	True
ZBP1	common	True	True
ZBTB1	common	True	True
ZBTB10	common	True	True
ZBTB11	common	True	True
ZBTB12	common	True	True
ZBTB14	common	True	True
ZBTB16	common	True	True
ZBTB17	common	True	True
ZBTB18	common	True	True
ZBTB2	common	True	True
ZBTB20	common	True	True
ZBTB21	common	True	True
ZBTB22	common	True	True
ZBTB24	common	True	True
ZBTB25	common	True	True
ZBTB26	common	True	True
ZBTB3	common	True	True
ZBTB32	common	True	True
ZBTB33	common	True	True
ZBTB34	common	True	True
ZBTB37	common	True	True
ZBTB38	common	True	True
ZBTB39	common	True	True
ZBTB4	common	True	True
ZBTB40	common	True	True
ZBTB41	common	True	True
ZBTB42	common	True	True
ZBTB43	common	True	True
ZBTB44	common	True	True
ZBTB45	common	True	True
ZBTB46	common	True	True
ZBTB47	common	True	True
ZBTB48	common	True	True
ZBTB49	common	True	True
ZBTB5	common	True	True
ZBTB6	common	True	True
ZBTB7A	common	True	True
ZBTB7B	common	True	True
ZBTB7C	common	True	True
ZBTB8A	common	True	True
ZBTB8OS	common	True	True
ZBTB9	common	True	True
ZC2HC1A	common	True	True
ZC2HC1C	common	True	True
ZC3H10	common	True	True
ZC3H11C	common	True	True
ZC3H12A	common	True	True
ZC3H12B	common	True	True
ZC3H12C	common	True	True
ZC3H12D	common	True	True
ZC3H13	common	True	True
ZC3H14	common	True	True
ZC3H15	common	True	True
ZC3H18	common	True	True
ZC3H3	common	True	True
ZC3H4	common	True	True
ZC3H6	common	True	True
ZC3H7A	common	True	True
ZC3H7B	common	True	True
ZC3H8	common	True	True
ZC3HAV1	common	True	True
ZC3HAV1L	common	True	True
ZC3HC1	common	True	True
ZC4H2	common	True	True
ZCCHC10	common	True	True
ZCCHC14	common	True	True
ZCCHC17	common	True	True
ZCCHC18	common	True	True
ZCCHC2	common	True	True
ZCCHC24	common	True	True
ZCCHC3	common	True	True
ZCCHC4	common	True	True
ZCCHC7	common	True	True
ZCCHC8	common	True	True
ZCCHC9	common	True	True
ZCRB1	common	True	True
ZCWPW1	common	True	True
ZCWPW2	common	True	True
ZDBF2	common	True	True
ZDHHC1	common	True	True
ZDHHC11	common	True	True
ZDHHC12	common	True	True
ZDHHC13	common	True	True
ZDHHC14	common	True	True
ZDHHC16	common	True	True
ZDHHC17	common	True	True
ZDHHC18	common	True	True
ZDHHC2	common	True	True
ZDHHC20	common	True	True
ZDHHC21	common	True	True
ZDHHC23	common	True	True
ZDHHC24	common	True	True
ZDHHC3	common	True	True
ZDHHC4	common	True	True
ZDHHC5	common	True	True
ZDHHC6	common	True	True
ZDHHC7	common	True	True
ZDHHC8	common	True	True
ZDHHC9	common	True	True
ZEB1	common	True	True
ZEB2	common	True	True
ZER1	common	True	True
ZFAND1	common	True	True
ZFAND2A	common	True	True
ZFAND2B	common	True	True
ZFAND3	common	True	True
ZFAND4	common	True	True
ZFAND5	common	True	True
ZFAND6	common	True	True
ZFAT	common	True	True
ZFC3H1	common	True	True
ZFHX2	common	True	True
ZFHX3	common	True	True
ZFHX4	common	True	True
ZFP1	common	True	True
ZFP2	common	True	True
ZFP36	common	True	True
ZFP36L1	common	True	True
ZFP36L2	common	True	True
ZFP37	common	True	True
ZFP41	common	True	True
ZFP62	common	True	True
ZFP64	common	True	True
ZFP69	common	True	True
ZFP69B	common	True	True
ZFP90	common	True	True
ZFP91	common	True	True
ZFP91-CNTF	common	True	True
ZFPL1	common	True	True
ZFPM1	common	True	True
ZFPM2	common	True	True
ZFR	common	True	True
ZFR2	common	True	True
ZFTA	common	True	True
ZFTRAF1	common	True	True
ZFX	common	True	True
ZFY	common	True	True
ZFYVE1	common	True	True
ZFYVE16	common	True	True
ZFYVE19	common	True	True
ZFYVE21	common	True	True
ZFYVE26	common	True	True
ZFYVE27	common	True	True
ZFYVE28	common	True	True
ZFYVE9	common	True	True
ZG16B	common	True	True
ZGLP1	common	True	True
ZGPAT	common	True	True
ZGRF1	common	True	True
ZHX1	common	True	True
ZHX2	common	True	True
ZHX3	common	True	True
ZIC1	common	True	True
ZIC2	common	True	True
ZIC3	common	True	True
ZIC4	common	True	True
ZIC5	common	True	True
ZIK1	common	True	True
ZKSCAN1	common	True	True
ZKSCAN2	common	True	True
ZKSCAN3	common	True	True
ZKSCAN4	common	True	True
ZKSCAN5	common	True	True
ZKSCAN8	common	True	True
ZMAT1	common	True	True
ZMAT2	common	True	True
ZMAT3	common	True	True
ZMAT5	common	True	True
ZMIZ1	common	True	True
ZMIZ2	common	True	True
ZMPSTE24	common	True	True
ZMYM1	common	True	True
ZMYM2	common	True	True
ZMYM3	common	True	True
ZMYM4	common	True	True
ZMYM5	common	True	True
ZMYND10	common	True	True
ZMYND11	common	True	True
ZMYND15	common	True	True
ZMYND19	common	True	True
ZMYND8	common	True	True
ZNF10	common	True	True
ZNF101	common	True	True
ZNF106	common	True	True
ZNF107	common	True	True
ZNF112	common	True	True
ZNF114	common	True	True
ZNF12	common	True	True
ZNF121	common	True	True
ZNF124	common	True	True
ZNF131	common	True	True
ZNF132	common	True	True
ZNF133	common	True	True
ZNF134	common	True	True
ZNF136	common	True	True
ZNF138	common	True	True
ZNF140	common	True	True
ZNF141	common	True	True
ZNF142	common	True	True
ZNF143	common	True	True
ZNF146	common	True	True
ZNF148	common	True	True
ZNF155	common	True	True
ZNF157	common	True	True
ZNF16	common	True	True
ZNF160	common	True	True
ZNF165	common	True	True
ZNF169	common	True	True
ZNF17	common	True	True
ZNF174	common	True	True
ZNF175	common	True	True
ZNF18	common	True	True
ZNF180	common	True	True
ZNF181	common	True	True
ZNF182	common	True	True
ZNF184	common	True	True
ZNF185	common	True	True
ZNF189	common	True	True
ZNF19	common	True	True
ZNF195	common	True	True
ZNF197	common	True	True
ZNF2	common	True	True
ZNF20	common	True	True
ZNF200	common	True	True
ZNF202	common	True	True
ZNF205	common	True	True
ZNF207	common	True	True
ZNF211	common	True	True
ZNF212	common	True	True
ZNF213	common	True	True
ZNF214	common	True	True
ZNF215	common	True	True
ZNF217	common	True	True
ZNF219	common	True	True
ZNF22	common	True	True
ZNF22-AS1	common	True	True
ZNF221	common	True	True
ZNF222	common	True	True
ZNF223	common	True	True
ZNF224	common	True	True
ZNF225	common	True	True
ZNF226	common	True	True
ZNF227	common	True	True
ZNF23	common	True	True
ZNF230	common	True	True
ZNF232	common	True	True
ZNF233	common	True	True
ZNF234	common	True	True
ZNF235	common	True	True
ZNF236	common	True	True
ZNF24	common	True	True
ZNF248	common	True	True
ZNF25	common	True	True
ZNF250	common	True	True
ZNF251	common	True	True
ZNF252P-AS1	common	True	True
ZNF26	common	True	True
ZNF263	common	True	True
ZNF264	common	True	True
ZNF266	common	True	True
ZNF267	common	True	True
ZNF268	common	True	True
ZNF274	common	True	True
ZNF275	common	True	True
ZNF276	common	True	True
ZNF277	common	True	True
ZNF280B	common	True	True
ZNF280C	common	True	True
ZNF280D	common	True	True
ZNF281	common	True	True
ZNF282	common	True	True
ZNF283	common	True	True
ZNF284	common	True	True
ZNF285	common	True	True
ZNF286A	common	True	True
ZNF286B	common	True	True
ZNF287	common	True	True
ZNF292	common	True	True
ZNF296	common	True	True
ZNF3	common	True	True
ZNF30	common	True	True
ZNF300	common	True	True
ZNF302	common	True	True
ZNF304	common	True	True
ZNF311	common	True	True
ZNF316	common	True	True
ZNF317	common	True	True
ZNF318	common	True	True
ZNF319	common	True	True
ZNF32	common	True	True
ZNF322	common	True	True
ZNF324	common	True	True
ZNF324B	common	True	True
ZNF326	common	True	True
ZNF329	common	True	True
ZNF330	common	True	True
ZNF331	common	True	True
ZNF333	common	True	True
ZNF335	common	True	True
ZNF337	common	True	True
ZNF33A	common	True	True
ZNF33B	common	True	True
ZNF34	common	True	True
ZNF341	common	True	True
ZNF343	common	True	True
ZNF346	common	True	True
ZNF347	common	True	True
ZNF35	common	True	True
ZNF350	common	True	True
ZNF354C	common	True	True
ZNF358	common	True	True
ZNF362	common	True	True
ZNF365	common	True	True
ZNF366	common	True	True
ZNF367	common	True	True
ZNF37A	common	True	True
ZNF384	common	True	True
ZNF385A	common	True	True
ZNF385B	common	True	True
ZNF385C	common	True	True
ZNF385D	common	True	True
ZNF391	common	True	True
ZNF394	common	True	True
ZNF395	common	True	True
ZNF396	common	True	True
ZNF397	common	True	True
ZNF398	common	True	True
ZNF404	common	True	True
ZNF407	common	True	True
ZNF408	common	True	True
ZNF41	common	True	True
ZNF410	common	True	True
ZNF414	common	True	True
ZNF415	common	True	True
ZNF416	common	True	True
ZNF417	common	True	True
ZNF419	common	True	True
ZNF423	common	True	True
ZNF425	common	True	True
ZNF426	common	True	True
ZNF428	common	True	True
ZNF429	common	True	True
ZNF432	common	True	True
ZNF436	common	True	True
ZNF436-AS1	common	True	True
ZNF438	common	True	True
ZNF440	common	True	True
ZNF443	common	True	True
ZNF444	common	True	True
ZNF445	common	True	True
ZNF446	common	True	True
ZNF449	common	True	True
ZNF45	common	True	True
ZNF451	common	True	True
ZNF460	common	True	True
ZNF462	common	True	True
ZNF467	common	True	True
ZNF469	common	True	True
ZNF473	common	True	True
ZNF474	common	True	True
ZNF48	common	True	True
ZNF480	common	True	True
ZNF483	common	True	True
ZNF484	common	True	True
ZNF486	common	True	True
ZNF488	common	True	True
ZNF490	common	True	True
ZNF493	common	True	True
ZNF496	common	True	True
ZNF497	common	True	True
ZNF500	common	True	True
ZNF503	common	True	True
ZNF503-AS2	common	True	True
ZNF507	common	True	True
ZNF510	common	True	True
ZNF511	common	True	True
ZNF512	common	True	True
ZNF512B	common	True	True
ZNF513	common	True	True
ZNF514	common	True	True
ZNF516	common	True	True
ZNF517	common	True	True
ZNF518A	common	True	True
ZNF518B	common	True	True
ZNF519	common	True	True
ZNF521	common	True	True
ZNF524	common	True	True
ZNF526	common	True	True
ZNF528	common	True	True
ZNF530	common	True	True
ZNF532	common	True	True
ZNF534	common	True	True
ZNF541	common	True	True
ZNF543	common	True	True
ZNF546	common	True	True
ZNF547	common	True	True
ZNF548	common	True	True
ZNF549	common	True	True
ZNF550	common	True	True
ZNF552	common	True	True
ZNF554	common	True	True
ZNF555	common	True	True
ZNF557	common	True	True
ZNF558	common	True	True
ZNF559-ZNF177	common	True	True
ZNF560	common	True	True
ZNF561	common	True	True
ZNF562	common	True	True
ZNF564	common	True	True
ZNF565	common	True	True
ZNF568	common	True	True
ZNF569	common	True	True
ZNF57	common	True	True
ZNF572	common	True	True
ZNF574	common	True	True
ZNF575	common	True	True
ZNF576	common	True	True
ZNF577	common	True	True
ZNF579	common	True	True
ZNF580	common	True	True
ZNF584	common	True	True
ZNF586	common	True	True
ZNF587	common	True	True
ZNF587B	common	True	True
ZNF589	common	True	True
ZNF592	common	True	True
ZNF593	common	True	True
ZNF594	common	True	True
ZNF595	common	True	True
ZNF596	common	True	True
ZNF598	common	True	True
ZNF600	common	True	True
ZNF608	common	True	True
ZNF609	common	True	True
ZNF614	common	True	True
ZNF615	common	True	True
ZNF616	common	True	True
ZNF618	common	True	True
ZNF619	common	True	True
ZNF620	common	True	True
ZNF621	common	True	True
ZNF622	common	True	True
ZNF623	common	True	True
ZNF624	common	True	True
ZNF625-ZNF20	common	True	True
ZNF627	common	True	True
ZNF628	common	True	True
ZNF629	common	True	True
ZNF638	common	True	True
ZNF639	common	True	True
ZNF641	common	True	True
ZNF644	common	True	True
ZNF646	common	True	True
ZNF649	common	True	True
ZNF652	common	True	True
ZNF653	common	True	True
ZNF654	common	True	True
ZNF655	common	True	True
ZNF658	common	True	True
ZNF658B	common	True	True
ZNF664	common	True	True
ZNF665	common	True	True
ZNF668	common	True	True
ZNF669	common	True	True
ZNF670	common	True	True
ZNF672	common	True	True
ZNF674	common	True	True
ZNF675	common	True	True
ZNF678	common	True	True
ZNF684	common	True	True
ZNF687	common	True	True
ZNF688	common	True	True
ZNF689	common	True	True
ZNF691	common	True	True
ZNF692	common	True	True
ZNF696	common	True	True
ZNF697	common	True	True
ZNF699	common	True	True
ZNF7	common	True	True
ZNF70	common	True	True
ZNF700	common	True	True
ZNF701	common	True	True
ZNF703	common	True	True
ZNF704	common	True	True
ZNF706	common	True	True
ZNF707	common	True	True
ZNF708	common	True	True
ZNF710	common	True	True
ZNF713	common	True	True
ZNF721	common	True	True
ZNF727	common	True	True
ZNF74	common	True	True
ZNF740	common	True	True
ZNF746	common	True	True
ZNF747	common	True	True
ZNF749	common	True	True
ZNF75A	common	True	True
ZNF75D	common	True	True
ZNF76	common	True	True
ZNF763	common	True	True
ZNF764	common	True	True
ZNF766	common	True	True
ZNF767P	common	True	True
ZNF768	common	True	True
ZNF77	common	True	True
ZNF770	common	True	True
ZNF771	common	True	True
ZNF772	common	True	True
ZNF773	common	True	True
ZNF774	common	True	True
ZNF775	common	True	True
ZNF776	common	True	True
ZNF777	common	True	True
ZNF778	common	True	True
ZNF780A	common	True	True
ZNF780B	common	True	True
ZNF782	common	True	True
ZNF783	common	True	True
ZNF784	common	True	True
ZNF785	common	True	True
ZNF786	common	True	True
ZNF787	common	True	True
ZNF789	common	True	True
ZNF79	common	True	True
ZNF791	common	True	True
ZNF792	common	True	True
ZNF793	common	True	True
ZNF799	common	True	True
ZNF8	common	True	True
ZNF800	common	True	True
ZNF804A	common	True	True
ZNF805	common	True	True
ZNF81	common	True	True
ZNF813	common	True	True
ZNF814	common	True	True
ZNF821	common	True	True
ZNF823	common	True	True
ZNF827	common	True	True
ZNF830	common	True	True
ZNF831	common	True	True
ZNF833P	common	True	True
ZNF835	common	True	True
ZNF836	common	True	True
ZNF837	common	True	True
ZNF839	common	True	True
ZNF84	common	True	True
ZNF841	common	True	True
ZNF843	common	True	True
ZNF845	common	True	True
ZNF852	common	True	True
ZNF853	common	True	True
ZNF860	common	True	True
ZNF862	common	True	True
ZNF865	common	True	True
ZNF875	common	True	True
ZNF883	common	True	True
ZNF891	common	True	True
ZNF90	common	True	True
ZNF92	common	True	True
ZNF93	common	True	True
ZNFX1	common	True	True
ZNG1A	common	True	True
ZNG1B	common	True	True
ZNG1C	common	True	True
ZNG1E	common	True	True
ZNG1F	common	True	True
ZNHIT1	common	True	True
ZNHIT2	common	True	True
ZNHIT3	common	True	True
ZNHIT6	common	True	True
ZNRD2	common	True	True
ZNRD2-DT	common	True	True
ZNRF1	common	True	True
ZNRF2	common	True	True
ZNRF3	common	True	True
ZP1	common	True	True
ZP3	common	True	True
ZPR1	common	True	True
ZRANB1	common	True	True
ZRANB2	common	True	True
ZRANB3	common	True	True
ZRSR2	common	True	True
ZSCAN1	common	True	True
ZSCAN10	common	True	True
ZSCAN12	common	True	True
ZSCAN16	common	True	True
ZSCAN2	common	True	True
ZSCAN20	common	True	True
ZSCAN21	common	True	True
ZSCAN22	common	True	True
ZSCAN23	common	True	True
ZSCAN25	common	True	True
ZSCAN26	common	True	True
ZSCAN29	common	True	True
ZSCAN30	common	True	True
ZSCAN31	common	True	True
ZSCAN32	common	True	True
ZSCAN5A	common	True	True
ZSCAN9	common	True	True
ZSWIM1	common	True	True
ZSWIM2	common	True	True
ZSWIM3	common	True	True
ZSWIM4	common	True	True
ZSWIM5	common	True	True
ZSWIM6	common	True	True
ZSWIM7	common	True	True
ZSWIM8	common	True	True
ZSWIM9	common	True	True
ZUP1	common	True	True
ZW10	common	True	True
ZWILCH	common	True	True
ZWINT	common	True	True
ZXDA	common	True	True
ZXDB	common	True	True
ZXDC	common	True	True
ZYG11B	common	True	True
ZYX	common	True	True
ZZEF1	common	True	True
ZZZ3	common	True	True
A2ML1	array_only	False	True
A4GNT	array_only	False	True
AACSP1	array_only	False	True
AADAC	array_only	False	True
AADACL2	array_only	False	True
AADACL3	array_only	False	True
AADACL4	array_only	False	True
ABCA10	array_only	False	True
ABCA8	array_only	False	True
ABCA9	array_only	False	True
ABCB5	array_only	False	True
ABCC8	array_only	False	True
ABCD2	array_only	False	True
ABHD12B	array_only	False	True
ABO	array_only	False	True
ABRA	array_only	False	True
ACADL	array_only	False	True
ACER1	array_only	False	True
ACKR1	array_only	False	True
ACKR4	array_only	False	True
ACKR5	array_only	False	True
ACOT12	array_only	False	True
ACOT4	array_only	False	True
ACP4	array_only	False	True
ACR	array_only	False	True
ACRBP	array_only	False	True
ACSM2A	array_only	False	True
ACSM2B	array_only	False	True
ACSM4	array_only	False	True
ACSM6	array_only	False	True
ACSS1	array_only	False	True
ACTBL2	array_only	False	True
ACTL6B	array_only	False	True
ACTL7A	array_only	False	True
ACTL7B	array_only	False	True
ACTL9	array_only	False	True
ACTN2	array_only	False	True
ACTRT1	array_only	False	True
ACTRT2	array_only	False	True
ACTRT3	array_only	False	True
ACY3	array_only	False	True
ADAD1	array_only	False	True
ADAM18	array_only	False	True
ADAM2	array_only	False	True
ADAM30	array_only	False	True
ADAM33	array_only	False	True
ADAM7	array_only	False	True
ADAMTS20	array_only	False	True
ADAMTSL2	array_only	False	True
ADAMTSL3	array_only	False	True
ADARB2	array_only	False	True
ADCY2	array_only	False	True
ADCY4	array_only	False	True
ADCYAP1	array_only	False	True
ADGRE1	array_only	False	True
ADGRE3	array_only	False	True
ADGRF1	array_only	False	True
ADGRG4	array_only	False	True
ADGRG7	array_only	False	True
ADGRL4	array_only	False	True
ADH1A	array_only	False	True
ADH1B	array_only	False	True
ADH4	array_only	False	True
ADH6	array_only	False	True
ADHFE1	array_only	False	True
ADIG	array_only	False	True
ADIPOQ	array_only	False	True
ADORA3	array_only	False	True
ADRA1A	array_only	False	True
ADRB3	array_only	False	True
AFF1-AS1	array_only	False	True
AFM	array_only	False	True
AGBL4	array_only	False	True
AGMO	array_only	False	True
AGPAT2	array_only	False	True
AGPAT4-IT1	array_only	False	True
AGR2	array_only	False	True
AGR3	array_only	False	True
AGRP	array_only	False	True
AGTR2	array_only	False	True
AGXT	array_only	False	True
AGXT2	array_only	False	True
AHSG	array_only	False	True
AHSP	array_only	False	True
AICDA	array_only	False	True
AIF1	array_only	False	True
AIFM3	array_only	False	True
AIPL1	array_only	False	True
AKAIN1	array_only	False	True
AKR1C4	array_only	False	True
AKR1C8	array_only	False	True
AKR1D1	array_only	False	True
ALAS2	array_only	False	True
ALB	array_only	False	True
ALDH1A1	array_only	False	True
ALDH1L1	array_only	False	True
ALDH1L1-AS1	array_only	False	True
ALDH5A1	array_only	False	True
ALDH8A1	array_only	False	True
ALDOB	array_only	False	True
ALG1L2	array_only	False	True
ALG1L9P	array_only	False	True
ALK	array_only	False	True
ALKAL1	array_only	False	True
ALLC	array_only	False	True
ALOX12	array_only	False	True
ALOX15	array_only	False	True
ALOX5	array_only	False	True
ALPG	array_only	False	True
ALPI	array_only	False	True
ALPP	array_only	False	True
ALS2CL	array_only	False	True
ALX3	array_only	False	True
ALX4	array_only	False	True
AMBN	array_only	False	True
AMELX	array_only	False	True
AMELY	array_only	False	True
AMER3	array_only	False	True
AMHR2	array_only	False	True
AMPD1	array_only	False	True
AMTN	array_only	False	True
AMY1A	array_only	False	True
AMY1B	array_only	False	True
AMY1C	array_only	False	True
AMY2A	array_only	False	True
ANGPTL3	array_only	False	True
ANGPTL8	array_only	False	True
ANHX	array_only	False	True
ANKK1	array_only	False	True
ANKRD20A3P	array_only	False	True
ANKRD20A4P	array_only	False	True
ANKRD30A	array_only	False	True
ANKRD30BL	array_only	False	True
ANKRD33	array_only	False	True
ANKRD34B	array_only	False	True
ANKRD60	array_only	False	True
ANKRD62	array_only	False	True
ANKRD65	array_only	False	True
ANKUB1	array_only	False	True
ANO3	array_only	False	True
ANO4	array_only	False	True
ANO9	array_only	False	True
ANOS1	array_only	False	True
ANTXRL	array_only	False	True
ANXA13	array_only	False	True
ANXA3	array_only	False	True
AOC1	array_only	False	True
APBA2	array_only	False	True
APCDD1	array_only	False	True
APCS	array_only	False	True
APELA	array_only	False	True
APOA2	array_only	False	True
APOA5	array_only	False	True
APOB	array_only	False	True
APOBEC1	array_only	False	True
APOBEC2	array_only	False	True
APOBEC4	array_only	False	True
APOBR	array_only	False	True
APOC2	array_only	False	True
APOC4	array_only	False	True
APOC4-APOC2	array_only	False	True
APOD	array_only	False	True
APOF	array_only	False	True
APOL5	array_only	False	True
AQP10	array_only	False	True
AQP12A	array_only	False	True
AQP12B	array_only	False	True
AQP3	array_only	False	True
AQP4	array_only	False	True
AQP6	array_only	False	True
AQP7	array_only	False	True
AQP8	array_only	False	True
AREG	array_only	False	True
ARG1	array_only	False	True
ARGFX	array_only	False	True
ARHGAP36	array_only	False	True
ARHGAP4	array_only	False	True
ARHGAP8	array_only	False	True
ARHGDIG	array_only	False	True
ARHGEF15	array_only	False	True
ARHGEF19	array_only	False	True
ARHGEF35	array_only	False	True
ARHGEF38	array_only	False	True
ARHGEF5	array_only	False	True
ARK2C	array_only	False	True
ARL11	array_only	False	True
ARL13A	array_only	False	True
ARL14	array_only	False	True
ARL5C	array_only	False	True
ARL9	array_only	False	True
ARMC3	array_only	False	True
ARMH1	array_only	False	True
ARMH2	array_only	False	True
ARMS2	array_only	False	True
ARPP21	array_only	False	True
ARR3	array_only	False	True
ARRDC5	array_only	False	True
ARSF	array_only	False	True
ARSH	array_only	False	True
ART1	array_only	False	True
ART4	array_only	False	True
ART5	array_only	False	True
ASB10	array_only	False	True
ASB11	array_only	False	True
ASB12	array_only	False	True
ASB15	array_only	False	True
ASB16	array_only	False	True
ASB17	array_only	False	True
ASB18	array_only	False	True
ASB4	array_only	False	True
ASCL2	array_only	False	True
ASCL3	array_only	False	True
ASCL4	array_only	False	True
ASCL5	array_only	False	True
ASGR2	array_only	False	True
ASIC2	array_only	False	True
ASIC3	array_only	False	True
ASIP	array_only	False	True
ASMT	array_only	False	True
ASPDH	array_only	False	True
ASPG	array_only	False	True
ASPN	array_only	False	True
ASRGL1	array_only	False	True
ASTL	array_only	False	True
ASZ1	array_only	False	True
ATCAY	array_only	False	True
ATG9B	array_only	False	True
ATOH7	array_only	False	True
ATP10B	array_only	False	True
ATP13A5	array_only	False	True
ATP13A5-AS1	array_only	False	True
ATP1A4	array_only	False	True
ATP1B4	array_only	False	True
ATP4B	array_only	False	True
ATP6V1G3	array_only	False	True
ATRNL1	array_only	False	True
ATXN3L	array_only	False	True
AVPR1A	array_only	False	True
AVPR1B	array_only	False	True
AVPR2	array_only	False	True
AWAT1	array_only	False	True
AWAT2	array_only	False	True
AXDND1	array_only	False	True
AZGP1	array_only	False	True
B3GALT2	array_only	False	True
B3GAT2	array_only	False	True
BAGE	array_only	False	True
BANF2	array_only	False	True
BARHL2	array_only	False	True
BARX2	array_only	False	True
BATF	array_only	False	True
BCAN	array_only	False	True
BCL2A1	array_only	False	True
BCL2L10	array_only	False	True
BCL2L14	array_only	False	True
BCL6B	array_only	False	True
BCO1	array_only	False	True
BEAN1-AS1	array_only	False	True
BECN2	array_only	False	True
BEND2	array_only	False	True
BEND5	array_only	False	True
BEST2	array_only	False	True
BFSP2	array_only	False	True
BHMT	array_only	False	True
BIK	array_only	False	True
BIN3-IT1	array_only	False	True
BIRC7	array_only	False	True
BIRC8	array_only	False	True
BKGD	array_only	False	True
BLACE	array_only	False	True
BLOC1S1-RDH5	array_only	False	True
BMP10	array_only	False	True
BMP15	array_only	False	True
BMP5	array_only	False	True
BMP8B	array_only	False	True
BMX	array_only	False	True
BNIP5	array_only	False	True
BOLL	array_only	False	True
BPI	array_only	False	True
BPIFA1	array_only	False	True
BPIFA2	array_only	False	True
BPIFA3	array_only	False	True
BPIFB1	array_only	False	True
BPIFB2	array_only	False	True
BPIFB3	array_only	False	True
BPIFB4	array_only	False	True
BPIFB6	array_only	False	True
BPIFC	array_only	False	True
BPY2B	array_only	False	True
BPY2C	array_only	False	True
BRDT	array_only	False	True
BRINP3	array_only	False	True
BSPH1	array_only	False	True
BSPRY	array_only	False	True
BSX	array_only	False	True
BTBD17	array_only	False	True
BTK	array_only	False	True
BTNL10P	array_only	False	True
BTNL3	array_only	False	True
BTNL8	array_only	False	True
C10orf105	array_only	False	True
C10orf120	array_only	False	True
C10orf126	array_only	False	True
C10orf53	array_only	False	True
C10orf55	array_only	False	True
C10orf62	array_only	False	True
C10orf67	array_only	False	True
C10orf71	array_only	False	True
C10orf88	array_only	False	True
C10orf90	array_only	False	True
C10orf95	array_only	False	True
C10orf95-AS1	array_only	False	True
C11orf16	array_only	False	True
C11orf21	array_only	False	True
C11orf24	array_only	False	True
C11orf40	array_only	False	True
C11orf42	array_only	False	True
C11orf58	array_only	False	True
C11orf65	array_only	False	True
C11orf68	array_only	False	True
C11orf71	array_only	False	True
C11orf86	array_only	False	True
C11orf87	array_only	False	True
C11orf91	array_only	False	True
C11orf96	array_only	False	True
C11orf97	array_only	False	True
C11orf98	array_only	False	True
C12orf42	array_only	False	True
C12orf43	array_only	False	True
C12orf50	array_only	False	True
C12orf54	array_only	False	True
C12orf56	array_only	False	True
C12orf57	array_only	False	True
C12orf60	array_only	False	True
C12orf71	array_only	False	True
C12orf75	array_only	False	True
C12orf76	array_only	False	True
C14orf119	array_only	False	True
C14orf132	array_only	False	True
C14orf180	array_only	False	True
C14orf39	array_only	False	True
C14orf93	array_only	False	True
C15orf32	array_only	False	True
C15orf39	array_only	False	True
C15orf40	array_only	False	True
C15orf61	array_only	False	True
C15orf62	array_only	False	True
C16orf46	array_only	False	True
C16orf54	array_only	False	True
C16orf78	array_only	False	True
C16orf82	array_only	False	True
C16orf86	array_only	False	True
C16orf87	array_only	False	True
C16orf89	array_only	False	True
C16orf90	array_only	False	True
C16orf95	array_only	False	True
C16orf96	array_only	False	True
C17orf100	array_only	False	True
C17orf107	array_only	False	True
C17orf50	array_only	False	True
C17orf58	array_only	False	True
C17orf67	array_only	False	True
C17orf75	array_only	False	True
C17orf78	array_only	False	True
C17orf99	array_only	False	True
C18orf32	array_only	False	True
C18orf54	array_only	False	True
C18orf63	array_only	False	True
C19orf12	array_only	False	True
C19orf18	array_only	False	True
C19orf25	array_only	False	True
C19orf33	array_only	False	True
C19orf38	array_only	False	True
C19orf44	array_only	False	True
C19orf47	array_only	False	True
C19orf48P	array_only	False	True
C19orf53	array_only	False	True
C19orf67	array_only	False	True
C19orf73	array_only	False	True
C19orf81	array_only	False	True
C19orf84	array_only	False	True
C1QA	array_only	False	True
C1QB	array_only	False	True
C1QC	array_only	False	True
C1QTNF3-AMACR	array_only	False	True
C1QTNF7	array_only	False	True
C1QTNF9B	array_only	False	True
C1orf105	array_only	False	True
C1orf115	array_only	False	True
C1orf116	array_only	False	True
C1orf122	array_only	False	True
C1orf141	array_only	False	True
C1orf146	array_only	False	True
C1orf159	array_only	False	True
C1orf162	array_only	False	True
C1orf167	array_only	False	True
C1orf174	array_only	False	True
C1orf185	array_only	False	True
C1orf198	array_only	False	True
C1orf21	array_only	False	True
C1orf210	array_only	False	True
C1orf216	array_only	False	True
C1orf220	array_only	False	True
C1orf226	array_only	False	True
C1orf35	array_only	False	True
C1orf50	array_only	False	True
C1orf52	array_only	False	True
C1orf53	array_only	False	True
C1orf54	array_only	False	True
C1orf56	array_only	False	True
C1orf74	array_only	False	True
C1orf87	array_only	False	True
C1orf94	array_only	False	True
C20orf144	array_only	False	True
C20orf173	array_only	False	True
C20orf202	array_only	False	True
C20orf203	array_only	False	True
C20orf96	array_only	False	True
C21orf140	array_only	False	True
C21orf58	array_only	False	True
C21orf91	array_only	False	True
C22orf15	array_only	False	True
C22orf23	array_only	False	True
C22orf31	array_only	False	True
C22orf39	array_only	False	True
C22orf42	array_only	False	True
C22orf46P	array_only	False	True
C2CD4C	array_only	False	True
C2orf15	array_only	False	True
C2orf42	array_only	False	True
C2orf49	array_only	False	True
C2orf66	array_only	False	True
C2orf68	array_only	False	True
C2orf69	array_only	False	True
C2orf72	array_only	False	True
C2orf74	array_only	False	True
C2orf74-DT	array_only	False	True
C2orf76	array_only	False	True
C2orf78	array_only	False	True
C2orf80	array_only	False	True
C2orf81	array_only	False	True
C3orf18	array_only	False	True
C3orf20	array_only	False	True
C3orf22	array_only	False	True
C3orf36	array_only	False	True
C3orf38	array_only	False	True
C3orf52	array_only	False	True
C3orf62	array_only	False	True
C3orf70	array_only	False	True
C3orf80	array_only	False	True
C4BPA	array_only	False	True
C4orf17	array_only	False	True
C4orf33	array_only	False	True
C4orf36	array_only	False	True
C4orf46	array_only	False	True
C4orf50	array_only	False	True
C4orf51	array_only	False	True
C5orf15	array_only	False	True
C5orf22	array_only	False	True
C5orf24	array_only	False	True
C5orf34	array_only	False	True
C5orf46	array_only	False	True
C5orf47	array_only	False	True
C5orf52	array_only	False	True
C5orf58	array_only	False	True
C5orf63	array_only	False	True
C5orf67	array_only	False	True
C6	array_only	False	True
C6orf118	array_only	False	True
C6orf120	array_only	False	True
C6orf132	array_only	False	True
C6orf136	array_only	False	True
C6orf141	array_only	False	True
C6orf15	array_only	False	True
C6orf163	array_only	False	True
C6orf47	array_only	False	True
C6orf52	array_only	False	True
C6orf58	array_only	False	True
C6orf62	array_only	False	True
C6orf89	array_only	False	True
C7	array_only	False	True
C7orf25	array_only	False	True
C7orf33	array_only	False	True
C7orf57	array_only	False	True
C8A	array_only	False	True
C8B	array_only	False	True
C8orf33	array_only	False	True
C8orf34	array_only	False	True
C8orf44	array_only	False	True
C8orf48	array_only	False	True
C8orf58	array_only	False	True
C8orf74	array_only	False	True
C8orf76	array_only	False	True
C8orf82	array_only	False	True
C8orf88	array_only	False	True
C8orf89	array_only	False	True
C9	array_only	False	True
C9orf152	array_only	False	True
C9orf153	array_only	False	True
C9orf163	array_only	False	True
C9orf40	array_only	False	True
C9orf43	array_only	False	True
C9orf50	array_only	False	True
C9orf57	array_only	False	True
C9orf72	array_only	False	True
C9orf78	array_only	False	True
C9orf85	array_only	False	True
CA1	array_only	False	True
CA10	array_only	False	True
CA3	array_only	False	True
CA4	array_only	False	True
CA5A	array_only	False	True
CA8	array_only	False	True
CABP2	array_only	False	True
CABP4	array_only	False	True
CABP5	array_only	False	True
CABS1	array_only	False	True
CACNA1F	array_only	False	True
CACNA1S	array_only	False	True
CACNG1	array_only	False	True
CACNG2	array_only	False	True
CACNG3	array_only	False	True
CADM3	array_only	False	True
CALCA	array_only	False	True
CALCR	array_only	False	True
CALHM1	array_only	False	True
CALML3	array_only	False	True
CALML5	array_only	False	True
CALML6	array_only	False	True
CALN1	array_only	False	True
CALR3	array_only	False	True
CAMKV	array_only	False	True
CAMP	array_only	False	True
CAND1.11	array_only	False	True
CAPN11	array_only	False	True
CAPN13	array_only	False	True
CAPN14	array_only	False	True
CAPN6	array_only	False	True
CAPN8	array_only	False	True
CAPNS2	array_only	False	True
CAPSL	array_only	False	True
CAPZA3	array_only	False	True
CARD17P	array_only	False	True
CARD18	array_only	False	True
CARTPT	array_only	False	True
CASP12	array_only	False	True
CASP14	array_only	False	True
CASP16P	array_only	False	True
CASP5	array_only	False	True
CASQ2	array_only	False	True
CASR	array_only	False	True
CATIP	array_only	False	True
CATSPER4	array_only	False	True
CATSPERD	array_only	False	True
CATSPERH	array_only	False	True
CATSPERQ	array_only	False	True
CATSPERT	array_only	False	True
CAVIN2	array_only	False	True
CBLIF	array_only	False	True
CBLL2	array_only	False	True
CBLN1	array_only	False	True
CBLN2	array_only	False	True
CBLN4	array_only	False	True
CCDC120	array_only	False	True
CCDC13	array_only	False	True
CCDC144NL	array_only	False	True
CCDC158	array_only	False	True
CCDC166	array_only	False	True
CCDC170	array_only	False	True
CCDC172	array_only	False	True
CCDC175	array_only	False	True
CCDC179	array_only	False	True
CCDC180	array_only	False	True
CCDC182	array_only	False	True
CCDC183	array_only	False	True
CCDC197	array_only	False	True
CCDC27	array_only	False	True
CCDC3	array_only	False	True
CCDC38	array_only	False	True
CCDC39	array_only	False	True
CCDC42	array_only	False	True
CCDC54	array_only	False	True
CCDC60	array_only	False	True
CCDC63	array_only	False	True
CCDC70	array_only	False	True
CCDC73	array_only	False	True
CCDC78	array_only	False	True
CCDC8	array_only	False	True
CCDC83	array_only	False	True
CCER2	array_only	False	True
CCK	array_only	False	True
CCL1	array_only	False	True
CCL11	array_only	False	True
CCL13	array_only	False	True
CCL14	array_only	False	True
CCL16	array_only	False	True
CCL17	array_only	False	True
CCL19	array_only	False	True
CCL20	array_only	False	True
CCL21	array_only	False	True
CCL22	array_only	False	True
CCL23	array_only	False	True
CCL25	array_only	False	True
CCL27	array_only	False	True
CCL28	array_only	False	True
CCL3L3	array_only	False	True
CCL4L2	array_only	False	True
CCL5	array_only	False	True
CCL7	array_only	False	True
CCL8	array_only	False	True
CCN6	array_only	False	True
CCNI2	array_only	False	True
CCR2	array_only	False	True
CCR3	array_only	False	True
CCR4	array_only	False	True
CCR5	array_only	False	True
CCR6	array_only	False	True
CCR8	array_only	False	True
CCR9	array_only	False	True
CCSER1	array_only	False	True
CCT8L2	array_only	False	True
CD160	array_only	False	True
CD164L2	array_only	False	True
CD177	array_only	False	True
CD180	array_only	False	True
CD19	array_only	False	True
CD1A	array_only	False	True
CD1B	array_only	False	True
CD1C	array_only	False	True
CD200	array_only	False	True
CD200R1	array_only	False	True
CD200R1L	array_only	False	True
CD207	array_only	False	True
CD209	array_only	False	True
CD244	array_only	False	True
CD247	array_only	False	True
CD27	array_only	False	True
CD300A	array_only	False	True
CD300LB	array_only	False	True
CD300LD	array_only	False	True
CD300LD-AS1	array_only	False	True
CD300LF	array_only	False	True
CD300LG	array_only	False	True
CD36	array_only	False	True
CD37	array_only	False	True
CD3E	array_only	False	True
CD3G	array_only	False	True
CD48	array_only	False	True
CD5	array_only	False	True
CD5L	array_only	False	True
CD69	array_only	False	True
CD7	array_only	False	True
CD80	array_only	False	True
CD84	array_only	False	True
CD86	array_only	False	True
CD8B	array_only	False	True
CD96	array_only	False	True
CDC20B	array_only	False	True
CDC42BPG	array_only	False	True
CDC50A	array_only	False	True
CDC50B	array_only	False	True
CDC50CP	array_only	False	True
CDCP2	array_only	False	True
CDH17	array_only	False	True
CDH19	array_only	False	True
CDH6	array_only	False	True
CDH9	array_only	False	True
CDHR3	array_only	False	True
CDHR4	array_only	False	True
CDHR5	array_only	False	True
CDIP1	array_only	False	True
CDKN2B	array_only	False	True
CDKN2C	array_only	False	True
CDO1	array_only	False	True
CDRT15	array_only	False	True
CDRT15L2	array_only	False	True
CDSN	array_only	False	True
CDX2	array_only	False	True
CDX4	array_only	False	True
CDY1	array_only	False	True
CDY1B	array_only	False	True
CDY2B	array_only	False	True
CEACAM1	array_only	False	True
CEACAM16	array_only	False	True
CEACAM18	array_only	False	True
CEACAM20	array_only	False	True
CEACAM21	array_only	False	True
CEACAM4	array_only	False	True
CEACAM6	array_only	False	True
CEACAM7	array_only	False	True
CEACAM8	array_only	False	True
CEBPE	array_only	False	True
CELA2A	array_only	False	True
CELA2B	array_only	False	True
CELA3A	array_only	False	True
CELA3B	array_only	False	True
CELF4	array_only	False	True
CELF6	array_only	False	True
CEMP1	array_only	False	True
CENPV	array_only	False	True
CER1	array_only	False	True
CERS4	array_only	False	True
CES1	array_only	False	True
CES1P1	array_only	False	True
CES5A	array_only	False	True
CETN1	array_only	False	True
CFAP100	array_only	False	True
CFAP107	array_only	False	True
CFAP126	array_only	False	True
CFAP144	array_only	False	True
CFAP157	array_only	False	True
CFAP221	array_only	False	True
CFAP276	array_only	False	True
CFAP47	array_only	False	True
CFAP52	array_only	False	True
CFAP65	array_only	False	True
CFAP74	array_only	False	True
CFAP90	array_only	False	True
CFAP92	array_only	False	True
CFAP95	array_only	False	True
CFAP95-DT	array_only	False	True
CFAP97D1	array_only	False	True
CFAP99	array_only	False	True
CFC1	array_only	False	True
CFC1B	array_only	False	True
CFD	array_only	False	True
CFHR1	array_only	False	True
CFHR2	array_only	False	True
CFHR4	array_only	False	True
CFHR5	array_only	False	True
CFP	array_only	False	True
CFTR	array_only	False	True
CGA	array_only	False	True
CGAS	array_only	False	True
CGREF1	array_only	False	True
CHAD	array_only	False	True
CHAT	array_only	False	True
CHCT1	array_only	False	True
CHIA	array_only	False	True
CHIT1	array_only	False	True
CHMP4C	array_only	False	True
CHN2	array_only	False	True
CHP2	array_only	False	True
CHRDL2	array_only	False	True
CHRNA1	array_only	False	True
CHRNA10	array_only	False	True
CHRNA2	array_only	False	True
CHRNA4	array_only	False	True
CHRNA6	array_only	False	True
CHRNB4	array_only	False	True
CHRNG	array_only	False	True
CHST5	array_only	False	True
CHST6	array_only	False	True
CHST9	array_only	False	True
CIB3	array_only	False	True
CIB4	array_only	False	True
CIDEA	array_only	False	True
CIDEB	array_only	False	True
CIDEC	array_only	False	True
CIMAP1A	array_only	False	True
CIMAP2	array_only	False	True
CIMIP1	array_only	False	True
CIMIP2B	array_only	False	True
CIMIP2C	array_only	False	True
CIMIP4	array_only	False	True
CIMIP7	array_only	False	True
CIROZ	array_only	False	True
CITED4	array_only	False	True
CKM	array_only	False	True
CKMT1A	array_only	False	True
CKMT1B	array_only	False	True
CLC	array_only	False	True
CLCA1	array_only	False	True
CLCA4	array_only	False	True
CLCN1	array_only	False	True
CLCNKA	array_only	False	True
CLCNKB	array_only	False	True
CLDN10	array_only	False	True
CLDN16	array_only	False	True
CLDN17	array_only	False	True
CLDN19	array_only	False	True
CLDN20	array_only	False	True
CLDN24	array_only	False	True
CLDN25	array_only	False	True
CLDN34	array_only	False	True
CLDN6	array_only	False	True
CLDN8	array_only	False	True
CLEC10A	array_only	False	True
CLEC12A	array_only	False	True
CLEC14A	array_only	False	True
CLEC18A	array_only	False	True
CLEC18B	array_only	False	True
CLEC18C	array_only	False	True
CLEC19A	array_only	False	True
CLEC1A	array_only	False	True
CLEC1B	array_only	False	True
CLEC4A	array_only	False	True
CLEC4C	array_only	False	True
CLEC4D	array_only	False	True
CLEC4E	array_only	False	True
CLEC4F	array_only	False	True
CLEC4G	array_only	False	True
CLEC4OP	array_only	False	True
CLEC5A	array_only	False	True
CLEC6A	array_only	False	True
CLEC7A	array_only	False	True
CLEC9A	array_only	False	True
CLECL1	array_only	False	True
CLLU1-AS1	array_only	False	True
CLMB	array_only	False	True
CLNK	array_only	False	True
CLPS	array_only	False	True
CLPSL1	array_only	False	True
CLPSL2	array_only	False	True
CLRN1	array_only	False	True
CLRN2	array_only	False	True
CLRN3	array_only	False	True
CLUL1	array_only	False	True
CLXN	array_only	False	True
CMA1	array_only	False	True
CMPK2	array_only	False	True
CMTM5	array_only	False	True
CMTM8	array_only	False	True
CNBD1	array_only	False	True
CNFN	array_only	False	True
CNGA1	array_only	False	True
CNGA2	array_only	False	True
CNGA4	array_only	False	True
CNKSR1	array_only	False	True
CNMD	array_only	False	True
CNNM1	array_only	False	True
CNPY1	array_only	False	True
CNR2	array_only	False	True
CNTFR	array_only	False	True
CNTN1	array_only	False	True
CNTN4	array_only	False	True
CNTN5	array_only	False	True
CNTN6	array_only	False	True
CNTNAP2	array_only	False	True
CNTNAP3	array_only	False	True
COCH	array_only	False	True
COL11A1	array_only	False	True
COL18A1-AS1	array_only	False	True
COL19A1	array_only	False	True
COL22A1	array_only	False	True
COL24A1	array_only	False	True
COL3A1	array_only	False	True
COL4A3	array_only	False	True
COL6A6	array_only	False	True
COL9A1	array_only	False	True
COLCA1	array_only	False	True
COLEC10	array_only	False	True
COLEC11	array_only	False	True
COLQ	array_only	False	True
CORIN	array_only	False	True
COX4I2	array_only	False	True
COX6A2	array_only	False	True
COX7A1	array_only	False	True
COX7B2	array_only	False	True
COXFA4L3	array_only	False	True
CP	array_only	False	True
CPA2	array_only	False	True
CPA3	array_only	False	True
CPA6	array_only	False	True
CPLX1	array_only	False	True
CPLX3	array_only	False	True
CPLX4	array_only	False	True
CPN1	array_only	False	True
CPNE4	array_only	False	True
CPO	array_only	False	True
CPSF4L	array_only	False	True
CPXCR1	array_only	False	True
CPXM1	array_only	False	True
CR1	array_only	False	True
CR1L	array_only	False	True
CRABP1	array_only	False	True
CRB3	array_only	False	True
CRCT1	array_only	False	True
CRH	array_only	False	True
CRHR1	array_only	False	True
CRIPTO	array_only	False	True
CRISP1	array_only	False	True
CRISP2	array_only	False	True
CRISP3	array_only	False	True
CRLF2	array_only	False	True
CRMA	array_only	False	True
CRNN	array_only	False	True
CRP	array_only	False	True
CRTAM	array_only	False	True
CRX	array_only	False	True
CRYAA	array_only	False	True
CRYBA1	array_only	False	True
CRYBA4	array_only	False	True
CRYBB1	array_only	False	True
CRYBB3	array_only	False	True
CRYBG2	array_only	False	True
CRYGA	array_only	False	True
CRYGB	array_only	False	True
CRYGD	array_only	False	True
CRYGN	array_only	False	True
CSAG1	array_only	False	True
CSAG3	array_only	False	True
CSF2	array_only	False	True
CSF2RA	array_only	False	True
CSF3R	array_only	False	True
CSH1	array_only	False	True
CSH2	array_only	False	True
CSHL1	array_only	False	True
CSN1S1	array_only	False	True
CSN2	array_only	False	True
CSN3	array_only	False	True
CSPG4P1Y	array_only	False	True
CST1	array_only	False	True
CST11	array_only	False	True
CST2	array_only	False	True
CST4	array_only	False	True
CST5	array_only	False	True
CST6	array_only	False	True
CST8	array_only	False	True
CST9	array_only	False	True
CST9L	array_only	False	True
CSTL1	array_only	False	True
CT45A1	array_only	False	True
CT45A10	array_only	False	True
CT45A2	array_only	False	True
CT45A5	array_only	False	True
CT45A7	array_only	False	True
CT45A8	array_only	False	True
CT45A9	array_only	False	True
CT47A10	array_only	False	True
CT47A12	array_only	False	True
CT47A3	array_only	False	True
CT47A5	array_only	False	True
CT47A6	array_only	False	True
CT47A7	array_only	False	True
CT47A9	array_only	False	True
CT47B1	array_only	False	True
CT55	array_only	False	True
CT62	array_only	False	True
CT83	array_only	False	True
CTAG1B	array_only	False	True
CTAG2	array_only	False	True
CTAGE6	array_only	False	True
CTAGE8	array_only	False	True
CTCFL	array_only	False	True
CTNNA2	array_only	False	True
CTNNA3	array_only	False	True
CTRC	array_only	False	True
CTRL	array_only	False	True
CTSE	array_only	False	True
CTSG	array_only	False	True
CTSH	array_only	False	True
CTSL3P	array_only	False	True
CTSV	array_only	False	True
CTSW	array_only	False	True
CTXN2	array_only	False	True
CTXN3	array_only	False	True
CWH43	array_only	False	True
CX3CL1	array_only	False	True
CX3CR1	array_only	False	True
CXCL10	array_only	False	True
CXCL11	array_only	False	True
CXCL13	array_only	False	True
CXCL16	array_only	False	True
CXCL17	array_only	False	True
CXCL6	array_only	False	True
CXCL9	array_only	False	True
CXCR1	array_only	False	True
CXCR2	array_only	False	True
CXCR3	array_only	False	True
CXCR4	array_only	False	True
CXCR6	array_only	False	True
CXorf38	array_only	False	True
CXorf49B	array_only	False	True
CXorf51A	array_only	False	True
CXorf58	array_only	False	True
CXorf65	array_only	False	True
CXorf66	array_only	False	True
CYGB	array_only	False	True
CYLC1	array_only	False	True
CYLC2	array_only	False	True
CYP11B1	array_only	False	True
CYP21A1P	array_only	False	True
CYP21A2	array_only	False	True
CYP24A1	array_only	False	True
CYP26C1	array_only	False	True
CYP2A13	array_only	False	True
CYP2A6	array_only	False	True
CYP2A7	array_only	False	True
CYP2B6	array_only	False	True
CYP2C19	array_only	False	True
CYP2C8	array_only	False	True
CYP2D6	array_only	False	True
CYP2E1	array_only	False	True
CYP2F1	array_only	False	True
CYP2S1	array_only	False	True
CYP39A1	array_only	False	True
CYP3A4	array_only	False	True
CYP3A43	array_only	False	True
CYP3A7	array_only	False	True
CYP4A11	array_only	False	True
CYP4A22	array_only	False	True
CYP4B1	array_only	False	True
CYP4F12	array_only	False	True
CYP4F3	array_only	False	True
CYP4F8	array_only	False	True
CYP4Z1	array_only	False	True
CYP7A1	array_only	False	True
CYP7B1	array_only	False	True
CYP8B1	array_only	False	True
CYS1	array_only	False	True
CYSLTR1	array_only	False	True
CYSLTR2	array_only	False	True
CYTL1	array_only	False	True
CYYR1	array_only	False	True
DAB1	array_only	False	True
DACH2	array_only	False	True
DAOA	array_only	False	True
DAZ2	array_only	False	True
DAZ3	array_only	False	True
DAZ4	array_only	False	True
DBX1	array_only	False	True
DBX2	array_only	False	True
DCAF12L1	array_only	False	True
DCAF12L2	array_only	False	True
DCAF4L2	array_only	False	True
DCAF8L2	array_only	False	True
DCANP1	array_only	False	True
DCC	array_only	False	True
DCD	array_only	False	True
DCDC2	array_only	False	True
DCDC2B	array_only	False	True
DCLK3	array_only	False	True
DCST2	array_only	False	True
DCX	array_only	False	True
DDC	array_only	False	True
DDI1	array_only	False	True
DDX25	array_only	False	True
DDX4	array_only	False	True
DDX43	array_only	False	True
DDX53	array_only	False	True
DEFA1	array_only	False	True
DEFA1B	array_only	False	True
DEFA3	array_only	False	True
DEFA4	array_only	False	True
DEFA5	array_only	False	True
DEFA6	array_only	False	True
DEFB1	array_only	False	True
DEFB103A	array_only	False	True
DEFB104A	array_only	False	True
DEFB104B	array_only	False	True
DEFB105B	array_only	False	True
DEFB106B	array_only	False	True
DEFB107A	array_only	False	True
DEFB108B	array_only	False	True
DEFB109B	array_only	False	True
DEFB110	array_only	False	True
DEFB112	array_only	False	True
DEFB113	array_only	False	True
DEFB114	array_only	False	True
DEFB115	array_only	False	True
DEFB116	array_only	False	True
DEFB118	array_only	False	True
DEFB119	array_only	False	True
DEFB121	array_only	False	True
DEFB123	array_only	False	True
DEFB124	array_only	False	True
DEFB125	array_only	False	True
DEFB126	array_only	False	True
DEFB127	array_only	False	True
DEFB128	array_only	False	True
DEFB129	array_only	False	True
DEFB130A	array_only	False	True
DEFB131A	array_only	False	True
DEFB131B	array_only	False	True
DEFB132	array_only	False	True
DEFB133	array_only	False	True
DEFB135	array_only	False	True
DEFB136	array_only	False	True
DEFB4A	array_only	False	True
DEFB4B	array_only	False	True
DEGS2	array_only	False	True
DELEC1	array_only	False	True
DENND1C	array_only	False	True
DENND2D	array_only	False	True
DEUP1	array_only	False	True
DGAT2L6	array_only	False	True
DGCR5	array_only	False	True
DHDH	array_only	False	True
DIO1	array_only	False	True
DIPK1C	array_only	False	True
DIPK2B	array_only	False	True
DIRAS2	array_only	False	True
DIRC1	array_only	False	True
DKK4	array_only	False	True
DLK1	array_only	False	True
DLL4	array_only	False	True
DMBX1	array_only	False	True
DMP1	array_only	False	True
DMRT1	array_only	False	True
DMRT3	array_only	False	True
DMRTC1	array_only	False	True
DMRTC1B	array_only	False	True
DMRTC2	array_only	False	True
DMTN	array_only	False	True
DNAAF6	array_only	False	True
DNAI2	array_only	False	True
DNAJB3	array_only	False	True
DNAJB7	array_only	False	True
DNAJB8	array_only	False	True
DNAJC5B	array_only	False	True
DNAJC5G	array_only	False	True
DNASE1L3	array_only	False	True
DNASE2B	array_only	False	True
DNMT3L	array_only	False	True
DNTT	array_only	False	True
DOC2A	array_only	False	True
DOCK8-AS1	array_only	False	True
DOK5	array_only	False	True
DPEP2	array_only	False	True
DPEP3	array_only	False	True
DPH3P1	array_only	False	True
DPPA2	array_only	False	True
DPPA3	array_only	False	True
DPPA4	array_only	False	True
DPPA5	array_only	False	True
DPRX	array_only	False	True
DPT	array_only	False	True
DPYS	array_only	False	True
DQX1	array_only	False	True
DRAXIN	array_only	False	True
DRC11	array_only	False	True
DRC11L	array_only	False	True
DRC7	array_only	False	True
DRD1	array_only	False	True
DRD2	array_only	False	True
DRD3	array_only	False	True
DRD5	array_only	False	True
DSC1	array_only	False	True
DSC2	array_only	False	True
DSC3	array_only	False	True
DSCR10	array_only	False	True
DSCR4	array_only	False	True
DSCR8	array_only	False	True
DSG1	array_only	False	True
DSPP	array_only	False	True
DUOX1	array_only	False	True
DUOXA2	array_only	False	True
DUSP2	array_only	False	True
DUSP21	array_only	False	True
DUSP26	array_only	False	True
DUSP29	array_only	False	True
DUX1	array_only	False	True
DUX3	array_only	False	True
DUX5	array_only	False	True
DUXA	array_only	False	True
DYDC1	array_only	False	True
DYNLRB2	array_only	False	True
DYNLT4	array_only	False	True
DYNLT5	array_only	False	True
DYTN	array_only	False	True
E2F7	array_only	False	True
EBLN1	array_only	False	True
ECE2	array_only	False	True
ECEL1	array_only	False	True
ECHDC3	array_only	False	True
ECRG4	array_only	False	True
ECSCR	array_only	False	True
ECT2L	array_only	False	True
EDAR	array_only	False	True
EDDM3A	array_only	False	True
EDDM3B	array_only	False	True
EDN2	array_only	False	True
EDN3	array_only	False	True
EFCAB3	array_only	False	True
EFCAB9	array_only	False	True
EFHC2	array_only	False	True
EFHD1	array_only	False	True
EFNA1	array_only	False	True
EFS	array_only	False	True
EGFL6	array_only	False	True
EGFL7	array_only	False	True
EIF1AY	array_only	False	True
EIF4E1B	array_only	False	True
ELANE	array_only	False	True
ELAVL4	array_only	False	True
ELOA2	array_only	False	True
ELOA3BP	array_only	False	True
ELOA3DP	array_only	False	True
ELOA3P	array_only	False	True
ELOVL2	array_only	False	True
ELSPBP1	array_only	False	True
EMB	array_only	False	True
EMCN	array_only	False	True
EMILIN3	array_only	False	True
EML2-AS1	array_only	False	True
EMX2	array_only	False	True
ENAM	array_only	False	True
ENDOU	array_only	False	True
ENO4	array_only	False	True
ENPP5	array_only	False	True
ENPP6	array_only	False	True
ENPP7	array_only	False	True
ENTHD1	array_only	False	True
ENTPD2	array_only	False	True
ENTPD3	array_only	False	True
ENTPD8	array_only	False	True
ENTREP1	array_only	False	True
ENTREP2	array_only	False	True
EPB41L3	array_only	False	True
EPB42	array_only	False	True
EPCIP	array_only	False	True
EPGN	array_only	False	True
EPHA1	array_only	False	True
EPHA3	array_only	False	True
EPHA8	array_only	False	True
EPHX2	array_only	False	True
EPHX3	array_only	False	True
EPHX4	array_only	False	True
EPIST	array_only	False	True
EPO	array_only	False	True
EPPIN	array_only	False	True
EPPIN-WFDC6	array_only	False	True
EPS8L3	array_only	False	True
EPX	array_only	False	True
EPYC	array_only	False	True
EQTN	array_only	False	True
ERAS	array_only	False	True
ERICH5	array_only	False	True
ERICH6	array_only	False	True
ERICH6B	array_only	False	True
ERLN	array_only	False	True
ERN2	array_only	False	True
ERP27	array_only	False	True
ERVFRD-1	array_only	False	True
ERVH48-1	array_only	False	True
ERVMER34-1	array_only	False	True
ERVV-1	array_only	False	True
ERVV-2	array_only	False	True
ESAM	array_only	False	True
ESM1	array_only	False	True
ESX1	array_only	False	True
ETNPPL	array_only	False	True
ETV3L	array_only	False	True
ETV7	array_only	False	True
EVPLL	array_only	False	True
EXD1	array_only	False	True
EXD2	array_only	False	True
EYA2	array_only	False	True
EZHIP	array_only	False	True
F11	array_only	False	True
F11-AS1	array_only	False	True
F13A1	array_only	False	True
F13B	array_only	False	True
F2RL3	array_only	False	True
F5	array_only	False	True
FAAH	array_only	False	True
FAAH2	array_only	False	True
FABP12	array_only	False	True
FABP2	array_only	False	True
FABP4	array_only	False	True
FABP7	array_only	False	True
FABP9	array_only	False	True
FADS6	array_only	False	True
FAM110C	array_only	False	True
FAM124B	array_only	False	True
FAM133A	array_only	False	True
FAM135B	array_only	False	True
FAM151A	array_only	False	True
FAM153A	array_only	False	True
FAM153B	array_only	False	True
FAM157A	array_only	False	True
FAM157B	array_only	False	True
FAM162B	array_only	False	True
FAM169A	array_only	False	True
FAM170A	array_only	False	True
FAM170B	array_only	False	True
FAM181A	array_only	False	True
FAM182B	array_only	False	True
FAM186A	array_only	False	True
FAM187B	array_only	False	True
FAM201A	array_only	False	True
FAM209A	array_only	False	True
FAM209B	array_only	False	True
FAM20A	array_only	False	True
FAM215A	array_only	False	True
FAM217A	array_only	False	True
FAM218A	array_only	False	True
FAM221A	array_only	False	True
FAM221B	array_only	False	True
FAM228A	array_only	False	True
FAM230I	array_only	False	True
FAM240A	array_only	False	True
FAM24A	array_only	False	True
FAM25A	array_only	False	True
FAM25C	array_only	False	True
FAM25G	array_only	False	True
FAM27E5	array_only	False	True
FAM3B	array_only	False	True
FAM3D	array_only	False	True
FAM47A	array_only	False	True
FAM47C	array_only	False	True
FAM81B	array_only	False	True
FAM9A	array_only	False	True
FAM9B	array_only	False	True
FAM9C	array_only	False	True
FANCD2OS	array_only	False	True
FAR2P1	array_only	False	True
FASLG	array_only	False	True
FAT3	array_only	False	True
FBN3	array_only	False	True
FBP2	array_only	False	True
FBXL21P	array_only	False	True
FBXO39	array_only	False	True
FBXO40	array_only	False	True
FBXO47	array_only	False	True
FBXW12	array_only	False	True
FCAMR	array_only	False	True
FCAR	array_only	False	True
FCER1A	array_only	False	True
FCER2	array_only	False	True
FCGR1A	array_only	False	True
FCGR1BP	array_only	False	True
FCGR2B	array_only	False	True
FCGR2C	array_only	False	True
FCGR3A	array_only	False	True
FCGR3B	array_only	False	True
FCN3	array_only	False	True
FCRL1	array_only	False	True
FCRL2	array_only	False	True
FCRL3	array_only	False	True
FCRL4	array_only	False	True
FCRL6	array_only	False	True
FER1L6-AS1	array_only	False	True
FERD3L	array_only	False	True
FETUB	array_only	False	True
FEZ1	array_only	False	True
FFAR2	array_only	False	True
FFAR3	array_only	False	True
FFAR4	array_only	False	True
FGA	array_only	False	True
FGB	array_only	False	True
FGD2	array_only	False	True
FGD4	array_only	False	True
FGD5	array_only	False	True
FGF10	array_only	False	True
FGF16	array_only	False	True
FGF17	array_only	False	True
FGF20	array_only	False	True
FGF21	array_only	False	True
FGF23	array_only	False	True
FGF3	array_only	False	True
FGFR4	array_only	False	True
FGG	array_only	False	True
FGL1	array_only	False	True
FGL2	array_only	False	True
FGR	array_only	False	True
FHL5	array_only	False	True
FIGLA	array_only	False	True
FIMP1	array_only	False	True
FITM1	array_only	False	True
FKBP1A-SDCBP2	array_only	False	True
FKBP6	array_only	False	True
FLG2	array_only	False	True
FLJ33534	array_only	False	True
FLT1	array_only	False	True
FLT3	array_only	False	True
FLT4	array_only	False	True
FMO2	array_only	False	True
FMO3	array_only	False	True
FMO6P	array_only	False	True
FMR1NB	array_only	False	True
FN3K	array_only	False	True
FNDC8	array_only	False	True
FNDC9	array_only	False	True
FOCAD	array_only	False	True
FOLH1	array_only	False	True
FOLH1B	array_only	False	True
FOLR2	array_only	False	True
FOLR3	array_only	False	True
FOXA2	array_only	False	True
FOXA3	array_only	False	True
FOXB1	array_only	False	True
FOXD4L1	array_only	False	True
FOXD4L4	array_only	False	True
FOXH1	array_only	False	True
FOXI1	array_only	False	True
FOXI2	array_only	False	True
FOXL3-OT1	array_only	False	True
FOXN4	array_only	False	True
FOXR1	array_only	False	True
FOXR2	array_only	False	True
FREY1	array_only	False	True
FRG2B	array_only	False	True
FRG2C	array_only	False	True
FRMPD2	array_only	False	True
FRMPD2B	array_only	False	True
FRMPD3-AS1	array_only	False	True
FRRS1L	array_only	False	True
FSCB	array_only	False	True
FSCN3	array_only	False	True
FSD2	array_only	False	True
FSHB	array_only	False	True
FSHR	array_only	False	True
FSIP2	array_only	False	True
FSTL5	array_only	False	True
FTCD	array_only	False	True
FTHL17	array_only	False	True
FTHL18P	array_only	False	True
FTMT	array_only	False	True
FUT2	array_only	False	True
FUT3	array_only	False	True
FUT5	array_only	False	True
FUT6	array_only	False	True
FUT7	array_only	False	True
FXYD4	array_only	False	True
FXYD6	array_only	False	True
FYB1	array_only	False	True
FYB2	array_only	False	True
FZD9	array_only	False	True
G6PC2	array_only	False	True
GAB4	array_only	False	True
GABRA2	array_only	False	True
GABRA4	array_only	False	True
GABRA6	array_only	False	True
GABRB1	array_only	False	True
GABRB2	array_only	False	True
GABRD	array_only	False	True
GABRE	array_only	False	True
GABRG1	array_only	False	True
GABRG2	array_only	False	True
GABRP	array_only	False	True
GABRR1	array_only	False	True
GABRR2	array_only	False	True
GABRR3	array_only	False	True
GAGE1	array_only	False	True
GAGE10	array_only	False	True
GAGE12C	array_only	False	True
GAGE12F	array_only	False	True
GAGE12G	array_only	False	True
GAGE12H	array_only	False	True
GAGE12I	array_only	False	True
GAGE2B	array_only	False	True
GAGE2D	array_only	False	True
GAGE4	array_only	False	True
GAL3ST3	array_only	False	True
GALC	array_only	False	True
GALNT8	array_only	False	True
GALNTL5	array_only	False	True
GALP	array_only	False	True
GALR1	array_only	False	True
GALR3	array_only	False	True
GAPT	array_only	False	True
GARIN2	array_only	False	True
GARIN3	array_only	False	True
GARIN5A	array_only	False	True
GARIN6	array_only	False	True
GAS7	array_only	False	True
GAS8-AS1	array_only	False	True
GAST	array_only	False	True
GATA4	array_only	False	True
GBGT1	array_only	False	True
GBP4	array_only	False	True
GBP6	array_only	False	True
GBX1	array_only	False	True
GBX2	array_only	False	True
GC	array_only	False	True
GCM1	array_only	False	True
GCM2	array_only	False	True
GCNT7	array_only	False	True
GCSAML	array_only	False	True
GDF3	array_only	False	True
GDF6	array_only	False	True
GDPD2	array_only	False	True
GDPD4	array_only	False	True
GFI1B	array_only	False	True
GFRA3	array_only	False	True
GFRAL	array_only	False	True
GGT6	array_only	False	True
GGTLC1	array_only	False	True
GGTLC2	array_only	False	True
GH1	array_only	False	True
GHRH	array_only	False	True
GHRHR	array_only	False	True
GHRL	array_only	False	True
GIMAP1-GIMAP5	array_only	False	True
GIMAP2	array_only	False	True
GIMAP4	array_only	False	True
GIMAP6	array_only	False	True
GIMAP8	array_only	False	True
GIMD1	array_only	False	True
GJA10	array_only	False	True
GJA3	array_only	False	True
GJA4	array_only	False	True
GJA5	array_only	False	True
GJA8	array_only	False	True
GJB1	array_only	False	True
GJB4	array_only	False	True
GJB5	array_only	False	True
GJB6	array_only	False	True
GJB7	array_only	False	True
GJD2	array_only	False	True
GK2	array_only	False	True
GKN1	array_only	False	True
GKN2	array_only	False	True
GLDN	array_only	False	True
GLIPR1L1	array_only	False	True
GLOD5	array_only	False	True
GLP1R	array_only	False	True
GLP2R	array_only	False	True
GLRA1	array_only	False	True
GLRA2	array_only	False	True
GLRA3	array_only	False	True
GLS2	array_only	False	True
GLT1D1	array_only	False	True
GLT6D1	array_only	False	True
GLYAT	array_only	False	True
GLYATL1	array_only	False	True
GLYATL2	array_only	False	True
GLYATL3	array_only	False	True
GML	array_only	False	True
GMPR	array_only	False	True
GNAT1	array_only	False	True
GNAT3	array_only	False	True
GNG13	array_only	False	True
GNG3	array_only	False	True
GNG8	array_only	False	True
GNGT1	array_only	False	True
GNLY	array_only	False	True
GNMT	array_only	False	True
GNRH2	array_only	False	True
GNRHR	array_only	False	True
GOLGA2P5	array_only	False	True
GOLGA6B	array_only	False	True
GOLGA6C	array_only	False	True
GOLGA6D	array_only	False	True
GOLGA6L1	array_only	False	True
GOLGA6L6	array_only	False	True
GOLGA8EP	array_only	False	True
GOLGA8H	array_only	False	True
GOLGA8J	array_only	False	True
GOLGA8M	array_only	False	True
GOLT1A	array_only	False	True
GOT1L1	array_only	False	True
GP1BA	array_only	False	True
GP2	array_only	False	True
GP6	array_only	False	True
GP9	array_only	False	True
GPA33	array_only	False	True
GPAT2	array_only	False	True
GPC3	array_only	False	True
GPC4	array_only	False	True
GPHA2	array_only	False	True
GPHB5	array_only	False	True
GPHRA	array_only	False	True
GPHRB	array_only	False	True
GPIHBP1	array_only	False	True
GPM6B	array_only	False	True
GPR119	array_only	False	True
GPR12	array_only	False	True
GPR132	array_only	False	True
GPR139	array_only	False	True
GPR141	array_only	False	True
GPR143	array_only	False	True
GPR148	array_only	False	True
GPR15	array_only	False	True
GPR152	array_only	False	True
GPR158-AS1	array_only	False	True
GPR15LG	array_only	False	True
GPR160	array_only	False	True
GPR171	array_only	False	True
GPR18	array_only	False	True
GPR20	array_only	False	True
GPR22	array_only	False	True
GPR32	array_only	False	True
GPR33	array_only	False	True
GPR34	array_only	False	True
GPR35	array_only	False	True
GPR45	array_only	False	True
GPR50	array_only	False	True
GPR65	array_only	False	True
GPR75-ASB3	array_only	False	True
GPR82	array_only	False	True
GPR83	array_only	False	True
GPRC5D	array_only	False	True
GPRC6A	array_only	False	True
GPX2	array_only	False	True
GPX3	array_only	False	True
GPX5	array_only	False	True
GPX6	array_only	False	True
GPX7	array_only	False	True
GRAMD2A	array_only	False	True
GRAP	array_only	False	True
GRHL2	array_only	False	True
GRIA3	array_only	False	True
GRIA4	array_only	False	True
GRIFIN	array_only	False	True
GRIK1-AS2	array_only	False	True
GRK1	array_only	False	True
GRM1	array_only	False	True
GRM2	array_only	False	True
GRM3	array_only	False	True
GRM7	array_only	False	True
GRP	array_only	False	True
GRXCR1	array_only	False	True
GRXCR2	array_only	False	True
GSDMA	array_only	False	True
GSTA3	array_only	False	True
GSTM3	array_only	False	True
GSTM5	array_only	False	True
GSTT2	array_only	False	True
GSX2	array_only	False	True
GTF2A1L	array_only	False	True
GTF2H2C_2	array_only	False	True
GTSF1	array_only	False	True
GTSF1L	array_only	False	True
GUCA1ANB-GUCA1A	array_only	False	True
GUCA1C	array_only	False	True
GUCA2A	array_only	False	True
GUCA2B	array_only	False	True
GUCY2D	array_only	False	True
GUCY2F	array_only	False	True
GYG2	array_only	False	True
GYPA	array_only	False	True
GYPB	array_only	False	True
GYPC	array_only	False	True
GYPE	array_only	False	True
GYS2	array_only	False	True
GZMA	array_only	False	True
GZMB	array_only	False	True
GZMH	array_only	False	True
GZMK-AS1	array_only	False	True
GZMM	array_only	False	True
H1-7	array_only	False	True
H1-8	array_only	False	True
H2AB1	array_only	False	True
H2AC1	array_only	False	True
H2AP	array_only	False	True
H2BW1	array_only	False	True
H2BW2	array_only	False	True
H3-4	array_only	False	True
H4C7	array_only	False	True
HAAO	array_only	False	True
HABP2	array_only	False	True
HACD4	array_only	False	True
HAL	array_only	False	True
HAND1	array_only	False	True
HAND2-AS1	array_only	False	True
HAO1	array_only	False	True
HAO2	array_only	False	True
HAP1	array_only	False	True
HAPLN1	array_only	False	True
HAPSTR2	array_only	False	True
HAVCR1	array_only	False	True
HAVCR2	array_only	False	True
HBA1	array_only	False	True
HBA2	array_only	False	True
HBB	array_only	False	True
HBD	array_only	False	True
HBE1	array_only	False	True
HBG2	array_only	False	True
HBM	array_only	False	True
HBQ1	array_only	False	True
HCAR2	array_only	False	True
HCAR3	array_only	False	True
HCG22	array_only	False	True
HCG27	array_only	False	True
HCG9	array_only	False	True
HCK	array_only	False	True
HCRT	array_only	False	True
HCRTR2	array_only	False	True
HDC	array_only	False	True
HDHD3	array_only	False	True
HEATR9	array_only	False	True
HELT	array_only	False	True
HEMGN	array_only	False	True
HENMT1	array_only	False	True
HEPACAM	array_only	False	True
HEPACAM2	array_only	False	True
HEPH	array_only	False	True
HEPHL1	array_only	False	True
HEPN1	array_only	False	True
HES3	array_only	False	True
HES5	array_only	False	True
HHATL	array_only	False	True
HHIP	array_only	False	True
HHLA2	array_only	False	True
HID1	array_only	False	True
HIF3A	array_only	False	True
HIGD1B	array_only	False	True
HIGD1C	array_only	False	True
HJV	array_only	False	True
HK3	array_only	False	True
HLA-DOA	array_only	False	True
HLA-DOB	array_only	False	True
HLA-DQB2	array_only	False	True
HMGB4	array_only	False	True
HMGCS2	array_only	False	True
HMHB1	array_only	False	True
HMX2	array_only	False	True
HNF1B	array_only	False	True
HNRNPCL3	array_only	False	True
HOATZ	array_only	False	True
HOOK1	array_only	False	True
HORMAD1	array_only	False	True
HORMAD2	array_only	False	True
HOXB8	array_only	False	True
HOXC11	array_only	False	True
HOXC9	array_only	False	True
HPDL	array_only	False	True
HPN	array_only	False	True
HPN-AS1	array_only	False	True
HPSE2	array_only	False	True
HPX	array_only	False	True
HRG	array_only	False	True
HRH3	array_only	False	True
HS6ST2	array_only	False	True
HSD17B13	array_only	False	True
HSD17B2	array_only	False	True
HSD17B3	array_only	False	True
HSD3B1	array_only	False	True
HSD3B2	array_only	False	True
HSFX2	array_only	False	True
HSFY2	array_only	False	True
HTN1	array_only	False	True
HTN3	array_only	False	True
HTR1B	array_only	False	True
HTR1E	array_only	False	True
HTR1F	array_only	False	True
HTR2B	array_only	False	True
HTR2C	array_only	False	True
HTR3A	array_only	False	True
HTR3B	array_only	False	True
HTR3C	array_only	False	True
HTR3D	array_only	False	True
HTR4	array_only	False	True
HTR5A-AS1	array_only	False	True
HTR6	array_only	False	True
HTRA3	array_only	False	True
HYAL4	array_only	False	True
HYI	array_only	False	True
IAPP	array_only	False	True
ICA1	array_only	False	True
ICAM2	array_only	False	True
ICAM4	array_only	False	True
ICMT-DT	array_only	False	True
ICOS	array_only	False	True
IDO1	array_only	False	True
IDO2	array_only	False	True
IFI27	array_only	False	True
IFITM5	array_only	False	True
IFNA1	array_only	False	True
IFNA10	array_only	False	True
IFNA13	array_only	False	True
IFNA14	array_only	False	True
IFNA16	array_only	False	True
IFNA17	array_only	False	True
IFNA2	array_only	False	True
IFNA21	array_only	False	True
IFNA4	array_only	False	True
IFNA5	array_only	False	True
IFNA6	array_only	False	True
IFNA7	array_only	False	True
IFNB1	array_only	False	True
IFNE	array_only	False	True
IFNG	array_only	False	True
IFNK	array_only	False	True
IFNL1	array_only	False	True
IFNL2	array_only	False	True
IFNL3	array_only	False	True
IFNL4	array_only	False	True
IFNW1	array_only	False	True
IGDCC3	array_only	False	True
IGF1	array_only	False	True
IGF2-AS	array_only	False	True
IGFL1	array_only	False	True
IGFL4	array_only	False	True
IGLL1	array_only	False	True
IGLL5	array_only	False	True
IGSF11	array_only	False	True
IGSF22	array_only	False	True
IGSF23	array_only	False	True
IGSF9	array_only	False	True
IHO1	array_only	False	True
IKZF1	array_only	False	True
IKZF3	array_only	False	True
IL10RA	array_only	False	True
IL12B	array_only	False	True
IL12RB2	array_only	False	True
IL13	array_only	False	True
IL17A	array_only	False	True
IL17C	array_only	False	True
IL17F	array_only	False	True
IL17REL	array_only	False	True
IL18RAP	array_only	False	True
IL19	array_only	False	True
IL1F10	array_only	False	True
IL1RAPL2	array_only	False	True
IL1RL2	array_only	False	True
IL2	array_only	False	True
IL20	array_only	False	True
IL20RA	array_only	False	True
IL21	array_only	False	True
IL22	array_only	False	True
IL22RA1	array_only	False	True
IL22RA2	array_only	False	True
IL23R	array_only	False	True
IL24	array_only	False	True
IL25	array_only	False	True
IL26	array_only	False	True
IL27	array_only	False	True
IL2RA	array_only	False	True
IL3	array_only	False	True
IL33	array_only	False	True
IL36A	array_only	False	True
IL36G	array_only	False	True
IL37	array_only	False	True
IL3RA	array_only	False	True
IL4	array_only	False	True
IL5	array_only	False	True
IL5RA	array_only	False	True
IL9	array_only	False	True
ILDR1	array_only	False	True
IMPG1	array_only	False	True
INA	array_only	False	True
INHA	array_only	False	True
INHBC	array_only	False	True
INS	array_only	False	True
INSL4	array_only	False	True
INSL5	array_only	False	True
INSL6	array_only	False	True
IPCEF1	array_only	False	True
IQCF1	array_only	False	True
IQCF2	array_only	False	True
IQCF3	array_only	False	True
IQCF4P	array_only	False	True
IQCF5	array_only	False	True
IQCF6	array_only	False	True
IQCJ	array_only	False	True
IRAG2	array_only	False	True
IRF4	array_only	False	True
IRF5	array_only	False	True
IRF6	array_only	False	True
IRGC	array_only	False	True
IRGM	array_only	False	True
IRS4	array_only	False	True
IRX2-DT	array_only	False	True
ISX	array_only	False	True
ITGA8	array_only	False	True
ITGB7	array_only	False	True
ITIH3	array_only	False	True
ITIH5	array_only	False	True
ITIH6	array_only	False	True
ITLN1	array_only	False	True
ITLN2	array_only	False	True
ITM2A	array_only	False	True
IVL	array_only	False	True
IZUMO1R	array_only	False	True
IZUMO2	array_only	False	True
IZUMO3	array_only	False	True
JAKMIP1	array_only	False	True
JAML	array_only	False	True
JCHAIN	array_only	False	True
JUP	array_only	False	True
KAAG1	array_only	False	True
KANK3	array_only	False	True
KANK4	array_only	False	True
KASH5	array_only	False	True
KBTBD12	array_only	False	True
KCNA1	array_only	False	True
KCNA3	array_only	False	True
KCNA5	array_only	False	True
KCNB2	array_only	False	True
KCNC2	array_only	False	True
KCNE2	array_only	False	True
KCNH5	array_only	False	True
KCNH7	array_only	False	True
KCNIP4	array_only	False	True
KCNJ1	array_only	False	True
KCNJ11	array_only	False	True
KCNJ16	array_only	False	True
KCNJ18	array_only	False	True
KCNJ4	array_only	False	True
KCNJ5	array_only	False	True
KCNK1	array_only	False	True
KCNK10	array_only	False	True
KCNK17	array_only	False	True
KCNK5	array_only	False	True
KCNMB2	array_only	False	True
KCNU1	array_only	False	True
KCNV1	array_only	False	True
KCNV2	array_only	False	True
KCTD19	array_only	False	True
KCTD8	array_only	False	True
KDF1	array_only	False	True
KEL	array_only	False	True
KERA	array_only	False	True
KHDC1	array_only	False	True
KHDC1L	array_only	False	True
KHDC3L	array_only	False	True
KIAA1210	array_only	False	True
KIAA1656	array_only	False	True
KIF12	array_only	False	True
KIF19	array_only	False	True
KIF25	array_only	False	True
KIF25-AS1	array_only	False	True
KIF2B	array_only	False	True
KIR2DL4	array_only	False	True
KIR2DS5	array_only	False	True
KIR3DX1	array_only	False	True
KIRREL3-AS3	array_only	False	True
KISS1R	array_only	False	True
KIT	array_only	False	True
KLB	array_only	False	True
KLC3	array_only	False	True
KLHDC7A	array_only	False	True
KLHDC9	array_only	False	True
KLHL32	array_only	False	True
KLHL33	array_only	False	True
KLHL38	array_only	False	True
KLHL4	array_only	False	True
KLHL40	array_only	False	True
KLHL41	array_only	False	True
KLHL9	array_only	False	True
KLK1	array_only	False	True
KLK13	array_only	False	True
KLK15	array_only	False	True
KLK2	array_only	False	True
KLK4	array_only	False	True
KLK5	array_only	False	True
KLK7	array_only	False	True
KLKB1	array_only	False	True
KLRA1P	array_only	False	True
KLRB1	array_only	False	True
KLRD1	array_only	False	True
KLRF1	array_only	False	True
KLRF2	array_only	False	True
KNCN	array_only	False	True
KNG1	array_only	False	True
KPLCE	array_only	False	True
KPNA7	array_only	False	True
KPRP	array_only	False	True
KRT1	array_only	False	True
KRT12	array_only	False	True
KRT13	array_only	False	True
KRT17	array_only	False	True
KRT2	array_only	False	True
KRT20	array_only	False	True
KRT222	array_only	False	True
KRT23	array_only	False	True
KRT24	array_only	False	True
KRT25	array_only	False	True
KRT26	array_only	False	True
KRT27	array_only	False	True
KRT28	array_only	False	True
KRT3	array_only	False	True
KRT31	array_only	False	True
KRT33A	array_only	False	True
KRT35	array_only	False	True
KRT37	array_only	False	True
KRT38	array_only	False	True
KRT39	array_only	False	True
KRT4	array_only	False	True
KRT40	array_only	False	True
KRT5	array_only	False	True
KRT6A	array_only	False	True
KRT6B	array_only	False	True
KRT6C	array_only	False	True
KRT72	array_only	False	True
KRT73	array_only	False	True
KRT74	array_only	False	True
KRT75	array_only	False	True
KRT76	array_only	False	True
KRT77	array_only	False	True
KRT81	array_only	False	True
KRT82	array_only	False	True
KRT83	array_only	False	True
KRT84	array_only	False	True
KRT85	array_only	False	True
KRT86	array_only	False	True
KRTAP1-3	array_only	False	True
KRTAP1-4	array_only	False	True
KRTAP10-1	array_only	False	True
KRTAP10-10	array_only	False	True
KRTAP10-11	array_only	False	True
KRTAP10-2	array_only	False	True
KRTAP10-3	array_only	False	True
KRTAP10-4	array_only	False	True
KRTAP10-5	array_only	False	True
KRTAP10-6	array_only	False	True
KRTAP10-7	array_only	False	True
KRTAP10-9	array_only	False	True
KRTAP11-1	array_only	False	True
KRTAP12-1	array_only	False	True
KRTAP12-2	array_only	False	True
KRTAP12-4	array_only	False	True
KRTAP13-1	array_only	False	True
KRTAP13-2	array_only	False	True
KRTAP13-3	array_only	False	True
KRTAP13-4	array_only	False	True
KRTAP15-1	array_only	False	True
KRTAP17-1	array_only	False	True
KRTAP19-1	array_only	False	True
KRTAP19-2	array_only	False	True
KRTAP19-3	array_only	False	True
KRTAP19-4	array_only	False	True
KRTAP19-5	array_only	False	True
KRTAP19-6	array_only	False	True
KRTAP19-7	array_only	False	True
KRTAP19-8	array_only	False	True
KRTAP2-1	array_only	False	True
KRTAP2-2	array_only	False	True
KRTAP2-4	array_only	False	True
KRTAP20-1	array_only	False	True
KRTAP20-2	array_only	False	True
KRTAP20-3	array_only	False	True
KRTAP20-4	array_only	False	True
KRTAP21-1	array_only	False	True
KRTAP21-2	array_only	False	True
KRTAP21-3	array_only	False	True
KRTAP22-1	array_only	False	True
KRTAP22-2	array_only	False	True
KRTAP23-1	array_only	False	True
KRTAP24-1	array_only	False	True
KRTAP25-1	array_only	False	True
KRTAP26-1	array_only	False	True
KRTAP27-1	array_only	False	True
KRTAP29-1	array_only	False	True
KRTAP3-1	array_only	False	True
KRTAP3-2	array_only	False	True
KRTAP3-3	array_only	False	True
KRTAP4-1	array_only	False	True
KRTAP4-11	array_only	False	True
KRTAP4-12	array_only	False	True
KRTAP4-2	array_only	False	True
KRTAP4-3	array_only	False	True
KRTAP4-4	array_only	False	True
KRTAP4-5	array_only	False	True
KRTAP4-6	array_only	False	True
KRTAP4-8	array_only	False	True
KRTAP4-9	array_only	False	True
KRTAP5-1	array_only	False	True
KRTAP5-10	array_only	False	True
KRTAP5-11	array_only	False	True
KRTAP5-2	array_only	False	True
KRTAP5-3	array_only	False	True
KRTAP5-4	array_only	False	True
KRTAP5-5	array_only	False	True
KRTAP5-6	array_only	False	True
KRTAP5-7	array_only	False	True
KRTAP5-8	array_only	False	True
KRTAP5-9	array_only	False	True
KRTAP5-AS1	array_only	False	True
KRTAP6-1	array_only	False	True
KRTAP6-2	array_only	False	True
KRTAP6-3	array_only	False	True
KRTAP7-1	array_only	False	True
KRTAP8-1	array_only	False	True
KRTAP9-1	array_only	False	True
KRTAP9-2	array_only	False	True
KRTAP9-3	array_only	False	True
KRTAP9-4	array_only	False	True
KRTAP9-6	array_only	False	True
KRTAP9-7	array_only	False	True
KRTAP9-8	array_only	False	True
KRTAP9-9	array_only	False	True
KRTCAP3	array_only	False	True
KRTDAP	array_only	False	True
KU-MEL-3	array_only	False	True
L1TD1	array_only	False	True
L3MBTL4	array_only	False	True
LACRT	array_only	False	True
LAD1	array_only	False	True
LAIR1	array_only	False	True
LAIR2	array_only	False	True
LALBA	array_only	False	True
LAMP3	array_only	False	True
LARGE2	array_only	False	True
LAX1	array_only	False	True
LBP	array_only	False	True
LBX1	array_only	False	True
LCE1A	array_only	False	True
LCE1B	array_only	False	True
LCE1C	array_only	False	True
LCE1D	array_only	False	True
LCE1E	array_only	False	True
LCE1F	array_only	False	True
LCE2B	array_only	False	True
LCE2C	array_only	False	True
LCE2D	array_only	False	True
LCE3A	array_only	False	True
LCE3B	array_only	False	True
LCE3C	array_only	False	True
LCE3D	array_only	False	True
LCE3E	array_only	False	True
LCE4A	array_only	False	True
LCE5A	array_only	False	True
LCE6A	array_only	False	True
LCK	array_only	False	True
LCN1	array_only	False	True
LCN12	array_only	False	True
LCN15	array_only	False	True
LCN6	array_only	False	True
LCN8	array_only	False	True
LCNL1	array_only	False	True
LCP2	array_only	False	True
LDC1P	array_only	False	True
LDHAL6B	array_only	False	True
LDLRAD1	array_only	False	True
LDLRAD4	array_only	False	True
LDOC1	array_only	False	True
LEAP2	array_only	False	True
LEFTY1	array_only	False	True
LEFTY2	array_only	False	True
LELP1	array_only	False	True
LEMD1	array_only	False	True
LENEP	array_only	False	True
LEP	array_only	False	True
LEUTX	array_only	False	True
LGALS13	array_only	False	True
LGALS14	array_only	False	True
LGALS16	array_only	False	True
LGALS17A	array_only	False	True
LGALS2	array_only	False	True
LGALS4	array_only	False	True
LGALS7	array_only	False	True
LGALS7B	array_only	False	True
LGALS9B	array_only	False	True
LGALS9C	array_only	False	True
LGI4	array_only	False	True
LGR6	array_only	False	True
LGSN	array_only	False	True
LHB	array_only	False	True
LHFPL1	array_only	False	True
LHFPL3	array_only	False	True
LHFPL5	array_only	False	True
LHFPL7	array_only	False	True
LHX4-AS1	array_only	False	True
LILRA1	array_only	False	True
LILRA2	array_only	False	True
LILRA4	array_only	False	True
LILRA5	array_only	False	True
LILRA6	array_only	False	True
LILRB1	array_only	False	True
LILRB3	array_only	False	True
LILRB4	array_only	False	True
LILRB5	array_only	False	True
LIN28A	array_only	False	True
LINC00092	array_only	False	True
LINC00222	array_only	False	True
LINC00260	array_only	False	True
LINC00269	array_only	False	True
LINC00272	array_only	False	True
LINC00303	array_only	False	True
LINC00336	array_only	False	True
LINC00452	array_only	False	True
LINC00473	array_only	False	True
LINC00494	array_only	False	True
LINC00550	array_only	False	True
LINC00612	array_only	False	True
LINC00615	array_only	False	True
LINC00654	array_only	False	True
LINC00656	array_only	False	True
LINC00851	array_only	False	True
LINC00934	array_only	False	True
LINC01126	array_only	False	True
LINC01189	array_only	False	True
LINC01205	array_only	False	True
LINC01219	array_only	False	True
LINC01235	array_only	False	True
LINC01276	array_only	False	True
LINC01343	array_only	False	True
LINC01387	array_only	False	True
LINC01496	array_only	False	True
LINC01537	array_only	False	True
LINC01549	array_only	False	True
LINC01559	array_only	False	True
LINC01565	array_only	False	True
LINC01590	array_only	False	True
LINC01599	array_only	False	True
LINC01620	array_only	False	True
LINC01630	array_only	False	True
LINC01854	array_only	False	True
LINC01879	array_only	False	True
LINC01949	array_only	False	True
LINC02112	array_only	False	True
LINC02145	array_only	False	True
LINC02210-CRHR1	array_only	False	True
LINC02347	array_only	False	True
LINC02370	array_only	False	True
LINC02444	array_only	False	True
LINC02478	array_only	False	True
LINC02487	array_only	False	True
LINC02551	array_only	False	True
LINC02583	array_only	False	True
LINC02591	array_only	False	True
LINC02687	array_only	False	True
LINC02801	array_only	False	True
LINC02872	array_only	False	True
LINC02874	array_only	False	True
LINC02881	array_only	False	True
LINC02894	array_only	False	True
LINC02897	array_only	False	True
LINC02902	array_only	False	True
LINC02903	array_only	False	True
LINC02905	array_only	False	True
LINC02907	array_only	False	True
LINC02908	array_only	False	True
LINC02909	array_only	False	True
LINC02910	array_only	False	True
LINC02912	array_only	False	True
LINC02913	array_only	False	True
LINC02914	array_only	False	True
LINC02915	array_only	False	True
LINC03034	array_only	False	True
LINC03041	array_only	False	True
LINC03042	array_only	False	True
LINC03043	array_only	False	True
LINC03103	array_only	False	True
LINC03106	array_only	False	True
LINC03184	array_only	False	True
LINGO1-AS1	array_only	False	True
LIPC-AS1	array_only	False	True
LIPF	array_only	False	True
LIPI	array_only	False	True
LIPJ	array_only	False	True
LIPK	array_only	False	True
LIPM	array_only	False	True
LIPN	array_only	False	True
LKAAEAR1	array_only	False	True
LMAN1L	array_only	False	True
LMCD1	array_only	False	True
LMO3	array_only	False	True
LMO7DN	array_only	False	True
LMOD2	array_only	False	True
LMOD3	array_only	False	True
LOC100129307	array_only	False	True
LOC100129697	array_only	False	True
LOC100130357	array_only	False	True
LOC100130691	array_only	False	True
LOC100130987	array_only	False	True
LOC100131107	array_only	False	True
LOC100131496	array_only	False	True
LOC100288637	array_only	False	True
LOC100288966	array_only	False	True
LOC100506124	array_only	False	True
LOC100506403	array_only	False	True
LOC100506639	array_only	False	True
LOC100507547	array_only	False	True
LOC100533997	array_only	False	True
LOC100652758	array_only	False	True
LOC100652768	array_only	False	True
LOC101927157	array_only	False	True
LOC101927178	array_only	False	True
LOC101927572	array_only	False	True
LOC101928034	array_only	False	True
LOC101928198	array_only	False	True
LOC101928269	array_only	False	True
LOC101928551	array_only	False	True
LOC101928718	array_only	False	True
LOC101929319	array_only	False	True
LOC101929372	array_only	False	True
LOC102723701	array_only	False	True
LOC102724323	array_only	False	True
LOC149684	array_only	False	True
LOC155060	array_only	False	True
LOC158434	array_only	False	True
LOC283731	array_only	False	True
LOC283788	array_only	False	True
LOC284009	array_only	False	True
LOC339166	array_only	False	True
LOC388282	array_only	False	True
LOC389199	array_only	False	True
LOC389602	array_only	False	True
LOC389831	array_only	False	True
LOC389834	array_only	False	True
LOC400553	array_only	False	True
LOC401357	array_only	False	True
LOC403312	array_only	False	True
LOC440982	array_only	False	True
LOC442028	array_only	False	True
LOC644634	array_only	False	True
LOC646938	array_only	False	True
LOC653653	array_only	False	True
LOC728554	array_only	False	True
LOC728743	array_only	False	True
LOC730183	array_only	False	True
LOC730668	array_only	False	True
LORICRIN	array_only	False	True
LPA	array_only	False	True
LPAR3	array_only	False	True
LPAR6	array_only	False	True
LPL	array_only	False	True
LRAT	array_only	False	True
LRCOL1	array_only	False	True
LRG1	array_only	False	True
LRIT1	array_only	False	True
LRIT2	array_only	False	True
LRRC14B	array_only	False	True
LRRC18	array_only	False	True
LRRC19	array_only	False	True
LRRC2	array_only	False	True
LRRC3	array_only	False	True
LRRC30	array_only	False	True
LRRC31	array_only	False	True
LRRC38	array_only	False	True
LRRC3B	array_only	False	True
LRRC3C	array_only	False	True
LRRC43	array_only	False	True
LRRC4C	array_only	False	True
LRRC61	array_only	False	True
LRRC72	array_only	False	True
LRRC74A	array_only	False	True
LRRC9	array_only	False	True
LRRN2	array_only	False	True
LRTM1	array_only	False	True
LSP1P3	array_only	False	True
LST1	array_only	False	True
LTA	array_only	False	True
LTB	array_only	False	True
LUZP2	array_only	False	True
LUZP4	array_only	False	True
LUZP6	array_only	False	True
LVRN	array_only	False	True
LY6G6C	array_only	False	True
LY6G6D	array_only	False	True
LY6G6E	array_only	False	True
LY6G6F	array_only	False	True
LY6H	array_only	False	True
LY75-CD302	array_only	False	True
LY9	array_only	False	True
LYG2	array_only	False	True
LYNX1-SLURP2	array_only	False	True
LYPD2	array_only	False	True
LYPD4	array_only	False	True
LYPD5	array_only	False	True
LYPD8	array_only	False	True
LYZ	array_only	False	True
LYZL1	array_only	False	True
LYZL2	array_only	False	True
LYZL4	array_only	False	True
LYZL6	array_only	False	True
M1AP	array_only	False	True
MAB21L2	array_only	False	True
MACC1	array_only	False	True
MACC1-OT1	array_only	False	True
MACROD2	array_only	False	True
MACROH2A2	array_only	False	True
MAFTRR	array_only	False	True
MAG	array_only	False	True
MAGEA10	array_only	False	True
MAGEA11	array_only	False	True
MAGEA12	array_only	False	True
MAGEA4	array_only	False	True
MAGEA6	array_only	False	True
MAGEA8	array_only	False	True
MAGEA9	array_only	False	True
MAGEA9B	array_only	False	True
MAGEB1	array_only	False	True
MAGEB10	array_only	False	True
MAGEB16	array_only	False	True
MAGEB17	array_only	False	True
MAGEB18	array_only	False	True
MAGEB2	array_only	False	True
MAGEB3	array_only	False	True
MAGEB5	array_only	False	True
MAGEB6	array_only	False	True
MAGEC1	array_only	False	True
MAGEC2	array_only	False	True
MAGEC3	array_only	False	True
MAGEE1	array_only	False	True
MAGEE2	array_only	False	True
MAJIN	array_only	False	True
MAL	array_only	False	True
MAL2	array_only	False	True
MALRD1	array_only	False	True
MANSC4	array_only	False	True
MAOB	array_only	False	True
MAPK13	array_only	False	True
MAPK15	array_only	False	True
MARCHF10	array_only	False	True
MARCO	array_only	False	True
MARVELD2	array_only	False	True
MAS1	array_only	False	True
MAS1L	array_only	False	True
MAT1A	array_only	False	True
MATN4	array_only	False	True
MBD3L1	array_only	False	True
MBD3L2	array_only	False	True
MBD3L3	array_only	False	True
MBD3L4	array_only	False	True
MBD3L5	array_only	False	True
MBL2	array_only	False	True
MBOAT1	array_only	False	True
MC2R	array_only	False	True
MC3R	array_only	False	True
MC4R	array_only	False	True
MC5R	array_only	False	True
MCCD1	array_only	False	True
MCEMP1	array_only	False	True
MCF2	array_only	False	True
MCHR2	array_only	False	True
MCMDC2	array_only	False	True
MEI4	array_only	False	True
MEIKIN	array_only	False	True
MEIOB	array_only	False	True
MEIOC	array_only	False	True
MEOX2	array_only	False	True
MEP1B	array_only	False	True
MEPE	array_only	False	True
MESP2	array_only	False	True
METTL21C	array_only	False	True
METTL24	array_only	False	True
MFNG	array_only	False	True
MFSD2B	array_only	False	True
MFSD6L	array_only	False	True
MGAT4A	array_only	False	True
MGAT4C	array_only	False	True
MGAT4D	array_only	False	True
MGAT4EP	array_only	False	True
MGMT	array_only	False	True
MGST2	array_only	False	True
MIA	array_only	False	True
MIMS1	array_only	False	True
MIMS2	array_only	False	True
MINAR2	array_only	False	True
MIOX	array_only	False	True
MIP	array_only	False	True
MIPOL1	array_only	False	True
MIR1-1HG	array_only	False	True
MIR1199	array_only	False	True
MIR1247	array_only	False	True
MIR205	array_only	False	True
MIR3667HG	array_only	False	True
MIR4728	array_only	False	True
MIR4738	array_only	False	True
MIR5195	array_only	False	True
MIR650	array_only	False	True
MIR659	array_only	False	True
MIR670HG	array_only	False	True
MIR6809	array_only	False	True
MIR7162	array_only	False	True
MISO1	array_only	False	True
MIXL1	array_only	False	True
MKRN2OS	array_only	False	True
MLANA	array_only	False	True
MLIP	array_only	False	True
MLLT3	array_only	False	True
MLN	array_only	False	True
MLNR	array_only	False	True
MMD2	array_only	False	True
MMP12	array_only	False	True
MMP13	array_only	False	True
MMP20	array_only	False	True
MMP26	array_only	False	True
MMP27	array_only	False	True
MMP8	array_only	False	True
MMRN1	array_only	False	True
MNDA	array_only	False	True
MOBP	array_only	False	True
MOCS1	array_only	False	True
MOG	array_only	False	True
MOGAT1	array_only	False	True
MOGAT2	array_only	False	True
MOGAT3	array_only	False	True
MORC1	array_only	False	True
MOS	array_only	False	True
MPC1L	array_only	False	True
MPEG1	array_only	False	True
MPHOSPH10P1	array_only	False	True
MPIG6B	array_only	False	True
MPL	array_only	False	True
MPO	array_only	False	True
MPPED2	array_only	False	True
MPV17L	array_only	False	True
MPZL2	array_only	False	True
MPZL3	array_only	False	True
MRGPRG	array_only	False	True
MRGPRG-AS1	array_only	False	True
MRGPRX1	array_only	False	True
MRGPRX2	array_only	False	True
MRGPRX3	array_only	False	True
MRGPRX4	array_only	False	True
MRLN	array_only	False	True
MROH2B	array_only	False	True
MROH5	array_only	False	True
MROH7	array_only	False	True
MROH9	array_only	False	True
MRS2	array_only	False	True
MS4A1	array_only	False	True
MS4A10	array_only	False	True
MS4A12	array_only	False	True
MS4A13	array_only	False	True
MS4A14	array_only	False	True
MS4A15	array_only	False	True
MS4A18	array_only	False	True
MS4A2	array_only	False	True
MS4A3	array_only	False	True
MS4A4A	array_only	False	True
MS4A5	array_only	False	True
MS4A6A	array_only	False	True
MS4A6E	array_only	False	True
MS4A7	array_only	False	True
MS4A8	array_only	False	True
MSGN1	array_only	False	True
MSH2-OT1	array_only	False	True
MSI1	array_only	False	True
MSMP	array_only	False	True
MSR1	array_only	False	True
MST1L	array_only	False	True
MST1R	array_only	False	True
MSTN	array_only	False	True
MSX2	array_only	False	True
MT1A	array_only	False	True
MT1B	array_only	False	True
MT1G	array_only	False	True
MT1H	array_only	False	True
MT1HL1	array_only	False	True
MT1IP	array_only	False	True
MT3	array_only	False	True
MT4	array_only	False	True
MTAP	array_only	False	True
MTARC1	array_only	False	True
MTMR7	array_only	False	True
MTMR8	array_only	False	True
MTNR1A	array_only	False	True
MTNR1B	array_only	False	True
MTRNR2L1	array_only	False	True
MTRNR2L10	array_only	False	True
MTRNR2L2	array_only	False	True
MTRNR2L3	array_only	False	True
MTRNR2L4	array_only	False	True
MTRNR2L5	array_only	False	True
MTRNR2L6	array_only	False	True
MTRNR2L7	array_only	False	True
MTRNR2L8	array_only	False	True
MTRNR2L9	array_only	False	True
MUC13	array_only	False	True
MUC15	array_only	False	True
MUC16	array_only	False	True
MUC17	array_only	False	True
MUC19	array_only	False	True
MUC2	array_only	False	True
MUC21	array_only	False	True
MUC22	array_only	False	True
MUC4	array_only	False	True
MUCL1	array_only	False	True
MUCL3	array_only	False	True
MUSTN1	array_only	False	True
MYADML2	array_only	False	True
MYBPC1	array_only	False	True
MYBPC3	array_only	False	True
MYBPHL	array_only	False	True
MYCBPAP	array_only	False	True
MYF5	array_only	False	True
MYF6	array_only	False	True
MYH1	array_only	False	True
MYH13	array_only	False	True
MYH2	array_only	False	True
MYH4	array_only	False	True
MYH7	array_only	False	True
MYH8	array_only	False	True
MYL10	array_only	False	True
MYL11	array_only	False	True
MYL7	array_only	False	True
MYO18B	array_only	False	True
MYO1G	array_only	False	True
MYO1H	array_only	False	True
MYOC	array_only	False	True
MYOCD	array_only	False	True
MYOD1	array_only	False	True
MYOG	array_only	False	True
MYOT	array_only	False	True
MYOZ1	array_only	False	True
MYOZ3	array_only	False	True
MYT1	array_only	False	True
MZB1	array_only	False	True
N4BP3	array_only	False	True
NAA11	array_only	False	True
NAALADL1	array_only	False	True
NANOG	array_only	False	True
NANOGNB	array_only	False	True
NANOS2	array_only	False	True
NAP1L3	array_only	False	True
NAP1L6P	array_only	False	True
NAPSA	array_only	False	True
NAT8	array_only	False	True
NAT8B	array_only	False	True
NBPF6	array_only	False	True
NBPF7P	array_only	False	True
NCAN	array_only	False	True
NCCRP1	array_only	False	True
NCKAP1L	array_only	False	True
NCR1	array_only	False	True
NCR2	array_only	False	True
NDST4	array_only	False	True
NEFH	array_only	False	True
NEFM	array_only	False	True
NELL1	array_only	False	True
NETO1	array_only	False	True
NEUROD4	array_only	False	True
NEUROD6	array_only	False	True
NEUROG1	array_only	False	True
NGB	array_only	False	True
NHERF4	array_only	False	True
NHLH1	array_only	False	True
NHLRC1	array_only	False	True
NID1	array_only	False	True
NINJ2	array_only	False	True
NKAIN2	array_only	False	True
NKAIN4	array_only	False	True
NKAPL	array_only	False	True
NKD2	array_only	False	True
NKG7	array_only	False	True
NKPD1	array_only	False	True
NKX1-1	array_only	False	True
NKX2-5	array_only	False	True
NKX2-6	array_only	False	True
NKX2-8	array_only	False	True
NKX6-3	array_only	False	True
NLGN4X	array_only	False	True
NLGN4Y	array_only	False	True
NLRC4	array_only	False	True
NLRP13	array_only	False	True
NLRP2	array_only	False	True
NLRP4	array_only	False	True
NLRP7	array_only	False	True
NLRP8	array_only	False	True
NLRP9	array_only	False	True
NME8	array_only	False	True
NMRK2	array_only	False	True
NMS	array_only	False	True
NMUR1	array_only	False	True
NOBOX	array_only	False	True
NOD2	array_only	False	True
NODAL	array_only	False	True
NOL4	array_only	False	True
NOL4L-DT	array_only	False	True
NOS2	array_only	False	True
NOSTRIN	array_only	False	True
NOTO	array_only	False	True
NOX1	array_only	False	True
NOX4	array_only	False	True
NPAP1	array_only	False	True
NPAP1L	array_only	False	True
NPC1L1	array_only	False	True
NPFFR2	array_only	False	True
NPHS2	array_only	False	True
NPIPB6	array_only	False	True
NPM2	array_only	False	True
NPPA	array_only	False	True
NPPB	array_only	False	True
NPPC	array_only	False	True
NPS	array_only	False	True
NPSR1	array_only	False	True
NPTX1	array_only	False	True
NPTX2	array_only	False	True
NPVF	array_only	False	True
NPW	array_only	False	True
NPY	array_only	False	True
NPY4R	array_only	False	True
NPY5R	array_only	False	True
NR0B2	array_only	False	True
NR1H4	array_only	False	True
NR1I2	array_only	False	True
NR1I3	array_only	False	True
NR2E1	array_only	False	True
NR2E3	array_only	False	True
NRK	array_only	False	True
NRSN1	array_only	False	True
NSG1	array_only	False	True
NSG2	array_only	False	True
NSUN5	array_only	False	True
NT5C1B	array_only	False	True
NTF3	array_only	False	True
NTMT2	array_only	False	True
NTRK1	array_only	False	True
NTS	array_only	False	True
NTSR2	array_only	False	True
NUGGC	array_only	False	True
NUP62CL	array_only	False	True
NUTM2B	array_only	False	True
NUTM2F	array_only	False	True
NWD2	array_only	False	True
NXF2B	array_only	False	True
NXF5	array_only	False	True
NXNL1	array_only	False	True
NXPE1	array_only	False	True
NXPE4	array_only	False	True
NXPH1	array_only	False	True
NYX	array_only	False	True
OBP2A	array_only	False	True
OBP2B	array_only	False	True
OBSCN-AS1	array_only	False	True
OCM	array_only	False	True
OCM2	array_only	False	True
OCSTAMP	array_only	False	True
ODAM	array_only	False	True
ODF1	array_only	False	True
ODF4	array_only	False	True
OGDHL	array_only	False	True
OGN	array_only	False	True
OLFM3	array_only	False	True
OLFM4	array_only	False	True
OLFML1	array_only	False	True
OLR1	array_only	False	True
OMD	array_only	False	True
OMG	array_only	False	True
OMP	array_only	False	True
OOEP	array_only	False	True
OOSP2	array_only	False	True
OPALIN	array_only	False	True
OPCML	array_only	False	True
OPN1LW	array_only	False	True
OPN1MW	array_only	False	True
OPN1SW	array_only	False	True
OPRD1	array_only	False	True
OPRM1	array_only	False	True
OPRPN	array_only	False	True
OPTC	array_only	False	True
OR10A3	array_only	False	True
OR10A4	array_only	False	True
OR10A5	array_only	False	True
OR10A6	array_only	False	True
OR10A7	array_only	False	True
OR10AD1	array_only	False	True
OR10AG1	array_only	False	True
OR10C1	array_only	False	True
OR10G2	array_only	False	True
OR10G3	array_only	False	True
OR10G4	array_only	False	True
OR10G7	array_only	False	True
OR10G8	array_only	False	True
OR10G9	array_only	False	True
OR10H1	array_only	False	True
OR10H2	array_only	False	True
OR10H3	array_only	False	True
OR10H4	array_only	False	True
OR10H5	array_only	False	True
OR10J1	array_only	False	True
OR10J3	array_only	False	True
OR10J5	array_only	False	True
OR10K2	array_only	False	True
OR10P1	array_only	False	True
OR10Q1	array_only	False	True
OR10R2	array_only	False	True
OR10S1	array_only	False	True
OR10T2	array_only	False	True
OR10V1	array_only	False	True
OR10W1	array_only	False	True
OR10X1	array_only	False	True
OR10Z1	array_only	False	True
OR11A1	array_only	False	True
OR11G2	array_only	False	True
OR11H1	array_only	False	True
OR11H12	array_only	False	True
OR11H2	array_only	False	True
OR11H4	array_only	False	True
OR11H6	array_only	False	True
OR11L1	array_only	False	True
OR12D2	array_only	False	True
OR12D3	array_only	False	True
OR13A1	array_only	False	True
OR13C2	array_only	False	True
OR13C3	array_only	False	True
OR13C4	array_only	False	True
OR13C5	array_only	False	True
OR13C8	array_only	False	True
OR13C9	array_only	False	True
OR13D1	array_only	False	True
OR13F1	array_only	False	True
OR13G1	array_only	False	True
OR13H1	array_only	False	True
OR13J1	array_only	False	True
OR14A16	array_only	False	True
OR14C36	array_only	False	True
OR14I1	array_only	False	True
OR14J1	array_only	False	True
OR1A1	array_only	False	True
OR1A2	array_only	False	True
OR1B1	array_only	False	True
OR1C1	array_only	False	True
OR1D2	array_only	False	True
OR1D5	array_only	False	True
OR1E1	array_only	False	True
OR1E2	array_only	False	True
OR1G1	array_only	False	True
OR1I1	array_only	False	True
OR1J1	array_only	False	True
OR1J2	array_only	False	True
OR1J4	array_only	False	True
OR1K1	array_only	False	True
OR1L1	array_only	False	True
OR1L3	array_only	False	True
OR1L4	array_only	False	True
OR1L6	array_only	False	True
OR1L8	array_only	False	True
OR1N1	array_only	False	True
OR1N2	array_only	False	True
OR1Q1	array_only	False	True
OR1S1	array_only	False	True
OR1S2	array_only	False	True
OR2A12	array_only	False	True
OR2A14	array_only	False	True
OR2A25	array_only	False	True
OR2A4	array_only	False	True
OR2A42	array_only	False	True
OR2A5	array_only	False	True
OR2A7	array_only	False	True
OR2AG1	array_only	False	True
OR2AK2	array_only	False	True
OR2AP1	array_only	False	True
OR2AT4	array_only	False	True
OR2B11	array_only	False	True
OR2B2	array_only	False	True
OR2B3	array_only	False	True
OR2C1	array_only	False	True
OR2D2	array_only	False	True
OR2D3	array_only	False	True
OR2F1	array_only	False	True
OR2F2	array_only	False	True
OR2G2	array_only	False	True
OR2G3	array_only	False	True
OR2G6	array_only	False	True
OR2H1	array_only	False	True
OR2H2	array_only	False	True
OR2J2	array_only	False	True
OR2J3	array_only	False	True
OR2K2	array_only	False	True
OR2L13	array_only	False	True
OR2L2	array_only	False	True
OR2L3	array_only	False	True
OR2L5	array_only	False	True
OR2L8	array_only	False	True
OR2M2	array_only	False	True
OR2M3	array_only	False	True
OR2M4	array_only	False	True
OR2M7	array_only	False	True
OR2T1	array_only	False	True
OR2T10	array_only	False	True
OR2T12	array_only	False	True
OR2T2	array_only	False	True
OR2T27	array_only	False	True
OR2T29	array_only	False	True
OR2T3	array_only	False	True
OR2T33	array_only	False	True
OR2T34	array_only	False	True
OR2T4	array_only	False	True
OR2T5	array_only	False	True
OR2T6	array_only	False	True
OR2T8	array_only	False	True
OR2V1	array_only	False	True
OR2V2	array_only	False	True
OR2W1	array_only	False	True
OR2W3	array_only	False	True
OR2W5	array_only	False	True
OR2Y1	array_only	False	True
OR2Z1	array_only	False	True
OR3A1	array_only	False	True
OR3A3	array_only	False	True
OR3A4P	array_only	False	True
OR4A15	array_only	False	True
OR4A16	array_only	False	True
OR4A47	array_only	False	True
OR4A5	array_only	False	True
OR4B1	array_only	False	True
OR4C11	array_only	False	True
OR4C12	array_only	False	True
OR4C13	array_only	False	True
OR4C15	array_only	False	True
OR4C16	array_only	False	True
OR4C3	array_only	False	True
OR4C45	array_only	False	True
OR4C46	array_only	False	True
OR4C6	array_only	False	True
OR4D1	array_only	False	True
OR4D10	array_only	False	True
OR4D11	array_only	False	True
OR4D5	array_only	False	True
OR4D6	array_only	False	True
OR4D9	array_only	False	True
OR4E2	array_only	False	True
OR4F15	array_only	False	True
OR4F21	array_only	False	True
OR4F29	array_only	False	True
OR4F4	array_only	False	True
OR4F5	array_only	False	True
OR4F6	array_only	False	True
OR4K1	array_only	False	True
OR4K13	array_only	False	True
OR4K14	array_only	False	True
OR4K15	array_only	False	True
OR4K17	array_only	False	True
OR4K5	array_only	False	True
OR4L1	array_only	False	True
OR4M1	array_only	False	True
OR4M2	array_only	False	True
OR4N4	array_only	False	True
OR4N5	array_only	False	True
OR4P4	array_only	False	True
OR4Q3	array_only	False	True
OR4S1	array_only	False	True
OR4S2	array_only	False	True
OR4X1	array_only	False	True
OR4X2	array_only	False	True
OR51A2	array_only	False	True
OR51A4	array_only	False	True
OR51A7	array_only	False	True
OR51B2	array_only	False	True
OR51B5	array_only	False	True
OR51B6	array_only	False	True
OR51D1	array_only	False	True
OR51E1	array_only	False	True
OR51E2	array_only	False	True
OR51F1	array_only	False	True
OR51F2	array_only	False	True
OR51G1	array_only	False	True
OR51I1	array_only	False	True
OR51L1	array_only	False	True
OR51M1	array_only	False	True
OR51Q1	array_only	False	True
OR51S1	array_only	False	True
OR51T1	array_only	False	True
OR51V1	array_only	False	True
OR52A5	array_only	False	True
OR52B2	array_only	False	True
OR52B4	array_only	False	True
OR52B6	array_only	False	True
OR52D1	array_only	False	True
OR52E2	array_only	False	True
OR52E4	array_only	False	True
OR52E6	array_only	False	True
OR52E8	array_only	False	True
OR52H1	array_only	False	True
OR52I1	array_only	False	True
OR52I2	array_only	False	True
OR52J3	array_only	False	True
OR52K1	array_only	False	True
OR52K2	array_only	False	True
OR52L1	array_only	False	True
OR52M1	array_only	False	True
OR52N1	array_only	False	True
OR52N2	array_only	False	True
OR52N4	array_only	False	True
OR52N5	array_only	False	True
OR52R1	array_only	False	True
OR52W1	array_only	False	True
OR56A1	array_only	False	True
OR56A3	array_only	False	True
OR56A4	array_only	False	True
OR56A5	array_only	False	True
OR56B1	array_only	False	True
OR56B4	array_only	False	True
OR5A1	array_only	False	True
OR5A2	array_only	False	True
OR5AC2	array_only	False	True
OR5AK2	array_only	False	True
OR5AN1	array_only	False	True
OR5AP2	array_only	False	True
OR5AR1	array_only	False	True
OR5AS1	array_only	False	True
OR5AU1	array_only	False	True
OR5B12	array_only	False	True
OR5B17	array_only	False	True
OR5B2	array_only	False	True
OR5B21	array_only	False	True
OR5B3	array_only	False	True
OR5D13	array_only	False	True
OR5D14	array_only	False	True
OR5D16	array_only	False	True
OR5D18	array_only	False	True
OR5F1	array_only	False	True
OR5H1	array_only	False	True
OR5H14	array_only	False	True
OR5H15	array_only	False	True
OR5H2	array_only	False	True
OR5H6	array_only	False	True
OR5I1	array_only	False	True
OR5J2	array_only	False	True
OR5K1	array_only	False	True
OR5K2	array_only	False	True
OR5K3	array_only	False	True
OR5K4	array_only	False	True
OR5L1	array_only	False	True
OR5L2	array_only	False	True
OR5M1	array_only	False	True
OR5M10	array_only	False	True
OR5M11	array_only	False	True
OR5M3	array_only	False	True
OR5M8	array_only	False	True
OR5M9	array_only	False	True
OR5P2	array_only	False	True
OR5P3	array_only	False	True
OR5T1	array_only	False	True
OR5T2	array_only	False	True
OR5T3	array_only	False	True
OR5V1	array_only	False	True
OR5W2	array_only	False	True
OR6B1	array_only	False	True
OR6B2	array_only	False	True
OR6B3	array_only	False	True
OR6C1	array_only	False	True
OR6C2	array_only	False	True
OR6C3	array_only	False	True
OR6C4	array_only	False	True
OR6C6	array_only	False	True
OR6C65	array_only	False	True
OR6C68	array_only	False	True
OR6C70	array_only	False	True
OR6C74	array_only	False	True
OR6C76	array_only	False	True
OR6F1	array_only	False	True
OR6K2	array_only	False	True
OR6K3	array_only	False	True
OR6K6	array_only	False	True
OR6M1	array_only	False	True
OR6N1	array_only	False	True
OR6N2	array_only	False	True
OR6P1	array_only	False	True
OR6Q1	array_only	False	True
OR6S1	array_only	False	True
OR6T1	array_only	False	True
OR6V1	array_only	False	True
OR6X1	array_only	False	True
OR6Y1	array_only	False	True
OR7A10	array_only	False	True
OR7A17	array_only	False	True
OR7A5	array_only	False	True
OR7C2	array_only	False	True
OR7D2	array_only	False	True
OR7D4	array_only	False	True
OR7E24	array_only	False	True
OR7E85BP	array_only	False	True
OR7G1	array_only	False	True
OR7G2	array_only	False	True
OR7G3	array_only	False	True
OR8A1	array_only	False	True
OR8B12	array_only	False	True
OR8B2	array_only	False	True
OR8B3	array_only	False	True
OR8B4	array_only	False	True
OR8B8	array_only	False	True
OR8D1	array_only	False	True
OR8D2	array_only	False	True
OR8D4	array_only	False	True
OR8G1	array_only	False	True
OR8G2P	array_only	False	True
OR8G5	array_only	False	True
OR8H1	array_only	False	True
OR8H2	array_only	False	True
OR8H3	array_only	False	True
OR8I2	array_only	False	True
OR8J1	array_only	False	True
OR8K1	array_only	False	True
OR8K3	array_only	False	True
OR8K5	array_only	False	True
OR8S1	array_only	False	True
OR8U1	array_only	False	True
OR8U3	array_only	False	True
OR9A2	array_only	False	True
OR9A4	array_only	False	True
OR9G1	array_only	False	True
OR9G4	array_only	False	True
OR9I1	array_only	False	True
OR9K2	array_only	False	True
OR9Q1	array_only	False	True
OR9Q2	array_only	False	True
ORM1	array_only	False	True
ORM2	array_only	False	True
OSTN	array_only	False	True
OTC	array_only	False	True
OTOA	array_only	False	True
OTOF	array_only	False	True
OTOL1	array_only	False	True
OTOP1	array_only	False	True
OTOP2	array_only	False	True
OTOP3	array_only	False	True
OTOR	array_only	False	True
OTOS	array_only	False	True
OTUD6A	array_only	False	True
OTX2	array_only	False	True
OVCH1	array_only	False	True
OVOL1	array_only	False	True
OVOL2	array_only	False	True
OVOL3	array_only	False	True
OXER1	array_only	False	True
OXGR1	array_only	False	True
P2RX2	array_only	False	True
P2RX5	array_only	False	True
P2RY13	array_only	False	True
P2RY14	array_only	False	True
P2RY4	array_only	False	True
PABPC1L2A	array_only	False	True
PABPC4L	array_only	False	True
PABPC5	array_only	False	True
PABPN1L	array_only	False	True
PACRG	array_only	False	True
PACSIN1	array_only	False	True
PADI6	array_only	False	True
PAEP	array_only	False	True
PAGE1	array_only	False	True
PAGE2	array_only	False	True
PAGE2B	array_only	False	True
PAGE3	array_only	False	True
PAGE4	array_only	False	True
PAGE5	array_only	False	True
PAK5	array_only	False	True
PAK6-AS1	array_only	False	True
PAOX	array_only	False	True
PARP15	array_only	False	True
PARVG	array_only	False	True
PATE1	array_only	False	True
PATE3	array_only	False	True
PATE4	array_only	False	True
PAX1	array_only	False	True
PAX4	array_only	False	True
PAX6-AS1	array_only	False	True
PAXX	array_only	False	True
PBOV1	array_only	False	True
PCARE	array_only	False	True
PCDH11X	array_only	False	True
PCDH11Y	array_only	False	True
PCDH20	array_only	False	True
PCDHB1	array_only	False	True
PCK1	array_only	False	True
PCP2	array_only	False	True
PCP4	array_only	False	True
PCP4L1	array_only	False	True
PCSK1N	array_only	False	True
PDCD1	array_only	False	True
PDCL2	array_only	False	True
PDE1A	array_only	False	True
PDE6B	array_only	False	True
PDE6C	array_only	False	True
PDE6H	array_only	False	True
PDE9A	array_only	False	True
PDGFD	array_only	False	True
PDGFRL	array_only	False	True
PDHA2	array_only	False	True
PDIA2	array_only	False	True
PDILT	array_only	False	True
PDYN	array_only	False	True
PDZD9	array_only	False	True
PDZRN4	array_only	False	True
PEBP4	array_only	False	True
PEG3	array_only	False	True
PENK	array_only	False	True
PEX5L	array_only	False	True
PF4	array_only	False	True
PF4V1	array_only	False	True
PFN3	array_only	False	True
PGA3	array_only	False	True
PGA5	array_only	False	True
PGAM2	array_only	False	True
PGC	array_only	False	True
PGLYRP1	array_only	False	True
PGLYRP2	array_only	False	True
PGLYRP4	array_only	False	True
PGM5	array_only	False	True
PGPEP1L	array_only	False	True
PHACTR3	array_only	False	True
PHGR1	array_only	False	True
PHOSPHO2-KLHL23	array_only	False	True
PHYHIPL	array_only	False	True
PI16	array_only	False	True
PIEZO1-AS1	array_only	False	True
PIEZO2	array_only	False	True
PIK3R5	array_only	False	True
PIK3R6	array_only	False	True
PILRA	array_only	False	True
PIP	array_only	False	True
PIPOX	array_only	False	True
PIRT	array_only	False	True
PIWIL1	array_only	False	True
PIWIL3	array_only	False	True
PKD1L1-AS1	array_only	False	True
PKD1L3	array_only	False	True
PKD2L1	array_only	False	True
PKD2L2	array_only	False	True
PKDREJ	array_only	False	True
PKHD1	array_only	False	True
PKHD1L1	array_only	False	True
PLA1A	array_only	False	True
PLA2G10	array_only	False	True
PLA2G12B	array_only	False	True
PLA2G1B	array_only	False	True
PLA2G2A	array_only	False	True
PLA2G2C	array_only	False	True
PLA2G2D	array_only	False	True
PLA2G2E	array_only	False	True
PLA2G2F	array_only	False	True
PLA2G4D	array_only	False	True
PLA2G4E	array_only	False	True
PLA2G5	array_only	False	True
PLA2G7	array_only	False	True
PLA2R1	array_only	False	True
PLAAT2	array_only	False	True
PLAAT5	array_only	False	True
PLBD1	array_only	False	True
PLCXD3	array_only	False	True
PLCZ1	array_only	False	True
PLD5	array_only	False	True
PLEK2	array_only	False	True
PLEKHA7	array_only	False	True
PLEKHD1	array_only	False	True
PLET1	array_only	False	True
PLG	array_only	False	True
PLGLB1	array_only	False	True
PLIN1	array_only	False	True
PLIN2	array_only	False	True
PLIN5	array_only	False	True
PLK5	array_only	False	True
PLN	array_only	False	True
PLPPR5	array_only	False	True
PLSCR2	array_only	False	True
PLSCR5	array_only	False	True
PLXDC2	array_only	False	True
PMP2	array_only	False	True
PNLIP	array_only	False	True
PNLIPRP1	array_only	False	True
PNLIPRP2	array_only	False	True
PNLIPRP3	array_only	False	True
PNMA6A	array_only	False	True
PNMA8A	array_only	False	True
PNMT	array_only	False	True
PNOC	array_only	False	True
PNPLA1	array_only	False	True
PNPLA4	array_only	False	True
PNPLA5	array_only	False	True
PODN	array_only	False	True
POF1B	array_only	False	True
POM121L12	array_only	False	True
POM121L2	array_only	False	True
PON1	array_only	False	True
PON3	array_only	False	True
POTEA	array_only	False	True
POTEB2	array_only	False	True
POTEB3	array_only	False	True
POTED	array_only	False	True
POTEG	array_only	False	True
POTEH	array_only	False	True
POU1F1	array_only	False	True
POU2AF1	array_only	False	True
POU2AF2	array_only	False	True
POU3F4	array_only	False	True
POU4F2	array_only	False	True
POU5F1	array_only	False	True
POU5F1B	array_only	False	True
POU6F2	array_only	False	True
PP2D1	array_only	False	True
PPBP	array_only	False	True
PPDPFL	array_only	False	True
PPEF2	array_only	False	True
PPIAL4C	array_only	False	True
PPP1R14D	array_only	False	True
PPP1R16B	array_only	False	True
PPP1R17	array_only	False	True
PPP1R1C	array_only	False	True
PPP1R27	array_only	False	True
PPP1R3A	array_only	False	True
PPP3R2	array_only	False	True
PRAC1	array_only	False	True
PRAC2	array_only	False	True
PRAMEF1	array_only	False	True
PRAMEF10	array_only	False	True
PRAMEF11	array_only	False	True
PRAMEF14	array_only	False	True
PRAMEF15	array_only	False	True
PRAMEF17	array_only	False	True
PRAMEF18	array_only	False	True
PRAMEF19	array_only	False	True
PRAMEF2	array_only	False	True
PRAMEF20	array_only	False	True
PRAMEF25	array_only	False	True
PRAMEF26	array_only	False	True
PRAMEF27	array_only	False	True
PRAMEF33	array_only	False	True
PRAMEF4	array_only	False	True
PRAMEF5	array_only	False	True
PRAMEF6	array_only	False	True
PRAMEF7	array_only	False	True
PRAMEF9	array_only	False	True
PRAP1	array_only	False	True
PRB1	array_only	False	True
PRB2	array_only	False	True
PRB3	array_only	False	True
PRB4	array_only	False	True
PRCD	array_only	False	True
PRDM14	array_only	False	True
PRDM7	array_only	False	True
PRDM9	array_only	False	True
PRELP	array_only	False	True
PRF1	array_only	False	True
PRG1	array_only	False	True
PRG2	array_only	False	True
PRG3	array_only	False	True
PRICKLE1	array_only	False	True
PRKAG3	array_only	False	True
PRKG2	array_only	False	True
PRKN	array_only	False	True
PRL	array_only	False	True
PRLH	array_only	False	True
PRLHR	array_only	False	True
PRM1	array_only	False	True
PRM2	array_only	False	True
PRMT8	array_only	False	True
PRND	array_only	False	True
PRNT	array_only	False	True
PROC	array_only	False	True
PRODH	array_only	False	True
PRODH2	array_only	False	True
PROK1	array_only	False	True
PROK2	array_only	False	True
PROKR1	array_only	False	True
PROKR2	array_only	False	True
PROP1	array_only	False	True
PRORY	array_only	False	True
PROX2	array_only	False	True
PRPH	array_only	False	True
PRPH2	array_only	False	True
PRPS1L1	array_only	False	True
PRR15	array_only	False	True
PRR20B	array_only	False	True
PRR20C	array_only	False	True
PRR20D	array_only	False	True
PRR21	array_only	False	True
PRR23A	array_only	False	True
PRR23B	array_only	False	True
PRR23D2	array_only	False	True
PRR25	array_only	False	True
PRR27	array_only	False	True
PRR29	array_only	False	True
PRR30	array_only	False	True
PRR32	array_only	False	True
PRR5-ARHGAP8	array_only	False	True
PRSS1	array_only	False	True
PRSS16	array_only	False	True
PRSS2	array_only	False	True
PRSS21	array_only	False	True
PRSS27	array_only	False	True
PRSS33	array_only	False	True
PRSS35	array_only	False	True
PRSS37	array_only	False	True
PRSS38	array_only	False	True
PRSS41	array_only	False	True
PRSS42P	array_only	False	True
PRSS45P	array_only	False	True
PRSS46P	array_only	False	True
PRSS48	array_only	False	True
PRSS50	array_only	False	True
PRSS55	array_only	False	True
PRSS57	array_only	False	True
PRSS58	array_only	False	True
PRSS59P	array_only	False	True
PRTN3	array_only	False	True
PRY	array_only	False	True
PRY2	array_only	False	True
PSAPL1	array_only	False	True
PSG11	array_only	False	True
PSG3	array_only	False	True
PSG7	array_only	False	True
PSG8	array_only	False	True
PSKH2	array_only	False	True
PSMA8	array_only	False	True
PSMB11	array_only	False	True
PSORS1C2	array_only	False	True
PTCHD1	array_only	False	True
PTCHD3	array_only	False	True
PTCRA	array_only	False	True
PTGDR2	array_only	False	True
PTH	array_only	False	True
PTH2	array_only	False	True
PTH2R	array_only	False	True
PTP4A3	array_only	False	True
PTPN20	array_only	False	True
PTPN6	array_only	False	True
PTPN7	array_only	False	True
PTPRC	array_only	False	True
PTPRT	array_only	False	True
PVALB	array_only	False	True
PVRIG	array_only	False	True
PWWP3B	array_only	False	True
PYCARD	array_only	False	True
PYDC1	array_only	False	True
PYDC2	array_only	False	True
PZP	array_only	False	True
QRFP	array_only	False	True
R3HDML	array_only	False	True
RAB17	array_only	False	True
RAB19	array_only	False	True
RAB25	array_only	False	True
RAB3C	array_only	False	True
RAB41	array_only	False	True
RAB6B	array_only	False	True
RAD51AP2	array_only	False	True
RAD51L3-RFFL	array_only	False	True
RAG2	array_only	False	True
RAMP2	array_only	False	True
RAMP3	array_only	False	True
RANBP17	array_only	False	True
RASEF	array_only	False	True
RASGRF2	array_only	False	True
RASGRP2	array_only	False	True
RASGRP4	array_only	False	True
RASL11B	array_only	False	True
RASSF2	array_only	False	True
RASSF6	array_only	False	True
RAX2	array_only	False	True
RBBP8NL	array_only	False	True
RBFOX3	array_only	False	True
RBM11	array_only	False	True
RBM46	array_only	False	True
RBMXL3	array_only	False	True
RBMY1D	array_only	False	True
RBMY1E	array_only	False	True
RBMY1F	array_only	False	True
RBMY1J	array_only	False	True
RBP2	array_only	False	True
RBP3	array_only	False	True
RBP4	array_only	False	True
RBP5	array_only	False	True
RBP7	array_only	False	True
RBPMS2	array_only	False	True
RCAN2	array_only	False	True
RCVRN	array_only	False	True
RD3	array_only	False	True
RD3L	array_only	False	True
RDH10-AS1	array_only	False	True
RDH16	array_only	False	True
RDH8	array_only	False	True
REC114	array_only	False	True
REDIC1	array_only	False	True
REG1A	array_only	False	True
REG1B	array_only	False	True
REG3A	array_only	False	True
REG3G	array_only	False	True
REM1	array_only	False	True
REN	array_only	False	True
RERG	array_only	False	True
RERGL	array_only	False	True
RESP18	array_only	False	True
RET	array_only	False	True
RETN	array_only	False	True
RETNLB	array_only	False	True
REXO1L2P	array_only	False	True
RFPL1	array_only	False	True
RFX4	array_only	False	True
RGCC	array_only	False	True
RGL3	array_only	False	True
RGN	array_only	False	True
RGPD2	array_only	False	True
RGR	array_only	False	True
RGS1	array_only	False	True
RGS13	array_only	False	True
RGS18	array_only	False	True
RGS21	array_only	False	True
RGS6	array_only	False	True
RGS8	array_only	False	True
RGS9	array_only	False	True
RGSL1	array_only	False	True
RHAG	array_only	False	True
RHCG	array_only	False	True
RHOD	array_only	False	True
RHOH	array_only	False	True
RHOJ	array_only	False	True
RHOQ-AS1	array_only	False	True
RHOXF2B	array_only	False	True
RIBC2	array_only	False	True
RIC3	array_only	False	True
RIMBP3C	array_only	False	True
RIPK3	array_only	False	True
RIPOR2	array_only	False	True
RIPPLY1	array_only	False	True
RIPPLY2	array_only	False	True
RIPPLY3	array_only	False	True
RIT2	array_only	False	True
RLBP1	array_only	False	True
RLN1	array_only	False	True
RLN2	array_only	False	True
RLN3	array_only	False	True
RNASE12	array_only	False	True
RNASE13	array_only	False	True
RNASE6	array_only	False	True
RNASE7	array_only	False	True
RNASE8	array_only	False	True
RNASE9	array_only	False	True
RND1	array_only	False	True
RNF113B	array_only	False	True
RNF17	array_only	False	True
RNF180	array_only	False	True
RNF183	array_only	False	True
RNF186	array_only	False	True
RNF207	array_only	False	True
RNF212	array_only	False	True
RNF223	array_only	False	True
RNF224	array_only	False	True
RNF39	array_only	False	True
RNF4BP	array_only	False	True
RNLS	array_only	False	True
ROBO2	array_only	False	True
RPE65	array_only	False	True
RPH3A	array_only	False	True
RPH3AL-AS1	array_only	False	True
RPL10L	array_only	False	True
RPL17-C18orf32	array_only	False	True
RPL23AP5	array_only	False	True
RPL3L	array_only	False	True
RPRM	array_only	False	True
RPRML	array_only	False	True
RPS4Y1	array_only	False	True
RPS4Y2	array_only	False	True
RRH	array_only	False	True
RS1	array_only	False	True
RSPH1	array_only	False	True
RSPH10B2	array_only	False	True
RSPH14	array_only	False	True
RSPO1	array_only	False	True
RSPO4	array_only	False	True
RTL1	array_only	False	True
RTL4	array_only	False	True
RTN4RL1	array_only	False	True
RTP2	array_only	False	True
RTP3	array_only	False	True
RUFY4	array_only	False	True
RXFP1	array_only	False	True
RXFP2	array_only	False	True
RXFP4	array_only	False	True
RXRG	array_only	False	True
S100A12	array_only	False	True
S100A14	array_only	False	True
S100A7	array_only	False	True
S100A7A	array_only	False	True
S100A7L2	array_only	False	True
S100A8	array_only	False	True
S100A9	array_only	False	True
S100G	array_only	False	True
S1PR4	array_only	False	True
SAA1	array_only	False	True
SAA2	array_only	False	True
SACK1A	array_only	False	True
SACK1B	array_only	False	True
SACK1C	array_only	False	True
SACK1D	array_only	False	True
SACK1E	array_only	False	True
SACK1F	array_only	False	True
SACK1G	array_only	False	True
SACK1H	array_only	False	True
SAG	array_only	False	True
SAGE1	array_only	False	True
SAMD7	array_only	False	True
SASH3	array_only	False	True
SATL1	array_only	False	True
SAXO6	array_only	False	True
SBK2	array_only	False	True
SBK3	array_only	False	True
SBSPON	array_only	False	True
SCAND3	array_only	False	True
SCARA5	array_only	False	True
SCEL	array_only	False	True
SCG3	array_only	False	True
SCGB1A1	array_only	False	True
SCGB1C1	array_only	False	True
SCGB1C2	array_only	False	True
SCGB1D2	array_only	False	True
SCGB2A1	array_only	False	True
SCGB2A2	array_only	False	True
SCGB3A1	array_only	False	True
SCGB3A2	array_only	False	True
SCGN	array_only	False	True
SCIMP	array_only	False	True
SCML4	array_only	False	True
SCN11A	array_only	False	True
SCN2B	array_only	False	True
SCN3B	array_only	False	True
SCN4B	array_only	False	True
SCN5A	array_only	False	True
SCN7A	array_only	False	True
SCNN1B	array_only	False	True
SCNN1G	array_only	False	True
SCP2D1	array_only	False	True
SCT	array_only	False	True
SCTR	array_only	False	True
SDK1	array_only	False	True
SDR16C5	array_only	False	True
SDR42E1	array_only	False	True
SDR9C7	array_only	False	True
SDS	array_only	False	True
SEBOX	array_only	False	True
SEC14L3	array_only	False	True
SEC14L4	array_only	False	True
SEL1L2	array_only	False	True
SELE	array_only	False	True
SELENBP1	array_only	False	True
SELP	array_only	False	True
SEMA3F	array_only	False	True
SEMA6D	array_only	False	True
SEMG1	array_only	False	True
SEMG2	array_only	False	True
SEPTIN12	array_only	False	True
SEPTIN14	array_only	False	True
SERF2-C15ORF63	array_only	False	True
SERINC2	array_only	False	True
SERP2	array_only	False	True
SERPINA11	array_only	False	True
SERPINA12	array_only	False	True
SERPINA13P	array_only	False	True
SERPINA2	array_only	False	True
SERPINA4	array_only	False	True
SERPINA5	array_only	False	True
SERPINA7	array_only	False	True
SERPINA9	array_only	False	True
SERPINB10	array_only	False	True
SERPINB11	array_only	False	True
SERPINB12	array_only	False	True
SERPINB13	array_only	False	True
SERPINB9	array_only	False	True
SERPINE3	array_only	False	True
SERPINI2	array_only	False	True
SEZ6	array_only	False	True
SFRP1	array_only	False	True
SFTA2	array_only	False	True
SFTA3	array_only	False	True
SFTPA1	array_only	False	True
SFTPA2	array_only	False	True
SFTPB	array_only	False	True
SFTPD	array_only	False	True
SGCD	array_only	False	True
SGF29P1	array_only	False	True
SGK2	array_only	False	True
SH2D1A	array_only	False	True
SH2D4B	array_only	False	True
SH2D7	array_only	False	True
SH3GL2	array_only	False	True
SH3GL3	array_only	False	True
SHANK2-AS3	array_only	False	True
SHBG	array_only	False	True
SHCBP1L	array_only	False	True
SHD	array_only	False	True
SHE	array_only	False	True
SHH	array_only	False	True
SHISAL2A	array_only	False	True
SHISAL2B	array_only	False	True
SHOX	array_only	False	True
SI	array_only	False	True
SIAH3	array_only	False	True
SIGLEC11	array_only	False	True
SIGLEC12	array_only	False	True
SIGLEC14	array_only	False	True
SIGLEC6	array_only	False	True
SIGLEC7	array_only	False	True
SIGLEC8	array_only	False	True
SIRAL1	array_only	False	True
SIRAL2	array_only	False	True
SIRPD	array_only	False	True
SIRT4	array_only	False	True
SIX6	array_only	False	True
SKAP1	array_only	False	True
SLA2	array_only	False	True
SLAMF1	array_only	False	True
SLC10A1	array_only	False	True
SLC10A4	array_only	False	True
SLC10A6	array_only	False	True
SLC12A1	array_only	False	True
SLC12A3	array_only	False	True
SLC13A1	array_only	False	True
SLC15A1	array_only	False	True
SLC15A5	array_only	False	True
SLC17A1	array_only	False	True
SLC17A2	array_only	False	True
SLC17A4	array_only	False	True
SLC17A6	array_only	False	True
SLC17A8	array_only	False	True
SLC17A9	array_only	False	True
SLC18A1	array_only	False	True
SLC18A2	array_only	False	True
SLC18A3	array_only	False	True
SLC19A4P	array_only	False	True
SLC1A6	array_only	False	True
SLC22A10	array_only	False	True
SLC22A11	array_only	False	True
SLC22A12	array_only	False	True
SLC22A14	array_only	False	True
SLC22A16	array_only	False	True
SLC22A20P	array_only	False	True
SLC22A24	array_only	False	True
SLC22A25	array_only	False	True
SLC22A3	array_only	False	True
SLC22A31	array_only	False	True
SLC22A6	array_only	False	True
SLC22A8	array_only	False	True
SLC22A9	array_only	False	True
SLC23A1	array_only	False	True
SLC24A5	array_only	False	True
SLC25A21	array_only	False	True
SLC25A31	array_only	False	True
SLC25A34	array_only	False	True
SLC25A41	array_only	False	True
SLC25A48	array_only	False	True
SLC25A48-AS1	array_only	False	True
SLC26A3	array_only	False	True
SLC26A5	array_only	False	True
SLC27A2	array_only	False	True
SLC27A6	array_only	False	True
SLC28A1	array_only	False	True
SLC28A2	array_only	False	True
SLC2A10	array_only	False	True
SLC2A2	array_only	False	True
SLC2A4	array_only	False	True
SLC2A7	array_only	False	True
SLC2A9	array_only	False	True
SLC30A10	array_only	False	True
SLC30A2	array_only	False	True
SLC34A1	array_only	False	True
SLC34A2	array_only	False	True
SLC34A3	array_only	False	True
SLC35D3	array_only	False	True
SLC35F3	array_only	False	True
SLC35G4	array_only	False	True
SLC35G5	array_only	False	True
SLC35G6	array_only	False	True
SLC36A2	array_only	False	True
SLC36A3	array_only	False	True
SLC38A11	array_only	False	True
SLC38A8	array_only	False	True
SLC39A12	array_only	False	True
SLC40A1	array_only	False	True
SLC44A5	array_only	False	True
SLC45A2	array_only	False	True
SLC46A2	array_only	False	True
SLC46A3	array_only	False	True
SLC47A1	array_only	False	True
SLC49A3	array_only	False	True
SLC4A1	array_only	False	True
SLC4A10	array_only	False	True
SLC4A11	array_only	False	True
SLC4A5	array_only	False	True
SLC4A9	array_only	False	True
SLC51A	array_only	False	True
SLC52A1	array_only	False	True
SLC52A3	array_only	False	True
SLC5A11	array_only	False	True
SLC5A5	array_only	False	True
SLC5A9	array_only	False	True
SLC60A1	array_only	False	True
SLC66A1LP	array_only	False	True
SLC6A12	array_only	False	True
SLC6A13	array_only	False	True
SLC6A14	array_only	False	True
SLC6A19	array_only	False	True
SLC6A20	array_only	False	True
SLC6A5	array_only	False	True
SLC6A7	array_only	False	True
SLC7A13	array_only	False	True
SLC7A3	array_only	False	True
SLC7A4	array_only	False	True
SLC7A9	array_only	False	True
SLC9A2	array_only	False	True
SLC9A4	array_only	False	True
SLC9B1	array_only	False	True
SLCO1A2	array_only	False	True
SLCO1B3	array_only	False	True
SLCO1B7	array_only	False	True
SLCO1C1	array_only	False	True
SLCO2A1	array_only	False	True
SLCO4A1-AS1	array_only	False	True
SLCO4C1	array_only	False	True
SLCO6A1	array_only	False	True
SLFN12L	array_only	False	True
SLFN14	array_only	False	True
SLIT2	array_only	False	True
SLPI	array_only	False	True
SLURP1	array_only	False	True
SMC1B	array_only	False	True
SMCO1	array_only	False	True
SMCO3	array_only	False	True
SMCP	array_only	False	True
SMIM1	array_only	False	True
SMIM10L2B-AS1	array_only	False	True
SMIM17	array_only	False	True
SMIM18	array_only	False	True
SMIM2	array_only	False	True
SMIM21	array_only	False	True
SMIM22	array_only	False	True
SMIM23	array_only	False	True
SMIM43	array_only	False	True
SMIM9	array_only	False	True
SMOC2	array_only	False	True
SMPX	array_only	False	True
SMR3A	array_only	False	True
SMR3B	array_only	False	True
SMTNL1	array_only	False	True
SMYD1	array_only	False	True
SNAP91	array_only	False	True
SNCAIP	array_only	False	True
SNORA17A	array_only	False	True
SNORD102	array_only	False	True
SNRPD2P2	array_only	False	True
SNTG1	array_only	False	True
SNTG2	array_only	False	True
SNTN	array_only	False	True
SNX10	array_only	False	True
SNX20	array_only	False	True
SOFU1	array_only	False	True
SORCS1	array_only	False	True
SORCS3	array_only	False	True
SOSTDC1	array_only	False	True
SOX10	array_only	False	True
SOX14	array_only	False	True
SOX17	array_only	False	True
SOX3	array_only	False	True
SPACA1	array_only	False	True
SPACA4	array_only	False	True
SPACA5	array_only	False	True
SPACA5B	array_only	False	True
SPACA7	array_only	False	True
SPAG11A	array_only	False	True
SPAG11B	array_only	False	True
SPAG17	array_only	False	True
SPAG6	array_only	False	True
SPAM1	array_only	False	True
SPANXA1	array_only	False	True
SPANXA2	array_only	False	True
SPANXB1	array_only	False	True
SPANXC	array_only	False	True
SPANXD	array_only	False	True
SPANXN1	array_only	False	True
SPANXN2	array_only	False	True
SPANXN3	array_only	False	True
SPANXN4	array_only	False	True
SPANXN5	array_only	False	True
SPARCL1	array_only	False	True
SPATA16	array_only	False	True
SPATA19	array_only	False	True
SPATA21	array_only	False	True
SPATA22	array_only	False	True
SPATA3	array_only	False	True
SPATA31A1	array_only	False	True
SPATA31A3	array_only	False	True
SPATA31A6	array_only	False	True
SPATA31A7	array_only	False	True
SPATA31C1	array_only	False	True
SPATA31C2	array_only	False	True
SPATA31D1	array_only	False	True
SPATA31D3	array_only	False	True
SPATA31D4	array_only	False	True
SPATA31F3	array_only	False	True
SPATA31G1	array_only	False	True
SPATA31J1	array_only	False	True
SPATA32	array_only	False	True
SPATA45	array_only	False	True
SPATC1	array_only	False	True
SPDEF	array_only	False	True
SPDYA	array_only	False	True
SPDYC	array_only	False	True
SPDYE2	array_only	False	True
SPDYE3	array_only	False	True
SPDYE4	array_only	False	True
SPDYE5	array_only	False	True
SPDYE6	array_only	False	True
SPEM2	array_only	False	True
SPIB	array_only	False	True
SPIC	array_only	False	True
SPINK13	array_only	False	True
SPINK14	array_only	False	True
SPINK4	array_only	False	True
SPINK5	array_only	False	True
SPINK6	array_only	False	True
SPINK7	array_only	False	True
SPINK8	array_only	False	True
SPINT3	array_only	False	True
SPINT4	array_only	False	True
SPMIP10	array_only	False	True
SPMIP2	array_only	False	True
SPMIP3	array_only	False	True
SPMIP5	array_only	False	True
SPMIP6	array_only	False	True
SPMIP7	array_only	False	True
SPMIP8	array_only	False	True
SPO11	array_only	False	True
SPP2	array_only	False	True
SPPL2C	array_only	False	True
SPRR1A	array_only	False	True
SPRR1B	array_only	False	True
SPRR2A	array_only	False	True
SPRR2G	array_only	False	True
SPRR3	array_only	False	True
SPRR4	array_only	False	True
SPTSSB	array_only	False	True
SPX	array_only	False	True
SPZ1	array_only	False	True
SRARP	array_only	False	True
SRSF12	array_only	False	True
SRY	array_only	False	True
SST	array_only	False	True
SSTR1	array_only	False	True
SSTR5	array_only	False	True
SSUH2	array_only	False	True
SSX2	array_only	False	True
SSX2B	array_only	False	True
SSX3	array_only	False	True
SSX4B	array_only	False	True
SSX5	array_only	False	True
SSX6P	array_only	False	True
SSX7	array_only	False	True
SSX8P	array_only	False	True
SSX9P	array_only	False	True
ST6GAL1	array_only	False	True
STAG3L3	array_only	False	True
STARD6	array_only	False	True
STATH	array_only	False	True
STAU2-AS1	array_only	False	True
STH	array_only	False	True
STK31	array_only	False	True
STK32B	array_only	False	True
STKLD1	array_only	False	True
STMN2	array_only	False	True
STMND1	array_only	False	True
STOML3	array_only	False	True
STRA8	array_only	False	True
STRC	array_only	False	True
STX19	array_only	False	True
SUCNR1	array_only	False	True
SULF1	array_only	False	True
SULT1C3	array_only	False	True
SULT1C4	array_only	False	True
SULT2A1	array_only	False	True
SULT4A1	array_only	False	True
SULT6B1	array_only	False	True
SUN5	array_only	False	True
SUSD3	array_only	False	True
SUSD5	array_only	False	True
SV2B	array_only	False	True
SV2C	array_only	False	True
SVOPL	array_only	False	True
SYCE1	array_only	False	True
SYCN	array_only	False	True
SYCP1	array_only	False	True
SYCP2	array_only	False	True
SYCP2L	array_only	False	True
SYK	array_only	False	True
SYNDIG1	array_only	False	True
SYNE4	array_only	False	True
SYNGR3	array_only	False	True
SYNGR4	array_only	False	True
SYNPO2L	array_only	False	True
SYT10	array_only	False	True
SYT16	array_only	False	True
SYT17	array_only	False	True
SYT9	array_only	False	True
TAAR1	array_only	False	True
TAAR2	array_only	False	True
TAAR3P	array_only	False	True
TAAR5	array_only	False	True
TAAR6	array_only	False	True
TAAR8	array_only	False	True
TAAR9	array_only	False	True
TAC1	array_only	False	True
TAC3	array_only	False	True
TAC4	array_only	False	True
TACR3	array_only	False	True
TAFA1	array_only	False	True
TAFA4	array_only	False	True
TAL2	array_only	False	True
TARM1	array_only	False	True
TARP	array_only	False	True
TAS1R1	array_only	False	True
TAS1R2	array_only	False	True
TAS1R3	array_only	False	True
TAS2R10	array_only	False	True
TAS2R16	array_only	False	True
TAS2R38	array_only	False	True
TAS2R39	array_only	False	True
TAS2R40	array_only	False	True
TAS2R41	array_only	False	True
TAS2R42	array_only	False	True
TAS2R60	array_only	False	True
TAS2R8	array_only	False	True
TAS2R9	array_only	False	True
TASL	array_only	False	True
TAT	array_only	False	True
TBATA	array_only	False	True
TBC1D10C	array_only	False	True
TBC1D21	array_only	False	True
TBC1D22A-AS1	array_only	False	True
TBC1D26	array_only	False	True
TBC1D28	array_only	False	True
TBC1D29P	array_only	False	True
TBC1D3	array_only	False	True
TBC1D3B	array_only	False	True
TBC1D3C	array_only	False	True
TBC1D3G	array_only	False	True
TBC1D3H	array_only	False	True
TBL1Y	array_only	False	True
TBX10	array_only	False	True
TBX20	array_only	False	True
TBX21	array_only	False	True
TBX22	array_only	False	True
TCAP	array_only	False	True
TCEAL2	array_only	False	True
TCEAL5	array_only	False	True
TCF23	array_only	False	True
TCHHL1	array_only	False	True
TCL1A	array_only	False	True
TCL1B	array_only	False	True
TCN1	array_only	False	True
TCP10L2	array_only	False	True
TCP11X2	array_only	False	True
TDRD1	array_only	False	True
TDRD10	array_only	False	True
TDRD15	array_only	False	True
TDRD6	array_only	False	True
TECRL	array_only	False	True
TEDDM1	array_only	False	True
TEKT2	array_only	False	True
TEKT3	array_only	False	True
TEKTL1	array_only	False	True
TENT5D	array_only	False	True
TERB1	array_only	False	True
TERB2	array_only	False	True
TESC	array_only	False	True
TESHL	array_only	False	True
TESMIN	array_only	False	True
TEX11	array_only	False	True
TEX12	array_only	False	True
TEX13A	array_only	False	True
TEX13C	array_only	False	True
TEX14	array_only	False	True
TEX19	array_only	False	True
TEX26	array_only	False	True
TEX28	array_only	False	True
TEX35	array_only	False	True
TEX36	array_only	False	True
TEX38	array_only	False	True
TEX44	array_only	False	True
TEX46	array_only	False	True
TEX47	array_only	False	True
TEX48	array_only	False	True
TEX50	array_only	False	True
TEX55	array_only	False	True
TF	array_only	False	True
TFAP2D	array_only	False	True
TFDP3	array_only	False	True
TFF1	array_only	False	True
TFF2	array_only	False	True
TGIF2-RAB5IF	array_only	False	True
TGIF2LX	array_only	False	True
TGIF2LY	array_only	False	True
TGM3	array_only	False	True
TGM4	array_only	False	True
TGM5	array_only	False	True
THEM5	array_only	False	True
THNSL2	array_only	False	True
THPO	array_only	False	True
THRSP	array_only	False	True
THY1	array_only	False	True
TIE1	array_only	False	True
TIFAB	array_only	False	True
TIMCC	array_only	False	True
TIMD4	array_only	False	True
TIMP3	array_only	False	True
TINAG	array_only	False	True
TJP3	array_only	False	True
TKTL1	array_only	False	True
TKTL2	array_only	False	True
TLR2	array_only	False	True
TLR4	array_only	False	True
TLR5	array_only	False	True
TLR7	array_only	False	True
TLR8	array_only	False	True
TLR9	array_only	False	True
TLX1NB	array_only	False	True
TM4SF20	array_only	False	True
TM4SF4	array_only	False	True
TM4SF5	array_only	False	True
TM6SF1	array_only	False	True
TMC1	array_only	False	True
TMC2	array_only	False	True
TMC5	array_only	False	True
TMCO2	array_only	False	True
TMCO5A	array_only	False	True
TMEM105	array_only	False	True
TMEM114	array_only	False	True
TMEM125	array_only	False	True
TMEM132D	array_only	False	True
TMEM139	array_only	False	True
TMEM14EP	array_only	False	True
TMEM150B	array_only	False	True
TMEM150C	array_only	False	True
TMEM163	array_only	False	True
TMEM174	array_only	False	True
TMEM176B	array_only	False	True
TMEM178A	array_only	False	True
TMEM190	array_only	False	True
TMEM196	array_only	False	True
TMEM202	array_only	False	True
TMEM204	array_only	False	True
TMEM207	array_only	False	True
TMEM210	array_only	False	True
TMEM213	array_only	False	True
TMEM215	array_only	False	True
TMEM225	array_only	False	True
TMEM229A	array_only	False	True
TMEM239	array_only	False	True
TMEM247	array_only	False	True
TMEM25	array_only	False	True
TMEM252	array_only	False	True
TMEM26	array_only	False	True
TMEM265	array_only	False	True
TMEM270	array_only	False	True
TMEM277P	array_only	False	True
TMEM31	array_only	False	True
TMEM40	array_only	False	True
TMEM45B	array_only	False	True
TMEM51-AS2	array_only	False	True
TMEM52	array_only	False	True
TMEM59L	array_only	False	True
TMEM61	array_only	False	True
TMEM72	array_only	False	True
TMEM74B	array_only	False	True
TMEM82	array_only	False	True
TMEM89	array_only	False	True
TMEM95	array_only	False	True
TMIE	array_only	False	True
TMIGD1	array_only	False	True
TMIGD2	array_only	False	True
TMOD4	array_only	False	True
TMPRSS11A	array_only	False	True
TMPRSS11B	array_only	False	True
TMPRSS11D	array_only	False	True
TMPRSS11F	array_only	False	True
TMPRSS13	array_only	False	True
TMPRSS3	array_only	False	True
TMPRSS4	array_only	False	True
TMPRSS6	array_only	False	True
TMPRSS7	array_only	False	True
TMPRSS9	array_only	False	True
TMX2-CTNND1	array_only	False	True
TNF	array_only	False	True
TNFRSF10A	array_only	False	True
TNFRSF13B	array_only	False	True
TNFRSF17	array_only	False	True
TNFRSF18	array_only	False	True
TNFRSF4	array_only	False	True
TNFSF10	array_only	False	True
TNFSF11	array_only	False	True
TNFSF15	array_only	False	True
TNFSF18	array_only	False	True
TNFSF8	array_only	False	True
TNK1	array_only	False	True
TNMD	array_only	False	True
TNN	array_only	False	True
TNNC1	array_only	False	True
TNNI2	array_only	False	True
TNNI3K	array_only	False	True
TNNT3	array_only	False	True
TNP1	array_only	False	True
TNP2	array_only	False	True
TNS4	array_only	False	True
TOMM20L	array_only	False	True
TOX3	array_only	False	True
TP53TG3B	array_only	False	True
TP53TG3C	array_only	False	True
TP53TG3D	array_only	False	True
TPD52L3	array_only	False	True
TPH2	array_only	False	True
TPO	array_only	False	True
TPPP2	array_only	False	True
TPRX1	array_only	False	True
TPSAB1	array_only	False	True
TPSB2	array_only	False	True
TPSD1	array_only	False	True
TPSG1	array_only	False	True
TPTE2	array_only	False	True
TPTEP2	array_only	False	True
TPTEP2-CSNK1E	array_only	False	True
TRAT1	array_only	False	True
TREH	array_only	False	True
TREML1	array_only	False	True
TREML2	array_only	False	True
TREML4	array_only	False	True
TRH	array_only	False	True
TRHDE	array_only	False	True
TRHR	array_only	False	True
TRIM31	array_only	False	True
TRIM42	array_only	False	True
TRIM43	array_only	False	True
TRIM43B	array_only	False	True
TRIM48	array_only	False	True
TRIM49B	array_only	False	True
TRIM49C	array_only	False	True
TRIM49D1	array_only	False	True
TRIM50	array_only	False	True
TRIM58	array_only	False	True
TRIM60	array_only	False	True
TRIM61	array_only	False	True
TRIM63	array_only	False	True
TRIM64	array_only	False	True
TRIM64B	array_only	False	True
TRIM64C	array_only	False	True
TRIM67-AS1	array_only	False	True
TRIM74	array_only	False	True
TRIM77	array_only	False	True
TRMT9B	array_only	False	True
TRO	array_only	False	True
TRPC5OS	array_only	False	True
TRPC6	array_only	False	True
TRPC7	array_only	False	True
TRPV5	array_only	False	True
TRPV6	array_only	False	True
TSBP1	array_only	False	True
TSHB	array_only	False	True
TSKS	array_only	False	True
TSPAN19	array_only	False	True
TSPAN2	array_only	False	True
TSPAN8	array_only	False	True
TSPO2	array_only	False	True
TSPY1	array_only	False	True
TSPY10	array_only	False	True
TSPY2	array_only	False	True
TSPY3	array_only	False	True
TSPY8	array_only	False	True
TSSK1B	array_only	False	True
TSSK2	array_only	False	True
TSSK3	array_only	False	True
TSSK4	array_only	False	True
TSTD1	array_only	False	True
TTC23L	array_only	False	True
TTC36	array_only	False	True
TTC6	array_only	False	True
TTC9B	array_only	False	True
TTLL10	array_only	False	True
TTLL2	array_only	False	True
TTR	array_only	False	True
TTYH1	array_only	False	True
TUBA3D	array_only	False	True
TUBA3E	array_only	False	True
TUBB1	array_only	False	True
TUBB8	array_only	False	True
TULP2	array_only	False	True
TXK	array_only	False	True
TXNDC8	array_only	False	True
TYR	array_only	False	True
TYROBP	array_only	False	True
TYRP1	array_only	False	True
UBASH3A	array_only	False	True
UBD	array_only	False	True
UBE2Q2P16	array_only	False	True
UBE2QL1	array_only	False	True
UBE2U	array_only	False	True
UBQLN3	array_only	False	True
UBTFL1	array_only	False	True
UBXN10	array_only	False	True
UCMA	array_only	False	True
UGT1A1	array_only	False	True
UGT2A2	array_only	False	True
UGT2A3	array_only	False	True
UGT2B10	array_only	False	True
UGT2B11	array_only	False	True
UGT2B15	array_only	False	True
UGT2B17	array_only	False	True
UGT2B28	array_only	False	True
UGT3A1	array_only	False	True
UGT3A2	array_only	False	True
ULK4P1	array_only	False	True
UMODL1-AS1	array_only	False	True
UNC5A	array_only	False	True
UNC5CL	array_only	False	True
UNC93A	array_only	False	True
UPK1A	array_only	False	True
UPK1B	array_only	False	True
UPK2	array_only	False	True
UPK3A	array_only	False	True
UPK3B	array_only	False	True
UPP2	array_only	False	True
URAD	array_only	False	True
USH1C	array_only	False	True
USP17L1	array_only	False	True
USP17L10	array_only	False	True
USP17L11	array_only	False	True
USP17L12	array_only	False	True
USP17L13	array_only	False	True
USP17L15	array_only	False	True
USP17L17	array_only	False	True
USP17L19	array_only	False	True
USP17L2	array_only	False	True
USP17L20	array_only	False	True
USP17L21	array_only	False	True
USP17L22	array_only	False	True
USP17L24	array_only	False	True
USP17L25	array_only	False	True
USP17L28	array_only	False	True
USP17L3	array_only	False	True
USP17L4	array_only	False	True
USP17L7	array_only	False	True
USP2	array_only	False	True
USP26	array_only	False	True
USP29	array_only	False	True
USP32P2	array_only	False	True
USP44	array_only	False	True
USP50	array_only	False	True
UTF1	array_only	False	True
VANGL2	array_only	False	True
VASH2	array_only	False	True
VAV1	array_only	False	True
VAX1	array_only	False	True
VCAM1	array_only	False	True
VCX	array_only	False	True
VCX2	array_only	False	True
VCX3A	array_only	False	True
VCX3B	array_only	False	True
VCY	array_only	False	True
VEGFD	array_only	False	True
VENTX	array_only	False	True
VGLL1	array_only	False	True
VGLL2	array_only	False	True
VHLL	array_only	False	True
VIL1	array_only	False	True
VIP	array_only	False	True
VIPR2	array_only	False	True
VIT	array_only	False	True
VN1R10P	array_only	False	True
VN1R2	array_only	False	True
VN1R5	array_only	False	True
VPREB1	array_only	False	True
VPREB3	array_only	False	True
VRTN	array_only	False	True
VSIG1	array_only	False	True
VSIG2	array_only	False	True
VSIG4	array_only	False	True
VSIR	array_only	False	True
VSTM1	array_only	False	True
VSTM5	array_only	False	True
VTN	array_only	False	True
VWA2	array_only	False	True
VWA5B1	array_only	False	True
VWA5B2	array_only	False	True
VWC2L	array_only	False	True
VWDE	array_only	False	True
WBP2NL	array_only	False	True
WDR64	array_only	False	True
WDR86-AS1	array_only	False	True
WDR87BP	array_only	False	True
WDR88	array_only	False	True
WFDC1	array_only	False	True
WFDC10A	array_only	False	True
WFDC10B	array_only	False	True
WFDC11	array_only	False	True
WFDC12	array_only	False	True
WFDC13	array_only	False	True
WFDC2	array_only	False	True
WFDC5	array_only	False	True
WFDC6	array_only	False	True
WFDC8	array_only	False	True
WFDC9	array_only	False	True
WFIKKN1	array_only	False	True
WIF1	array_only	False	True
WNT1	array_only	False	True
WNT10A	array_only	False	True
WNT11	array_only	False	True
WNT2	array_only	False	True
WNT3A	array_only	False	True
WNT6	array_only	False	True
WNT8A	array_only	False	True
WNT8B	array_only	False	True
WNT9A	array_only	False	True
WSCD2	array_only	False	True
XAGE1A	array_only	False	True
XAGE2	array_only	False	True
XAGE3	array_only	False	True
XAGE5	array_only	False	True
XCL1	array_only	False	True
XCL2	array_only	False	True
XG	array_only	False	True
XK	array_only	False	True
XKR3	array_only	False	True
XKR5	array_only	False	True
XKRYP7	array_only	False	True
XPNPEP2	array_only	False	True
XTBD1	array_only	False	True
YIPF7	array_only	False	True
ZAR1L	array_only	False	True
ZBED10P	array_only	False	True
ZBED2	array_only	False	True
ZBTB8B	array_only	False	True
ZC2HC1B	array_only	False	True
ZCCHC12	array_only	False	True
ZCCHC13	array_only	False	True
ZDHHC15	array_only	False	True
ZDHHC19	array_only	False	True
ZDHHC22	array_only	False	True
ZFP14	array_only	False	True
ZFP28	array_only	False	True
ZFP3	array_only	False	True
ZFP30	array_only	False	True
ZFP42	array_only	False	True
ZFP57	array_only	False	True
ZFP82	array_only	False	True
ZFP92	array_only	False	True
ZG16	array_only	False	True
ZHX1-C8orf76	array_only	False	True
ZIM3	array_only	False	True
ZKSCAN7	array_only	False	True
ZMAT4	array_only	False	True
ZMYND12	array_only	False	True
ZNF100	array_only	False	True
ZNF135	array_only	False	True
ZNF14	array_only	False	True
ZNF154	array_only	False	True
ZNF208	array_only	False	True
ZNF229	array_only	False	True
ZNF239	array_only	False	True
ZNF253	array_only	False	True
ZNF254	array_only	False	True
ZNF256	array_only	False	True
ZNF257	array_only	False	True
ZNF260	array_only	False	True
ZNF273	array_only	False	True
ZNF28	array_only	False	True
ZNF280A	array_only	False	True
ZNF285CP	array_only	False	True
ZNF32-AS3	array_only	False	True
ZNF320	array_only	False	True
ZNF321P	array_only	False	True
ZNF334	array_only	False	True
ZNF345	array_only	False	True
ZNF354A	array_only	False	True
ZNF354B	array_only	False	True
ZNF382	array_only	False	True
ZNF383	array_only	False	True
ZNF418	array_only	False	True
ZNF420	array_only	False	True
ZNF43	array_only	False	True
ZNF430	array_only	False	True
ZNF431	array_only	False	True
ZNF433	array_only	False	True
ZNF439	array_only	False	True
ZNF44	array_only	False	True
ZNF441	array_only	False	True
ZNF442	array_only	False	True
ZNF454	array_only	False	True
ZNF461	array_only	False	True
ZNF468	array_only	False	True
ZNF470	array_only	False	True
ZNF471	array_only	False	True
ZNF475	array_only	False	True
ZNF479	array_only	False	True
ZNF485	array_only	False	True
ZNF491	array_only	False	True
ZNF492	array_only	False	True
ZNF501	array_only	False	True
ZNF502	array_only	False	True
ZNF506	array_only	False	True
ZNF527	array_only	False	True
ZNF529	array_only	False	True
ZNF529-AS1	array_only	False	True
ZNF536	array_only	False	True
ZNF540	array_only	False	True
ZNF544	array_only	False	True
ZNF551	array_only	False	True
ZNF556	array_only	False	True
ZNF563	array_only	False	True
ZNF566	array_only	False	True
ZNF567	array_only	False	True
ZNF570	array_only	False	True
ZNF571	array_only	False	True
ZNF573	array_only	False	True
ZNF578	array_only	False	True
ZNF582	array_only	False	True
ZNF582-DT	array_only	False	True
ZNF583	array_only	False	True
ZNF585A	array_only	False	True
ZNF585B	array_only	False	True
ZNF597	array_only	False	True
ZNF599	array_only	False	True
ZNF605	array_only	False	True
ZNF606	array_only	False	True
ZNF607	array_only	False	True
ZNF610	array_only	False	True
ZNF611	array_only	False	True
ZNF613	array_only	False	True
ZNF625	array_only	False	True
ZNF626	array_only	False	True
ZNF630	array_only	False	True
ZNF648	array_only	False	True
ZNF660	array_only	False	True
ZNF662	array_only	False	True
ZNF664-RFLNA	array_only	False	True
ZNF667	array_only	False	True
ZNF671	array_only	False	True
ZNF676	array_only	False	True
ZNF677	array_only	False	True
ZNF679	array_only	False	True
ZNF680	array_only	False	True
ZNF681	array_only	False	True
ZNF682	array_only	False	True
ZNF683	array_only	False	True
ZNF69	array_only	False	True
ZNF705A	array_only	False	True
ZNF705B	array_only	False	True
ZNF705D	array_only	False	True
ZNF705EP	array_only	False	True
ZNF705G	array_only	False	True
ZNF709	array_only	False	True
ZNF71	array_only	False	True
ZNF711	array_only	False	True
ZNF714	array_only	False	True
ZNF716	array_only	False	True
ZNF717	array_only	False	True
ZNF718	array_only	False	True
ZNF726	array_only	False	True
ZNF728	array_only	False	True
ZNF729	array_only	False	True
ZNF730	array_only	False	True
ZNF732	array_only	False	True
ZNF735	array_only	False	True
ZNF736	array_only	False	True
ZNF737	array_only	False	True
ZNF750	array_only	False	True
ZNF761	array_only	False	True
ZNF765	array_only	False	True
ZNF781	array_only	False	True
ZNF790	array_only	False	True
ZNF80	array_only	False	True
ZNF804B	array_only	False	True
ZNF808	array_only	False	True
ZNF812P	array_only	False	True
ZNF816	array_only	False	True
ZNF816-ZNF321P	array_only	False	True
ZNF829	array_only	False	True
ZNF83	array_only	False	True
ZNF844	array_only	False	True
ZNF846	array_only	False	True
ZNF85	array_only	False	True
ZNF850	array_only	False	True
ZNF878	array_only	False	True
ZNF879	array_only	False	True
ZNF880	array_only	False	True
ZNF888	array_only	False	True
ZNF91	array_only	False	True
ZNF98	array_only	False	True
ZNF99	array_only	False	True
ZNRF4	array_only	False	True
ZP2	array_only	False	True
ZP4	array_only	False	True
ZPBP	array_only	False	True
ZPBP2	array_only	False	True
ZPLD1	array_only	False	True
ZSCAN18	array_only	False	True
ZSCAN4	array_only	False	True
ZSCAN5B	array_only	False	True
ZYG11A	array_only	False	True
5S_RRNA	rnaseq_only	True	False
5_8S_RRNA	rnaseq_only	True	False
7SK	rnaseq_only	True	False
A1BG	rnaseq_only	True	False
A1BG-AS1	rnaseq_only	True	False
AARSD1	rnaseq_only	True	False
AARSD1P1	rnaseq_only	True	False
AATBC	rnaseq_only	True	False
ABCA11P	rnaseq_only	True	False
ABCA15P	rnaseq_only	True	False
ABCA17P	rnaseq_only	True	False
ABCB10P1	rnaseq_only	True	False
ABCB10P3	rnaseq_only	True	False
ABCB10P4	rnaseq_only	True	False
ABCC6P1	rnaseq_only	True	False
ABCC6P2	rnaseq_only	True	False
ABCE1P1	rnaseq_only	True	False
ABCE1P2	rnaseq_only	True	False
ABCE1P3	rnaseq_only	True	False
ABCF2	rnaseq_only	True	False
ABCF2P1	rnaseq_only	True	False
ABHD16B-AS1	rnaseq_only	True	False
ABHD17AP1	rnaseq_only	True	False
ABHD17AP3	rnaseq_only	True	False
ABHD17AP4	rnaseq_only	True	False
ABHD17AP5	rnaseq_only	True	False
ABHD17AP6	rnaseq_only	True	False
ABHD17AP9	rnaseq_only	True	False
ABRAXAS1P1	rnaseq_only	True	False
ABRAXAS1P2	rnaseq_only	True	False
ACAA2P1	rnaseq_only	True	False
ACAD9-DT	rnaseq_only	True	False
ACBD7P1	rnaseq_only	True	False
ACO2P1	rnaseq_only	True	False
ACOXL-AS1	rnaseq_only	True	False
ACTA2-AS1	rnaseq_only	True	False
ACTBP1	rnaseq_only	True	False
ACTBP11	rnaseq_only	True	False
ACTBP14	rnaseq_only	True	False
ACTBP15	rnaseq_only	True	False
ACTBP16	rnaseq_only	True	False
ACTBP2	rnaseq_only	True	False
ACTBP4	rnaseq_only	True	False
ACTBP6	rnaseq_only	True	False
ACTBP7	rnaseq_only	True	False
ACTBP8	rnaseq_only	True	False
ACTBP9	rnaseq_only	True	False
ACTG1P1	rnaseq_only	True	False
ACTG1P10	rnaseq_only	True	False
ACTG1P11	rnaseq_only	True	False
ACTG1P12	rnaseq_only	True	False
ACTG1P14	rnaseq_only	True	False
ACTG1P15	rnaseq_only	True	False
ACTG1P16	rnaseq_only	True	False
ACTG1P17	rnaseq_only	True	False
ACTG1P18	rnaseq_only	True	False
ACTG1P19	rnaseq_only	True	False
ACTG1P2	rnaseq_only	True	False
ACTG1P20	rnaseq_only	True	False
ACTG1P21	rnaseq_only	True	False
ACTG1P22	rnaseq_only	True	False
ACTG1P23	rnaseq_only	True	False
ACTG1P24	rnaseq_only	True	False
ACTG1P25	rnaseq_only	True	False
ACTG1P3	rnaseq_only	True	False
ACTG1P4	rnaseq_only	True	False
ACTG1P9	rnaseq_only	True	False
ACTN1-DT	rnaseq_only	True	False
ACTN4P1	rnaseq_only	True	False
ACTP1	rnaseq_only	True	False
ACTR1AP1	rnaseq_only	True	False
ACTR2P1	rnaseq_only	True	False
ACTR2P2	rnaseq_only	True	False
ACTR3-AS1	rnaseq_only	True	False
ACTR3P2	rnaseq_only	True	False
ACVR2B-AS1	rnaseq_only	True	False
ADAM20P1	rnaseq_only	True	False
ADAM21P1	rnaseq_only	True	False
ADAM3A	rnaseq_only	True	False
ADAM6	rnaseq_only	True	False
ADAMTS19-AS1	rnaseq_only	True	False
ADAMTS7P3	rnaseq_only	True	False
ADAMTS7P5	rnaseq_only	True	False
ADAMTS9-AS2	rnaseq_only	True	False
ADARB2-AS1	rnaseq_only	True	False
ADAT3	rnaseq_only	True	False
ADCY10P1	rnaseq_only	True	False
ADD3-AS1	rnaseq_only	True	False
ADGRA3P1	rnaseq_only	True	False
ADGRE4P	rnaseq_only	True	False
ADGRF5P1	rnaseq_only	True	False
ADGRL1-AS1	rnaseq_only	True	False
ADH5P2	rnaseq_only	True	False
ADH5P3	rnaseq_only	True	False
ADH5P4	rnaseq_only	True	False
ADIPOR1P2	rnaseq_only	True	False
ADIRF-AS1	rnaseq_only	True	False
ADM-DT	rnaseq_only	True	False
ADNP-AS1	rnaseq_only	True	False
ADORA2A-AS1	rnaseq_only	True	False
ADPGK-AS1	rnaseq_only	True	False
AFAP1-AS1	rnaseq_only	True	False
AFDN-DT	rnaseq_only	True	False
AFF4-DT	rnaseq_only	True	False
AFG3L1P	rnaseq_only	True	False
AFG3L2P1	rnaseq_only	True	False
AFTPH-DT	rnaseq_only	True	False
AGA-DT	rnaseq_only	True	False
AGAP1-IT1	rnaseq_only	True	False
AGAP10P	rnaseq_only	True	False
AGAP11	rnaseq_only	True	False
AGAP12P	rnaseq_only	True	False
AGAP13P	rnaseq_only	True	False
AGAP14P	rnaseq_only	True	False
AGAP2-AS1	rnaseq_only	True	False
AGAP7P	rnaseq_only	True	False
AGKP2	rnaseq_only	True	False
AHCTF1P1	rnaseq_only	True	False
AHCYP4	rnaseq_only	True	False
AHCYP7	rnaseq_only	True	False
AHCYP8	rnaseq_only	True	False
AHI1-DT	rnaseq_only	True	False
AIDAP1	rnaseq_only	True	False
AIFM1P1	rnaseq_only	True	False
AIRN	rnaseq_only	True	False
AJUBA-DT	rnaseq_only	True	False
AK2P2	rnaseq_only	True	False
AK3P3	rnaseq_only	True	False
AK3P5	rnaseq_only	True	False
AK4P1	rnaseq_only	True	False
AK4P3	rnaseq_only	True	False
AK4P6	rnaseq_only	True	False
AK6	rnaseq_only	True	False
AKAP1-DT	rnaseq_only	True	False
AKR1B10P1	rnaseq_only	True	False
AKR1B1P1	rnaseq_only	True	False
AKR1B1P2	rnaseq_only	True	False
AKR1B1P3	rnaseq_only	True	False
AKR1B1P7	rnaseq_only	True	False
AKR1C5P	rnaseq_only	True	False
AKR1C7P	rnaseq_only	True	False
AKR7A2P1	rnaseq_only	True	False
AKR7A2P2	rnaseq_only	True	False
AKTIPP2	rnaseq_only	True	False
ALDH1A3-AS1	rnaseq_only	True	False
ALDH7A1P1	rnaseq_only	True	False
ALDOAP1	rnaseq_only	True	False
ALDOAP2	rnaseq_only	True	False
ALG1L3P	rnaseq_only	True	False
ALMS1-IT1	rnaseq_only	True	False
ALOX12P2	rnaseq_only	True	False
AMANZI	rnaseq_only	True	False
AMD1P3	rnaseq_only	True	False
AMMECR1LP1	rnaseq_only	True	False
AMN1-AS1	rnaseq_only	True	False
AMZ2P1	rnaseq_only	True	False
ANAPC10P1	rnaseq_only	True	False
ANAPC1P1	rnaseq_only	True	False
ANAPC1P2	rnaseq_only	True	False
ANAPC1P3	rnaseq_only	True	False
ANAPC1P4	rnaseq_only	True	False
ANAPC1P5	rnaseq_only	True	False
ANAPC1P6	rnaseq_only	True	False
ANKH-DT	rnaseq_only	True	False
ANKHD1-DT	rnaseq_only	True	False
ANKHD1-EIF4EBP3	rnaseq_only	True	False
ANKRD10-IT1	rnaseq_only	True	False
ANKRD11P1	rnaseq_only	True	False
ANKRD11P2	rnaseq_only	True	False
ANKRD18EP	rnaseq_only	True	False
ANKRD20A17P	rnaseq_only	True	False
ANKRD20A9P	rnaseq_only	True	False
ANKRD30BP1	rnaseq_only	True	False
ANKRD33BP1	rnaseq_only	True	False
ANKRD40CL	rnaseq_only	True	False
ANKRD42-DT	rnaseq_only	True	False
ANKRD49P1	rnaseq_only	True	False
ANO1-AS1	rnaseq_only	True	False
ANOS2P	rnaseq_only	True	False
ANP32AP1	rnaseq_only	True	False
ANP32BP1	rnaseq_only	True	False
ANP32BP3	rnaseq_only	True	False
ANXA2P1	rnaseq_only	True	False
ANXA2P2	rnaseq_only	True	False
ANXA2P3	rnaseq_only	True	False
ANXA2R-AS1	rnaseq_only	True	False
ANXA2R-OT1	rnaseq_only	True	False
AP1AR-DT	rnaseq_only	True	False
AP1G2-AS1	rnaseq_only	True	False
AP2B1P1	rnaseq_only	True	False
AP3S1P2	rnaseq_only	True	False
AP4B1-AS1	rnaseq_only	True	False
APC2-AS1	rnaseq_only	True	False
APCDD1L-DT	rnaseq_only	True	False
API5P1	rnaseq_only	True	False
API5P2	rnaseq_only	True	False
APOOP4	rnaseq_only	True	False
APPAT	rnaseq_only	True	False
APPBP2-DT	rnaseq_only	True	False
APTR	rnaseq_only	True	False
AQP7B	rnaseq_only	True	False
ARF1P2	rnaseq_only	True	False
ARF3	rnaseq_only	True	False
ARF4P1	rnaseq_only	True	False
ARFGEF1-DT	rnaseq_only	True	False
ARHGAP11A	rnaseq_only	True	False
ARHGAP11A-DT	rnaseq_only	True	False
ARHGAP11A-SCG5	rnaseq_only	True	False
ARHGAP11B-DT	rnaseq_only	True	False
ARHGAP22-IT1	rnaseq_only	True	False
ARHGAP23P1	rnaseq_only	True	False
ARHGAP27P1-BPTFP1-KPNA2P3	rnaseq_only	True	False
ARHGAP28-AS1	rnaseq_only	True	False
ARHGAP29-AS1	rnaseq_only	True	False
ARHGAP31-AS1	rnaseq_only	True	False
ARHGAP42-AS1	rnaseq_only	True	False
ARHGAP42P3	rnaseq_only	True	False
ARHGAP5-AS1	rnaseq_only	True	False
ARHGEF17-AS1	rnaseq_only	True	False
ARHGEF2-AS2	rnaseq_only	True	False
ARHGEF25-AS1	rnaseq_only	True	False
ARHGEF4-AS1	rnaseq_only	True	False
ARID3BP1	rnaseq_only	True	False
ARIH2P1	rnaseq_only	True	False
ARL17A	rnaseq_only	True	False
ARL4AP1	rnaseq_only	True	False
ARL4AP4	rnaseq_only	True	False
ARL4AP5	rnaseq_only	True	False
ARL5AP4	rnaseq_only	True	False
ARL6IP1P2	rnaseq_only	True	False
ARL6IP1P3	rnaseq_only	True	False
ARL8BP2	rnaseq_only	True	False
ARLNC1	rnaseq_only	True	False
ARMC10P1	rnaseq_only	True	False
ARMCX7P	rnaseq_only	True	False
ARNT2-DT	rnaseq_only	True	False
ARPC1AP2	rnaseq_only	True	False
ARPC1AP4	rnaseq_only	True	False
ARPC3	rnaseq_only	True	False
ARPC3P1	rnaseq_only	True	False
ARPC3P2	rnaseq_only	True	False
ARPC3P3	rnaseq_only	True	False
ARPC3P4	rnaseq_only	True	False
ARPC3P5	rnaseq_only	True	False
ARRDC3-AS1	rnaseq_only	True	False
ARSDP1	rnaseq_only	True	False
ARSLP1	rnaseq_only	True	False
ASAH1-AS1	rnaseq_only	True	False
ASAP1-IT2	rnaseq_only	True	False
ASB15-AS1	rnaseq_only	True	False
ASDURF	rnaseq_only	True	False
ASMER1	rnaseq_only	True	False
ASMTL-AS1	rnaseq_only	True	False
ASNSP1	rnaseq_only	True	False
ASS1P1	rnaseq_only	True	False
ASS1P2	rnaseq_only	True	False
ASS1P7	rnaseq_only	True	False
ATE1OSP	rnaseq_only	True	False
ATF4P1	rnaseq_only	True	False
ATF4P2	rnaseq_only	True	False
ATF4P3	rnaseq_only	True	False
ATF4P4	rnaseq_only	True	False
ATF6-DT	rnaseq_only	True	False
ATF7-AS1	rnaseq_only	True	False
ATF7-NPFF	rnaseq_only	True	False
ATG12P1	rnaseq_only	True	False
ATMINP1	rnaseq_only	True	False
ATP11B-DT	rnaseq_only	True	False
ATP13A3-DT	rnaseq_only	True	False
ATP13A4-AS1	rnaseq_only	True	False
ATP1A1-AS1	rnaseq_only	True	False
ATP1B1P1	rnaseq_only	True	False
ATP1B3P1	rnaseq_only	True	False
ATP2A1-AS1	rnaseq_only	True	False
ATP2B1-AS1	rnaseq_only	True	False
ATP2C2-AS1	rnaseq_only	True	False
ATP5F1AP10	rnaseq_only	True	False
ATP5F1AP2	rnaseq_only	True	False
ATP5F1AP3	rnaseq_only	True	False
ATP5F1AP7	rnaseq_only	True	False
ATP5F1AP8	rnaseq_only	True	False
ATP5F1E	rnaseq_only	True	False
ATP5IF1-AS1	rnaseq_only	True	False
ATP5MC1P7	rnaseq_only	True	False
ATP5MC2P4	rnaseq_only	True	False
ATP5MFP2	rnaseq_only	True	False
ATP5MFP4	rnaseq_only	True	False
ATP5MFP5	rnaseq_only	True	False
ATP5MKP1	rnaseq_only	True	False
ATP5PBP2	rnaseq_only	True	False
ATP5PBP3	rnaseq_only	True	False
ATP5PBP5	rnaseq_only	True	False
ATP5PDP2	rnaseq_only	True	False
ATP5PDP3	rnaseq_only	True	False
ATP5PDP4	rnaseq_only	True	False
ATP5PFP1	rnaseq_only	True	False
ATP5PFP2	rnaseq_only	True	False
ATP5PFP3	rnaseq_only	True	False
ATP5PFP4	rnaseq_only	True	False
ATP6AP1-DT	rnaseq_only	True	False
ATP6V0CP4	rnaseq_only	True	False
ATP6V0D1-DT	rnaseq_only	True	False
ATP6V0E2-AS1	rnaseq_only	True	False
ATP6V1B1-AS1	rnaseq_only	True	False
ATP6V1E1P1	rnaseq_only	True	False
ATP6V1E1P3	rnaseq_only	True	False
ATP6V1FP2	rnaseq_only	True	False
ATP8B1-AS1	rnaseq_only	True	False
ATP8B5P	rnaseq_only	True	False
ATXN1-AS1	rnaseq_only	True	False
ATXN2-AS	rnaseq_only	True	False
ATXN7L3-AS1	rnaseq_only	True	False
AURKAP1	rnaseq_only	True	False
B3GALT5-AS1	rnaseq_only	True	False
B3GALT9	rnaseq_only	True	False
B3GAT1-DT	rnaseq_only	True	False
B4GALT1-AS1	rnaseq_only	True	False
B4GAT1-DT	rnaseq_only	True	False
BAALC-AS1	rnaseq_only	True	False
BACC1	rnaseq_only	True	False
BACE1-AS	rnaseq_only	True	False
BACH1-IT1	rnaseq_only	True	False
BACH1-IT2	rnaseq_only	True	False
BAG5-AS1	rnaseq_only	True	False
BAGE2	rnaseq_only	True	False
BAIAP2-DT	rnaseq_only	True	False
BAK1P1	rnaseq_only	True	False
BANF1P3	rnaseq_only	True	False
BASP1-AS1	rnaseq_only	True	False
BAZ1A-AS1	rnaseq_only	True	False
BAZ2B-AS1	rnaseq_only	True	False
BBOX1-AS1	rnaseq_only	True	False
BCAN-AS1	rnaseq_only	True	False
BCAN-AS2	rnaseq_only	True	False
BCAP31P1	rnaseq_only	True	False
BCAP31P2	rnaseq_only	True	False
BCAR1P1	rnaseq_only	True	False
BCAR1P2	rnaseq_only	True	False
BCAR3-AS1	rnaseq_only	True	False
BCAR4	rnaseq_only	True	False
BCAS1-AS1	rnaseq_only	True	False
BCAS2P2	rnaseq_only	True	False
BCAT1-DT	rnaseq_only	True	False
BCDIN3D-AS1	rnaseq_only	True	False
BCL10-AS1	rnaseq_only	True	False
BCL6-AS1	rnaseq_only	True	False
BCLAF1P1	rnaseq_only	True	False
BCLAF1P2	rnaseq_only	True	False
BCRP3	rnaseq_only	True	False
BCRP7	rnaseq_only	True	False
BCYRN1	rnaseq_only	True	False
BDH2P1	rnaseq_only	True	False
BDNF-AS	rnaseq_only	True	False
BDP1P	rnaseq_only	True	False
BEND3P3	rnaseq_only	True	False
BGLAP	rnaseq_only	True	False
BHLHE40-AS1	rnaseq_only	True	False
BICDL3P	rnaseq_only	True	False
BICRA-AS2	rnaseq_only	True	False
BISPR	rnaseq_only	True	False
BLK-AS1	rnaseq_only	True	False
BLZF2P	rnaseq_only	True	False
BMI1	rnaseq_only	True	False
BMP2K-DT	rnaseq_only	True	False
BMPR1AP1	rnaseq_only	True	False
BMPR1AP2	rnaseq_only	True	False
BMS1P1	rnaseq_only	True	False
BMS1P10	rnaseq_only	True	False
BMS1P14	rnaseq_only	True	False
BMS1P4	rnaseq_only	True	False
BMS1P4-AGAP5	rnaseq_only	True	False
BMS1P7	rnaseq_only	True	False
BMS1P9	rnaseq_only	True	False
BNAT1	rnaseq_only	True	False
BNC2-AS1	rnaseq_only	True	False
BNIP3P1	rnaseq_only	True	False
BNIP3P4	rnaseq_only	True	False
BNIP3P5	rnaseq_only	True	False
BOK-AS1	rnaseq_only	True	False
BOLA2-SMG1P6	rnaseq_only	True	False
BOLA2B	rnaseq_only	True	False
BOLA3-DT	rnaseq_only	True	False
BOLA3P3	rnaseq_only	True	False
BORCS8-MEF2B	rnaseq_only	True	False
BPTFP1	rnaseq_only	True	False
BRAFP1	rnaseq_only	True	False
BRCC3P1	rnaseq_only	True	False
BRD3OS	rnaseq_only	True	False
BRD7P1	rnaseq_only	True	False
BRD7P2	rnaseq_only	True	False
BRD7P4	rnaseq_only	True	False
BRD7P5	rnaseq_only	True	False
BRD7P6	rnaseq_only	True	False
BRI3P1	rnaseq_only	True	False
BRINP3-DT	rnaseq_only	True	False
BSG-AS1	rnaseq_only	True	False
BSN-DT	rnaseq_only	True	False
BTBD10P1	rnaseq_only	True	False
BTBD10P2	rnaseq_only	True	False
BTBD6P1	rnaseq_only	True	False
BTF3-DT	rnaseq_only	True	False
BTF3L4P1	rnaseq_only	True	False
BTF3L4P2	rnaseq_only	True	False
BTF3L4P3	rnaseq_only	True	False
BTF3P10	rnaseq_only	True	False
BTF3P11	rnaseq_only	True	False
BTF3P12	rnaseq_only	True	False
BTF3P13	rnaseq_only	True	False
BTF3P16	rnaseq_only	True	False
BTF3P3	rnaseq_only	True	False
BTF3P4	rnaseq_only	True	False
BTF3P5	rnaseq_only	True	False
BTF3P6	rnaseq_only	True	False
BTF3P8	rnaseq_only	True	False
BTF3P9	rnaseq_only	True	False
BTG1-DT	rnaseq_only	True	False
BTG3-AS1	rnaseq_only	True	False
BTNL12P	rnaseq_only	True	False
BUB3P1	rnaseq_only	True	False
BZW1P1	rnaseq_only	True	False
BZW1P2	rnaseq_only	True	False
C10ORF143	rnaseq_only	True	False
C10ORF55	rnaseq_only	True	False
C10ORF88	rnaseq_only	True	False
C10ORF88B	rnaseq_only	True	False
C10ORF90	rnaseq_only	True	False
C10ORF95	rnaseq_only	True	False
C10ORF95-AS1	rnaseq_only	True	False
C11ORF21	rnaseq_only	True	False
C11ORF24	rnaseq_only	True	False
C11ORF52	rnaseq_only	True	False
C11ORF54	rnaseq_only	True	False
C11ORF58	rnaseq_only	True	False
C11ORF58P1	rnaseq_only	True	False
C11ORF65	rnaseq_only	True	False
C11ORF68	rnaseq_only	True	False
C11ORF71	rnaseq_only	True	False
C11ORF86	rnaseq_only	True	False
C11ORF87	rnaseq_only	True	False
C11ORF91	rnaseq_only	True	False
C11ORF96	rnaseq_only	True	False
C11ORF98	rnaseq_only	True	False
C12ORF43	rnaseq_only	True	False
C12ORF57	rnaseq_only	True	False
C12ORF60	rnaseq_only	True	False
C12ORF71BP	rnaseq_only	True	False
C12ORF75	rnaseq_only	True	False
C12ORF76	rnaseq_only	True	False
C13ORF46	rnaseq_only	True	False
C14ORF119	rnaseq_only	True	False
C14ORF132	rnaseq_only	True	False
C14ORF93	rnaseq_only	True	False
C15ORF32	rnaseq_only	True	False
C15ORF39	rnaseq_only	True	False
C15ORF40	rnaseq_only	True	False
C15ORF61	rnaseq_only	True	False
C15ORF62	rnaseq_only	True	False
C16ORF46	rnaseq_only	True	False
C16ORF46-DT	rnaseq_only	True	False
C16ORF86	rnaseq_only	True	False
C16ORF87	rnaseq_only	True	False
C16ORF89	rnaseq_only	True	False
C16ORF95	rnaseq_only	True	False
C16ORF95-DT	rnaseq_only	True	False
C17ORF100	rnaseq_only	True	False
C17ORF107	rnaseq_only	True	False
C17ORF114	rnaseq_only	True	False
C17ORF50	rnaseq_only	True	False
C17ORF58	rnaseq_only	True	False
C17ORF67	rnaseq_only	True	False
C17ORF75	rnaseq_only	True	False
C18ORF32	rnaseq_only	True	False
C18ORF54	rnaseq_only	True	False
C19ORF12	rnaseq_only	True	False
C19ORF25	rnaseq_only	True	False
C19ORF38	rnaseq_only	True	False
C19ORF44	rnaseq_only	True	False
C19ORF47	rnaseq_only	True	False
C19ORF48P	rnaseq_only	True	False
C19ORF53	rnaseq_only	True	False
C19ORF67	rnaseq_only	True	False
C19ORF73	rnaseq_only	True	False
C19ORF81	rnaseq_only	True	False
C19ORF84	rnaseq_only	True	False
C19ORF85	rnaseq_only	True	False
C1DP1	rnaseq_only	True	False
C1GALT1P2	rnaseq_only	True	False
C1ORF115	rnaseq_only	True	False
C1ORF116	rnaseq_only	True	False
C1ORF122	rnaseq_only	True	False
C1ORF159	rnaseq_only	True	False
C1ORF162	rnaseq_only	True	False
C1ORF167	rnaseq_only	True	False
C1ORF174	rnaseq_only	True	False
C1ORF198	rnaseq_only	True	False
C1ORF202	rnaseq_only	True	False
C1ORF21	rnaseq_only	True	False
C1ORF21-DT	rnaseq_only	True	False
C1ORF216	rnaseq_only	True	False
C1ORF220	rnaseq_only	True	False
C1ORF226	rnaseq_only	True	False
C1ORF232	rnaseq_only	True	False
C1ORF35	rnaseq_only	True	False
C1ORF50	rnaseq_only	True	False
C1ORF52	rnaseq_only	True	False
C1ORF53	rnaseq_only	True	False
C1ORF54	rnaseq_only	True	False
C1ORF56	rnaseq_only	True	False
C1ORF74	rnaseq_only	True	False
C1ORF94	rnaseq_only	True	False
C1QBPP1	rnaseq_only	True	False
C1QBPP2	rnaseq_only	True	False
C1QTNF1-AS1	rnaseq_only	True	False
C1RL-AS1	rnaseq_only	True	False
C2-AS1	rnaseq_only	True	False
C20ORF181	rnaseq_only	True	False
C20ORF203	rnaseq_only	True	False
C20ORF204	rnaseq_only	True	False
C20ORF96	rnaseq_only	True	False
C21ORF140	rnaseq_only	True	False
C21ORF58	rnaseq_only	True	False
C21ORF91	rnaseq_only	True	False
C22ORF15	rnaseq_only	True	False
C22ORF23	rnaseq_only	True	False
C22ORF39	rnaseq_only	True	False
C22ORF42	rnaseq_only	True	False
C22ORF46P	rnaseq_only	True	False
C2CD5-AS1	rnaseq_only	True	False
C2ORF15	rnaseq_only	True	False
C2ORF42	rnaseq_only	True	False
C2ORF49	rnaseq_only	True	False
C2ORF49-DT	rnaseq_only	True	False
C2ORF68	rnaseq_only	True	False
C2ORF69	rnaseq_only	True	False
C2ORF69P4	rnaseq_only	True	False
C2ORF72	rnaseq_only	True	False
C2ORF74	rnaseq_only	True	False
C2ORF76	rnaseq_only	True	False
C2ORF78	rnaseq_only	True	False
C2ORF81	rnaseq_only	True	False
C2ORF92	rnaseq_only	True	False
C3ORF18	rnaseq_only	True	False
C3ORF33	rnaseq_only	True	False
C3ORF38	rnaseq_only	True	False
C3ORF49	rnaseq_only	True	False
C3ORF52	rnaseq_only	True	False
C3ORF62	rnaseq_only	True	False
C3ORF80	rnaseq_only	True	False
C4A-AS1	rnaseq_only	True	False
C4B-AS1	rnaseq_only	True	False
C4ORF33	rnaseq_only	True	False
C4ORF36	rnaseq_only	True	False
C4ORF46	rnaseq_only	True	False
C4ORF46P1	rnaseq_only	True	False
C4ORF46P2	rnaseq_only	True	False
C4ORF46P3	rnaseq_only	True	False
C4ORF50	rnaseq_only	True	False
C4ORF54	rnaseq_only	True	False
C5ORF15	rnaseq_only	True	False
C5ORF22	rnaseq_only	True	False
C5ORF24	rnaseq_only	True	False
C5ORF34	rnaseq_only	True	False
C5ORF34-AS1	rnaseq_only	True	False
C5ORF47	rnaseq_only	True	False
C5ORF63	rnaseq_only	True	False
C6ORF120	rnaseq_only	True	False
C6ORF132	rnaseq_only	True	False
C6ORF136	rnaseq_only	True	False
C6ORF141	rnaseq_only	True	False
C6ORF163	rnaseq_only	True	False
C6ORF47	rnaseq_only	True	False
C6ORF52	rnaseq_only	True	False
C6ORF58	rnaseq_only	True	False
C6ORF62	rnaseq_only	True	False
C6ORF89	rnaseq_only	True	False
C7ORF25	rnaseq_only	True	False
C7ORF57	rnaseq_only	True	False
C8ORF33	rnaseq_only	True	False
C8ORF44	rnaseq_only	True	False
C8ORF44-SGK3	rnaseq_only	True	False
C8ORF48	rnaseq_only	True	False
C8ORF58	rnaseq_only	True	False
C8ORF76	rnaseq_only	True	False
C8ORF82	rnaseq_only	True	False
C8ORF88	rnaseq_only	True	False
C9ORF153	rnaseq_only	True	False
C9ORF163	rnaseq_only	True	False
C9ORF40	rnaseq_only	True	False
C9ORF43	rnaseq_only	True	False
C9ORF50	rnaseq_only	True	False
C9ORF72	rnaseq_only	True	False
C9ORF78	rnaseq_only	True	False
C9ORF85	rnaseq_only	True	False
CA15P2	rnaseq_only	True	False
CA3-AS1	rnaseq_only	True	False
CA5BP1	rnaseq_only	True	False
CABYR-AS1	rnaseq_only	True	False
CACNA2D1-AS1	rnaseq_only	True	False
CACNB2-AS1	rnaseq_only	True	False
CACSTL1	rnaseq_only	True	False
CACYBPP1	rnaseq_only	True	False
CACYBPP2	rnaseq_only	True	False
CAHM	rnaseq_only	True	False
CALCRL-AS1	rnaseq_only	True	False
CALHM2-AS1	rnaseq_only	True	False
CALM1P1	rnaseq_only	True	False
CALM1P2	rnaseq_only	True	False
CALM2P1	rnaseq_only	True	False
CALM2P2	rnaseq_only	True	False
CALM2P3	rnaseq_only	True	False
CALM2P4	rnaseq_only	True	False
CALML3-AS1	rnaseq_only	True	False
CAMSAP1-DT	rnaseq_only	True	False
CAMTA1-DT	rnaseq_only	True	False
CAP1P1	rnaseq_only	True	False
CAP1P2	rnaseq_only	True	False
CAPN1-AS1	rnaseq_only	True	False
CAPN10-DT	rnaseq_only	True	False
CAPZA1P1	rnaseq_only	True	False
CAPZA1P2	rnaseq_only	True	False
CAPZA1P3	rnaseq_only	True	False
CAPZA1P4	rnaseq_only	True	False
CARD8-AS1	rnaseq_only	True	False
CARHSP1-DT	rnaseq_only	True	False
CARMAL	rnaseq_only	True	False
CARMN	rnaseq_only	True	False
CARS1-AS1	rnaseq_only	True	False
CASC11	rnaseq_only	True	False
CASC15	rnaseq_only	True	False
CASC17	rnaseq_only	True	False
CASC19	rnaseq_only	True	False
CASC2	rnaseq_only	True	False
CASC9	rnaseq_only	True	False
CASP4LP	rnaseq_only	True	False
CASZ1-AS1	rnaseq_only	True	False
CATSPER2P1	rnaseq_only	True	False
CAVIN2-AS1	rnaseq_only	True	False
CBLL1-AS1	rnaseq_only	True	False
CBR3-AS1	rnaseq_only	True	False
CBX1P1	rnaseq_only	True	False
CBX1P2	rnaseq_only	True	False
CBX3P1	rnaseq_only	True	False
CBX3P2	rnaseq_only	True	False
CBX3P6	rnaseq_only	True	False
CBX3P9	rnaseq_only	True	False
CBX7-AS1	rnaseq_only	True	False
CCDC144BP	rnaseq_only	True	False
CCDC144CP	rnaseq_only	True	False
CCDC15-DT	rnaseq_only	True	False
CCDC18-AS1	rnaseq_only	True	False
CCDC183-AS1	rnaseq_only	True	False
CCDC194	rnaseq_only	True	False
CCDC201	rnaseq_only	True	False
CCDC25P2	rnaseq_only	True	False
CCDC26	rnaseq_only	True	False
CCDC54-AS1	rnaseq_only	True	False
CCDC59P1	rnaseq_only	True	False
CCDC86-AS1	rnaseq_only	True	False
CCDC86P1	rnaseq_only	True	False
CCDC90B-AS1	rnaseq_only	True	False
CCDC92B	rnaseq_only	True	False
CCM2L-AS1	rnaseq_only	True	False
CCNB1IP1P1	rnaseq_only	True	False
CCNB2P1	rnaseq_only	True	False
CCNHP1	rnaseq_only	True	False
CCNQP3	rnaseq_only	True	False
CCNY-AS1	rnaseq_only	True	False
CCNYL5	rnaseq_only	True	False
CCT5P1	rnaseq_only	True	False
CCT5P2	rnaseq_only	True	False
CCT6P1	rnaseq_only	True	False
CCT6P2	rnaseq_only	True	False
CCT6P3	rnaseq_only	True	False
CCT7P1	rnaseq_only	True	False
CCT8L1P	rnaseq_only	True	False
CCT8P1	rnaseq_only	True	False
CCZ1P1	rnaseq_only	True	False
CD101-AS1	rnaseq_only	True	False
CD109-AS1	rnaseq_only	True	False
CD24P4	rnaseq_only	True	False
CD27-AS1	rnaseq_only	True	False
CD2AP-DT	rnaseq_only	True	False
CD2BP2-DT	rnaseq_only	True	False
CD302	rnaseq_only	True	False
CD44-DT	rnaseq_only	True	False
CD46P1	rnaseq_only	True	False
CD63-AS1	rnaseq_only	True	False
CD81-AS1	rnaseq_only	True	False
CD83P1	rnaseq_only	True	False
CD99P1	rnaseq_only	True	False
CDC20-DT	rnaseq_only	True	False
CDC20P1	rnaseq_only	True	False
CDC26P1	rnaseq_only	True	False
CDC27P1	rnaseq_only	True	False
CDC27P2	rnaseq_only	True	False
CDC27P3	rnaseq_only	True	False
CDC37L1-DT	rnaseq_only	True	False
CDC37P1	rnaseq_only	True	False
CDC42-AS1	rnaseq_only	True	False
CDC42BPB-AS1	rnaseq_only	True	False
CDC42EP3-AS1	rnaseq_only	True	False
CDC42P1	rnaseq_only	True	False
CDC42P2	rnaseq_only	True	False
CDC42P3	rnaseq_only	True	False
CDC42P5	rnaseq_only	True	False
CDC42P6	rnaseq_only	True	False
CDCA4P4	rnaseq_only	True	False
CDH13-AS2	rnaseq_only	True	False
CDH2-AS1	rnaseq_only	True	False
CDHR17P	rnaseq_only	True	False
CDHR18P	rnaseq_only	True	False
CDIPTOSP	rnaseq_only	True	False
CDK13-DT	rnaseq_only	True	False
CDK3	rnaseq_only	True	False
CDK5P1	rnaseq_only	True	False
CDK5RAP3P1	rnaseq_only	True	False
CDK6-AS1	rnaseq_only	True	False
CDK7P1	rnaseq_only	True	False
CDKN2AIPNL	rnaseq_only	True	False
CDKN2B-AS1	rnaseq_only	True	False
CDONP3	rnaseq_only	True	False
CDONP4	rnaseq_only	True	False
CDRT15P13	rnaseq_only	True	False
CDRT15P2	rnaseq_only	True	False
CDRT15P5	rnaseq_only	True	False
CDRT15P7	rnaseq_only	True	False
CDRT15P8	rnaseq_only	True	False
CEACAM16-AS1	rnaseq_only	True	False
CEACAMP10	rnaseq_only	True	False
CEBPA-DT	rnaseq_only	True	False
CEBPB-AS1	rnaseq_only	True	False
CEBPZOS	rnaseq_only	True	False
CECR7	rnaseq_only	True	False
CEDORA	rnaseq_only	True	False
CELP	rnaseq_only	True	False
CENATAC-DT	rnaseq_only	True	False
CENPBD2P	rnaseq_only	True	False
CENPCP1	rnaseq_only	True	False
CENPS	rnaseq_only	True	False
CENPVL1	rnaseq_only	True	False
CENPVL2	rnaseq_only	True	False
CEP170P1	rnaseq_only	True	False
CEP192-DT	rnaseq_only	True	False
CEP57L1P1	rnaseq_only	True	False
CEP83-DT	rnaseq_only	True	False
CERNA1	rnaseq_only	True	False
CERS6-AS1	rnaseq_only	True	False
CES2	rnaseq_only	True	False
CETN4P	rnaseq_only	True	False
CFAP298-TCP10L	rnaseq_only	True	False
CFL1P1	rnaseq_only	True	False
CFL1P2	rnaseq_only	True	False
CFL1P3	rnaseq_only	True	False
CFL1P4	rnaseq_only	True	False
CFL1P5	rnaseq_only	True	False
CHCHD2P2	rnaseq_only	True	False
CHCHD2P3	rnaseq_only	True	False
CHCHD2P6	rnaseq_only	True	False
CHCHD2P8	rnaseq_only	True	False
CHCHD2P9	rnaseq_only	True	False
CHCHD3P3	rnaseq_only	True	False
CHCHD4P3	rnaseq_only	True	False
CHD1-DT	rnaseq_only	True	False
CHD4-AS1	rnaseq_only	True	False
CHD9NB	rnaseq_only	True	False
CHIAP2	rnaseq_only	True	False
CHKB-DT	rnaseq_only	True	False
CHL1-AS2	rnaseq_only	True	False
CHLSN-AS1	rnaseq_only	True	False
CHMP1B-AS1	rnaseq_only	True	False
CHMP3-AS1	rnaseq_only	True	False
CHMP4A	rnaseq_only	True	False
CHMP4BP1	rnaseq_only	True	False
CHMP5P1	rnaseq_only	True	False
CHORDC1P4	rnaseq_only	True	False
CHORDC1P5	rnaseq_only	True	False
CHORDC2P	rnaseq_only	True	False
CHP1P1	rnaseq_only	True	False
CHP1P2	rnaseq_only	True	False
CHRM1-AS1	rnaseq_only	True	False
CHROMR	rnaseq_only	True	False
CHSY3-AS1	rnaseq_only	True	False
CHTF8P1	rnaseq_only	True	False
CIAO2AP2	rnaseq_only	True	False
CIAPIN1P	rnaseq_only	True	False
CIBAR1-DT	rnaseq_only	True	False
CIBAR1P1	rnaseq_only	True	False
CICP11	rnaseq_only	True	False
CICP22	rnaseq_only	True	False
CICP25	rnaseq_only	True	False
CICP28	rnaseq_only	True	False
CIDECP1	rnaseq_only	True	False
CIDECP2	rnaseq_only	True	False
CIR1P1	rnaseq_only	True	False
CIR1P2	rnaseq_only	True	False
CIRBP-AS1	rnaseq_only	True	False
CKAP2-DT	rnaseq_only	True	False
CKAP2P1	rnaseq_only	True	False
CKMT2-AS1	rnaseq_only	True	False
CKS1BP1	rnaseq_only	True	False
CKS1BP3	rnaseq_only	True	False
CKS1BP7	rnaseq_only	True	False
CLASP1-AS1	rnaseq_only	True	False
CLCA3P	rnaseq_only	True	False
CLCA4-AS1	rnaseq_only	True	False
CLCN3P1	rnaseq_only	True	False
CLIC1P1	rnaseq_only	True	False
CLIC4P1	rnaseq_only	True	False
CLIC4P2	rnaseq_only	True	False
CLIC4P3	rnaseq_only	True	False
CLK2P1	rnaseq_only	True	False
CLK3-AS1	rnaseq_only	True	False
CLN8-AS1	rnaseq_only	True	False
CLNS1AP1	rnaseq_only	True	False
CLTAP1	rnaseq_only	True	False
CLTAP2	rnaseq_only	True	False
CMAHP	rnaseq_only	True	False
CMC1P3	rnaseq_only	True	False
CMPK1P2	rnaseq_only	True	False
CNIH3-AS1	rnaseq_only	True	False
CNIH3-AS2	rnaseq_only	True	False
CNN2P12	rnaseq_only	True	False
CNN2P4	rnaseq_only	True	False
CNN2P6	rnaseq_only	True	False
CNN2P8	rnaseq_only	True	False
CNN2P9	rnaseq_only	True	False
CNOT6LP1	rnaseq_only	True	False
CNOT7P1	rnaseq_only	True	False
CNPY2	rnaseq_only	True	False
CNPY2-AS1	rnaseq_only	True	False
CNTNAP5-DT	rnaseq_only	True	False
COA6-AS1	rnaseq_only	True	False
COCH-AS1	rnaseq_only	True	False
COG8	rnaseq_only	True	False
COILP1	rnaseq_only	True	False
COL6A2-DT	rnaseq_only	True	False
COMMD10-AS1	rnaseq_only	True	False
COMMD3	rnaseq_only	True	False
COMMD4P1	rnaseq_only	True	False
COP1-DT	rnaseq_only	True	False
COP1P1	rnaseq_only	True	False
COPB2-DT	rnaseq_only	True	False
COPG2IT1	rnaseq_only	True	False
COPRSP1	rnaseq_only	True	False
COPS8-DT	rnaseq_only	True	False
COPS8P2	rnaseq_only	True	False
COQ7-DT	rnaseq_only	True	False
CORO7-PAM16	rnaseq_only	True	False
CORT	rnaseq_only	True	False
COSMOC	rnaseq_only	True	False
COTL1P1	rnaseq_only	True	False
COTL1P2	rnaseq_only	True	False
COX10-DT	rnaseq_only	True	False
COX11P1	rnaseq_only	True	False
COX16	rnaseq_only	True	False
COX20P1	rnaseq_only	True	False
COX20P2	rnaseq_only	True	False
COX4I1P1	rnaseq_only	True	False
COX6A1P1	rnaseq_only	True	False
COX6A1P2	rnaseq_only	True	False
COX6A1P6	rnaseq_only	True	False
COX6CP1	rnaseq_only	True	False
COX7A2P1	rnaseq_only	True	False
COX7BP3	rnaseq_only	True	False
COX7BP6	rnaseq_only	True	False
COXFA4P1	rnaseq_only	True	False
COXFA4P3	rnaseq_only	True	False
CPB2-AS1	rnaseq_only	True	False
CPEB1-AS1	rnaseq_only	True	False
CPEB2-DT	rnaseq_only	True	False
CPHL1P	rnaseq_only	True	False
CPLANE1-AS1	rnaseq_only	True	False
CPNE1	rnaseq_only	True	False
CPNE2-DT	rnaseq_only	True	False
CPS1-IT1	rnaseq_only	True	False
CPSF6P1	rnaseq_only	True	False
CPT1C	rnaseq_only	True	False
CPVL-AS2	rnaseq_only	True	False
CRIM1-DT	rnaseq_only	True	False
CROCCP1	rnaseq_only	True	False
CROCCP3	rnaseq_only	True	False
CRTC1P1	rnaseq_only	True	False
CRYBB2P1	rnaseq_only	True	False
CRYZL1	rnaseq_only	True	False
CRYZL2P-SEC16B	rnaseq_only	True	False
CSE1L-DT	rnaseq_only	True	False
CSGALNACT2-DT	rnaseq_only	True	False
CSGALNACT2P1	rnaseq_only	True	False
CSGALNACT2P2	rnaseq_only	True	False
CSMD2-AS1	rnaseq_only	True	False
CSNK1A1P1	rnaseq_only	True	False
CSNK1G1	rnaseq_only	True	False
CSNK1G2P1	rnaseq_only	True	False
CSP2	rnaseq_only	True	False
CSPG4BP	rnaseq_only	True	False
CSPG4P10	rnaseq_only	True	False
CSPG4P11	rnaseq_only	True	False
CSPG4P12	rnaseq_only	True	False
CSPG4P13	rnaseq_only	True	False
CSPG4P5	rnaseq_only	True	False
CSRP1-AS1	rnaseq_only	True	False
CSTF3-DT	rnaseq_only	True	False
CT47C1	rnaseq_only	True	False
CT75	rnaseq_only	True	False
CTAGE10P	rnaseq_only	True	False
CTAGE11P	rnaseq_only	True	False
CTAGE12P	rnaseq_only	True	False
CTAGE16P	rnaseq_only	True	False
CTAGE3P	rnaseq_only	True	False
CTAGE7P	rnaseq_only	True	False
CTBP1-AS	rnaseq_only	True	False
CTBP2P10	rnaseq_only	True	False
CTBP2P3	rnaseq_only	True	False
CTBP2P4	rnaseq_only	True	False
CTBP2P8	rnaseq_only	True	False
CTBP2P9	rnaseq_only	True	False
CTCF-DT	rnaseq_only	True	False
CTDNEP1P1	rnaseq_only	True	False
CTDNEP1P2	rnaseq_only	True	False
CTDP1-DT	rnaseq_only	True	False
CTDSP2-AS1	rnaseq_only	True	False
CTDSPL2P1	rnaseq_only	True	False
CTNNA1-AS1	rnaseq_only	True	False
CTNNA1P1	rnaseq_only	True	False
CTNS-AS1	rnaseq_only	True	False
CTTN-DT	rnaseq_only	True	False
CTXND1	rnaseq_only	True	False
CUL1P1	rnaseq_only	True	False
CUTALP	rnaseq_only	True	False
CXORF38	rnaseq_only	True	False
CXXC4-AS1	rnaseq_only	True	False
CXXC5-AS1	rnaseq_only	True	False
CYCSP12	rnaseq_only	True	False
CYCSP24	rnaseq_only	True	False
CYCSP29	rnaseq_only	True	False
CYCSP34	rnaseq_only	True	False
CYCSP39	rnaseq_only	True	False
CYCSP45	rnaseq_only	True	False
CYCSP49	rnaseq_only	True	False
CYCSP51	rnaseq_only	True	False
CYCSP55	rnaseq_only	True	False
CYDAER	rnaseq_only	True	False
CYKILR	rnaseq_only	True	False
CYLD-AS1	rnaseq_only	True	False
CYP1B1-AS1	rnaseq_only	True	False
CYP2G1P	rnaseq_only	True	False
CYP2T1P	rnaseq_only	True	False
CYP2T3P	rnaseq_only	True	False
CYP2U1-AS1	rnaseq_only	True	False
CYP4A22-AS1	rnaseq_only	True	False
CYP4F35P	rnaseq_only	True	False
CYP51A1-AS1	rnaseq_only	True	False
CYP51A1P1	rnaseq_only	True	False
CYP51A1P2	rnaseq_only	True	False
CYP51A1P3	rnaseq_only	True	False
CYTOR	rnaseq_only	True	False
CYYR1-AS1	rnaseq_only	True	False
CZIB-DT	rnaseq_only	True	False
DACT3-AS1	rnaseq_only	True	False
DANCR	rnaseq_only	True	False
DANT1	rnaseq_only	True	False
DANT2	rnaseq_only	True	False
DAP3P2	rnaseq_only	True	False
DARS1-AS1	rnaseq_only	True	False
DBET	rnaseq_only	True	False
DBF4P1	rnaseq_only	True	False
DBH-AS1	rnaseq_only	True	False
DBIL5P	rnaseq_only	True	False
DBIP1	rnaseq_only	True	False
DBTP1	rnaseq_only	True	False
DBX2-AS1	rnaseq_only	True	False
DCAF13P1	rnaseq_only	True	False
DCAF13P3	rnaseq_only	True	False
DCAF8-DT	rnaseq_only	True	False
DCLRE1CP1	rnaseq_only	True	False
DCST1-AS1	rnaseq_only	True	False
DCTN6-DT	rnaseq_only	True	False
DDHD1-DT	rnaseq_only	True	False
DDI2	rnaseq_only	True	False
DDIT4-AS1	rnaseq_only	True	False
DDN-AS1	rnaseq_only	True	False
DDX10P1	rnaseq_only	True	False
DDX10P2	rnaseq_only	True	False
DDX11-AS1	rnaseq_only	True	False
DDX11L16	rnaseq_only	True	False
DDX12B	rnaseq_only	True	False
DDX18P1	rnaseq_only	True	False
DDX18P4	rnaseq_only	True	False
DDX18P5	rnaseq_only	True	False
DDX18P6	rnaseq_only	True	False
DDX19A-DT	rnaseq_only	True	False
DDX39AP1	rnaseq_only	True	False
DDX3ILA1	rnaseq_only	True	False
DDX3P3	rnaseq_only	True	False
DDX47	rnaseq_only	True	False
DDX50P1	rnaseq_only	True	False
DDX50P2	rnaseq_only	True	False
DDX55P1	rnaseq_only	True	False
DDX59-AS1	rnaseq_only	True	False
DDX6P1	rnaseq_only	True	False
DDX6P2	rnaseq_only	True	False
DENND10P1	rnaseq_only	True	False
DENND3-AS1	rnaseq_only	True	False
DENND5B-AS1	rnaseq_only	True	False
DENND6A-DT	rnaseq_only	True	False
DENRP1	rnaseq_only	True	False
DENRP2	rnaseq_only	True	False
DENRP3	rnaseq_only	True	False
DEPDC1-AS1	rnaseq_only	True	False
DEPDC1P1	rnaseq_only	True	False
DEPDC1P2	rnaseq_only	True	False
DEPTOR-AS1	rnaseq_only	True	False
DERPC	rnaseq_only	True	False
DFFBP1	rnaseq_only	True	False
DGCR11	rnaseq_only	True	False
DGKZP1	rnaseq_only	True	False
DGUOK-AS1	rnaseq_only	True	False
DHCR24-DT	rnaseq_only	True	False
DHCR7-DT	rnaseq_only	True	False
DHFRP1	rnaseq_only	True	False
DHFRP3	rnaseq_only	True	False
DHH-AS1	rnaseq_only	True	False
DHRS4-AS1	rnaseq_only	True	False
DHRSX	rnaseq_only	True	False
DHX40P1	rnaseq_only	True	False
DHX9-AS1	rnaseq_only	True	False
DHX9P1	rnaseq_only	True	False
DIAPH2-AS1	rnaseq_only	True	False
DICER1-AS1	rnaseq_only	True	False
DINOL	rnaseq_only	True	False
DIO3OS	rnaseq_only	True	False
DIP2A-IT1	rnaseq_only	True	False
DIP2C-AS1	rnaseq_only	True	False
DIP2C-AS2	rnaseq_only	True	False
DISC1-IT1	rnaseq_only	True	False
DKFZP434A062	rnaseq_only	True	False
DLEU2L	rnaseq_only	True	False
DLG1-AS1	rnaseq_only	True	False
DLG5-AS1	rnaseq_only	True	False
DLGAP1-AS1	rnaseq_only	True	False
DLGAP1-AS2	rnaseq_only	True	False
DLGAP1-AS3	rnaseq_only	True	False
DLGAP1-AS4	rnaseq_only	True	False
DLGAP1-AS6	rnaseq_only	True	False
DLGAP4-AS1	rnaseq_only	True	False
DLSTP1	rnaseq_only	True	False
DLX2-DT	rnaseq_only	True	False
DLX6-AS1	rnaseq_only	True	False
DM1-AS	rnaseq_only	True	False
DMBT1L1	rnaseq_only	True	False
DMTF1-AS1	rnaseq_only	True	False
DMXL1-DT	rnaseq_only	True	False
DNAAF3-AS1	rnaseq_only	True	False
DNAAF4-CCPG1	rnaseq_only	True	False
DNAH10OS	rnaseq_only	True	False
DNAJA1P3	rnaseq_only	True	False
DNAJA1P6	rnaseq_only	True	False
DNAJA2-DT	rnaseq_only	True	False
DNAJB12P1	rnaseq_only	True	False
DNAJB1P1	rnaseq_only	True	False
DNAJB5-DT	rnaseq_only	True	False
DNAJB6P1	rnaseq_only	True	False
DNAJB6P2	rnaseq_only	True	False
DNAJB6P3	rnaseq_only	True	False
DNAJB6P7	rnaseq_only	True	False
DNAJC17P1	rnaseq_only	True	False
DNAJC19P5	rnaseq_only	True	False
DNAJC19P9	rnaseq_only	True	False
DNAJC3-DT	rnaseq_only	True	False
DNAJC8P1	rnaseq_only	True	False
DNAJC8P2	rnaseq_only	True	False
DNAJC8P4	rnaseq_only	True	False
DNAJC9P1	rnaseq_only	True	False
DNM1P35	rnaseq_only	True	False
DNM1P41	rnaseq_only	True	False
DNM1P46	rnaseq_only	True	False
DNM1P47	rnaseq_only	True	False
DNM3-IT1	rnaseq_only	True	False
DNMBP-AS1	rnaseq_only	True	False
DNPEP-AS1	rnaseq_only	True	False
DOCK11P1	rnaseq_only	True	False
DOCK9-DT	rnaseq_only	True	False
DONSONP1	rnaseq_only	True	False
DOT1L-AS1	rnaseq_only	True	False
DPH5-DT	rnaseq_only	True	False
DPH6-DT	rnaseq_only	True	False
DPP3-DT	rnaseq_only	True	False
DPP4-DT	rnaseq_only	True	False
DPP9-AS1	rnaseq_only	True	False
DPPA3P2	rnaseq_only	True	False
DPRXP3	rnaseq_only	True	False
DPRXP4	rnaseq_only	True	False
DPY19L1P1	rnaseq_only	True	False
DPY19L1P2	rnaseq_only	True	False
DPY19L2P1	rnaseq_only	True	False
DPY19L2P2	rnaseq_only	True	False
DPY19L2P3	rnaseq_only	True	False
DPY19L3-DT	rnaseq_only	True	False
DRAIC	rnaseq_only	True	False
DRG1P1	rnaseq_only	True	False
DSCR9	rnaseq_only	True	False
DSEL-AS1	rnaseq_only	True	False
DSP-AS1	rnaseq_only	True	False
DST-AS1	rnaseq_only	True	False
DSTNP2	rnaseq_only	True	False
DSTNP3	rnaseq_only	True	False
DSTNP4	rnaseq_only	True	False
DTWD1P1	rnaseq_only	True	False
DTX2P1	rnaseq_only	True	False
DTX2P1-UPK3BP1-PMS2P11	rnaseq_only	True	False
DUBR	rnaseq_only	True	False
DUS4L-BCAP29	rnaseq_only	True	False
DUSP5-DT	rnaseq_only	True	False
DUSP5P1	rnaseq_only	True	False
DUSP8P5	rnaseq_only	True	False
DUT-AS1	rnaseq_only	True	False
DUX4L47	rnaseq_only	True	False
DUX4L50	rnaseq_only	True	False
DUXAP8	rnaseq_only	True	False
DUXAP9	rnaseq_only	True	False
DYNC1I2P1	rnaseq_only	True	False
DYNC1LI2-DT	rnaseq_only	True	False
DYNLL1P7	rnaseq_only	True	False
DYNLT3P2	rnaseq_only	True	False
E2F3P2	rnaseq_only	True	False
E2F5-DT	rnaseq_only	True	False
E2F6P1	rnaseq_only	True	False
E2F6P2	rnaseq_only	True	False
E2F6P3	rnaseq_only	True	False
EBLN3P	rnaseq_only	True	False
ECEL1P1	rnaseq_only	True	False
ECI2-DT	rnaseq_only	True	False
ECM1P1	rnaseq_only	True	False
EDIL3-DT	rnaseq_only	True	False
EDRF1-DT	rnaseq_only	True	False
EEF1A1P1	rnaseq_only	True	False
EEF1A1P10	rnaseq_only	True	False
EEF1A1P11	rnaseq_only	True	False
EEF1A1P12	rnaseq_only	True	False
EEF1A1P13	rnaseq_only	True	False
EEF1A1P14	rnaseq_only	True	False
EEF1A1P15	rnaseq_only	True	False
EEF1A1P16	rnaseq_only	True	False
EEF1A1P17	rnaseq_only	True	False
EEF1A1P18	rnaseq_only	True	False
EEF1A1P19	rnaseq_only	True	False
EEF1A1P20	rnaseq_only	True	False
EEF1A1P22	rnaseq_only	True	False
EEF1A1P23	rnaseq_only	True	False
EEF1A1P24	rnaseq_only	True	False
EEF1A1P25	rnaseq_only	True	False
EEF1A1P26	rnaseq_only	True	False
EEF1A1P28	rnaseq_only	True	False
EEF1A1P29	rnaseq_only	True	False
EEF1A1P3	rnaseq_only	True	False
EEF1A1P30	rnaseq_only	True	False
EEF1A1P31	rnaseq_only	True	False
EEF1A1P33	rnaseq_only	True	False
EEF1A1P35	rnaseq_only	True	False
EEF1A1P38	rnaseq_only	True	False
EEF1A1P4	rnaseq_only	True	False
EEF1A1P42	rnaseq_only	True	False
EEF1A1P44	rnaseq_only	True	False
EEF1A1P45	rnaseq_only	True	False
EEF1A1P46	rnaseq_only	True	False
EEF1A1P47	rnaseq_only	True	False
EEF1A1P5	rnaseq_only	True	False
EEF1A1P50	rnaseq_only	True	False
EEF1A1P6	rnaseq_only	True	False
EEF1A1P7	rnaseq_only	True	False
EEF1A1P8	rnaseq_only	True	False
EEF1A1P9	rnaseq_only	True	False
EEF1AKMT4	rnaseq_only	True	False
EEF1B2P1	rnaseq_only	True	False
EEF1B2P2	rnaseq_only	True	False
EEF1B2P3	rnaseq_only	True	False
EEF1B2P4	rnaseq_only	True	False
EEF1B2P5	rnaseq_only	True	False
EEF1B2P6	rnaseq_only	True	False
EEF1B2P7	rnaseq_only	True	False
EEF1DP1	rnaseq_only	True	False
EEF1DP2	rnaseq_only	True	False
EEF1DP3	rnaseq_only	True	False
EEF1DP5	rnaseq_only	True	False
EEF1GP1	rnaseq_only	True	False
EEF1GP2	rnaseq_only	True	False
EEF1GP4	rnaseq_only	True	False
EEF1GP5	rnaseq_only	True	False
EEF1GP8	rnaseq_only	True	False
EFCAB10-AS1	rnaseq_only	True	False
EFCAB13-DT	rnaseq_only	True	False
EFCAB14P1	rnaseq_only	True	False
EFCAB2-AS1	rnaseq_only	True	False
EFCAB3P1	rnaseq_only	True	False
EFCAB8	rnaseq_only	True	False
EFHD2-AS1	rnaseq_only	True	False
EFL1P1	rnaseq_only	True	False
EFNA4-EFNA3	rnaseq_only	True	False
EGFEM1P	rnaseq_only	True	False
EGFL8	rnaseq_only	True	False
EGFLAM-AS5	rnaseq_only	True	False
EGFR-AS1	rnaseq_only	True	False
EGLN1P1	rnaseq_only	True	False
EHBP1-AS1	rnaseq_only	True	False
EHMT2-AS1	rnaseq_only	True	False
EI24P2	rnaseq_only	True	False
EI24P3	rnaseq_only	True	False
EIF1AXP1	rnaseq_only	True	False
EIF1P3	rnaseq_only	True	False
EIF1P5	rnaseq_only	True	False
EIF1P7	rnaseq_only	True	False
EIF2AK1P1	rnaseq_only	True	False
EIF2AK3-AS1	rnaseq_only	True	False
EIF2AK3-DT	rnaseq_only	True	False
EIF2S2P1	rnaseq_only	True	False
EIF2S2P2	rnaseq_only	True	False
EIF2S2P3	rnaseq_only	True	False
EIF2S2P4	rnaseq_only	True	False
EIF2S2P5	rnaseq_only	True	False
EIF2S3B	rnaseq_only	True	False
EIF3CL	rnaseq_only	True	False
EIF3EP1	rnaseq_only	True	False
EIF3EP2	rnaseq_only	True	False
EIF3FP1	rnaseq_only	True	False
EIF3FP3	rnaseq_only	True	False
EIF3IP1	rnaseq_only	True	False
EIF3J-DT	rnaseq_only	True	False
EIF3JP2	rnaseq_only	True	False
EIF3LP1	rnaseq_only	True	False
EIF3LP2	rnaseq_only	True	False
EIF3LP3	rnaseq_only	True	False
EIF4A1P1	rnaseq_only	True	False
EIF4A1P10	rnaseq_only	True	False
EIF4A1P2	rnaseq_only	True	False
EIF4A1P4	rnaseq_only	True	False
EIF4A1P5	rnaseq_only	True	False
EIF4A1P6	rnaseq_only	True	False
EIF4A1P7	rnaseq_only	True	False
EIF4A1P8	rnaseq_only	True	False
EIF4A1P9	rnaseq_only	True	False
EIF4A2P2	rnaseq_only	True	False
EIF4A2P3	rnaseq_only	True	False
EIF4A2P4	rnaseq_only	True	False
EIF4BP2	rnaseq_only	True	False
EIF4BP3	rnaseq_only	True	False
EIF4BP5	rnaseq_only	True	False
EIF4BP6	rnaseq_only	True	False
EIF4BP7	rnaseq_only	True	False
EIF4BP8	rnaseq_only	True	False
EIF4BP9	rnaseq_only	True	False
EIF4EBP3	rnaseq_only	True	False
EIF4EP1	rnaseq_only	True	False
EIF4EP2	rnaseq_only	True	False
EIF4EP5	rnaseq_only	True	False
EIF4HP1	rnaseq_only	True	False
EIF4HP2	rnaseq_only	True	False
EIF5-DT	rnaseq_only	True	False
EIF5AP2	rnaseq_only	True	False
EIF5AP4	rnaseq_only	True	False
EIF5P1	rnaseq_only	True	False
ELDR	rnaseq_only	True	False
ELF2P1	rnaseq_only	True	False
ELF2P3	rnaseq_only	True	False
ELF3-AS1	rnaseq_only	True	False
ELFN1-AS1	rnaseq_only	True	False
ELK2AP	rnaseq_only	True	False
ELL2P1	rnaseq_only	True	False
ELL2P3	rnaseq_only	True	False
ELMO2P1	rnaseq_only	True	False
ELN-AS1	rnaseq_only	True	False
ELOA-AS1	rnaseq_only	True	False
ELOAP1	rnaseq_only	True	False
ELOBP1	rnaseq_only	True	False
ELOCP19	rnaseq_only	True	False
ELOCP27	rnaseq_only	True	False
ELOCP31	rnaseq_only	True	False
EMBP1	rnaseq_only	True	False
EMC1-AS1	rnaseq_only	True	False
EMSLR	rnaseq_only	True	False
EMSY-DT	rnaseq_only	True	False
EMX2OS	rnaseq_only	True	False
ENEMAL	rnaseq_only	True	False
ENO1P1	rnaseq_only	True	False
ENO1P3	rnaseq_only	True	False
ENO1P4	rnaseq_only	True	False
ENSAP2	rnaseq_only	True	False
ENTPD1-AS1	rnaseq_only	True	False
ENTPD3-AS1	rnaseq_only	True	False
ENTPD4-DT	rnaseq_only	True	False
ENTR1P1	rnaseq_only	True	False
ENTR1P2	rnaseq_only	True	False
EOLA1-DT	rnaseq_only	True	False
EOLA2-DT	rnaseq_only	True	False
EPB41L4A-AS1	rnaseq_only	True	False
EPC1-AS2	rnaseq_only	True	False
EPCAM-DT	rnaseq_only	True	False
EPCIP-AS1	rnaseq_only	True	False
EPHA1-AS1	rnaseq_only	True	False
EPHA2-AS1	rnaseq_only	True	False
EPHA5-AS1	rnaseq_only	True	False
EPM2A-DT	rnaseq_only	True	False
ERBB2	rnaseq_only	True	False
ERBIN-DT	rnaseq_only	True	False
ERCC6L2-AS1	rnaseq_only	True	False
ERFL	rnaseq_only	True	False
ERHP1	rnaseq_only	True	False
ERICD	rnaseq_only	True	False
ERICH2-DT	rnaseq_only	True	False
ERICH6-AS1	rnaseq_only	True	False
ERLEC1P1	rnaseq_only	True	False
ERP29P1	rnaseq_only	True	False
ERRFI1-DT	rnaseq_only	True	False
ERVK-28	rnaseq_only	True	False
ERVK3-1	rnaseq_only	True	False
ERVK9-11	rnaseq_only	True	False
ESPNP	rnaseq_only	True	False
ESRRAP1	rnaseq_only	True	False
ETF1P1	rnaseq_only	True	False
ETF1P2	rnaseq_only	True	False
ETF1P3	rnaseq_only	True	False
ETNK1-DT	rnaseq_only	True	False
ETS2-AS1	rnaseq_only	True	False
EVI2B	rnaseq_only	True	False
EWSR1P1	rnaseq_only	True	False
EWSR1P2	rnaseq_only	True	False
EXOC1-AS1	rnaseq_only	True	False
EXOC5P1	rnaseq_only	True	False
EXOSC10-AS1	rnaseq_only	True	False
EXOSC3P1	rnaseq_only	True	False
EXTL3-AS1	rnaseq_only	True	False
EZH2P1	rnaseq_only	True	False
EZRP1	rnaseq_only	True	False
F10-AS2	rnaseq_only	True	False
F8A1	rnaseq_only	True	False
F8A3	rnaseq_only	True	False
FABP5P10	rnaseq_only	True	False
FABP5P2	rnaseq_only	True	False
FABP5P3	rnaseq_only	True	False
FABP5P7	rnaseq_only	True	False
FABP5P9	rnaseq_only	True	False
FAHD2P1	rnaseq_only	True	False
FALEC	rnaseq_only	True	False
FAM106B	rnaseq_only	True	False
FAM111A-DT	rnaseq_only	True	False
FAM118A	rnaseq_only	True	False
FAM118B	rnaseq_only	True	False
FAM131B-AS2	rnaseq_only	True	False
FAM131C2P	rnaseq_only	True	False
FAM133CP	rnaseq_only	True	False
FAM133DP	rnaseq_only	True	False
FAM136A	rnaseq_only	True	False
FAM136BP	rnaseq_only	True	False
FAM136CP	rnaseq_only	True	False
FAM136EP	rnaseq_only	True	False
FAM13A-AS1	rnaseq_only	True	False
FAM13B-AS1	rnaseq_only	True	False
FAM149B1P1	rnaseq_only	True	False
FAM151B-DT	rnaseq_only	True	False
FAM157C	rnaseq_only	True	False
FAM169A-AS1	rnaseq_only	True	False
FAM174A-DT	rnaseq_only	True	False
FAM185BP	rnaseq_only	True	False
FAM187A	rnaseq_only	True	False
FAM192BP	rnaseq_only	True	False
FAM193B-DT	rnaseq_only	True	False
FAM201B	rnaseq_only	True	False
FAM204BP	rnaseq_only	True	False
FAM207BP	rnaseq_only	True	False
FAM207CP	rnaseq_only	True	False
FAM210A	rnaseq_only	True	False
FAM210B	rnaseq_only	True	False
FAM215B	rnaseq_only	True	False
FAM21EP	rnaseq_only	True	False
FAM21FP	rnaseq_only	True	False
FAM223A	rnaseq_only	True	False
FAM223B	rnaseq_only	True	False
FAM225A	rnaseq_only	True	False
FAM225B	rnaseq_only	True	False
FAM230H	rnaseq_only	True	False
FAM242A	rnaseq_only	True	False
FAM246C	rnaseq_only	True	False
FAM27B	rnaseq_only	True	False
FAM27C	rnaseq_only	True	False
FAM32BP	rnaseq_only	True	False
FAM32CP	rnaseq_only	True	False
FAM3C2P	rnaseq_only	True	False
FAM3D-AS1	rnaseq_only	True	False
FAM66A	rnaseq_only	True	False
FAM66B	rnaseq_only	True	False
FAM66C	rnaseq_only	True	False
FAM66D	rnaseq_only	True	False
FAM66E	rnaseq_only	True	False
FAM83B	rnaseq_only	True	False
FAM83C	rnaseq_only	True	False
FAM83D	rnaseq_only	True	False
FAM83E	rnaseq_only	True	False
FAM83F	rnaseq_only	True	False
FAM83G	rnaseq_only	True	False
FAM83H	rnaseq_only	True	False
FAM85B	rnaseq_only	True	False
FAM86B3P	rnaseq_only	True	False
FAM86C2P	rnaseq_only	True	False
FAM86DP	rnaseq_only	True	False
FAM86EP	rnaseq_only	True	False
FAM86FP	rnaseq_only	True	False
FAM86HP	rnaseq_only	True	False
FAM86JP	rnaseq_only	True	False
FAM86MP	rnaseq_only	True	False
FAM87A	rnaseq_only	True	False
FAM87B	rnaseq_only	True	False
FAM88B	rnaseq_only	True	False
FAM88E	rnaseq_only	True	False
FAM88F	rnaseq_only	True	False
FAM8A2P	rnaseq_only	True	False
FAM90A12	rnaseq_only	True	False
FAM91A2P	rnaseq_only	True	False
FAM91A3P	rnaseq_only	True	False
FAM95B1	rnaseq_only	True	False
FAR1-IT1	rnaseq_only	True	False
FAR1P1	rnaseq_only	True	False
FAR2-AS1	rnaseq_only	True	False
FARS2-AS1	rnaseq_only	True	False
FARSBP1	rnaseq_only	True	False
FASTKD5	rnaseq_only	True	False
FAUP1	rnaseq_only	True	False
FAUP4	rnaseq_only	True	False
FBLIM1P2	rnaseq_only	True	False
FBLL1	rnaseq_only	True	False
FBN1-DT	rnaseq_only	True	False
FBXL19-AS1	rnaseq_only	True	False
FBXL8	rnaseq_only	True	False
FBXO3-DT	rnaseq_only	True	False
FBXO38-DT	rnaseq_only	True	False
FBXW11P1	rnaseq_only	True	False
FBXW4P1	rnaseq_only	True	False
FCF1P2	rnaseq_only	True	False
FCF1P6	rnaseq_only	True	False
FCHO2-DT	rnaseq_only	True	False
FDPSP1	rnaseq_only	True	False
FDPSP2	rnaseq_only	True	False
FDPSP4	rnaseq_only	True	False
FDPSP5	rnaseq_only	True	False
FDPSP6	rnaseq_only	True	False
FDPSP7	rnaseq_only	True	False
FDPSP8	rnaseq_only	True	False
FEM1AP3	rnaseq_only	True	False
FEM1AP4	rnaseq_only	True	False
FEN1P1	rnaseq_only	True	False
FER1L4	rnaseq_only	True	False
FEZF1-AS1	rnaseq_only	True	False
FGD5-AS1	rnaseq_only	True	False
FGF14-AS2	rnaseq_only	True	False
FGF7P3	rnaseq_only	True	False
FGF7P5	rnaseq_only	True	False
FGFBP3-AS1	rnaseq_only	True	False
FGGY-DT	rnaseq_only	True	False
FHAD1	rnaseq_only	True	False
FHL1P1	rnaseq_only	True	False
FHP1	rnaseq_only	True	False
FIBCD1-AS1	rnaseq_only	True	False
FILIP1-AS1	rnaseq_only	True	False
FIRRE	rnaseq_only	True	False
FKBP14-AS1	rnaseq_only	True	False
FKBP1C	rnaseq_only	True	False
FKBP4P1	rnaseq_only	True	False
FKBP4P6	rnaseq_only	True	False
FKBP4P7	rnaseq_only	True	False
FKBP9P1	rnaseq_only	True	False
FLICR	rnaseq_only	True	False
FLJ13224	rnaseq_only	True	False
FLJ16779	rnaseq_only	True	False
FLJ40194	rnaseq_only	True	False
FLJ42393	rnaseq_only	True	False
FLJ43315	rnaseq_only	True	False
FLVCR1-DT	rnaseq_only	True	False
FLVCR2-AS1	rnaseq_only	True	False
FLYWCH1P1	rnaseq_only	True	False
FMC1	rnaseq_only	True	False
FMNL1-DT	rnaseq_only	True	False
FN1-DT	rnaseq_only	True	False
FNBP1P1	rnaseq_only	True	False
FNTAP1	rnaseq_only	True	False
FOSL1P1	rnaseq_only	True	False
FOSL2-AS1	rnaseq_only	True	False
FOXC2-AS1	rnaseq_only	True	False
FOXCUT	rnaseq_only	True	False
FOXD1-AS1	rnaseq_only	True	False
FOXD2-AS1	rnaseq_only	True	False
FOXG1-AS1	rnaseq_only	True	False
FOXL3	rnaseq_only	True	False
FOXN3-AS1	rnaseq_only	True	False
FOXO3B	rnaseq_only	True	False
FOXP4-AS1	rnaseq_only	True	False
FRG1-DT	rnaseq_only	True	False
FRG1CP	rnaseq_only	True	False
FRG1EP	rnaseq_only	True	False
FRG1FP	rnaseq_only	True	False
FRG1GP	rnaseq_only	True	False
FRG1HP	rnaseq_only	True	False
FRG1JP	rnaseq_only	True	False
FRMD6-AS2	rnaseq_only	True	False
FRMD8P1	rnaseq_only	True	False
FSBP	rnaseq_only	True	False
FSCN1P1	rnaseq_only	True	False
FTCDNL1	rnaseq_only	True	False
FTH1P1	rnaseq_only	True	False
FTH1P10	rnaseq_only	True	False
FTH1P11	rnaseq_only	True	False
FTH1P12	rnaseq_only	True	False
FTH1P13	rnaseq_only	True	False
FTH1P15	rnaseq_only	True	False
FTH1P16	rnaseq_only	True	False
FTH1P2	rnaseq_only	True	False
FTH1P20	rnaseq_only	True	False
FTH1P21	rnaseq_only	True	False
FTH1P23	rnaseq_only	True	False
FTH1P24	rnaseq_only	True	False
FTH1P25	rnaseq_only	True	False
FTH1P26	rnaseq_only	True	False
FTH1P28	rnaseq_only	True	False
FTH1P3	rnaseq_only	True	False
FTH1P4	rnaseq_only	True	False
FTH1P5	rnaseq_only	True	False
FTH1P7	rnaseq_only	True	False
FTH1P8	rnaseq_only	True	False
FTLP2	rnaseq_only	True	False
FTLP3	rnaseq_only	True	False
FTX	rnaseq_only	True	False
FUNDC2P1	rnaseq_only	True	False
FUNDC2P2	rnaseq_only	True	False
FUT8-AS1	rnaseq_only	True	False
FYTTD1P1	rnaseq_only	True	False
FZD10-AS1	rnaseq_only	True	False
G2E3P1	rnaseq_only	True	False
G3BP1P1	rnaseq_only	True	False
GABPAP	rnaseq_only	True	False
GABPB1-AS1	rnaseq_only	True	False
GABPB1-IT1	rnaseq_only	True	False
GABRG3-AS1	rnaseq_only	True	False
GAGE2A	rnaseq_only	True	False
GAGE2E	rnaseq_only	True	False
GALNT13-AS1	rnaseq_only	True	False
GALNT18-AS1	rnaseq_only	True	False
GALNT4	rnaseq_only	True	False
GALNT7-DT	rnaseq_only	True	False
GALNT9-AS1	rnaseq_only	True	False
GAPDH-AS1	rnaseq_only	True	False
GAPDH-DT	rnaseq_only	True	False
GAPDHP1	rnaseq_only	True	False
GAPDHP14	rnaseq_only	True	False
GAPDHP15	rnaseq_only	True	False
GAPDHP16	rnaseq_only	True	False
GAPDHP2	rnaseq_only	True	False
GAPDHP21	rnaseq_only	True	False
GAPDHP26	rnaseq_only	True	False
GAPDHP27	rnaseq_only	True	False
GAPDHP28	rnaseq_only	True	False
GAPDHP32	rnaseq_only	True	False
GAPDHP34	rnaseq_only	True	False
GAPDHP35	rnaseq_only	True	False
GAPDHP37	rnaseq_only	True	False
GAPDHP38	rnaseq_only	True	False
GAPDHP39	rnaseq_only	True	False
GAPDHP40	rnaseq_only	True	False
GAPDHP43	rnaseq_only	True	False
GAPDHP44	rnaseq_only	True	False
GAPDHP45	rnaseq_only	True	False
GAPDHP46	rnaseq_only	True	False
GAPDHP47	rnaseq_only	True	False
GAPDHP52	rnaseq_only	True	False
GAPDHP56	rnaseq_only	True	False
GAPDHP58	rnaseq_only	True	False
GAPDHP59	rnaseq_only	True	False
GAPDHP60	rnaseq_only	True	False
GAPDHP61	rnaseq_only	True	False
GAPDHP62	rnaseq_only	True	False
GAPDHP63	rnaseq_only	True	False
GAPDHP64	rnaseq_only	True	False
GAPDHP65	rnaseq_only	True	False
GAPDHP66	rnaseq_only	True	False
GAPDHP67	rnaseq_only	True	False
GAPDHP68	rnaseq_only	True	False
GAPDHP69	rnaseq_only	True	False
GAPDHP70	rnaseq_only	True	False
GAPDHP71	rnaseq_only	True	False
GAPDHP72	rnaseq_only	True	False
GAPDHP73	rnaseq_only	True	False
GAPDHP74	rnaseq_only	True	False
GAPLINC	rnaseq_only	True	False
GARS1-DT	rnaseq_only	True	False
GAS1RR	rnaseq_only	True	False
GAS5	rnaseq_only	True	False
GAS6-DT	rnaseq_only	True	False
GASAL1	rnaseq_only	True	False
GASK1B-AS1	rnaseq_only	True	False
GATA2-AS1	rnaseq_only	True	False
GATA3-AS1	rnaseq_only	True	False
GATA6-AS1	rnaseq_only	True	False
GATD1-DT	rnaseq_only	True	False
GBA1LP	rnaseq_only	True	False
GBP1P1	rnaseq_only	True	False
GBX2-AS1	rnaseq_only	True	False
GCATP1	rnaseq_only	True	False
GCLC-AS1	rnaseq_only	True	False
GCNT2P1	rnaseq_only	True	False
GCSHP3	rnaseq_only	True	False
GCSHP5	rnaseq_only	True	False
GDF1	rnaseq_only	True	False
GDF5-AS1	rnaseq_only	True	False
GDI2P1	rnaseq_only	True	False
GDI2P2	rnaseq_only	True	False
GEMIN7-AS1	rnaseq_only	True	False
GEMIN8P4	rnaseq_only	True	False
GET1-SH3BGR	rnaseq_only	True	False
GET1P1	rnaseq_only	True	False
GET4-AS1	rnaseq_only	True	False
GGNBP1	rnaseq_only	True	False
GGT2P	rnaseq_only	True	False
GGT3P	rnaseq_only	True	False
GGT8P	rnaseq_only	True	False
GGTA1	rnaseq_only	True	False
GGTA2P	rnaseq_only	True	False
GGTLC4P	rnaseq_only	True	False
GHET1	rnaseq_only	True	False
GHRLOS	rnaseq_only	True	False
GIHCG	rnaseq_only	True	False
GJA1P1	rnaseq_only	True	False
GJA9	rnaseq_only	True	False
GJD2-DT	rnaseq_only	True	False
GJD3-AS1	rnaseq_only	True	False
GK3	rnaseq_only	True	False
GK4P	rnaseq_only	True	False
GLCCI1-DT	rnaseq_only	True	False
GLDCP1	rnaseq_only	True	False
GLIDR	rnaseq_only	True	False
GLIS3-AS1	rnaseq_only	True	False
GLRX3P2	rnaseq_only	True	False
GLRX5P1	rnaseq_only	True	False
GLRXP1	rnaseq_only	True	False
GLRXP3	rnaseq_only	True	False
GLTC1	rnaseq_only	True	False
GLTPP1	rnaseq_only	True	False
GLULP4	rnaseq_only	True	False
GLYR1P1	rnaseq_only	True	False
GMCL2	rnaseq_only	True	False
GMDS-DT	rnaseq_only	True	False
GMFBP1	rnaseq_only	True	False
GMPSP1	rnaseq_only	True	False
GNA15-DT	rnaseq_only	True	False
GNAQP1	rnaseq_only	True	False
GNAS-AS1	rnaseq_only	True	False
GNB1-DT	rnaseq_only	True	False
GNB1L	rnaseq_only	True	False
GNG12-AS1	rnaseq_only	True	False
GNG5B	rnaseq_only	True	False
GNL2P1	rnaseq_only	True	False
GNL3LP1	rnaseq_only	True	False
GNRHR2	rnaseq_only	True	False
GOLGA2P10	rnaseq_only	True	False
GOLGA2P11	rnaseq_only	True	False
GOLGA2P7	rnaseq_only	True	False
GOLGA2P8	rnaseq_only	True	False
GOLGA2P9	rnaseq_only	True	False
GOLGA4-AS1	rnaseq_only	True	False
GOLGA6L11P	rnaseq_only	True	False
GOLGA6L17P	rnaseq_only	True	False
GOLGA6L9-AS1	rnaseq_only	True	False
GOLGA8G	rnaseq_only	True	False
GOLGA8IP	rnaseq_only	True	False
GOLGA8Q	rnaseq_only	True	False
GOLGA8UP	rnaseq_only	True	False
GOLM2P1	rnaseq_only	True	False
GOLPH3-DT	rnaseq_only	True	False
GORAB-AS1	rnaseq_only	True	False
GOT1-DT	rnaseq_only	True	False
GOT2P2	rnaseq_only	True	False
GOT2P3	rnaseq_only	True	False
GP6-AS1	rnaseq_only	True	False
GPAT4-AS1	rnaseq_only	True	False
GPATCH11P1	rnaseq_only	True	False
GPC5-IT1	rnaseq_only	True	False
GPR155-DT	rnaseq_only	True	False
GPR176-DT	rnaseq_only	True	False
GPR199P	rnaseq_only	True	False
GPR89A	rnaseq_only	True	False
GPR89B	rnaseq_only	True	False
GPR89P	rnaseq_only	True	False
GPRACR	rnaseq_only	True	False
GPS2P1	rnaseq_only	True	False
GPX1P1	rnaseq_only	True	False
GPX1P2	rnaseq_only	True	False
GRAMD4P2	rnaseq_only	True	False
GRAMD4P6	rnaseq_only	True	False
GRAMD4P7	rnaseq_only	True	False
GRAPL-AS1	rnaseq_only	True	False
GREP1	rnaseq_only	True	False
GRK6P1	rnaseq_only	True	False
GRM3-AS1	rnaseq_only	True	False
GRPEL1P3	rnaseq_only	True	False
GSEC	rnaseq_only	True	False
GSK3B-DT	rnaseq_only	True	False
GSN-AS1	rnaseq_only	True	False
GSTA11P	rnaseq_only	True	False
GSTO3P	rnaseq_only	True	False
GSTT2B	rnaseq_only	True	False
GTF2A1-AS1	rnaseq_only	True	False
GTF2F2P1	rnaseq_only	True	False
GTF2H2B	rnaseq_only	True	False
GTF2H2C	rnaseq_only	True	False
GTF2IP1	rnaseq_only	True	False
GTF2IP4	rnaseq_only	True	False
GTF2IRD1P1	rnaseq_only	True	False
GTF2IRD2P1	rnaseq_only	True	False
GTF3C2-AS1	rnaseq_only	True	False
GTF3C2-AS2	rnaseq_only	True	False
GTF3C6P2	rnaseq_only	True	False
GTSE1-DT	rnaseq_only	True	False
GUCY1B2	rnaseq_only	True	False
GUSBP1	rnaseq_only	True	False
GUSBP11	rnaseq_only	True	False
GUSBP13	rnaseq_only	True	False
GUSBP14	rnaseq_only	True	False
GUSBP15	rnaseq_only	True	False
GUSBP16	rnaseq_only	True	False
GUSBP18	rnaseq_only	True	False
GUSBP3	rnaseq_only	True	False
GUSBP4	rnaseq_only	True	False
GUSBP9	rnaseq_only	True	False
GVINP1	rnaseq_only	True	False
GXYLT1P2	rnaseq_only	True	False
GYG2P1	rnaseq_only	True	False
H19	rnaseq_only	True	False
H2AC5P	rnaseq_only	True	False
H2AC7	rnaseq_only	True	False
H2AZ1-DT	rnaseq_only	True	False
H2AZ2P1	rnaseq_only	True	False
H2AZP1	rnaseq_only	True	False
H2AZP2	rnaseq_only	True	False
H2AZP3	rnaseq_only	True	False
H2AZP4	rnaseq_only	True	False
H2BC12L	rnaseq_only	True	False
H2BC15	rnaseq_only	True	False
H2BC19P	rnaseq_only	True	False
H2BC20P	rnaseq_only	True	False
H2BC27P	rnaseq_only	True	False
H2BC6-AS1	rnaseq_only	True	False
H2BP1	rnaseq_only	True	False
H2BP2	rnaseq_only	True	False
H2BP3	rnaseq_only	True	False
H2BP6	rnaseq_only	True	False
H3-7	rnaseq_only	True	False
H3C12	rnaseq_only	True	False
H3C14	rnaseq_only	True	False
H3C9P	rnaseq_only	True	False
H3P12	rnaseq_only	True	False
H3P14	rnaseq_only	True	False
H3P16	rnaseq_only	True	False
H3P36	rnaseq_only	True	False
H3P39	rnaseq_only	True	False
H3P4	rnaseq_only	True	False
H3P43	rnaseq_only	True	False
H3P44	rnaseq_only	True	False
H3P47	rnaseq_only	True	False
H3Y1	rnaseq_only	True	False
HADHAP1	rnaseq_only	True	False
HADHAP2	rnaseq_only	True	False
HAGLR	rnaseq_only	True	False
HAR1A	rnaseq_only	True	False
HAS2-AS1	rnaseq_only	True	False
HAUS6P1	rnaseq_only	True	False
HAUS6P3	rnaseq_only	True	False
HAX1P1	rnaseq_only	True	False
HCCS-DT	rnaseq_only	True	False
HCG11	rnaseq_only	True	False
HCG15	rnaseq_only	True	False
HCG18	rnaseq_only	True	False
HCG20	rnaseq_only	True	False
HCG25	rnaseq_only	True	False
HCG4	rnaseq_only	True	False
HCG4B	rnaseq_only	True	False
HCG4P8	rnaseq_only	True	False
HDAC11-AS1	rnaseq_only	True	False
HDAC1P2	rnaseq_only	True	False
HDAC2-AS2	rnaseq_only	True	False
HDAC4-AS1	rnaseq_only	True	False
HDAC4-AS2	rnaseq_only	True	False
HDAC4-AS3	rnaseq_only	True	False
HEATR5A-DT	rnaseq_only	True	False
HECTD2-AS1	rnaseq_only	True	False
HECW1-IT1	rnaseq_only	True	False
HECW2-AS1	rnaseq_only	True	False
HEIH	rnaseq_only	True	False
HELLPAR	rnaseq_only	True	False
HELZ-AS1	rnaseq_only	True	False
HERC2P1	rnaseq_only	True	False
HERC2P10	rnaseq_only	True	False
HERC2P4	rnaseq_only	True	False
HERC2P5	rnaseq_only	True	False
HERC2P6	rnaseq_only	True	False
HERC2P8	rnaseq_only	True	False
HERC2P9	rnaseq_only	True	False
HERPUD2-AS1	rnaseq_only	True	False
HEXA-AS1	rnaseq_only	True	False
HEXD-IT1	rnaseq_only	True	False
HEXIM2-AS1	rnaseq_only	True	False
HEXIM2-AS2	rnaseq_only	True	False
HEY2-AS1	rnaseq_only	True	False
HHIP-AS1	rnaseq_only	True	False
HIGD1AP14	rnaseq_only	True	False
HIGD1AP3	rnaseq_only	True	False
HIGD2B	rnaseq_only	True	False
HIKESHIP2	rnaseq_only	True	False
HINT1P1	rnaseq_only	True	False
HIPK1-AS1	rnaseq_only	True	False
HIRA	rnaseq_only	True	False
HIVEP2-DT	rnaseq_only	True	False
HK2-DT	rnaseq_only	True	False
HK2P1	rnaseq_only	True	False
HLA-F-AS1	rnaseq_only	True	False
HLA-H	rnaseq_only	True	False
HLA-J	rnaseq_only	True	False
HLA-K	rnaseq_only	True	False
HLA-P	rnaseq_only	True	False
HLA-U	rnaseq_only	True	False
HLA-W	rnaseq_only	True	False
HLCS-AS1	rnaseq_only	True	False
HLCS-IT1	rnaseq_only	True	False
HLF-AS1	rnaseq_only	True	False
HLMR1	rnaseq_only	True	False
HLX-AS1	rnaseq_only	True	False
HM13-IT1	rnaseq_only	True	False
HMGA1P1	rnaseq_only	True	False
HMGA1P2	rnaseq_only	True	False
HMGA1P3	rnaseq_only	True	False
HMGA1P6	rnaseq_only	True	False
HMGA1P8	rnaseq_only	True	False
HMGB1P1	rnaseq_only	True	False
HMGB1P10	rnaseq_only	True	False
HMGB1P11	rnaseq_only	True	False
HMGB1P12	rnaseq_only	True	False
HMGB1P13	rnaseq_only	True	False
HMGB1P14	rnaseq_only	True	False
HMGB1P16	rnaseq_only	True	False
HMGB1P18	rnaseq_only	True	False
HMGB1P19	rnaseq_only	True	False
HMGB1P20	rnaseq_only	True	False
HMGB1P21	rnaseq_only	True	False
HMGB1P24	rnaseq_only	True	False
HMGB1P27	rnaseq_only	True	False
HMGB1P3	rnaseq_only	True	False
HMGB1P30	rnaseq_only	True	False
HMGB1P31	rnaseq_only	True	False
HMGB1P32	rnaseq_only	True	False
HMGB1P35	rnaseq_only	True	False
HMGB1P37	rnaseq_only	True	False
HMGB1P39	rnaseq_only	True	False
HMGB1P4	rnaseq_only	True	False
HMGB1P40	rnaseq_only	True	False
HMGB1P41	rnaseq_only	True	False
HMGB1P45	rnaseq_only	True	False
HMGB1P49	rnaseq_only	True	False
HMGB1P5	rnaseq_only	True	False
HMGB1P6	rnaseq_only	True	False
HMGB1P7	rnaseq_only	True	False
HMGB1P8	rnaseq_only	True	False
HMGB1P9	rnaseq_only	True	False
HMGB2P1	rnaseq_only	True	False
HMGB3P10	rnaseq_only	True	False
HMGB3P17	rnaseq_only	True	False
HMGB3P2	rnaseq_only	True	False
HMGB3P20	rnaseq_only	True	False
HMGB3P22	rnaseq_only	True	False
HMGB3P24	rnaseq_only	True	False
HMGB3P26	rnaseq_only	True	False
HMGB3P27	rnaseq_only	True	False
HMGB3P4	rnaseq_only	True	False
HMGB3P6	rnaseq_only	True	False
HMGB3P8	rnaseq_only	True	False
HMGB3P9	rnaseq_only	True	False
HMGN1P1	rnaseq_only	True	False
HMGN1P10	rnaseq_only	True	False
HMGN1P18	rnaseq_only	True	False
HMGN1P24	rnaseq_only	True	False
HMGN1P26	rnaseq_only	True	False
HMGN1P3	rnaseq_only	True	False
HMGN1P30	rnaseq_only	True	False
HMGN1P31	rnaseq_only	True	False
HMGN1P35	rnaseq_only	True	False
HMGN1P36	rnaseq_only	True	False
HMGN1P37	rnaseq_only	True	False
HMGN1P38	rnaseq_only	True	False
HMGN1P4	rnaseq_only	True	False
HMGN1P8	rnaseq_only	True	False
HMGN2P10	rnaseq_only	True	False
HMGN2P11	rnaseq_only	True	False
HMGN2P13	rnaseq_only	True	False
HMGN2P15	rnaseq_only	True	False
HMGN2P17	rnaseq_only	True	False
HMGN2P18	rnaseq_only	True	False
HMGN2P19	rnaseq_only	True	False
HMGN2P2	rnaseq_only	True	False
HMGN2P20	rnaseq_only	True	False
HMGN2P22	rnaseq_only	True	False
HMGN2P28	rnaseq_only	True	False
HMGN2P3	rnaseq_only	True	False
HMGN2P30	rnaseq_only	True	False
HMGN2P32	rnaseq_only	True	False
HMGN2P36	rnaseq_only	True	False
HMGN2P4	rnaseq_only	True	False
HMGN2P41	rnaseq_only	True	False
HMGN2P46	rnaseq_only	True	False
HMGN2P48	rnaseq_only	True	False
HMGN2P5	rnaseq_only	True	False
HMGN2P6	rnaseq_only	True	False
HMGN2P7	rnaseq_only	True	False
HMGN2P8	rnaseq_only	True	False
HMGN3-AS1	rnaseq_only	True	False
HNRNPA1L3	rnaseq_only	True	False
HNRNPA1P1	rnaseq_only	True	False
HNRNPA1P10	rnaseq_only	True	False
HNRNPA1P11	rnaseq_only	True	False
HNRNPA1P12	rnaseq_only	True	False
HNRNPA1P13	rnaseq_only	True	False
HNRNPA1P14	rnaseq_only	True	False
HNRNPA1P15	rnaseq_only	True	False
HNRNPA1P16	rnaseq_only	True	False
HNRNPA1P18	rnaseq_only	True	False
HNRNPA1P19	rnaseq_only	True	False
HNRNPA1P2	rnaseq_only	True	False
HNRNPA1P21	rnaseq_only	True	False
HNRNPA1P22	rnaseq_only	True	False
HNRNPA1P23	rnaseq_only	True	False
HNRNPA1P25	rnaseq_only	True	False
HNRNPA1P26	rnaseq_only	True	False
HNRNPA1P27	rnaseq_only	True	False
HNRNPA1P28	rnaseq_only	True	False
HNRNPA1P30	rnaseq_only	True	False
HNRNPA1P32	rnaseq_only	True	False
HNRNPA1P34	rnaseq_only	True	False
HNRNPA1P35	rnaseq_only	True	False
HNRNPA1P36	rnaseq_only	True	False
HNRNPA1P37	rnaseq_only	True	False
HNRNPA1P38	rnaseq_only	True	False
HNRNPA1P39	rnaseq_only	True	False
HNRNPA1P4	rnaseq_only	True	False
HNRNPA1P40	rnaseq_only	True	False
HNRNPA1P43	rnaseq_only	True	False
HNRNPA1P44	rnaseq_only	True	False
HNRNPA1P46	rnaseq_only	True	False
HNRNPA1P47	rnaseq_only	True	False
HNRNPA1P5	rnaseq_only	True	False
HNRNPA1P50	rnaseq_only	True	False
HNRNPA1P51	rnaseq_only	True	False
HNRNPA1P52	rnaseq_only	True	False
HNRNPA1P53	rnaseq_only	True	False
HNRNPA1P54	rnaseq_only	True	False
HNRNPA1P55	rnaseq_only	True	False
HNRNPA1P56	rnaseq_only	True	False
HNRNPA1P57	rnaseq_only	True	False
HNRNPA1P58	rnaseq_only	True	False
HNRNPA1P59	rnaseq_only	True	False
HNRNPA1P6	rnaseq_only	True	False
HNRNPA1P60	rnaseq_only	True	False
HNRNPA1P61	rnaseq_only	True	False
HNRNPA1P62	rnaseq_only	True	False
HNRNPA1P63	rnaseq_only	True	False
HNRNPA1P64	rnaseq_only	True	False
HNRNPA1P66	rnaseq_only	True	False
HNRNPA1P67	rnaseq_only	True	False
HNRNPA1P68	rnaseq_only	True	False
HNRNPA1P69	rnaseq_only	True	False
HNRNPA1P7	rnaseq_only	True	False
HNRNPA1P70	rnaseq_only	True	False
HNRNPA1P71	rnaseq_only	True	False
HNRNPA1P8	rnaseq_only	True	False
HNRNPA1P9	rnaseq_only	True	False
HNRNPA3P1	rnaseq_only	True	False
HNRNPA3P10	rnaseq_only	True	False
HNRNPA3P11	rnaseq_only	True	False
HNRNPA3P12	rnaseq_only	True	False
HNRNPA3P13	rnaseq_only	True	False
HNRNPA3P14	rnaseq_only	True	False
HNRNPA3P15	rnaseq_only	True	False
HNRNPA3P17	rnaseq_only	True	False
HNRNPA3P3	rnaseq_only	True	False
HNRNPA3P4	rnaseq_only	True	False
HNRNPA3P5	rnaseq_only	True	False
HNRNPA3P6	rnaseq_only	True	False
HNRNPA3P7	rnaseq_only	True	False
HNRNPA3P8	rnaseq_only	True	False
HNRNPABP1	rnaseq_only	True	False
HNRNPCL4	rnaseq_only	True	False
HNRNPCP1	rnaseq_only	True	False
HNRNPCP10	rnaseq_only	True	False
HNRNPCP2	rnaseq_only	True	False
HNRNPCP3	rnaseq_only	True	False
HNRNPCP4	rnaseq_only	True	False
HNRNPCP6	rnaseq_only	True	False
HNRNPCP7	rnaseq_only	True	False
HNRNPCP8	rnaseq_only	True	False
HNRNPD-DT	rnaseq_only	True	False
HNRNPDP1	rnaseq_only	True	False
HNRNPH1P1	rnaseq_only	True	False
HNRNPH1P3	rnaseq_only	True	False
HNRNPKP1	rnaseq_only	True	False
HNRNPKP2	rnaseq_only	True	False
HNRNPKP4	rnaseq_only	True	False
HNRNPLP1	rnaseq_only	True	False
HNRNPLP2	rnaseq_only	True	False
HNRNPRP1	rnaseq_only	True	False
HNRNPUP1	rnaseq_only	True	False
HOMER2P2	rnaseq_only	True	False
HOMER3-AS1	rnaseq_only	True	False
HORMAD2-AS1	rnaseq_only	True	False
HOTAIRM1	rnaseq_only	True	False
HOTTIP	rnaseq_only	True	False
HOXA-AS2	rnaseq_only	True	False
HOXA11-AS	rnaseq_only	True	False
HOXB-AS1	rnaseq_only	True	False
HOXB4	rnaseq_only	True	False
HOXC4	rnaseq_only	True	False
HOXC5	rnaseq_only	True	False
HOXD-AS2	rnaseq_only	True	False
HPAT5	rnaseq_only	True	False
HPS1-AS1	rnaseq_only	True	False
HRAT17	rnaseq_only	True	False
HRURF	rnaseq_only	True	False
HS1BP3-IT1	rnaseq_only	True	False
HS6ST1P1	rnaseq_only	True	False
HSALR1	rnaseq_only	True	False
HSD17B1-AS1	rnaseq_only	True	False
HSD17B1P1	rnaseq_only	True	False
HSD17B7P2	rnaseq_only	True	False
HSDL2-AS1	rnaseq_only	True	False
HSFX1	rnaseq_only	True	False
HSFY4P	rnaseq_only	True	False
HSH2D-AS1	rnaseq_only	True	False
HSP90AA2P	rnaseq_only	True	False
HSP90AA3P	rnaseq_only	True	False
HSP90AA4P	rnaseq_only	True	False
HSP90AA5P	rnaseq_only	True	False
HSP90AA6P	rnaseq_only	True	False
HSP90AB2P	rnaseq_only	True	False
HSP90AB3P	rnaseq_only	True	False
HSP90AB4P	rnaseq_only	True	False
HSP90AB5P	rnaseq_only	True	False
HSP90AB6P	rnaseq_only	True	False
HSP90AB7P	rnaseq_only	True	False
HSP90B2P	rnaseq_only	True	False
HSP90B3P	rnaseq_only	True	False
HSPA12A-AS1	rnaseq_only	True	False
HSPA5-DT	rnaseq_only	True	False
HSPA5P1	rnaseq_only	True	False
HSPA7	rnaseq_only	True	False
HSPA8P1	rnaseq_only	True	False
HSPA8P11	rnaseq_only	True	False
HSPA8P14	rnaseq_only	True	False
HSPA8P15	rnaseq_only	True	False
HSPA8P16	rnaseq_only	True	False
HSPA8P18	rnaseq_only	True	False
HSPA8P20	rnaseq_only	True	False
HSPA8P3	rnaseq_only	True	False
HSPA8P4	rnaseq_only	True	False
HSPA8P5	rnaseq_only	True	False
HSPA8P7	rnaseq_only	True	False
HSPA8P8	rnaseq_only	True	False
HSPA8P9	rnaseq_only	True	False
HSPA9P1	rnaseq_only	True	False
HSPB1P1	rnaseq_only	True	False
HSPB1P2	rnaseq_only	True	False
HSPD1P1	rnaseq_only	True	False
HSPD1P11	rnaseq_only	True	False
HSPD1P12	rnaseq_only	True	False
HSPD1P2	rnaseq_only	True	False
HSPD1P3	rnaseq_only	True	False
HSPD1P4	rnaseq_only	True	False
HSPD1P5	rnaseq_only	True	False
HSPD1P6	rnaseq_only	True	False
HSPD1P7	rnaseq_only	True	False
HSPD1P9	rnaseq_only	True	False
HSPE1P1	rnaseq_only	True	False
HSPE1P12	rnaseq_only	True	False
HSPE1P2	rnaseq_only	True	False
HSPE1P3	rnaseq_only	True	False
HSPE1P4	rnaseq_only	True	False
HSPE1P5	rnaseq_only	True	False
HSPE1P6	rnaseq_only	True	False
HSPE1P7	rnaseq_only	True	False
HSPE1P8	rnaseq_only	True	False
HSPE1P9	rnaseq_only	True	False
HTATSF1P2	rnaseq_only	True	False
HTD2	rnaseq_only	True	False
HTR5BP	rnaseq_only	True	False
HTR7P1	rnaseq_only	True	False
HTRA1-AS1	rnaseq_only	True	False
HULC	rnaseq_only	True	False
HYDIN2	rnaseq_only	True	False
HYMAI	rnaseq_only	True	False
HYOU1-AS1	rnaseq_only	True	False
IADEN	rnaseq_only	True	False
ICAM4-AS1	rnaseq_only	True	False
ICE2P1	rnaseq_only	True	False
ID2-AS1	rnaseq_only	True	False
IDH1-AS1	rnaseq_only	True	False
IDH1P1	rnaseq_only	True	False
IDI1P1	rnaseq_only	True	False
IDI1P3	rnaseq_only	True	False
IDI2-AS1	rnaseq_only	True	False
IDSP1	rnaseq_only	True	False
IER3-AS1	rnaseq_only	True	False
IER5L-AS1	rnaseq_only	True	False
IFI30	rnaseq_only	True	False
IFIT1P1	rnaseq_only	True	False
IFITM3-AS1	rnaseq_only	True	False
IFNAR2-IL10RB	rnaseq_only	True	False
IFT70A-AS1	rnaseq_only	True	False
IGBP1P1	rnaseq_only	True	False
IGBP1P3	rnaseq_only	True	False
IGBP1P5	rnaseq_only	True	False
IGF2BP2-AS1	rnaseq_only	True	False
IGF2BP2P1	rnaseq_only	True	False
IGF2BP2P2	rnaseq_only	True	False
IGF2BP2P3	rnaseq_only	True	False
IGF2BP3P1	rnaseq_only	True	False
IGF2BP3P2	rnaseq_only	True	False
IGHA1	rnaseq_only	True	False
IGHEP2	rnaseq_only	True	False
IGHGP	rnaseq_only	True	False
IGHV8-51-1	rnaseq_only	True	False
IGKV1OR-2	rnaseq_only	True	False
IGKV1OR-3	rnaseq_only	True	False
IGKV1OR2-108	rnaseq_only	True	False
IGKV1OR9-2	rnaseq_only	True	False
IGKV3-20	rnaseq_only	True	False
IGLL3P	rnaseq_only	True	False
IGLV3-21	rnaseq_only	True	False
IGSF3P1	rnaseq_only	True	False
IGSF3P2	rnaseq_only	True	False
IKBKB-DT	rnaseq_only	True	False
IKBKE-AS1	rnaseq_only	True	False
IKBKGP1	rnaseq_only	True	False
IL10RB-DT	rnaseq_only	True	False
IL12A-AS1	rnaseq_only	True	False
IL12B-AS1	rnaseq_only	True	False
IL4I1	rnaseq_only	True	False
IL6-AS1	rnaseq_only	True	False
IL6ST-DT	rnaseq_only	True	False
IL6STP1	rnaseq_only	True	False
ILF3-DT	rnaseq_only	True	False
ILRUN-AS1	rnaseq_only	True	False
IMMP1LP1	rnaseq_only	True	False
IMMTP1	rnaseq_only	True	False
IMPDH1P10	rnaseq_only	True	False
IMPDH1P11	rnaseq_only	True	False
IMPDH1P3	rnaseq_only	True	False
IMPDH1P5	rnaseq_only	True	False
IMPDH1P7	rnaseq_only	True	False
IMPDH1P8	rnaseq_only	True	False
IMPDH1P9	rnaseq_only	True	False
INCR1	rnaseq_only	True	False
INE1	rnaseq_only	True	False
ING2-DT	rnaseq_only	True	False
INHBA-AS1	rnaseq_only	True	False
INKA2-AS1	rnaseq_only	True	False
INO80D-AS1	rnaseq_only	True	False
INSIG1-DT	rnaseq_only	True	False
INTS4P1	rnaseq_only	True	False
INTS6-AS1	rnaseq_only	True	False
INTS6P1	rnaseq_only	True	False
IPMKP1	rnaseq_only	True	False
IPO5P1	rnaseq_only	True	False
IPO7P1	rnaseq_only	True	False
IPO7P2	rnaseq_only	True	False
IPO8P1	rnaseq_only	True	False
IPO9-AS1	rnaseq_only	True	False
IQANK1	rnaseq_only	True	False
IQCC-AS1	rnaseq_only	True	False
IQCH-AS1	rnaseq_only	True	False
IQCJ-SCHIP1	rnaseq_only	True	False
IQSEC3-AS1	rnaseq_only	True	False
IRAIN	rnaseq_only	True	False
IRF2-DT	rnaseq_only	True	False
ISCA1P1	rnaseq_only	True	False
ISCA1P3	rnaseq_only	True	False
ISCA1P6	rnaseq_only	True	False
ISG20L2P1	rnaseq_only	True	False
ISG20L2P2	rnaseq_only	True	False
ITFG1-AS2	rnaseq_only	True	False
ITFG2-AS1	rnaseq_only	True	False
ITGA1	rnaseq_only	True	False
ITGA6-AS1	rnaseq_only	True	False
ITGA9-AS1	rnaseq_only	True	False
ITGAL-AS1	rnaseq_only	True	False
ITGB1-DT	rnaseq_only	True	False
ITGB1P1	rnaseq_only	True	False
ITGB2-AS1	rnaseq_only	True	False
ITGB8-AS1	rnaseq_only	True	False
ITPK1-AS1	rnaseq_only	True	False
ITPR1-DT	rnaseq_only	True	False
ITPRID2-DT	rnaseq_only	True	False
ITSN1P1	rnaseq_only	True	False
JARID2-AS1	rnaseq_only	True	False
JARID2-DT	rnaseq_only	True	False
JCADP1	rnaseq_only	True	False
JDP2-AS1	rnaseq_only	True	False
JMJD7-PLA2G4B	rnaseq_only	True	False
JPX	rnaseq_only	True	False
JTB-DT	rnaseq_only	True	False
JUN-DT	rnaseq_only	True	False
KANSL1-AS1	rnaseq_only	True	False
KANSL1L-AS1	rnaseq_only	True	False
KANTR	rnaseq_only	True	False
KARS1P1	rnaseq_only	True	False
KARS1P2	rnaseq_only	True	False
KARS1P3	rnaseq_only	True	False
KAT14	rnaseq_only	True	False
KAT7P1	rnaseq_only	True	False
KATNBL1P6	rnaseq_only	True	False
KBTBD11-AS1	rnaseq_only	True	False
KBTBD11-OT1	rnaseq_only	True	False
KBTBD6-DT	rnaseq_only	True	False
KCNC4-DT	rnaseq_only	True	False
KCNIP4-IT1	rnaseq_only	True	False
KCNJ2-AS1	rnaseq_only	True	False
KCNK15-AS1	rnaseq_only	True	False
KCNK4-CATSPERZ	rnaseq_only	True	False
KCNMB2-AS1	rnaseq_only	True	False
KCNQ1OT1	rnaseq_only	True	False
KCNRG	rnaseq_only	True	False
KCTD13-DT	rnaseq_only	True	False
KCTD9P1	rnaseq_only	True	False
KCTD9P2	rnaseq_only	True	False
KCTD9P3	rnaseq_only	True	False
KCTD9P4	rnaseq_only	True	False
KCTD9P6	rnaseq_only	True	False
KDM2B-DT	rnaseq_only	True	False
KDM4A-AS1	rnaseq_only	True	False
KDM7A-DT	rnaseq_only	True	False
KDSR-DT	rnaseq_only	True	False
KHDC1-AS1	rnaseq_only	True	False
KHSRPP1	rnaseq_only	True	False
KIAA0408	rnaseq_only	True	False
KIAA1143P1	rnaseq_only	True	False
KIAA1191P1	rnaseq_only	True	False
KIAA1614-AS1	rnaseq_only	True	False
KIF23-AS1	rnaseq_only	True	False
KIF9-AS1	rnaseq_only	True	False
KIR2DL1	rnaseq_only	True	False
KIRREL3-AS1	rnaseq_only	True	False
KIZ-AS1	rnaseq_only	True	False
KLC2-AS2	rnaseq_only	True	False
KLF17P1	rnaseq_only	True	False
KLF3-AS1	rnaseq_only	True	False
KLF3P1	rnaseq_only	True	False
KLF4P1	rnaseq_only	True	False
KLF7-IT1	rnaseq_only	True	False
KLHL12P1	rnaseq_only	True	False
KLHL2P1	rnaseq_only	True	False
KLHL30-AS1	rnaseq_only	True	False
KLHL5P1	rnaseq_only	True	False
KLHL7-DT	rnaseq_only	True	False
KLRK1	rnaseq_only	True	False
KLRK1-AS1	rnaseq_only	True	False
KMT2CP5	rnaseq_only	True	False
KMT2E-AS1	rnaseq_only	True	False
KMT5AP1	rnaseq_only	True	False
KMT5AP2	rnaseq_only	True	False
KMT5AP3	rnaseq_only	True	False
KPNA2P1	rnaseq_only	True	False
KPNA2P2	rnaseq_only	True	False
KPNA2P3	rnaseq_only	True	False
KPNB1-DT	rnaseq_only	True	False
KRASP1	rnaseq_only	True	False
KRT126P	rnaseq_only	True	False
KRT18P12	rnaseq_only	True	False
KRT18P14	rnaseq_only	True	False
KRT18P18	rnaseq_only	True	False
KRT18P21	rnaseq_only	True	False
KRT18P24	rnaseq_only	True	False
KRT18P27	rnaseq_only	True	False
KRT18P3	rnaseq_only	True	False
KRT18P31	rnaseq_only	True	False
KRT18P36	rnaseq_only	True	False
KRT18P37	rnaseq_only	True	False
KRT18P4	rnaseq_only	True	False
KRT18P47	rnaseq_only	True	False
KRT18P5	rnaseq_only	True	False
KRT18P59	rnaseq_only	True	False
KRT41P	rnaseq_only	True	False
KRT7-AS	rnaseq_only	True	False
KRT8P10	rnaseq_only	True	False
KRT8P11	rnaseq_only	True	False
KRT8P12	rnaseq_only	True	False
KRT8P13	rnaseq_only	True	False
KRT8P14	rnaseq_only	True	False
KRT8P15	rnaseq_only	True	False
KRT8P22	rnaseq_only	True	False
KRT8P25	rnaseq_only	True	False
KRT8P28	rnaseq_only	True	False
KRT8P29	rnaseq_only	True	False
KRT8P3	rnaseq_only	True	False
KRT8P32	rnaseq_only	True	False
KRT8P33	rnaseq_only	True	False
KRT8P36	rnaseq_only	True	False
KRT8P39	rnaseq_only	True	False
KRT8P46	rnaseq_only	True	False
KRT8P47	rnaseq_only	True	False
KRT8P49	rnaseq_only	True	False
KRT8P50	rnaseq_only	True	False
KRT8P52	rnaseq_only	True	False
KRT8P8	rnaseq_only	True	False
KRT8P9	rnaseq_only	True	False
KTI12	rnaseq_only	True	False
KTN1-AS1	rnaseq_only	True	False
L3MBTL2-AS1	rnaseq_only	True	False
LACTB2-AS1	rnaseq_only	True	False
LAMA5-AS1	rnaseq_only	True	False
LAMTOR5-AS1	rnaseq_only	True	False
LAP3P2	rnaseq_only	True	False
LARGE1-AS1	rnaseq_only	True	False
LARP1P1	rnaseq_only	True	False
LARP4P	rnaseq_only	True	False
LASP1NB	rnaseq_only	True	False
LASTR	rnaseq_only	True	False
LBHD1	rnaseq_only	True	False
LBX2-AS1	rnaseq_only	True	False
LCDR	rnaseq_only	True	False
LCIIAR	rnaseq_only	True	False
LCMT1-AS1	rnaseq_only	True	False
LCMT1-AS2	rnaseq_only	True	False
LCMT1P1	rnaseq_only	True	False
LCT-AS1	rnaseq_only	True	False
LDHAP1	rnaseq_only	True	False
LDHAP2	rnaseq_only	True	False
LDHAP3	rnaseq_only	True	False
LDHAP4	rnaseq_only	True	False
LDHAP5	rnaseq_only	True	False
LDHAP7	rnaseq_only	True	False
LDHBP1	rnaseq_only	True	False
LDHBP2	rnaseq_only	True	False
LEF1-AS1	rnaseq_only	True	False
LEISA1	rnaseq_only	True	False
LENG8-AS1	rnaseq_only	True	False
LEPROT	rnaseq_only	True	False
LERFS	rnaseq_only	True	False
LETM1P2	rnaseq_only	True	False
LETR1	rnaseq_only	True	False
LGMNP1	rnaseq_only	True	False
LIF-AS2	rnaseq_only	True	False
LIFR-AS1	rnaseq_only	True	False
LIM2-AS1	rnaseq_only	True	False
LIMD1-AS1	rnaseq_only	True	False
LIME1	rnaseq_only	True	False
LIMS3	rnaseq_only	True	False
LINC-PINT	rnaseq_only	True	False
LINC00028	rnaseq_only	True	False
LINC00052	rnaseq_only	True	False
LINC00115	rnaseq_only	True	False
LINC00158	rnaseq_only	True	False
LINC00205	rnaseq_only	True	False
LINC00235	rnaseq_only	True	False
LINC00237	rnaseq_only	True	False
LINC00239	rnaseq_only	True	False
LINC00242	rnaseq_only	True	False
LINC00261	rnaseq_only	True	False
LINC00265	rnaseq_only	True	False
LINC00273	rnaseq_only	True	False
LINC00294	rnaseq_only	True	False
LINC00299	rnaseq_only	True	False
LINC00310	rnaseq_only	True	False
LINC00313	rnaseq_only	True	False
LINC00324	rnaseq_only	True	False
LINC00327	rnaseq_only	True	False
LINC00330	rnaseq_only	True	False
LINC00339	rnaseq_only	True	False
LINC00342	rnaseq_only	True	False
LINC00343	rnaseq_only	True	False
LINC00345	rnaseq_only	True	False
LINC00384	rnaseq_only	True	False
LINC00390	rnaseq_only	True	False
LINC00392	rnaseq_only	True	False
LINC00402	rnaseq_only	True	False
LINC00404	rnaseq_only	True	False
LINC00428	rnaseq_only	True	False
LINC00460	rnaseq_only	True	False
LINC00466	rnaseq_only	True	False
LINC00467	rnaseq_only	True	False
LINC00472	rnaseq_only	True	False
LINC00499	rnaseq_only	True	False
LINC00506	rnaseq_only	True	False
LINC00511	rnaseq_only	True	False
LINC00513	rnaseq_only	True	False
LINC00517	rnaseq_only	True	False
LINC00519	rnaseq_only	True	False
LINC00520	rnaseq_only	True	False
LINC00526	rnaseq_only	True	False
LINC00536	rnaseq_only	True	False
LINC00554	rnaseq_only	True	False
LINC00563	rnaseq_only	True	False
LINC00567	rnaseq_only	True	False
LINC00571	rnaseq_only	True	False
LINC00575	rnaseq_only	True	False
LINC00601	rnaseq_only	True	False
LINC00607	rnaseq_only	True	False
LINC00620	rnaseq_only	True	False
LINC00621	rnaseq_only	True	False
LINC00622	rnaseq_only	True	False
LINC00623	rnaseq_only	True	False
LINC00629	rnaseq_only	True	False
LINC00630	rnaseq_only	True	False
LINC00632	rnaseq_only	True	False
LINC00636	rnaseq_only	True	False
LINC00639	rnaseq_only	True	False
LINC00641	rnaseq_only	True	False
LINC00642	rnaseq_only	True	False
LINC00652	rnaseq_only	True	False
LINC00662	rnaseq_only	True	False
LINC00667	rnaseq_only	True	False
LINC00674	rnaseq_only	True	False
LINC00680	rnaseq_only	True	False
LINC00689	rnaseq_only	True	False
LINC00702	rnaseq_only	True	False
LINC00705	rnaseq_only	True	False
LINC00708	rnaseq_only	True	False
LINC00838	rnaseq_only	True	False
LINC00840	rnaseq_only	True	False
LINC00842	rnaseq_only	True	False
LINC00845	rnaseq_only	True	False
LINC00847	rnaseq_only	True	False
LINC00852	rnaseq_only	True	False
LINC00853	rnaseq_only	True	False
LINC00856	rnaseq_only	True	False
LINC00857	rnaseq_only	True	False
LINC00863	rnaseq_only	True	False
LINC00865	rnaseq_only	True	False
LINC00868	rnaseq_only	True	False
LINC00869	rnaseq_only	True	False
LINC00877	rnaseq_only	True	False
LINC00880	rnaseq_only	True	False
LINC00882	rnaseq_only	True	False
LINC00887	rnaseq_only	True	False
LINC00895	rnaseq_only	True	False
LINC00896	rnaseq_only	True	False
LINC00904	rnaseq_only	True	False
LINC00907	rnaseq_only	True	False
LINC00908	rnaseq_only	True	False
LINC00910	rnaseq_only	True	False
LINC00920	rnaseq_only	True	False
LINC00921	rnaseq_only	True	False
LINC00926	rnaseq_only	True	False
LINC00933	rnaseq_only	True	False
LINC00938	rnaseq_only	True	False
LINC00941	rnaseq_only	True	False
LINC00942	rnaseq_only	True	False
LINC00944	rnaseq_only	True	False
LINC00957	rnaseq_only	True	False
LINC00963	rnaseq_only	True	False
LINC00968	rnaseq_only	True	False
LINC00971	rnaseq_only	True	False
LINC00973	rnaseq_only	True	False
LINC00987	rnaseq_only	True	False
LINC00994	rnaseq_only	True	False
LINC00997	rnaseq_only	True	False
LINC01001	rnaseq_only	True	False
LINC01002	rnaseq_only	True	False
LINC01003	rnaseq_only	True	False
LINC01011	rnaseq_only	True	False
LINC01013	rnaseq_only	True	False
LINC01016	rnaseq_only	True	False
LINC01018	rnaseq_only	True	False
LINC01023	rnaseq_only	True	False
LINC01050	rnaseq_only	True	False
LINC01058	rnaseq_only	True	False
LINC01060	rnaseq_only	True	False
LINC01063	rnaseq_only	True	False
LINC01080	rnaseq_only	True	False
LINC01085	rnaseq_only	True	False
LINC01088	rnaseq_only	True	False
LINC01094	rnaseq_only	True	False
LINC01095	rnaseq_only	True	False
LINC01097	rnaseq_only	True	False
LINC01106	rnaseq_only	True	False
LINC01107	rnaseq_only	True	False
LINC01108	rnaseq_only	True	False
LINC01116	rnaseq_only	True	False
LINC01117	rnaseq_only	True	False
LINC01118	rnaseq_only	True	False
LINC01121	rnaseq_only	True	False
LINC01123	rnaseq_only	True	False
LINC01127	rnaseq_only	True	False
LINC01128	rnaseq_only	True	False
LINC01134	rnaseq_only	True	False
LINC01138	rnaseq_only	True	False
LINC01141	rnaseq_only	True	False
LINC01144	rnaseq_only	True	False
LINC01145	rnaseq_only	True	False
LINC01151	rnaseq_only	True	False
LINC01152	rnaseq_only	True	False
LINC01160	rnaseq_only	True	False
LINC01164	rnaseq_only	True	False
LINC01168	rnaseq_only	True	False
LINC01173	rnaseq_only	True	False
LINC01176	rnaseq_only	True	False
LINC01179	rnaseq_only	True	False
LINC01181	rnaseq_only	True	False
LINC01182	rnaseq_only	True	False
LINC01186	rnaseq_only	True	False
LINC01204	rnaseq_only	True	False
LINC01213	rnaseq_only	True	False
LINC01220	rnaseq_only	True	False
LINC01232	rnaseq_only	True	False
LINC01234	rnaseq_only	True	False
LINC01242	rnaseq_only	True	False
LINC01250	rnaseq_only	True	False
LINC01252	rnaseq_only	True	False
LINC01255	rnaseq_only	True	False
LINC01258	rnaseq_only	True	False
LINC01264	rnaseq_only	True	False
LINC01266	rnaseq_only	True	False
LINC01271	rnaseq_only	True	False
LINC01273	rnaseq_only	True	False
LINC01275	rnaseq_only	True	False
LINC01277	rnaseq_only	True	False
LINC01278	rnaseq_only	True	False
LINC01283	rnaseq_only	True	False
LINC01291	rnaseq_only	True	False
LINC01303	rnaseq_only	True	False
LINC01305	rnaseq_only	True	False
LINC01311	rnaseq_only	True	False
LINC01326	rnaseq_only	True	False
LINC01331	rnaseq_only	True	False
LINC01337	rnaseq_only	True	False
LINC01340	rnaseq_only	True	False
LINC01341	rnaseq_only	True	False
LINC01344	rnaseq_only	True	False
LINC01347	rnaseq_only	True	False
LINC01348	rnaseq_only	True	False
LINC01355	rnaseq_only	True	False
LINC01356	rnaseq_only	True	False
LINC01376	rnaseq_only	True	False
LINC01385	rnaseq_only	True	False
LINC01389	rnaseq_only	True	False
LINC01399	rnaseq_only	True	False
LINC01404	rnaseq_only	True	False
LINC01409	rnaseq_only	True	False
LINC01410	rnaseq_only	True	False
LINC01411	rnaseq_only	True	False
LINC01412	rnaseq_only	True	False
LINC01415	rnaseq_only	True	False
LINC01418	rnaseq_only	True	False
LINC01423	rnaseq_only	True	False
LINC01424	rnaseq_only	True	False
LINC01426	rnaseq_only	True	False
LINC01433	rnaseq_only	True	False
LINC01435	rnaseq_only	True	False
LINC01436	rnaseq_only	True	False
LINC01443	rnaseq_only	True	False
LINC01444	rnaseq_only	True	False
LINC01447	rnaseq_only	True	False
LINC01451	rnaseq_only	True	False
LINC01460	rnaseq_only	True	False
LINC01473	rnaseq_only	True	False
LINC01483	rnaseq_only	True	False
LINC01484	rnaseq_only	True	False
LINC01485	rnaseq_only	True	False
LINC01500	rnaseq_only	True	False
LINC01501	rnaseq_only	True	False
LINC01503	rnaseq_only	True	False
LINC01504	rnaseq_only	True	False
LINC01508	rnaseq_only	True	False
LINC01512	rnaseq_only	True	False
LINC01515	rnaseq_only	True	False
LINC01517	rnaseq_only	True	False
LINC01518	rnaseq_only	True	False
LINC01524	rnaseq_only	True	False
LINC01530	rnaseq_only	True	False
LINC01539	rnaseq_only	True	False
LINC01546	rnaseq_only	True	False
LINC01550	rnaseq_only	True	False
LINC01551	rnaseq_only	True	False
LINC01555	rnaseq_only	True	False
LINC01560	rnaseq_only	True	False
LINC01562	rnaseq_only	True	False
LINC01569	rnaseq_only	True	False
LINC01572	rnaseq_only	True	False
LINC01579	rnaseq_only	True	False
LINC01583	rnaseq_only	True	False
LINC01605	rnaseq_only	True	False
LINC01607	rnaseq_only	True	False
LINC01609	rnaseq_only	True	False
LINC01611	rnaseq_only	True	False
LINC01614	rnaseq_only	True	False
LINC01615	rnaseq_only	True	False
LINC01618	rnaseq_only	True	False
LINC01622	rnaseq_only	True	False
LINC01625	rnaseq_only	True	False
LINC01634	rnaseq_only	True	False
LINC01635	rnaseq_only	True	False
LINC01638	rnaseq_only	True	False
LINC01641	rnaseq_only	True	False
LINC01646	rnaseq_only	True	False
LINC01666	rnaseq_only	True	False
LINC01667	rnaseq_only	True	False
LINC01670	rnaseq_only	True	False
LINC01673	rnaseq_only	True	False
LINC01677	rnaseq_only	True	False
LINC01684	rnaseq_only	True	False
LINC01686	rnaseq_only	True	False
LINC01694	rnaseq_only	True	False
LINC01703	rnaseq_only	True	False
LINC01704	rnaseq_only	True	False
LINC01705	rnaseq_only	True	False
LINC01709	rnaseq_only	True	False
LINC01714	rnaseq_only	True	False
LINC01719	rnaseq_only	True	False
LINC01723	rnaseq_only	True	False
LINC01724	rnaseq_only	True	False
LINC01726	rnaseq_only	True	False
LINC01738	rnaseq_only	True	False
LINC01750	rnaseq_only	True	False
LINC01772	rnaseq_only	True	False
LINC01775	rnaseq_only	True	False
LINC01776	rnaseq_only	True	False
LINC01778	rnaseq_only	True	False
LINC01783	rnaseq_only	True	False
LINC01785	rnaseq_only	True	False
LINC01792	rnaseq_only	True	False
LINC01811	rnaseq_only	True	False
LINC01816	rnaseq_only	True	False
LINC01819	rnaseq_only	True	False
LINC01825	rnaseq_only	True	False
LINC01828	rnaseq_only	True	False
LINC01829	rnaseq_only	True	False
LINC01833	rnaseq_only	True	False
LINC01836	rnaseq_only	True	False
LINC01841	rnaseq_only	True	False
LINC01843	rnaseq_only	True	False
LINC01847	rnaseq_only	True	False
LINC01852	rnaseq_only	True	False
LINC01865	rnaseq_only	True	False
LINC01881	rnaseq_only	True	False
LINC01900	rnaseq_only	True	False
LINC01909	rnaseq_only	True	False
LINC01910	rnaseq_only	True	False
LINC01911	rnaseq_only	True	False
LINC01912	rnaseq_only	True	False
LINC01914	rnaseq_only	True	False
LINC01922	rnaseq_only	True	False
LINC01943	rnaseq_only	True	False
LINC01958	rnaseq_only	True	False
LINC01962	rnaseq_only	True	False
LINC01963	rnaseq_only	True	False
LINC01965	rnaseq_only	True	False
LINC01967	rnaseq_only	True	False
LINC01970	rnaseq_only	True	False
LINC01973	rnaseq_only	True	False
LINC01979	rnaseq_only	True	False
LINC01986	rnaseq_only	True	False
LINC01989	rnaseq_only	True	False
LINC01992	rnaseq_only	True	False
LINC01999	rnaseq_only	True	False
LINC02003	rnaseq_only	True	False
LINC02004	rnaseq_only	True	False
LINC02014	rnaseq_only	True	False
LINC02015	rnaseq_only	True	False
LINC02018	rnaseq_only	True	False
LINC02020	rnaseq_only	True	False
LINC02021	rnaseq_only	True	False
LINC02026	rnaseq_only	True	False
LINC02029	rnaseq_only	True	False
LINC02035	rnaseq_only	True	False
LINC02043	rnaseq_only	True	False
LINC02048	rnaseq_only	True	False
LINC02051	rnaseq_only	True	False
LINC02065	rnaseq_only	True	False
LINC02076	rnaseq_only	True	False
LINC02080	rnaseq_only	True	False
LINC02084	rnaseq_only	True	False
LINC02102	rnaseq_only	True	False
LINC02103	rnaseq_only	True	False
LINC02105	rnaseq_only	True	False
LINC02106	rnaseq_only	True	False
LINC02126	rnaseq_only	True	False
LINC02133	rnaseq_only	True	False
LINC02136	rnaseq_only	True	False
LINC02154	rnaseq_only	True	False
LINC02166	rnaseq_only	True	False
LINC02175	rnaseq_only	True	False
LINC02181	rnaseq_only	True	False
LINC02182	rnaseq_only	True	False
LINC02188	rnaseq_only	True	False
LINC02192	rnaseq_only	True	False
LINC02198	rnaseq_only	True	False
LINC02199	rnaseq_only	True	False
LINC02200	rnaseq_only	True	False
LINC02202	rnaseq_only	True	False
LINC02208	rnaseq_only	True	False
LINC02210	rnaseq_only	True	False
LINC02211	rnaseq_only	True	False
LINC02212	rnaseq_only	True	False
LINC02228	rnaseq_only	True	False
LINC02236	rnaseq_only	True	False
LINC02243	rnaseq_only	True	False
LINC02245	rnaseq_only	True	False
LINC02256	rnaseq_only	True	False
LINC02259	rnaseq_only	True	False
LINC02261	rnaseq_only	True	False
LINC02268	rnaseq_only	True	False
LINC02274	rnaseq_only	True	False
LINC02280	rnaseq_only	True	False
LINC02282	rnaseq_only	True	False
LINC02288	rnaseq_only	True	False
LINC02289	rnaseq_only	True	False
LINC02290	rnaseq_only	True	False
LINC02299	rnaseq_only	True	False
LINC02301	rnaseq_only	True	False
LINC02317	rnaseq_only	True	False
LINC02321	rnaseq_only	True	False
LINC02323	rnaseq_only	True	False
LINC02324	rnaseq_only	True	False
LINC02338	rnaseq_only	True	False
LINC02344	rnaseq_only	True	False
LINC02346	rnaseq_only	True	False
LINC02352	rnaseq_only	True	False
LINC02361	rnaseq_only	True	False
LINC02362	rnaseq_only	True	False
LINC02365	rnaseq_only	True	False
LINC02376	rnaseq_only	True	False
LINC02380	rnaseq_only	True	False
LINC02392	rnaseq_only	True	False
LINC02412	rnaseq_only	True	False
LINC02414	rnaseq_only	True	False
LINC02415	rnaseq_only	True	False
LINC02422	rnaseq_only	True	False
LINC02427	rnaseq_only	True	False
LINC02432	rnaseq_only	True	False
LINC02447	rnaseq_only	True	False
LINC02449	rnaseq_only	True	False
LINC02454	rnaseq_only	True	False
LINC02470	rnaseq_only	True	False
LINC02473	rnaseq_only	True	False
LINC02476	rnaseq_only	True	False
LINC02481	rnaseq_only	True	False
LINC02482	rnaseq_only	True	False
LINC02499	rnaseq_only	True	False
LINC02503	rnaseq_only	True	False
LINC02508	rnaseq_only	True	False
LINC02516	rnaseq_only	True	False
LINC02531	rnaseq_only	True	False
LINC02533	rnaseq_only	True	False
LINC02535	rnaseq_only	True	False
LINC02541	rnaseq_only	True	False
LINC02542	rnaseq_only	True	False
LINC02572	rnaseq_only	True	False
LINC02575	rnaseq_only	True	False
LINC02577	rnaseq_only	True	False
LINC02593	rnaseq_only	True	False
LINC02594	rnaseq_only	True	False
LINC02599	rnaseq_only	True	False
LINC02604	rnaseq_only	True	False
LINC02606	rnaseq_only	True	False
LINC02608	rnaseq_only	True	False
LINC02609	rnaseq_only	True	False
LINC02612	rnaseq_only	True	False
LINC02613	rnaseq_only	True	False
LINC02614	rnaseq_only	True	False
LINC02615	rnaseq_only	True	False
LINC02617	rnaseq_only	True	False
LINC02636	rnaseq_only	True	False
LINC02639	rnaseq_only	True	False
LINC02641	rnaseq_only	True	False
LINC02649	rnaseq_only	True	False
LINC02664	rnaseq_only	True	False
LINC02680	rnaseq_only	True	False
LINC02681	rnaseq_only	True	False
LINC02683	rnaseq_only	True	False
LINC02684	rnaseq_only	True	False
LINC02691	rnaseq_only	True	False
LINC02697	rnaseq_only	True	False
LINC02709	rnaseq_only	True	False
LINC02710	rnaseq_only	True	False
LINC02714	rnaseq_only	True	False
LINC02718	rnaseq_only	True	False
LINC02721	rnaseq_only	True	False
LINC02727	rnaseq_only	True	False
LINC02731	rnaseq_only	True	False
LINC02736	rnaseq_only	True	False
LINC02739	rnaseq_only	True	False
LINC02742	rnaseq_only	True	False
LINC02745	rnaseq_only	True	False
LINC02754	rnaseq_only	True	False
LINC02762	rnaseq_only	True	False
LINC02765	rnaseq_only	True	False
LINC02766	rnaseq_only	True	False
LINC02767	rnaseq_only	True	False
LINC02777	rnaseq_only	True	False
LINC02783	rnaseq_only	True	False
LINC02798	rnaseq_only	True	False
LINC02800	rnaseq_only	True	False
LINC02802	rnaseq_only	True	False
LINC02809	rnaseq_only	True	False
LINC02813	rnaseq_only	True	False
LINC02817	rnaseq_only	True	False
LINC02821	rnaseq_only	True	False
LINC02827	rnaseq_only	True	False
LINC02832	rnaseq_only	True	False
LINC02842	rnaseq_only	True	False
LINC02846	rnaseq_only	True	False
LINC02851	rnaseq_only	True	False
LINC02863	rnaseq_only	True	False
LINC02887	rnaseq_only	True	False
LINC02889	rnaseq_only	True	False
LINC02895	rnaseq_only	True	False
LINC02896	rnaseq_only	True	False
LINC02916	rnaseq_only	True	False
LINC02918	rnaseq_only	True	False
LINC02925	rnaseq_only	True	False
LINC02930	rnaseq_only	True	False
LINC02932	rnaseq_only	True	False
LINC02933	rnaseq_only	True	False
LINC02934	rnaseq_only	True	False
LINC02936	rnaseq_only	True	False
LINC02938	rnaseq_only	True	False
LINC02939	rnaseq_only	True	False
LINC02940	rnaseq_only	True	False
LINC02955	rnaseq_only	True	False
LINC02956	rnaseq_only	True	False
LINC02957	rnaseq_only	True	False
LINC02958	rnaseq_only	True	False
LINC02960	rnaseq_only	True	False
LINC02965	rnaseq_only	True	False
LINC02966	rnaseq_only	True	False
LINC02970	rnaseq_only	True	False
LINC02972	rnaseq_only	True	False
LINC02975	rnaseq_only	True	False
LINC02976	rnaseq_only	True	False
LINC02977	rnaseq_only	True	False
LINC02980	rnaseq_only	True	False
LINC02982	rnaseq_only	True	False
LINC02983	rnaseq_only	True	False
LINC02984	rnaseq_only	True	False
LINC02985	rnaseq_only	True	False
LINC02986	rnaseq_only	True	False
LINC02987	rnaseq_only	True	False
LINC02988	rnaseq_only	True	False
LINC02989	rnaseq_only	True	False
LINC02993	rnaseq_only	True	False
LINC03000	rnaseq_only	True	False
LINC03006	rnaseq_only	True	False
LINC03011	rnaseq_only	True	False
LINC03014	rnaseq_only	True	False
LINC03015	rnaseq_only	True	False
LINC03016	rnaseq_only	True	False
LINC03018	rnaseq_only	True	False
LINC03020	rnaseq_only	True	False
LINC03033	rnaseq_only	True	False
LINC03037	rnaseq_only	True	False
LINC03044	rnaseq_only	True	False
LINC03047	rnaseq_only	True	False
LINC03050	rnaseq_only	True	False
LINC03052	rnaseq_only	True	False
LINC03060	rnaseq_only	True	False
LINC03068	rnaseq_only	True	False
LINC03072	rnaseq_only	True	False
LINC03073	rnaseq_only	True	False
LINC03078	rnaseq_only	True	False
LINC03080	rnaseq_only	True	False
LINC03099	rnaseq_only	True	False
LINC03104	rnaseq_only	True	False
LINC03105	rnaseq_only	True	False
LINC03125	rnaseq_only	True	False
LINC03126	rnaseq_only	True	False
LINC03129	rnaseq_only	True	False
LINC03135	rnaseq_only	True	False
LINC03136	rnaseq_only	True	False
LINC03140	rnaseq_only	True	False
LINC03142	rnaseq_only	True	False
LINC03143	rnaseq_only	True	False
LINC03146	rnaseq_only	True	False
LINC03148	rnaseq_only	True	False
LINC03149	rnaseq_only	True	False
LINC03151	rnaseq_only	True	False
LIPE-AS1	rnaseq_only	True	False
LIPT2-AS1	rnaseq_only	True	False
LITATS1	rnaseq_only	True	False
LIVAR	rnaseq_only	True	False
LIX1L-AS1	rnaseq_only	True	False
LL0XNC01-250H12.3	rnaseq_only	True	False
LLPH-DT	rnaseq_only	True	False
LLPHP3	rnaseq_only	True	False
LMCD1-AS1	rnaseq_only	True	False
LMO7-AS1	rnaseq_only	True	False
LNC-LBCS	rnaseq_only	True	False
LNC-WAL	rnaseq_only	True	False
LNCDAT	rnaseq_only	True	False
LNCOC1	rnaseq_only	True	False
LNCOG	rnaseq_only	True	False
LNCRNA-IUR	rnaseq_only	True	False
LNCSRLR	rnaseq_only	True	False
LNCTAM34A	rnaseq_only	True	False
LNCTSI	rnaseq_only	True	False
LNMICC	rnaseq_only	True	False
LNROP	rnaseq_only	True	False
LOH12CR2	rnaseq_only	True	False
LOXL1-AS1	rnaseq_only	True	False
LOXL2	rnaseq_only	True	False
LOXL2-AS1	rnaseq_only	True	False
LPIN2-AS1	rnaseq_only	True	False
LPP-AS2	rnaseq_only	True	False
LRFN5-DT	rnaseq_only	True	False
LRIG2-DT	rnaseq_only	True	False
LRIG3-DT	rnaseq_only	True	False
LRP1-AS	rnaseq_only	True	False
LRP4-AS1	rnaseq_only	True	False
LRP8-DT	rnaseq_only	True	False
LRRC24	rnaseq_only	True	False
LRRC37A14P	rnaseq_only	True	False
LRRC37A15P	rnaseq_only	True	False
LRRC37A16P	rnaseq_only	True	False
LRRC37A17P	rnaseq_only	True	False
LRRC37A6P	rnaseq_only	True	False
LRRC37A7P	rnaseq_only	True	False
LRRC37A9P	rnaseq_only	True	False
LRRC37BP1	rnaseq_only	True	False
LRRC3B-AS1	rnaseq_only	True	False
LRRC70	rnaseq_only	True	False
LRRC78P	rnaseq_only	True	False
LRRC8C-DT	rnaseq_only	True	False
LRRFIP1P1	rnaseq_only	True	False
LRRK2-DT	rnaseq_only	True	False
LRTOMT	rnaseq_only	True	False
LSM12P1	rnaseq_only	True	False
LSM2P2	rnaseq_only	True	False
LSM3P3	rnaseq_only	True	False
LSM3P4	rnaseq_only	True	False
LSM3P5	rnaseq_only	True	False
LSP1P4	rnaseq_only	True	False
LSP1P5	rnaseq_only	True	False
LTB4R2	rnaseq_only	True	False
LTV1P1	rnaseq_only	True	False
LUARIS	rnaseq_only	True	False
LUC7L2	rnaseq_only	True	False
LUCAT1	rnaseq_only	True	False
LURAP1L-AS1	rnaseq_only	True	False
LY6G5B	rnaseq_only	True	False
LYNX1	rnaseq_only	True	False
LYPLA1P2	rnaseq_only	True	False
LYPLA1P3	rnaseq_only	True	False
LYPLA2P1	rnaseq_only	True	False
LYPLA2P2	rnaseq_only	True	False
LYPLAL1-AS1	rnaseq_only	True	False
LYPLAL1-DT	rnaseq_only	True	False
LYRM4-AS1	rnaseq_only	True	False
MAD2L1-DT	rnaseq_only	True	False
MAD2L1P1	rnaseq_only	True	False
MADCAM1-AS1	rnaseq_only	True	False
MAGEA4-AS1	rnaseq_only	True	False
MAGI1-IT1	rnaseq_only	True	False
MAGI2-AS3	rnaseq_only	True	False
MAGOH-DT	rnaseq_only	True	False
MAGOH2P	rnaseq_only	True	False
MAGOH3P	rnaseq_only	True	False
MAILR	rnaseq_only	True	False
MALAT1	rnaseq_only	True	False
MALINC1	rnaseq_only	True	False
MALT1-AS1	rnaseq_only	True	False
MANCR	rnaseq_only	True	False
MANEA-DT	rnaseq_only	True	False
MAP1LC3BP1	rnaseq_only	True	False
MAP2K1P1	rnaseq_only	True	False
MAP2K4P1	rnaseq_only	True	False
MAP2K5-DT	rnaseq_only	True	False
MAP2K7-AS1	rnaseq_only	True	False
MAP3K14-AS1	rnaseq_only	True	False
MAP3K2-DT	rnaseq_only	True	False
MAP3K4-AS1	rnaseq_only	True	False
MAP3K9-DT	rnaseq_only	True	False
MAP4K3-DT	rnaseq_only	True	False
MAP6-AS1	rnaseq_only	True	False
MAP9-AS1	rnaseq_only	True	False
MAPK6-DT	rnaseq_only	True	False
MAPK6P1	rnaseq_only	True	False
MAPK6P2	rnaseq_only	True	False
MAPK6P3	rnaseq_only	True	False
MAPK6P4	rnaseq_only	True	False
MAPK6P5	rnaseq_only	True	False
MAPK6P6	rnaseq_only	True	False
MAPK8IP1P1	rnaseq_only	True	False
MAPK8IP1P2	rnaseq_only	True	False
MAPKAPK5-AS1	rnaseq_only	True	False
MAPRE1P1	rnaseq_only	True	False
MAPRE1P2	rnaseq_only	True	False
MARCHF6-DT	rnaseq_only	True	False
MARCKSL1P2	rnaseq_only	True	False
MARK2P19	rnaseq_only	True	False
MAST4-AS1	rnaseq_only	True	False
MATN1-AS1	rnaseq_only	True	False
MATR3P3	rnaseq_only	True	False
MBL3P	rnaseq_only	True	False
MBNL1-AS1	rnaseq_only	True	False
MBTPS1-DT	rnaseq_only	True	False
MC1R	rnaseq_only	True	False
MCF2L-AS1	rnaseq_only	True	False
MCFD2P1	rnaseq_only	True	False
MCPH1-AS1	rnaseq_only	True	False
MCPH1-DT	rnaseq_only	True	False
MCRIP2P1	rnaseq_only	True	False
MCTS2	rnaseq_only	True	False
MCUR1P1	rnaseq_only	True	False
MDM1	rnaseq_only	True	False
MDN1-AS1	rnaseq_only	True	False
MDS2	rnaseq_only	True	False
ME2P1	rnaseq_only	True	False
MED26	rnaseq_only	True	False
MED28-DT	rnaseq_only	True	False
MED28P1	rnaseq_only	True	False
MEF2B	rnaseq_only	True	False
MEF2C-AS1	rnaseq_only	True	False
MEG3	rnaseq_only	True	False
MEIS3P1	rnaseq_only	True	False
MEIS3P2	rnaseq_only	True	False
MELTF-AS1	rnaseq_only	True	False
MEMO1P1	rnaseq_only	True	False
MEMO1P2	rnaseq_only	True	False
MESTIT1	rnaseq_only	True	False
MESTP1	rnaseq_only	True	False
MESTP3	rnaseq_only	True	False
MESTP4	rnaseq_only	True	False
METAZOA_SRP	rnaseq_only	True	False
METTL14-DT	rnaseq_only	True	False
METTL15P1	rnaseq_only	True	False
METTL21AP1	rnaseq_only	True	False
METTL8P1	rnaseq_only	True	False
MFAP1P1	rnaseq_only	True	False
MFFP1	rnaseq_only	True	False
MFFP2	rnaseq_only	True	False
MFSD12-AS1	rnaseq_only	True	False
MGC16275	rnaseq_only	True	False
MGC27382	rnaseq_only	True	False
MGC4859	rnaseq_only	True	False
MHENCR	rnaseq_only	True	False
MIA2-AS1	rnaseq_only	True	False
MIAT	rnaseq_only	True	False
MIATNB	rnaseq_only	True	False
MICA-AS1	rnaseq_only	True	False
MICAL2-AS1	rnaseq_only	True	False
MICALL2-DT	rnaseq_only	True	False
MICB-DT	rnaseq_only	True	False
MICOS10P2	rnaseq_only	True	False
MID1IP1-AS1	rnaseq_only	True	False
MIDEAS-AS1	rnaseq_only	True	False
MIF4GD-DT	rnaseq_only	True	False
MILIP	rnaseq_only	True	False
MINCR	rnaseq_only	True	False
MINDY2-DT	rnaseq_only	True	False
MINDY4	rnaseq_only	True	False
MIOS-DT	rnaseq_only	True	False
MIPEPP1	rnaseq_only	True	False
MIPEPP3	rnaseq_only	True	False
MIR100HG	rnaseq_only	True	False
MIR106AHG	rnaseq_only	True	False
MIR124-2HG	rnaseq_only	True	False
MIR1246	rnaseq_only	True	False
MIR1248	rnaseq_only	True	False
MIR1302-9HG	rnaseq_only	True	False
MIR130AHG	rnaseq_only	True	False
MIR137HG	rnaseq_only	True	False
MIR155HG	rnaseq_only	True	False
MIR181A1HG	rnaseq_only	True	False
MIR181A2HG	rnaseq_only	True	False
MIR193BHG	rnaseq_only	True	False
MIR210HG	rnaseq_only	True	False
MIR2117HG	rnaseq_only	True	False
MIR222HG	rnaseq_only	True	False
MIR23AHG	rnaseq_only	True	False
MIR25	rnaseq_only	True	False
MIR2682	rnaseq_only	True	False
MIR29B2CHG	rnaseq_only	True	False
MIR302CHG	rnaseq_only	True	False
MIR3064	rnaseq_only	True	False
MIR3142HG	rnaseq_only	True	False
MIR339	rnaseq_only	True	False
MIR34AHG	rnaseq_only	True	False
MIR3610	rnaseq_only	True	False
MIR3648-1	rnaseq_only	True	False
MIR3648-2	rnaseq_only	True	False
MIR3651	rnaseq_only	True	False
MIR3677HG	rnaseq_only	True	False
MIR3681HG	rnaseq_only	True	False
MIR378D2HG	rnaseq_only	True	False
MIR3936HG	rnaseq_only	True	False
MIR3945HG	rnaseq_only	True	False
MIR4280HG	rnaseq_only	True	False
MIR4284	rnaseq_only	True	False
MIR4432HG	rnaseq_only	True	False
MIR4435-2HG	rnaseq_only	True	False
MIR4449	rnaseq_only	True	False
MIR4453HG	rnaseq_only	True	False
MIR4458HG	rnaseq_only	True	False
MIR4497	rnaseq_only	True	False
MIR4500HG	rnaseq_only	True	False
MIR493HG	rnaseq_only	True	False
MIR497HG	rnaseq_only	True	False
MIR503HG	rnaseq_only	True	False
MIR548XHG	rnaseq_only	True	False
MIR574	rnaseq_only	True	False
MIR600HG	rnaseq_only	True	False
MIR6126	rnaseq_only	True	False
MIR646HG	rnaseq_only	True	False
MIR663A	rnaseq_only	True	False
MIR663AHG	rnaseq_only	True	False
MIR663B	rnaseq_only	True	False
MIR6753	rnaseq_only	True	False
MIR762HG	rnaseq_only	True	False
MIR8072	rnaseq_only	True	False
MIR8075	rnaseq_only	True	False
MIR9-2HG	rnaseq_only	True	False
MIR924HG	rnaseq_only	True	False
MIRLET7A1HG	rnaseq_only	True	False
MIRLET7BHG	rnaseq_only	True	False
MIRLET7IHG	rnaseq_only	True	False
MIS18A-AS1	rnaseq_only	True	False
MISFA	rnaseq_only	True	False
MISP3	rnaseq_only	True	False
MITA1	rnaseq_only	True	False
MIURF	rnaseq_only	True	False
MKI67P1	rnaseq_only	True	False
MKLN1-AS	rnaseq_only	True	False
MKRN5P	rnaseq_only	True	False
MKRN8P	rnaseq_only	True	False
MKRN9P	rnaseq_only	True	False
MLF1-DT	rnaseq_only	True	False
MLXP1	rnaseq_only	True	False
MMADHCP2	rnaseq_only	True	False
MMP23A	rnaseq_only	True	False
MMP24OS	rnaseq_only	True	False
MOCS2-DT	rnaseq_only	True	False
MORC2-AS1	rnaseq_only	True	False
MORF4	rnaseq_only	True	False
MORF4L1P1	rnaseq_only	True	False
MORF4L1P3	rnaseq_only	True	False
MORF4L2-AS1	rnaseq_only	True	False
MPDU1-AS1	rnaseq_only	True	False
MPHOSPH10P3	rnaseq_only	True	False
MPPE1P2	rnaseq_only	True	False
MPRIPP1	rnaseq_only	True	False
MPZL1P1	rnaseq_only	True	False
MRAP-AS1	rnaseq_only	True	False
MRFAP1L2	rnaseq_only	True	False
MRFAP1P1	rnaseq_only	True	False
MRM3P1	rnaseq_only	True	False
MRNIP-DT	rnaseq_only	True	False
MRPL15P1	rnaseq_only	True	False
MRPL20-AS1	rnaseq_only	True	False
MRPL20-DT	rnaseq_only	True	False
MRPL30P1	rnaseq_only	True	False
MRPL37P1	rnaseq_only	True	False
MRPL3P1	rnaseq_only	True	False
MRPL40P1	rnaseq_only	True	False
MRPL42P1	rnaseq_only	True	False
MRPL45P2	rnaseq_only	True	False
MRPL48P1	rnaseq_only	True	False
MRPL50P2	rnaseq_only	True	False
MRPL53	rnaseq_only	True	False
MRPS17P9	rnaseq_only	True	False
MRPS18AP1	rnaseq_only	True	False
MRPS18BP2	rnaseq_only	True	False
MRPS18CP7	rnaseq_only	True	False
MRPS30-DT	rnaseq_only	True	False
MRPS31P4	rnaseq_only	True	False
MRPS31P5	rnaseq_only	True	False
MRPS35-DT	rnaseq_only	True	False
MRPS36P1	rnaseq_only	True	False
MRPS6	rnaseq_only	True	False
MRRFP1	rnaseq_only	True	False
MS4A4E	rnaseq_only	True	False
MSANTD2-AS1	rnaseq_only	True	False
MSANTD7	rnaseq_only	True	False
MSC-AS1	rnaseq_only	True	False
MSH5-SAPCD1	rnaseq_only	True	False
MSL3-DT	rnaseq_only	True	False
MSL3P2	rnaseq_only	True	False
MSNP1	rnaseq_only	True	False
MSRA-DT	rnaseq_only	True	False
MST1P2	rnaseq_only	True	False
MSTO2P	rnaseq_only	True	False
MSX2P1	rnaseq_only	True	False
MT-ATP6	rnaseq_only	True	False
MT-ATP8	rnaseq_only	True	False
MT-CO1	rnaseq_only	True	False
MT-CO2	rnaseq_only	True	False
MT-CO3	rnaseq_only	True	False
MT-CYB	rnaseq_only	True	False
MT-ND1	rnaseq_only	True	False
MT-ND2	rnaseq_only	True	False
MT-ND3	rnaseq_only	True	False
MT-ND4	rnaseq_only	True	False
MT-ND4L	rnaseq_only	True	False
MT-ND5	rnaseq_only	True	False
MT-ND6	rnaseq_only	True	False
MT-RNR1	rnaseq_only	True	False
MT-RNR2	rnaseq_only	True	False
MT-TA	rnaseq_only	True	False
MT-TE	rnaseq_only	True	False
MT-TF	rnaseq_only	True	False
MT-TH	rnaseq_only	True	False
MT-TK	rnaseq_only	True	False
MT-TL1	rnaseq_only	True	False
MT-TM	rnaseq_only	True	False
MT-TN	rnaseq_only	True	False
MT-TP	rnaseq_only	True	False
MT-TQ	rnaseq_only	True	False
MT-TS1	rnaseq_only	True	False
MT-TS2	rnaseq_only	True	False
MT-TT	rnaseq_only	True	False
MT-TV	rnaseq_only	True	False
MT-TW	rnaseq_only	True	False
MT-TY	rnaseq_only	True	False
MT1JP	rnaseq_only	True	False
MTA1-DT	rnaseq_only	True	False
MTATP6P1	rnaseq_only	True	False
MTATP6P2	rnaseq_only	True	False
MTATP8P1	rnaseq_only	True	False
MTCH1P2	rnaseq_only	True	False
MTCO1P11	rnaseq_only	True	False
MTCO1P12	rnaseq_only	True	False
MTCO1P15	rnaseq_only	True	False
MTCO1P2	rnaseq_only	True	False
MTCO1P24	rnaseq_only	True	False
MTCO1P40	rnaseq_only	True	False
MTCO1P53	rnaseq_only	True	False
MTCO1P7	rnaseq_only	True	False
MTCO2P11	rnaseq_only	True	False
MTCO2P12	rnaseq_only	True	False
MTCO2P17	rnaseq_only	True	False
MTCO2P22	rnaseq_only	True	False
MTCO3P11	rnaseq_only	True	False
MTCO3P12	rnaseq_only	True	False
MTCO3P18	rnaseq_only	True	False
MTCO3P44	rnaseq_only	True	False
MTCP1	rnaseq_only	True	False
MTCYBP18	rnaseq_only	True	False
MTCYBP28	rnaseq_only	True	False
MTCYBP3	rnaseq_only	True	False
MTCYBP32	rnaseq_only	True	False
MTCYBP8	rnaseq_only	True	False
MTHFD1P1	rnaseq_only	True	False
MTHFD2P1	rnaseq_only	True	False
MTHFD2P6	rnaseq_only	True	False
MTHFD2P7	rnaseq_only	True	False
MTIF2P1	rnaseq_only	True	False
MTMR9LP	rnaseq_only	True	False
MTND1P11	rnaseq_only	True	False
MTND1P23	rnaseq_only	True	False
MTND1P5	rnaseq_only	True	False
MTND2P28	rnaseq_only	True	False
MTND2P29	rnaseq_only	True	False
MTND2P9	rnaseq_only	True	False
MTND4LP30	rnaseq_only	True	False
MTND4P12	rnaseq_only	True	False
MTND4P24	rnaseq_only	True	False
MTND4P35	rnaseq_only	True	False
MTND5P1	rnaseq_only	True	False
MTND5P10	rnaseq_only	True	False
MTND5P11	rnaseq_only	True	False
MTND5P26	rnaseq_only	True	False
MTND5P9	rnaseq_only	True	False
MTND6P19	rnaseq_only	True	False
MTND6P35	rnaseq_only	True	False
MTPN	rnaseq_only	True	False
MTRF1LP1	rnaseq_only	True	False
MTRF1LP2	rnaseq_only	True	False
MTX1LP	rnaseq_only	True	False
MUC12-AS1	rnaseq_only	True	False
MUC20-OT1	rnaseq_only	True	False
MUC20P1	rnaseq_only	True	False
MVP-DT	rnaseq_only	True	False
MXRA5Y	rnaseq_only	True	False
MXRA7P1	rnaseq_only	True	False
MYADM-AS2	rnaseq_only	True	False
MYG1-AS1	rnaseq_only	True	False
MYL12-AS1	rnaseq_only	True	False
MYL12AP1	rnaseq_only	True	False
MYL12BP1	rnaseq_only	True	False
MYL12BP2	rnaseq_only	True	False
MYL12BP3	rnaseq_only	True	False
MYL6P1	rnaseq_only	True	False
MYL6P2	rnaseq_only	True	False
MYL6P3	rnaseq_only	True	False
MYL6P5	rnaseq_only	True	False
MYLK-AS1	rnaseq_only	True	False
MYLKP1	rnaseq_only	True	False
MYO1B-AS1	rnaseq_only	True	False
MYO1D-DT	rnaseq_only	True	False
MYOCOS	rnaseq_only	True	False
MYOSLID	rnaseq_only	True	False
MYOSLID-AS1	rnaseq_only	True	False
MYRF-AS1	rnaseq_only	True	False
MYT1L-AS1	rnaseq_only	True	False
MZF1-AS1	rnaseq_only	True	False
N4BP2L2-IT2	rnaseq_only	True	False
NAA50P2	rnaseq_only	True	False
NAB1P1	rnaseq_only	True	False
NACA3P	rnaseq_only	True	False
NACA4P	rnaseq_only	True	False
NACAP10	rnaseq_only	True	False
NACAP2	rnaseq_only	True	False
NACAP5	rnaseq_only	True	False
NACAP7	rnaseq_only	True	False
NACAP8	rnaseq_only	True	False
NACC1-AS1	rnaseq_only	True	False
NAIPP1	rnaseq_only	True	False
NAIPP2	rnaseq_only	True	False
NAIPP3	rnaseq_only	True	False
NAIPP4	rnaseq_only	True	False
NALCN-AS1	rnaseq_only	True	False
NALF1-IT1	rnaseq_only	True	False
NALT1	rnaseq_only	True	False
NAMPT-AS1	rnaseq_only	True	False
NAMPTP1	rnaseq_only	True	False
NAMPTP3	rnaseq_only	True	False
NANOGNBP3	rnaseq_only	True	False
NANOGP5	rnaseq_only	True	False
NANOGP7	rnaseq_only	True	False
NANOGP8	rnaseq_only	True	False
NAP1L1P1	rnaseq_only	True	False
NAP1L1P3	rnaseq_only	True	False
NAP1L4P1	rnaseq_only	True	False
NAP1L4P3	rnaseq_only	True	False
NAPA-AS1	rnaseq_only	True	False
NARF-AS2	rnaseq_only	True	False
NARF-IT1	rnaseq_only	True	False
NASPP1	rnaseq_only	True	False
NAXD-AS1	rnaseq_only	True	False
NAXEP1	rnaseq_only	True	False
NBDY	rnaseq_only	True	False
NBEAP2	rnaseq_only	True	False
NBEAP4	rnaseq_only	True	False
NBPF17P	rnaseq_only	True	False
NBPF19	rnaseq_only	True	False
NBPF25P	rnaseq_only	True	False
NBPF26	rnaseq_only	True	False
NBR2	rnaseq_only	True	False
NCAL1	rnaseq_only	True	False
NCAM1-AS2	rnaseq_only	True	False
NCAPD2P1	rnaseq_only	True	False
NCAPGP1	rnaseq_only	True	False
NCAPGP2	rnaseq_only	True	False
NCBP2-AS1	rnaseq_only	True	False
NCBP2AS2	rnaseq_only	True	False
NCK1-DT	rnaseq_only	True	False
NCLP1	rnaseq_only	True	False
NCLP2	rnaseq_only	True	False
NCOA4P3	rnaseq_only	True	False
NCOA4P4	rnaseq_only	True	False
NDUFA5P11	rnaseq_only	True	False
NDUFA5P12	rnaseq_only	True	False
NDUFA6-DT	rnaseq_only	True	False
NDUFA9P1	rnaseq_only	True	False
NDUFAB1P1	rnaseq_only	True	False
NDUFAF1P1	rnaseq_only	True	False
NDUFAF2P1	rnaseq_only	True	False
NDUFAF2P2	rnaseq_only	True	False
NDUFAF4P1	rnaseq_only	True	False
NDUFB10P1	rnaseq_only	True	False
NDUFB2-AS1	rnaseq_only	True	False
NDUFB4P2	rnaseq_only	True	False
NDUFB5P1	rnaseq_only	True	False
NDUFB8P1	rnaseq_only	True	False
NDUFB9P1	rnaseq_only	True	False
NDUFB9P2	rnaseq_only	True	False
NDUFC2	rnaseq_only	True	False
NDUFS5P5	rnaseq_only	True	False
NDUFS7-AS1	rnaseq_only	True	False
NDUFV2-AS1	rnaseq_only	True	False
NDUFV2P1	rnaseq_only	True	False
NEAT1	rnaseq_only	True	False
NEBL-AS1	rnaseq_only	True	False
NECAP1P1	rnaseq_only	True	False
NECTIN3-AS1	rnaseq_only	True	False
NEDD8	rnaseq_only	True	False
NEDD8-MDP1	rnaseq_only	True	False
NEDD8P1	rnaseq_only	True	False
NEFHP1	rnaseq_only	True	False
NEK11-AS1	rnaseq_only	True	False
NEK2-DT	rnaseq_only	True	False
NEK2P2	rnaseq_only	True	False
NEK2P4	rnaseq_only	True	False
NEK4P2	rnaseq_only	True	False
NEMP2-DT	rnaseq_only	True	False
NEPNP	rnaseq_only	True	False
NEXN-AS1	rnaseq_only	True	False
NF1P12	rnaseq_only	True	False
NF1P2	rnaseq_only	True	False
NF1P7	rnaseq_only	True	False
NFE2L1-DT	rnaseq_only	True	False
NFIB-AS1	rnaseq_only	True	False
NFKB1-AS1	rnaseq_only	True	False
NFU1P1	rnaseq_only	True	False
NFU1P2	rnaseq_only	True	False
NFYBP1	rnaseq_only	True	False
NFYC-AS1	rnaseq_only	True	False
NGF-AS1	rnaseq_only	True	False
NHIP	rnaseq_only	True	False
NHP2P1	rnaseq_only	True	False
NHP2P2	rnaseq_only	True	False
NHSL1-AS1	rnaseq_only	True	False
NICN1	rnaseq_only	True	False
NIFK-AS1	rnaseq_only	True	False
NIFKP1	rnaseq_only	True	False
NIFKP3	rnaseq_only	True	False
NIFKP4	rnaseq_only	True	False
NIFKP6	rnaseq_only	True	False
NIFKP7	rnaseq_only	True	False
NIFKP8	rnaseq_only	True	False
NIHCOLE	rnaseq_only	True	False
NINJ2-AS1	rnaseq_only	True	False
NIP7P2	rnaseq_only	True	False
NIPBL-DT	rnaseq_only	True	False
NIPSNAP3B	rnaseq_only	True	False
NKAPP1	rnaseq_only	True	False
NKILA	rnaseq_only	True	False
NMD3P1	rnaseq_only	True	False
NMD3P2	rnaseq_only	True	False
NME1-NME2	rnaseq_only	True	False
NME2	rnaseq_only	True	False
NME2P1	rnaseq_only	True	False
NMNAT1P4	rnaseq_only	True	False
NMRAL2P	rnaseq_only	True	False
NNT-AS1	rnaseq_only	True	False
NOC2LP1	rnaseq_only	True	False
NOC2LP2	rnaseq_only	True	False
NOL11P1	rnaseq_only	True	False
NOL12	rnaseq_only	True	False
NOL8P1	rnaseq_only	True	False
NOLC1P1	rnaseq_only	True	False
NONOP2	rnaseq_only	True	False
NOP14-AS1	rnaseq_only	True	False
NOP35P1	rnaseq_only	True	False
NORAD	rnaseq_only	True	False
NOTCH2NLB	rnaseq_only	True	False
NOTCH2NLC	rnaseq_only	True	False
NOTCH2NLR	rnaseq_only	True	False
NOVA1-DT	rnaseq_only	True	False
NPAS2-AS1	rnaseq_only	True	False
NPEPPSP1	rnaseq_only	True	False
NPHP3-AS1	rnaseq_only	True	False
NPIPA2	rnaseq_only	True	False
NPIPA6	rnaseq_only	True	False
NPIPA8	rnaseq_only	True	False
NPIPA9	rnaseq_only	True	False
NPIPB12	rnaseq_only	True	False
NPIPB14P	rnaseq_only	True	False
NPIPB2	rnaseq_only	True	False
NPIPB7	rnaseq_only	True	False
NPIPP1	rnaseq_only	True	False
NPM1P11	rnaseq_only	True	False
NPM1P12	rnaseq_only	True	False
NPM1P13	rnaseq_only	True	False
NPM1P14	rnaseq_only	True	False
NPM1P17	rnaseq_only	True	False
NPM1P18	rnaseq_only	True	False
NPM1P19	rnaseq_only	True	False
NPM1P2	rnaseq_only	True	False
NPM1P20	rnaseq_only	True	False
NPM1P21	rnaseq_only	True	False
NPM1P22	rnaseq_only	True	False
NPM1P23	rnaseq_only	True	False
NPM1P24	rnaseq_only	True	False
NPM1P25	rnaseq_only	True	False
NPM1P26	rnaseq_only	True	False
NPM1P27	rnaseq_only	True	False
NPM1P29	rnaseq_only	True	False
NPM1P3	rnaseq_only	True	False
NPM1P30	rnaseq_only	True	False
NPM1P31	rnaseq_only	True	False
NPM1P32	rnaseq_only	True	False
NPM1P33	rnaseq_only	True	False
NPM1P34	rnaseq_only	True	False
NPM1P35	rnaseq_only	True	False
NPM1P36	rnaseq_only	True	False
NPM1P37	rnaseq_only	True	False
NPM1P38	rnaseq_only	True	False
NPM1P39	rnaseq_only	True	False
NPM1P4	rnaseq_only	True	False
NPM1P40	rnaseq_only	True	False
NPM1P41	rnaseq_only	True	False
NPM1P42	rnaseq_only	True	False
NPM1P43	rnaseq_only	True	False
NPM1P45	rnaseq_only	True	False
NPM1P46	rnaseq_only	True	False
NPM1P48	rnaseq_only	True	False
NPM1P5	rnaseq_only	True	False
NPM1P50	rnaseq_only	True	False
NPM1P51	rnaseq_only	True	False
NPM1P6	rnaseq_only	True	False
NPM1P7	rnaseq_only	True	False
NPM1P8	rnaseq_only	True	False
NPM1P9	rnaseq_only	True	False
NPSR1-AS1	rnaseq_only	True	False
NPTN-IT1	rnaseq_only	True	False
NPY4R2	rnaseq_only	True	False
NQO1-AS1	rnaseq_only	True	False
NQO1-DT	rnaseq_only	True	False
NQO2-AS1	rnaseq_only	True	False
NR2F1-AS1	rnaseq_only	True	False
NR2F2-AS1	rnaseq_only	True	False
NRAV	rnaseq_only	True	False
NRBF2P3	rnaseq_only	True	False
NRBF2P4	rnaseq_only	True	False
NRBF2P6	rnaseq_only	True	False
NRIP3-DT	rnaseq_only	True	False
NSA2P1	rnaseq_only	True	False
NSA2P2	rnaseq_only	True	False
NSA2P3	rnaseq_only	True	False
NSA2P4	rnaseq_only	True	False
NSA2P5	rnaseq_only	True	False
NSA2P6	rnaseq_only	True	False
NSA2P7	rnaseq_only	True	False
NSFP1	rnaseq_only	True	False
NSMCE1-DT	rnaseq_only	True	False
NSRP1P1	rnaseq_only	True	False
NT5C3AP1	rnaseq_only	True	False
NT5DC1P2	rnaseq_only	True	False
NT5DC4	rnaseq_only	True	False
NTAN1P2	rnaseq_only	True	False
NTF6A	rnaseq_only	True	False
NTF6B	rnaseq_only	True	False
NUCKS1P1	rnaseq_only	True	False
NUDCP1	rnaseq_only	True	False
NUDCP2	rnaseq_only	True	False
NUDT16-DT	rnaseq_only	True	False
NUDT19-DT	rnaseq_only	True	False
NUDT19P2	rnaseq_only	True	False
NUDT4B	rnaseq_only	True	False
NUDT9P1	rnaseq_only	True	False
NUFIP1P1	rnaseq_only	True	False
NUMA1-AS1	rnaseq_only	True	False
NUP107-DT	rnaseq_only	True	False
NUP153-AS1	rnaseq_only	True	False
NUP50-DT	rnaseq_only	True	False
NUP50P1	rnaseq_only	True	False
NUP50P2	rnaseq_only	True	False
NUP93-DT	rnaseq_only	True	False
NUP98	rnaseq_only	True	False
NUPR2P1	rnaseq_only	True	False
NUS1P1	rnaseq_only	True	False
NUS1P2	rnaseq_only	True	False
NUS1P3	rnaseq_only	True	False
NUTF2P2	rnaseq_only	True	False
NUTF2P3	rnaseq_only	True	False
NUTF2P7	rnaseq_only	True	False
NUTM2A-AS1	rnaseq_only	True	False
NUTM2B-AS1	rnaseq_only	True	False
NUTM2D	rnaseq_only	True	False
NUTM2E	rnaseq_only	True	False
NUTM2HP	rnaseq_only	True	False
OBI1-AS1	rnaseq_only	True	False
OCLNP1	rnaseq_only	True	False
ODC1-DT	rnaseq_only	True	False
ODCP	rnaseq_only	True	False
OFD1P4Y	rnaseq_only	True	False
OGFOD1P1	rnaseq_only	True	False
OGFRP1	rnaseq_only	True	False
OIP5-AS1	rnaseq_only	True	False
OLA1P1	rnaseq_only	True	False
OLA1P2	rnaseq_only	True	False
OLMALINC	rnaseq_only	True	False
OOEPP2	rnaseq_only	True	False
OOSP1P2	rnaseq_only	True	False
OPN1MW3	rnaseq_only	True	False
OR10Y1P	rnaseq_only	True	False
OR1F2P	rnaseq_only	True	False
OR2S1P	rnaseq_only	True	False
OR2W4P	rnaseq_only	True	False
OR2W6P	rnaseq_only	True	False
OR4A21P	rnaseq_only	True	False
OR4B2P	rnaseq_only	True	False
OR4C10P	rnaseq_only	True	False
OR4F14P	rnaseq_only	True	False
OR51H1	rnaseq_only	True	False
OR52B5P	rnaseq_only	True	False
OR55B1P	rnaseq_only	True	False
OR56B2	rnaseq_only	True	False
OR7E100P	rnaseq_only	True	False
OR7E102P	rnaseq_only	True	False
OR7E111FP	rnaseq_only	True	False
OR7E154P	rnaseq_only	True	False
OR7E15P	rnaseq_only	True	False
OR7E21P	rnaseq_only	True	False
OR7E28P	rnaseq_only	True	False
OR7E38P	rnaseq_only	True	False
OR7E55P	rnaseq_only	True	False
OR7E59P	rnaseq_only	True	False
OR7E85P	rnaseq_only	True	False
OR7M1P	rnaseq_only	True	False
OR8I1P	rnaseq_only	True	False
OR9H1	rnaseq_only	True	False
OS9-AS1	rnaseq_only	True	False
OSER1-DT	rnaseq_only	True	False
OSGEPL1-AS1	rnaseq_only	True	False
OSMR-DT	rnaseq_only	True	False
OSTCP2	rnaseq_only	True	False
OSTCP3	rnaseq_only	True	False
OSTCP8	rnaseq_only	True	False
OSTM1-AS1	rnaseq_only	True	False
OTOAP1	rnaseq_only	True	False
OTUD4P1	rnaseq_only	True	False
OTUD6B-AS1	rnaseq_only	True	False
OTULIN-DT	rnaseq_only	True	False
OVAAL	rnaseq_only	True	False
OVCA2	rnaseq_only	True	False
OVCH1-AS1	rnaseq_only	True	False
OVOS1P	rnaseq_only	True	False
OVOS2P	rnaseq_only	True	False
OXA1L-DT	rnaseq_only	True	False
OXCT1-AS1	rnaseq_only	True	False
P2RX6P	rnaseq_only	True	False
P2RY11	rnaseq_only	True	False
P3R3URF-PIK3R3	rnaseq_only	True	False
P4HB-AS1	rnaseq_only	True	False
PA2G4P1	rnaseq_only	True	False
PA2G4P2	rnaseq_only	True	False
PA2G4P3	rnaseq_only	True	False
PA2G4P4	rnaseq_only	True	False
PA2G4P5	rnaseq_only	True	False
PA2G4P6	rnaseq_only	True	False
PABPC1L2B-AS1	rnaseq_only	True	False
PABPC1P1	rnaseq_only	True	False
PABPC1P10	rnaseq_only	True	False
PABPC1P2	rnaseq_only	True	False
PABPC1P4	rnaseq_only	True	False
PABPC1P7	rnaseq_only	True	False
PABPN1P1	rnaseq_only	True	False
PABPN1P2	rnaseq_only	True	False
PACERR	rnaseq_only	True	False
PACRG-AS1	rnaseq_only	True	False
PAFAH1B1P1	rnaseq_only	True	False
PAFAH1B2P1	rnaseq_only	True	False
PAGR1	rnaseq_only	True	False
PAICSP2	rnaseq_only	True	False
PAICSP4	rnaseq_only	True	False
PAIP1P1	rnaseq_only	True	False
PAIP1P2	rnaseq_only	True	False
PAK6	rnaseq_only	True	False
PAM16	rnaseq_only	True	False
PAN3-AS1	rnaseq_only	True	False
PANDAR	rnaseq_only	True	False
PANK1-AS1	rnaseq_only	True	False
PANK2-AS1	rnaseq_only	True	False
PANK3P1	rnaseq_only	True	False
PAPLN-AS2	rnaseq_only	True	False
PAPOLA-DT	rnaseq_only	True	False
PAPPA-AS1	rnaseq_only	True	False
PAPPA-AS2	rnaseq_only	True	False
PAQR5-DT	rnaseq_only	True	False
PARAIL	rnaseq_only	True	False
PARD6G-AS1	rnaseq_only	True	False
PARGP1	rnaseq_only	True	False
PARLP2	rnaseq_only	True	False
PARP1P1	rnaseq_only	True	False
PARP4P1	rnaseq_only	True	False
PARP4P2	rnaseq_only	True	False
PARTICL	rnaseq_only	True	False
PAX8-AS1	rnaseq_only	True	False
PAXBP1-AS1	rnaseq_only	True	False
PAXIP1-AS2	rnaseq_only	True	False
PAXIP1-DT	rnaseq_only	True	False
PBX2P1	rnaseq_only	True	False
PBX3-DT	rnaseq_only	True	False
PCAT1	rnaseq_only	True	False
PCAT19	rnaseq_only	True	False
PCAT6	rnaseq_only	True	False
PCAT7	rnaseq_only	True	False
PCBP1-AS1	rnaseq_only	True	False
PCBP2-OT1	rnaseq_only	True	False
PCBP2P1	rnaseq_only	True	False
PCBP2P2	rnaseq_only	True	False
PCBP2P3	rnaseq_only	True	False
PCBP3-AS1	rnaseq_only	True	False
PCCA-DT	rnaseq_only	True	False
PCDH10-DT	rnaseq_only	True	False
PCDH8P1	rnaseq_only	True	False
PCDHA1	rnaseq_only	True	False
PCDHA10	rnaseq_only	True	False
PCDHA12	rnaseq_only	True	False
PCDHA13	rnaseq_only	True	False
PCDHAC2	rnaseq_only	True	False
PCDHB1-AS1	rnaseq_only	True	False
PCDHB17P	rnaseq_only	True	False
PCDHB18P	rnaseq_only	True	False
PCDHB19P	rnaseq_only	True	False
PCDHGA1	rnaseq_only	True	False
PCDHGA10	rnaseq_only	True	False
PCDHGA11	rnaseq_only	True	False
PCDHGA12	rnaseq_only	True	False
PCDHGA2	rnaseq_only	True	False
PCDHGA3	rnaseq_only	True	False
PCDHGA4	rnaseq_only	True	False
PCDHGA5	rnaseq_only	True	False
PCDHGA6	rnaseq_only	True	False
PCDHGA7	rnaseq_only	True	False
PCDHGA8	rnaseq_only	True	False
PCDHGA9	rnaseq_only	True	False
PCDHGB1	rnaseq_only	True	False
PCDHGB2	rnaseq_only	True	False
PCDHGB3	rnaseq_only	True	False
PCDHGB4	rnaseq_only	True	False
PCDHGB5	rnaseq_only	True	False
PCDHGB6	rnaseq_only	True	False
PCDHGB7	rnaseq_only	True	False
PCDHGB8P	rnaseq_only	True	False
PCDHGB9P	rnaseq_only	True	False
PCDHGC4	rnaseq_only	True	False
PCDHGC5	rnaseq_only	True	False
PCGF3-AS1	rnaseq_only	True	False
PCGF7P	rnaseq_only	True	False
PCMTD1-DT	rnaseq_only	True	False
PCMTD1P2	rnaseq_only	True	False
PCNAP3	rnaseq_only	True	False
PCNAP4	rnaseq_only	True	False
PCNPP1	rnaseq_only	True	False
PCNPP3	rnaseq_only	True	False
PCNPP5	rnaseq_only	True	False
PCNX4-DT	rnaseq_only	True	False
PDAP1P1	rnaseq_only	True	False
PDAP1P2	rnaseq_only	True	False
PDAP1P3	rnaseq_only	True	False
PDC-AS1	rnaseq_only	True	False
PDCD2P1	rnaseq_only	True	False
PDCD2P2	rnaseq_only	True	False
PDCD4-AS1	rnaseq_only	True	False
PDCD5P1	rnaseq_only	True	False
PDCD5P2	rnaseq_only	True	False
PDCD6-AHRR	rnaseq_only	True	False
PDCD6-DT	rnaseq_only	True	False
PDCD6IP-DT	rnaseq_only	True	False
PDCD6IPP1	rnaseq_only	True	False
PDCD6IPP2	rnaseq_only	True	False
PDCD6P1	rnaseq_only	True	False
PDCL3P1	rnaseq_only	True	False
PDCL3P4	rnaseq_only	True	False
PDCL3P5	rnaseq_only	True	False
PDCL3P7	rnaseq_only	True	False
PDE4DIPP2	rnaseq_only	True	False
PDE4DIPP6	rnaseq_only	True	False
PDE4DIPP8	rnaseq_only	True	False
PDE7A-DT	rnaseq_only	True	False
PDE7B-AS1	rnaseq_only	True	False
PDGFA-DT	rnaseq_only	True	False
PDIA3P1	rnaseq_only	True	False
PDK4-AS1	rnaseq_only	True	False
PDLIM1P1	rnaseq_only	True	False
PDLIM1P4	rnaseq_only	True	False
PDLIM7-AS1	rnaseq_only	True	False
PDPK2P	rnaseq_only	True	False
PDPR2P	rnaseq_only	True	False
PDXDC2P	rnaseq_only	True	False
PDXP	rnaseq_only	True	False
PDZK1P1	rnaseq_only	True	False
PDZRN3-AS1	rnaseq_only	True	False
PEARL1	rnaseq_only	True	False
PEBP1P1	rnaseq_only	True	False
PEBP1P2	rnaseq_only	True	False
PEG13	rnaseq_only	True	False
PELO-AS1	rnaseq_only	True	False
PELP1-DT	rnaseq_only	True	False
PENK-AS1	rnaseq_only	True	False
PERCC1	rnaseq_only	True	False
PERPP2	rnaseq_only	True	False
PERPP3	rnaseq_only	True	False
PET100P1	rnaseq_only	True	False
PFDN4P1	rnaseq_only	True	False
PFKFB3-AS1	rnaseq_only	True	False
PFKP-DT	rnaseq_only	True	False
PFN1P1	rnaseq_only	True	False
PFN1P10	rnaseq_only	True	False
PGAM1P10	rnaseq_only	True	False
PGAM1P11	rnaseq_only	True	False
PGAM1P12	rnaseq_only	True	False
PGAM1P4	rnaseq_only	True	False
PGAM1P5	rnaseq_only	True	False
PGAM1P6	rnaseq_only	True	False
PGAM1P7	rnaseq_only	True	False
PGAM1P8	rnaseq_only	True	False
PGDP1	rnaseq_only	True	False
PGGT1BP1	rnaseq_only	True	False
PGGT1BP2	rnaseq_only	True	False
PGK1P1	rnaseq_only	True	False
PGK1P2	rnaseq_only	True	False
PGLS-DT	rnaseq_only	True	False
PGM5P2	rnaseq_only	True	False
PGM5P3-AS1	rnaseq_only	True	False
PHB1P1	rnaseq_only	True	False
PHB1P10	rnaseq_only	True	False
PHB1P11	rnaseq_only	True	False
PHB1P19	rnaseq_only	True	False
PHB1P21	rnaseq_only	True	False
PHB1P3	rnaseq_only	True	False
PHB1P4	rnaseq_only	True	False
PHB1P7	rnaseq_only	True	False
PHB1P8	rnaseq_only	True	False
PHB1P9	rnaseq_only	True	False
PHC1P1	rnaseq_only	True	False
PHF10P1	rnaseq_only	True	False
PHF10P2	rnaseq_only	True	False
PHF5AP1	rnaseq_only	True	False
PHKA1-AS1	rnaseq_only	True	False
PHKA1P1	rnaseq_only	True	False
PHKA2-AS1	rnaseq_only	True	False
PHLDA1-AS1	rnaseq_only	True	False
PHLDA1-DT	rnaseq_only	True	False
PICART1	rnaseq_only	True	False
PIEZO1P2	rnaseq_only	True	False
PIGAP1	rnaseq_only	True	False
PIGCP1	rnaseq_only	True	False
PIGHP1	rnaseq_only	True	False
PIGQ	rnaseq_only	True	False
PIGY-DT	rnaseq_only	True	False
PIMREGP4	rnaseq_only	True	False
PIN1-DT	rnaseq_only	True	False
PIN1P1	rnaseq_only	True	False
PIN4P1	rnaseq_only	True	False
PINCR	rnaseq_only	True	False
PINK1-AS	rnaseq_only	True	False
PIP5K1P1	rnaseq_only	True	False
PIPSL	rnaseq_only	True	False
PIRAT1	rnaseq_only	True	False
PITPNA-AS1	rnaseq_only	True	False
PITRM1-AS1	rnaseq_only	True	False
PITX1-AS1	rnaseq_only	True	False
PKD1P1	rnaseq_only	True	False
PKD1P2	rnaseq_only	True	False
PKD1P3	rnaseq_only	True	False
PKD1P4	rnaseq_only	True	False
PKD1P5	rnaseq_only	True	False
PKD1P6	rnaseq_only	True	False
PKD1P6-NPIPP1	rnaseq_only	True	False
PKD2L2-DT	rnaseq_only	True	False
PKMP1	rnaseq_only	True	False
PKMP2	rnaseq_only	True	False
PKMP3	rnaseq_only	True	False
PKMP4	rnaseq_only	True	False
PKMP5	rnaseq_only	True	False
PKN2-AS1	rnaseq_only	True	False
PKP4P1	rnaseq_only	True	False
PLA2G12AP1	rnaseq_only	True	False
PLA2G4B	rnaseq_only	True	False
PLAC9P1	rnaseq_only	True	False
PLCG1-AS1	rnaseq_only	True	False
PLCXD2	rnaseq_only	True	False
PLD5P1	rnaseq_only	True	False
PLEKHA3P1	rnaseq_only	True	False
PLEKHM1P1	rnaseq_only	True	False
PLEKHM2-AS1	rnaseq_only	True	False
PLGLA	rnaseq_only	True	False
PLGLB2	rnaseq_only	True	False
PLIN3-AS1	rnaseq_only	True	False
PLS3-AS1	rnaseq_only	True	False
PLXNB3-AS1	rnaseq_only	True	False
PLXNC1-AS1	rnaseq_only	True	False
PM20D1-AS1	rnaseq_only	True	False
PMF1-BGLAP	rnaseq_only	True	False
PMM2-AS1	rnaseq_only	True	False
PMPCAP1	rnaseq_only	True	False
PMS2CL	rnaseq_only	True	False
PMS2P1	rnaseq_only	True	False
PMS2P10	rnaseq_only	True	False
PMS2P11	rnaseq_only	True	False
PMS2P12	rnaseq_only	True	False
PMS2P13	rnaseq_only	True	False
PMS2P14	rnaseq_only	True	False
PMS2P2	rnaseq_only	True	False
PMS2P4	rnaseq_only	True	False
PMS2P5	rnaseq_only	True	False
PMS2P6	rnaseq_only	True	False
PMS2P7	rnaseq_only	True	False
PMS2P9	rnaseq_only	True	False
PNISR-AS1	rnaseq_only	True	False
PNMA6B	rnaseq_only	True	False
PNMA6E	rnaseq_only	True	False
PNPT1P1	rnaseq_only	True	False
PNRC2P1	rnaseq_only	True	False
POC1B-AS1	rnaseq_only	True	False
POC1B-GALNT4	rnaseq_only	True	False
POGLUT2P1	rnaseq_only	True	False
POLD2P1	rnaseq_only	True	False
POLG-DT	rnaseq_only	True	False
POLGARF	rnaseq_only	True	False
POLN	rnaseq_only	True	False
POLR1HASP	rnaseq_only	True	False
POLR2J2	rnaseq_only	True	False
POLR2J3-UPK3BL2	rnaseq_only	True	False
POLR2M	rnaseq_only	True	False
POLR2MP1	rnaseq_only	True	False
POLR3DP1	rnaseq_only	True	False
POLR3GP1	rnaseq_only	True	False
POLR3GP2	rnaseq_only	True	False
POLRMTP1	rnaseq_only	True	False
POM121B	rnaseq_only	True	False
POM121L15P	rnaseq_only	True	False
POM121L6P	rnaseq_only	True	False
PORCN-DT	rnaseq_only	True	False
POT1-AS1	rnaseq_only	True	False
POTEKP	rnaseq_only	True	False
POU2F1-DT	rnaseq_only	True	False
POU5F1P5	rnaseq_only	True	False
POU5F2	rnaseq_only	True	False
PP12613	rnaseq_only	True	False
PP1P	rnaseq_only	True	False
PPAN	rnaseq_only	True	False
PPATP1	rnaseq_only	True	False
PPFIA1P1	rnaseq_only	True	False
PPFIA2-AS2	rnaseq_only	True	False
PPIAL4D	rnaseq_only	True	False
PPIAL4H	rnaseq_only	True	False
PPIAP1	rnaseq_only	True	False
PPIAP11	rnaseq_only	True	False
PPIAP13	rnaseq_only	True	False
PPIAP15	rnaseq_only	True	False
PPIAP16	rnaseq_only	True	False
PPIAP19	rnaseq_only	True	False
PPIAP2	rnaseq_only	True	False
PPIAP21	rnaseq_only	True	False
PPIAP22	rnaseq_only	True	False
PPIAP23	rnaseq_only	True	False
PPIAP26	rnaseq_only	True	False
PPIAP29	rnaseq_only	True	False
PPIAP3	rnaseq_only	True	False
PPIAP31	rnaseq_only	True	False
PPIAP33	rnaseq_only	True	False
PPIAP34	rnaseq_only	True	False
PPIAP36	rnaseq_only	True	False
PPIAP37	rnaseq_only	True	False
PPIAP38	rnaseq_only	True	False
PPIAP39	rnaseq_only	True	False
PPIAP40	rnaseq_only	True	False
PPIAP42	rnaseq_only	True	False
PPIAP43	rnaseq_only	True	False
PPIAP44	rnaseq_only	True	False
PPIAP46	rnaseq_only	True	False
PPIAP47	rnaseq_only	True	False
PPIAP49	rnaseq_only	True	False
PPIAP50	rnaseq_only	True	False
PPIAP51	rnaseq_only	True	False
PPIAP53	rnaseq_only	True	False
PPIAP54	rnaseq_only	True	False
PPIAP55	rnaseq_only	True	False
PPIAP58	rnaseq_only	True	False
PPIAP59	rnaseq_only	True	False
PPIAP6	rnaseq_only	True	False
PPIAP60	rnaseq_only	True	False
PPIAP65	rnaseq_only	True	False
PPIAP66	rnaseq_only	True	False
PPIAP67	rnaseq_only	True	False
PPIAP68	rnaseq_only	True	False
PPIAP7	rnaseq_only	True	False
PPIAP71	rnaseq_only	True	False
PPIAP73	rnaseq_only	True	False
PPIAP74	rnaseq_only	True	False
PPIAP75	rnaseq_only	True	False
PPIAP77	rnaseq_only	True	False
PPIAP78	rnaseq_only	True	False
PPIAP79	rnaseq_only	True	False
PPIAP8	rnaseq_only	True	False
PPIAP80	rnaseq_only	True	False
PPIAP81	rnaseq_only	True	False
PPIAP82	rnaseq_only	True	False
PPIAP83	rnaseq_only	True	False
PPIAP86	rnaseq_only	True	False
PPIAP87	rnaseq_only	True	False
PPIAP88	rnaseq_only	True	False
PPIAP89	rnaseq_only	True	False
PPIAP9	rnaseq_only	True	False
PPIC-AS1	rnaseq_only	True	False
PPIEL	rnaseq_only	True	False
PPIHP1	rnaseq_only	True	False
PPIL1P1	rnaseq_only	True	False
PPIP5K1P1	rnaseq_only	True	False
PPM1B-DT	rnaseq_only	True	False
PPM1F-AS1	rnaseq_only	True	False
PPM1J-DT	rnaseq_only	True	False
PPM1L-DT	rnaseq_only	True	False
PPP1CB-DT	rnaseq_only	True	False
PPP1R11P1	rnaseq_only	True	False
PPP1R12A-AS1	rnaseq_only	True	False
PPP1R12BP2	rnaseq_only	True	False
PPP1R14B-AS1	rnaseq_only	True	False
PPP1R14BP2	rnaseq_only	True	False
PPP1R14BP3	rnaseq_only	True	False
PPP1R14BP4	rnaseq_only	True	False
PPP1R14BP5	rnaseq_only	True	False
PPP1R21-DT	rnaseq_only	True	False
PPP1R26-AS1	rnaseq_only	True	False
PPP1R2B	rnaseq_only	True	False
PPP1R2P2	rnaseq_only	True	False
PPP1R3B-DT	rnaseq_only	True	False
PPP1R9A-AS1	rnaseq_only	True	False
PPP2CA-DT	rnaseq_only	True	False
PPP2R5CP	rnaseq_only	True	False
PPP3CA-DT	rnaseq_only	True	False
PPP3CB-AS1	rnaseq_only	True	False
PPP4R1L	rnaseq_only	True	False
PPP4R2P1	rnaseq_only	True	False
PPP4R2P2	rnaseq_only	True	False
PPP4R2P3	rnaseq_only	True	False
PPP4R2P4	rnaseq_only	True	False
PPP4R2P5	rnaseq_only	True	False
PPP4R2P6	rnaseq_only	True	False
PPP4R3B-DT	rnaseq_only	True	False
PPT2-EGFL8	rnaseq_only	True	False
PRADX	rnaseq_only	True	False
PRAF2	rnaseq_only	True	False
PRANCR	rnaseq_only	True	False
PRDM10-DT	rnaseq_only	True	False
PRDM8-AS1	rnaseq_only	True	False
PRDX1P1	rnaseq_only	True	False
PRDX3P2	rnaseq_only	True	False
PRDX6-AS1	rnaseq_only	True	False
PRELID1P1	rnaseq_only	True	False
PRELID1P3	rnaseq_only	True	False
PRELID1P4	rnaseq_only	True	False
PRELID1P5	rnaseq_only	True	False
PRELID1P6	rnaseq_only	True	False
PRELID2P1	rnaseq_only	True	False
PRELID3BP10	rnaseq_only	True	False
PRELID3BP4	rnaseq_only	True	False
PREP-AS1	rnaseq_only	True	False
PRICKLE2-AS1	rnaseq_only	True	False
PRICKLE4	rnaseq_only	True	False
PRIM2BP	rnaseq_only	True	False
PRKAB1-AS1	rnaseq_only	True	False
PRKACB-DT	rnaseq_only	True	False
PRKAR1AP1	rnaseq_only	True	False
PRKAR2A-AS1	rnaseq_only	True	False
PRKCH-AS2	rnaseq_only	True	False
PRKCIP1	rnaseq_only	True	False
PRKCZ-AS1	rnaseq_only	True	False
PRKCZ-DT	rnaseq_only	True	False
PRKG1-AS1	rnaseq_only	True	False
PRKXP1	rnaseq_only	True	False
PRMT1P1	rnaseq_only	True	False
PRMT5-AS1	rnaseq_only	True	False
PRMT5-DT	rnaseq_only	True	False
PRMT5P1	rnaseq_only	True	False
PRNCR1	rnaseq_only	True	False
PRORSD1P	rnaseq_only	True	False
PROS2P	rnaseq_only	True	False
PROSER2-AS1	rnaseq_only	True	False
PRPF19-DT	rnaseq_only	True	False
PRPF38AP1	rnaseq_only	True	False
PRPF38AP2	rnaseq_only	True	False
PRPS1P2	rnaseq_only	True	False
PRR13P2	rnaseq_only	True	False
PRR13P5	rnaseq_only	True	False
PRR15-DT	rnaseq_only	True	False
PRR20E	rnaseq_only	True	False
PRR33	rnaseq_only	True	False
PRR34	rnaseq_only	True	False
PRR7-AS1	rnaseq_only	True	False
PRRT3-AS1	rnaseq_only	True	False
PRSS3P3	rnaseq_only	True	False
PRSS40B	rnaseq_only	True	False
PRSS44P	rnaseq_only	True	False
PRXL2AP2	rnaseq_only	True	False
PSAT1P1	rnaseq_only	True	False
PSAT1P3	rnaseq_only	True	False
PSAT1P4	rnaseq_only	True	False
PSG11-AS1	rnaseq_only	True	False
PSG8-AS1	rnaseq_only	True	False
PSIP1P1	rnaseq_only	True	False
PSMA2P3	rnaseq_only	True	False
PSMA3P1	rnaseq_only	True	False
PSMA6P1	rnaseq_only	True	False
PSMA6P2	rnaseq_only	True	False
PSMA6P4	rnaseq_only	True	False
PSMB7P1	rnaseq_only	True	False
PSMC1P1	rnaseq_only	True	False
PSMC1P10	rnaseq_only	True	False
PSMC1P11	rnaseq_only	True	False
PSMC1P12	rnaseq_only	True	False
PSMC1P13	rnaseq_only	True	False
PSMC1P2	rnaseq_only	True	False
PSMC1P3	rnaseq_only	True	False
PSMC1P8	rnaseq_only	True	False
PSMC1P9	rnaseq_only	True	False
PSMC2P1	rnaseq_only	True	False
PSMC3P1	rnaseq_only	True	False
PSMD10P2	rnaseq_only	True	False
PSMD10P3	rnaseq_only	True	False
PSMD12P1	rnaseq_only	True	False
PSMD14P1	rnaseq_only	True	False
PSMD4P1	rnaseq_only	True	False
PSMD6-AS2	rnaseq_only	True	False
PSMD7-DT	rnaseq_only	True	False
PSMD7P1	rnaseq_only	True	False
PSMD7P2	rnaseq_only	True	False
PSMD8P1	rnaseq_only	True	False
PSME2P1	rnaseq_only	True	False
PSME2P2	rnaseq_only	True	False
PSME2P3	rnaseq_only	True	False
PSME2P4	rnaseq_only	True	False
PSME2P6	rnaseq_only	True	False
PSPC1P1	rnaseq_only	True	False
PSPHP1	rnaseq_only	True	False
PTBP1P	rnaseq_only	True	False
PTCHD3P1	rnaseq_only	True	False
PTCSC1	rnaseq_only	True	False
PTENP1	rnaseq_only	True	False
PTGES2-DT	rnaseq_only	True	False
PTGES3L	rnaseq_only	True	False
PTGES3P1	rnaseq_only	True	False
PTGES3P2	rnaseq_only	True	False
PTGES3P3	rnaseq_only	True	False
PTMAP1	rnaseq_only	True	False
PTMAP10	rnaseq_only	True	False
PTMAP11	rnaseq_only	True	False
PTMAP12	rnaseq_only	True	False
PTMAP2	rnaseq_only	True	False
PTMAP3	rnaseq_only	True	False
PTMAP4	rnaseq_only	True	False
PTMAP5	rnaseq_only	True	False
PTMAP8	rnaseq_only	True	False
PTMAP9	rnaseq_only	True	False
PTOV1-AS1	rnaseq_only	True	False
PTOV1-AS2	rnaseq_only	True	False
PTOV1P1	rnaseq_only	True	False
PTP4A1P2	rnaseq_only	True	False
PTP4A1P3	rnaseq_only	True	False
PTP4A1P4	rnaseq_only	True	False
PTP4A1P6	rnaseq_only	True	False
PTP4A1P7	rnaseq_only	True	False
PTP4A2P1	rnaseq_only	True	False
PTP4A2P2	rnaseq_only	True	False
PTPN11P1	rnaseq_only	True	False
PTPN11P2	rnaseq_only	True	False
PTPN11P3	rnaseq_only	True	False
PTPN11P4	rnaseq_only	True	False
PTPN11P5	rnaseq_only	True	False
PTPN23-DT	rnaseq_only	True	False
PTPN2P1	rnaseq_only	True	False
PTPRB-AS1	rnaseq_only	True	False
PTPRD-AS1	rnaseq_only	True	False
PTPRG-AS1	rnaseq_only	True	False
PTPRT-AS1	rnaseq_only	True	False
PTPRVP	rnaseq_only	True	False
PTTG3P	rnaseq_only	True	False
PURPL	rnaseq_only	True	False
PVALEF	rnaseq_only	True	False
PVRIG2P	rnaseq_only	True	False
PVT1	rnaseq_only	True	False
PWAR5	rnaseq_only	True	False
PWRN2	rnaseq_only	True	False
PWWP2AP1	rnaseq_only	True	False
PXN-AS1	rnaseq_only	True	False
PYCR1-AS1	rnaseq_only	True	False
PYGO2-AS1	rnaseq_only	True	False
PYURF	rnaseq_only	True	False
PYY2	rnaseq_only	True	False
QRSL1P2	rnaseq_only	True	False
QRSL1P3	rnaseq_only	True	False
QTRT1P1	rnaseq_only	True	False
R3HDM2-DT	rnaseq_only	True	False
RAB11B-AS1	rnaseq_only	True	False
RAB11FIP1P1	rnaseq_only	True	False
RAB1AP1	rnaseq_only	True	False
RAB1C	rnaseq_only	True	False
RAB27B-AS1	rnaseq_only	True	False
RAB30-DT	rnaseq_only	True	False
RAB33B-AS1	rnaseq_only	True	False
RAB35-AS1	rnaseq_only	True	False
RAB43P1	rnaseq_only	True	False
RAB4A-AS1	rnaseq_only	True	False
RAB5CP2	rnaseq_only	True	False
RAB9AP3	rnaseq_only	True	False
RABGAP1	rnaseq_only	True	False
RABGAP1L-DT	rnaseq_only	True	False
RABGEF1P1	rnaseq_only	True	False
RABGEF1P2	rnaseq_only	True	False
RABGEF1P3	rnaseq_only	True	False
RABGGTBP1	rnaseq_only	True	False
RABL6	rnaseq_only	True	False
RAC1P2	rnaseq_only	True	False
RAC1P4	rnaseq_only	True	False
RAC1P5	rnaseq_only	True	False
RACGAP1P1	rnaseq_only	True	False
RACK1P1	rnaseq_only	True	False
RAD17P2	rnaseq_only	True	False
RAD21P1	rnaseq_only	True	False
RAD23BP1	rnaseq_only	True	False
RAD23BP3	rnaseq_only	True	False
RAD51-AS1	rnaseq_only	True	False
RAD52P1	rnaseq_only	True	False
RAET1E-AS1	rnaseq_only	True	False
RAET1K	rnaseq_only	True	False
RAF1P1	rnaseq_only	True	False
RALBP1P1	rnaseq_only	True	False
RALBP1P2	rnaseq_only	True	False
RALGAPA1P1	rnaseq_only	True	False
RALGPS2-AS1	rnaseq_only	True	False
RALY-AS1	rnaseq_only	True	False
RAMACL	rnaseq_only	True	False
RAMP2-AS1	rnaseq_only	True	False
RANBP1P1	rnaseq_only	True	False
RANBP20P	rnaseq_only	True	False
RANBP3-DT	rnaseq_only	True	False
RANP1	rnaseq_only	True	False
RANP5	rnaseq_only	True	False
RANP6	rnaseq_only	True	False
RAP1AP	rnaseq_only	True	False
RAP1BL	rnaseq_only	True	False
RAP1BP1	rnaseq_only	True	False
RAP2C-AS1	rnaseq_only	True	False
RARA-AS1	rnaseq_only	True	False
RASA4DP	rnaseq_only	True	False
RASA4EP	rnaseq_only	True	False
RASAL2-AS1	rnaseq_only	True	False
RASSF8-AS1	rnaseq_only	True	False
RB1-DT	rnaseq_only	True	False
RBAK-RBAKDN	rnaseq_only	True	False
RBBP4P1	rnaseq_only	True	False
RBBP4P2	rnaseq_only	True	False
RBBP4P3	rnaseq_only	True	False
RBBP4P4	rnaseq_only	True	False
RBBP4P5	rnaseq_only	True	False
RBBP8-AS1	rnaseq_only	True	False
RBFADN	rnaseq_only	True	False
RBISP3	rnaseq_only	True	False
RBM12B-AS1	rnaseq_only	True	False
RBM12B-DT	rnaseq_only	True	False
RBM15-AS1	rnaseq_only	True	False
RBM17P4	rnaseq_only	True	False
RBM25-AS1	rnaseq_only	True	False
RBM26-AS1	rnaseq_only	True	False
RBM27-POU4F3	rnaseq_only	True	False
RBM33-DT	rnaseq_only	True	False
RBM39P1	rnaseq_only	True	False
RBM7P1	rnaseq_only	True	False
RBM8B	rnaseq_only	True	False
RBMS1P1	rnaseq_only	True	False
RBMS2P1	rnaseq_only	True	False
RBMS3-AS3	rnaseq_only	True	False
RBMX2P2	rnaseq_only	True	False
RBMX2P5	rnaseq_only	True	False
RBMXL1	rnaseq_only	True	False
RBMXP1	rnaseq_only	True	False
RBMXP2	rnaseq_only	True	False
RBMXP3	rnaseq_only	True	False
RBMXP4	rnaseq_only	True	False
RBMXP5	rnaseq_only	True	False
RBMY2HP	rnaseq_only	True	False
RBPJP2	rnaseq_only	True	False
RBPJP6	rnaseq_only	True	False
RBPJP7	rnaseq_only	True	False
RBPMS-AS1	rnaseq_only	True	False
RBPMS2P1	rnaseq_only	True	False
RC3H1-DT	rnaseq_only	True	False
RC3H1-IT1	rnaseq_only	True	False
RCC2P6	rnaseq_only	True	False
RCC2P7	rnaseq_only	True	False
RCCD1-AS1	rnaseq_only	True	False
RCN1P1	rnaseq_only	True	False
RCN1P2	rnaseq_only	True	False
RDH14	rnaseq_only	True	False
RDM1P5	rnaseq_only	True	False
RDXP1	rnaseq_only	True	False
RDXP3	rnaseq_only	True	False
REELD1	rnaseq_only	True	False
RELA-DT	rnaseq_only	True	False
RENO1	rnaseq_only	True	False
RETREG1-AS1	rnaseq_only	True	False
REV3L-AS1	rnaseq_only	True	False
REXO1L1P	rnaseq_only	True	False
RFC3P1	rnaseq_only	True	False
RFESDP1	rnaseq_only	True	False
RFKP4	rnaseq_only	True	False
RFX3-DT	rnaseq_only	True	False
RFX5-AS1	rnaseq_only	True	False
RGMB-AS1	rnaseq_only	True	False
RGS17P1	rnaseq_only	True	False
RHEBP1	rnaseq_only	True	False
RHEBP2	rnaseq_only	True	False
RHOA-IT1	rnaseq_only	True	False
RHOBTB2-AS1	rnaseq_only	True	False
RHOQP1	rnaseq_only	True	False
RHOQP2	rnaseq_only	True	False
RHOQP3	rnaseq_only	True	False
RHOT1P1	rnaseq_only	True	False
RHOT1P2	rnaseq_only	True	False
RHOT1P3	rnaseq_only	True	False
RHOXF1-AS1	rnaseq_only	True	False
RHOXF1P3	rnaseq_only	True	False
RHPN1-AS1	rnaseq_only	True	False
RIMBP3B	rnaseq_only	True	False
RIMKLBP1	rnaseq_only	True	False
RIPOR3-AS1	rnaseq_only	True	False
RLIMP2	rnaseq_only	True	False
RMDN2-AS1	rnaseq_only	True	False
RMRP	rnaseq_only	True	False
RN7SKP1	rnaseq_only	True	False
RN7SKP10	rnaseq_only	True	False
RN7SKP102	rnaseq_only	True	False
RN7SKP107	rnaseq_only	True	False
RN7SKP108	rnaseq_only	True	False
RN7SKP11	rnaseq_only	True	False
RN7SKP110	rnaseq_only	True	False
RN7SKP111	rnaseq_only	True	False
RN7SKP112	rnaseq_only	True	False
RN7SKP113	rnaseq_only	True	False
RN7SKP114	rnaseq_only	True	False
RN7SKP115	rnaseq_only	True	False
RN7SKP118	rnaseq_only	True	False
RN7SKP119	rnaseq_only	True	False
RN7SKP120	rnaseq_only	True	False
RN7SKP121	rnaseq_only	True	False
RN7SKP124	rnaseq_only	True	False
RN7SKP127	rnaseq_only	True	False
RN7SKP130	rnaseq_only	True	False
RN7SKP131	rnaseq_only	True	False
RN7SKP133	rnaseq_only	True	False
RN7SKP134	rnaseq_only	True	False
RN7SKP137	rnaseq_only	True	False
RN7SKP139	rnaseq_only	True	False
RN7SKP140	rnaseq_only	True	False
RN7SKP143	rnaseq_only	True	False
RN7SKP144	rnaseq_only	True	False
RN7SKP146	rnaseq_only	True	False
RN7SKP148	rnaseq_only	True	False
RN7SKP149	rnaseq_only	True	False
RN7SKP15	rnaseq_only	True	False
RN7SKP150	rnaseq_only	True	False
RN7SKP151	rnaseq_only	True	False
RN7SKP152	rnaseq_only	True	False
RN7SKP154	rnaseq_only	True	False
RN7SKP16	rnaseq_only	True	False
RN7SKP160	rnaseq_only	True	False
RN7SKP161	rnaseq_only	True	False
RN7SKP162	rnaseq_only	True	False
RN7SKP163	rnaseq_only	True	False
RN7SKP165	rnaseq_only	True	False
RN7SKP166	rnaseq_only	True	False
RN7SKP167	rnaseq_only	True	False
RN7SKP170	rnaseq_only	True	False
RN7SKP172	rnaseq_only	True	False
RN7SKP173	rnaseq_only	True	False
RN7SKP174	rnaseq_only	True	False
RN7SKP175	rnaseq_only	True	False
RN7SKP176	rnaseq_only	True	False
RN7SKP177	rnaseq_only	True	False
RN7SKP178	rnaseq_only	True	False
RN7SKP180	rnaseq_only	True	False
RN7SKP184	rnaseq_only	True	False
RN7SKP185	rnaseq_only	True	False
RN7SKP186	rnaseq_only	True	False
RN7SKP187	rnaseq_only	True	False
RN7SKP188	rnaseq_only	True	False
RN7SKP189	rnaseq_only	True	False
RN7SKP191	rnaseq_only	True	False
RN7SKP193	rnaseq_only	True	False
RN7SKP194	rnaseq_only	True	False
RN7SKP196	rnaseq_only	True	False
RN7SKP198	rnaseq_only	True	False
RN7SKP199	rnaseq_only	True	False
RN7SKP200	rnaseq_only	True	False
RN7SKP203	rnaseq_only	True	False
RN7SKP204	rnaseq_only	True	False
RN7SKP205	rnaseq_only	True	False
RN7SKP207	rnaseq_only	True	False
RN7SKP208	rnaseq_only	True	False
RN7SKP210	rnaseq_only	True	False
RN7SKP211	rnaseq_only	True	False
RN7SKP213	rnaseq_only	True	False
RN7SKP214	rnaseq_only	True	False
RN7SKP217	rnaseq_only	True	False
RN7SKP22	rnaseq_only	True	False
RN7SKP221	rnaseq_only	True	False
RN7SKP222	rnaseq_only	True	False
RN7SKP224	rnaseq_only	True	False
RN7SKP226	rnaseq_only	True	False
RN7SKP227	rnaseq_only	True	False
RN7SKP228	rnaseq_only	True	False
RN7SKP229	rnaseq_only	True	False
RN7SKP230	rnaseq_only	True	False
RN7SKP231	rnaseq_only	True	False
RN7SKP236	rnaseq_only	True	False
RN7SKP237	rnaseq_only	True	False
RN7SKP239	rnaseq_only	True	False
RN7SKP240	rnaseq_only	True	False
RN7SKP241	rnaseq_only	True	False
RN7SKP243	rnaseq_only	True	False
RN7SKP245	rnaseq_only	True	False
RN7SKP246	rnaseq_only	True	False
RN7SKP249	rnaseq_only	True	False
RN7SKP25	rnaseq_only	True	False
RN7SKP250	rnaseq_only	True	False
RN7SKP255	rnaseq_only	True	False
RN7SKP257	rnaseq_only	True	False
RN7SKP26	rnaseq_only	True	False
RN7SKP261	rnaseq_only	True	False
RN7SKP264	rnaseq_only	True	False
RN7SKP268	rnaseq_only	True	False
RN7SKP269	rnaseq_only	True	False
RN7SKP270	rnaseq_only	True	False
RN7SKP271	rnaseq_only	True	False
RN7SKP273	rnaseq_only	True	False
RN7SKP278	rnaseq_only	True	False
RN7SKP279	rnaseq_only	True	False
RN7SKP28	rnaseq_only	True	False
RN7SKP280	rnaseq_only	True	False
RN7SKP281	rnaseq_only	True	False
RN7SKP283	rnaseq_only	True	False
RN7SKP285	rnaseq_only	True	False
RN7SKP291	rnaseq_only	True	False
RN7SKP292	rnaseq_only	True	False
RN7SKP294	rnaseq_only	True	False
RN7SKP296	rnaseq_only	True	False
RN7SKP297	rnaseq_only	True	False
RN7SKP30	rnaseq_only	True	False
RN7SKP36	rnaseq_only	True	False
RN7SKP37	rnaseq_only	True	False
RN7SKP38	rnaseq_only	True	False
RN7SKP44	rnaseq_only	True	False
RN7SKP45	rnaseq_only	True	False
RN7SKP47	rnaseq_only	True	False
RN7SKP48	rnaseq_only	True	False
RN7SKP50	rnaseq_only	True	False
RN7SKP55	rnaseq_only	True	False
RN7SKP56	rnaseq_only	True	False
RN7SKP6	rnaseq_only	True	False
RN7SKP60	rnaseq_only	True	False
RN7SKP62	rnaseq_only	True	False
RN7SKP63	rnaseq_only	True	False
RN7SKP65	rnaseq_only	True	False
RN7SKP68	rnaseq_only	True	False
RN7SKP69	rnaseq_only	True	False
RN7SKP7	rnaseq_only	True	False
RN7SKP70	rnaseq_only	True	False
RN7SKP71	rnaseq_only	True	False
RN7SKP72	rnaseq_only	True	False
RN7SKP74	rnaseq_only	True	False
RN7SKP76	rnaseq_only	True	False
RN7SKP77	rnaseq_only	True	False
RN7SKP78	rnaseq_only	True	False
RN7SKP79	rnaseq_only	True	False
RN7SKP8	rnaseq_only	True	False
RN7SKP80	rnaseq_only	True	False
RN7SKP86	rnaseq_only	True	False
RN7SKP87	rnaseq_only	True	False
RN7SKP9	rnaseq_only	True	False
RN7SKP90	rnaseq_only	True	False
RN7SKP91	rnaseq_only	True	False
RN7SKP93	rnaseq_only	True	False
RN7SKP94	rnaseq_only	True	False
RN7SKP97	rnaseq_only	True	False
RN7SKP98	rnaseq_only	True	False
RN7SL1	rnaseq_only	True	False
RN7SL100P	rnaseq_only	True	False
RN7SL105P	rnaseq_only	True	False
RN7SL107P	rnaseq_only	True	False
RN7SL108P	rnaseq_only	True	False
RN7SL111P	rnaseq_only	True	False
RN7SL113P	rnaseq_only	True	False
RN7SL116P	rnaseq_only	True	False
RN7SL117P	rnaseq_only	True	False
RN7SL118P	rnaseq_only	True	False
RN7SL11P	rnaseq_only	True	False
RN7SL122P	rnaseq_only	True	False
RN7SL124P	rnaseq_only	True	False
RN7SL125P	rnaseq_only	True	False
RN7SL126P	rnaseq_only	True	False
RN7SL127P	rnaseq_only	True	False
RN7SL128P	rnaseq_only	True	False
RN7SL130P	rnaseq_only	True	False
RN7SL138P	rnaseq_only	True	False
RN7SL140P	rnaseq_only	True	False
RN7SL141P	rnaseq_only	True	False
RN7SL143P	rnaseq_only	True	False
RN7SL144P	rnaseq_only	True	False
RN7SL145P	rnaseq_only	True	False
RN7SL147P	rnaseq_only	True	False
RN7SL148P	rnaseq_only	True	False
RN7SL149P	rnaseq_only	True	False
RN7SL14P	rnaseq_only	True	False
RN7SL151P	rnaseq_only	True	False
RN7SL152P	rnaseq_only	True	False
RN7SL15P	rnaseq_only	True	False
RN7SL160P	rnaseq_only	True	False
RN7SL162P	rnaseq_only	True	False
RN7SL164P	rnaseq_only	True	False
RN7SL166P	rnaseq_only	True	False
RN7SL167P	rnaseq_only	True	False
RN7SL168P	rnaseq_only	True	False
RN7SL169P	rnaseq_only	True	False
RN7SL16P	rnaseq_only	True	False
RN7SL172P	rnaseq_only	True	False
RN7SL174P	rnaseq_only	True	False
RN7SL177P	rnaseq_only	True	False
RN7SL178P	rnaseq_only	True	False
RN7SL181P	rnaseq_only	True	False
RN7SL182P	rnaseq_only	True	False
RN7SL183P	rnaseq_only	True	False
RN7SL184P	rnaseq_only	True	False
RN7SL187P	rnaseq_only	True	False
RN7SL189P	rnaseq_only	True	False
RN7SL18P	rnaseq_only	True	False
RN7SL191P	rnaseq_only	True	False
RN7SL192P	rnaseq_only	True	False
RN7SL197P	rnaseq_only	True	False
RN7SL19P	rnaseq_only	True	False
RN7SL2	rnaseq_only	True	False
RN7SL200P	rnaseq_only	True	False
RN7SL20P	rnaseq_only	True	False
RN7SL210P	rnaseq_only	True	False
RN7SL211P	rnaseq_only	True	False
RN7SL213P	rnaseq_only	True	False
RN7SL216P	rnaseq_only	True	False
RN7SL218P	rnaseq_only	True	False
RN7SL220P	rnaseq_only	True	False
RN7SL223P	rnaseq_only	True	False
RN7SL229P	rnaseq_only	True	False
RN7SL22P	rnaseq_only	True	False
RN7SL230P	rnaseq_only	True	False
RN7SL231P	rnaseq_only	True	False
RN7SL234P	rnaseq_only	True	False
RN7SL236P	rnaseq_only	True	False
RN7SL237P	rnaseq_only	True	False
RN7SL239P	rnaseq_only	True	False
RN7SL242P	rnaseq_only	True	False
RN7SL244P	rnaseq_only	True	False
RN7SL246P	rnaseq_only	True	False
RN7SL251P	rnaseq_only	True	False
RN7SL253P	rnaseq_only	True	False
RN7SL254P	rnaseq_only	True	False
RN7SL255P	rnaseq_only	True	False
RN7SL258P	rnaseq_only	True	False
RN7SL260P	rnaseq_only	True	False
RN7SL261P	rnaseq_only	True	False
RN7SL262P	rnaseq_only	True	False
RN7SL263P	rnaseq_only	True	False
RN7SL267P	rnaseq_only	True	False
RN7SL271P	rnaseq_only	True	False
RN7SL272P	rnaseq_only	True	False
RN7SL273P	rnaseq_only	True	False
RN7SL277P	rnaseq_only	True	False
RN7SL278P	rnaseq_only	True	False
RN7SL280P	rnaseq_only	True	False
RN7SL284P	rnaseq_only	True	False
RN7SL288P	rnaseq_only	True	False
RN7SL28P	rnaseq_only	True	False
RN7SL290P	rnaseq_only	True	False
RN7SL291P	rnaseq_only	True	False
RN7SL292P	rnaseq_only	True	False
RN7SL296P	rnaseq_only	True	False
RN7SL297P	rnaseq_only	True	False
RN7SL299P	rnaseq_only	True	False
RN7SL3	rnaseq_only	True	False
RN7SL300P	rnaseq_only	True	False
RN7SL301P	rnaseq_only	True	False
RN7SL302P	rnaseq_only	True	False
RN7SL304P	rnaseq_only	True	False
RN7SL305P	rnaseq_only	True	False
RN7SL308P	rnaseq_only	True	False
RN7SL30P	rnaseq_only	True	False
RN7SL310P	rnaseq_only	True	False
RN7SL311P	rnaseq_only	True	False
RN7SL313P	rnaseq_only	True	False
RN7SL314P	rnaseq_only	True	False
RN7SL317P	rnaseq_only	True	False
RN7SL318P	rnaseq_only	True	False
RN7SL321P	rnaseq_only	True	False
RN7SL322P	rnaseq_only	True	False
RN7SL326P	rnaseq_only	True	False
RN7SL329P	rnaseq_only	True	False
RN7SL334P	rnaseq_only	True	False
RN7SL335P	rnaseq_only	True	False
RN7SL336P	rnaseq_only	True	False
RN7SL337P	rnaseq_only	True	False
RN7SL338P	rnaseq_only	True	False
RN7SL33P	rnaseq_only	True	False
RN7SL342P	rnaseq_only	True	False
RN7SL346P	rnaseq_only	True	False
RN7SL34P	rnaseq_only	True	False
RN7SL350P	rnaseq_only	True	False
RN7SL351P	rnaseq_only	True	False
RN7SL354P	rnaseq_only	True	False
RN7SL357P	rnaseq_only	True	False
RN7SL359P	rnaseq_only	True	False
RN7SL35P	rnaseq_only	True	False
RN7SL361P	rnaseq_only	True	False
RN7SL362P	rnaseq_only	True	False
RN7SL366P	rnaseq_only	True	False
RN7SL36P	rnaseq_only	True	False
RN7SL380P	rnaseq_only	True	False
RN7SL381P	rnaseq_only	True	False
RN7SL384P	rnaseq_only	True	False
RN7SL385P	rnaseq_only	True	False
RN7SL38P	rnaseq_only	True	False
RN7SL390P	rnaseq_only	True	False
RN7SL394P	rnaseq_only	True	False
RN7SL395P	rnaseq_only	True	False
RN7SL396P	rnaseq_only	True	False
RN7SL397P	rnaseq_only	True	False
RN7SL398P	rnaseq_only	True	False
RN7SL39P	rnaseq_only	True	False
RN7SL400P	rnaseq_only	True	False
RN7SL401P	rnaseq_only	True	False
RN7SL408P	rnaseq_only	True	False
RN7SL40P	rnaseq_only	True	False
RN7SL411P	rnaseq_only	True	False
RN7SL414P	rnaseq_only	True	False
RN7SL415P	rnaseq_only	True	False
RN7SL416P	rnaseq_only	True	False
RN7SL417P	rnaseq_only	True	False
RN7SL418P	rnaseq_only	True	False
RN7SL420P	rnaseq_only	True	False
RN7SL426P	rnaseq_only	True	False
RN7SL42P	rnaseq_only	True	False
RN7SL430P	rnaseq_only	True	False
RN7SL431P	rnaseq_only	True	False
RN7SL432P	rnaseq_only	True	False
RN7SL434P	rnaseq_only	True	False
RN7SL435P	rnaseq_only	True	False
RN7SL43P	rnaseq_only	True	False
RN7SL443P	rnaseq_only	True	False
RN7SL444P	rnaseq_only	True	False
RN7SL446P	rnaseq_only	True	False
RN7SL447P	rnaseq_only	True	False
RN7SL448P	rnaseq_only	True	False
RN7SL449P	rnaseq_only	True	False
RN7SL44P	rnaseq_only	True	False
RN7SL451P	rnaseq_only	True	False
RN7SL452P	rnaseq_only	True	False
RN7SL453P	rnaseq_only	True	False
RN7SL454P	rnaseq_only	True	False
RN7SL457P	rnaseq_only	True	False
RN7SL45P	rnaseq_only	True	False
RN7SL464P	rnaseq_only	True	False
RN7SL468P	rnaseq_only	True	False
RN7SL472P	rnaseq_only	True	False
RN7SL473P	rnaseq_only	True	False
RN7SL477P	rnaseq_only	True	False
RN7SL478P	rnaseq_only	True	False
RN7SL479P	rnaseq_only	True	False
RN7SL47P	rnaseq_only	True	False
RN7SL480P	rnaseq_only	True	False
RN7SL481P	rnaseq_only	True	False
RN7SL482P	rnaseq_only	True	False
RN7SL483P	rnaseq_only	True	False
RN7SL487P	rnaseq_only	True	False
RN7SL492P	rnaseq_only	True	False
RN7SL493P	rnaseq_only	True	False
RN7SL494P	rnaseq_only	True	False
RN7SL496P	rnaseq_only	True	False
RN7SL498P	rnaseq_only	True	False
RN7SL499P	rnaseq_only	True	False
RN7SL49P	rnaseq_only	True	False
RN7SL4P	rnaseq_only	True	False
RN7SL502P	rnaseq_only	True	False
RN7SL504P	rnaseq_only	True	False
RN7SL505P	rnaseq_only	True	False
RN7SL507P	rnaseq_only	True	False
RN7SL508P	rnaseq_only	True	False
RN7SL509P	rnaseq_only	True	False
RN7SL50P	rnaseq_only	True	False
RN7SL513P	rnaseq_only	True	False
RN7SL515P	rnaseq_only	True	False
RN7SL516P	rnaseq_only	True	False
RN7SL518P	rnaseq_only	True	False
RN7SL519P	rnaseq_only	True	False
RN7SL520P	rnaseq_only	True	False
RN7SL521P	rnaseq_only	True	False
RN7SL523P	rnaseq_only	True	False
RN7SL525P	rnaseq_only	True	False
RN7SL535P	rnaseq_only	True	False
RN7SL538P	rnaseq_only	True	False
RN7SL542P	rnaseq_only	True	False
RN7SL543P	rnaseq_only	True	False
RN7SL546P	rnaseq_only	True	False
RN7SL547P	rnaseq_only	True	False
RN7SL551P	rnaseq_only	True	False
RN7SL554P	rnaseq_only	True	False
RN7SL555P	rnaseq_only	True	False
RN7SL556P	rnaseq_only	True	False
RN7SL559P	rnaseq_only	True	False
RN7SL563P	rnaseq_only	True	False
RN7SL564P	rnaseq_only	True	False
RN7SL565P	rnaseq_only	True	False
RN7SL566P	rnaseq_only	True	False
RN7SL567P	rnaseq_only	True	False
RN7SL568P	rnaseq_only	True	False
RN7SL569P	rnaseq_only	True	False
RN7SL573P	rnaseq_only	True	False
RN7SL575P	rnaseq_only	True	False
RN7SL57P	rnaseq_only	True	False
RN7SL581P	rnaseq_only	True	False
RN7SL582P	rnaseq_only	True	False
RN7SL585P	rnaseq_only	True	False
RN7SL587P	rnaseq_only	True	False
RN7SL597P	rnaseq_only	True	False
RN7SL598P	rnaseq_only	True	False
RN7SL5P	rnaseq_only	True	False
RN7SL604P	rnaseq_only	True	False
RN7SL606P	rnaseq_only	True	False
RN7SL608P	rnaseq_only	True	False
RN7SL60P	rnaseq_only	True	False
RN7SL612P	rnaseq_only	True	False
RN7SL615P	rnaseq_only	True	False
RN7SL616P	rnaseq_only	True	False
RN7SL617P	rnaseq_only	True	False
RN7SL620P	rnaseq_only	True	False
RN7SL621P	rnaseq_only	True	False
RN7SL625P	rnaseq_only	True	False
RN7SL627P	rnaseq_only	True	False
RN7SL629P	rnaseq_only	True	False
RN7SL62P	rnaseq_only	True	False
RN7SL630P	rnaseq_only	True	False
RN7SL632P	rnaseq_only	True	False
RN7SL634P	rnaseq_only	True	False
RN7SL635P	rnaseq_only	True	False
RN7SL636P	rnaseq_only	True	False
RN7SL643P	rnaseq_only	True	False
RN7SL646P	rnaseq_only	True	False
RN7SL648P	rnaseq_only	True	False
RN7SL649P	rnaseq_only	True	False
RN7SL650P	rnaseq_only	True	False
RN7SL652P	rnaseq_only	True	False
RN7SL655P	rnaseq_only	True	False
RN7SL656P	rnaseq_only	True	False
RN7SL657P	rnaseq_only	True	False
RN7SL659P	rnaseq_only	True	False
RN7SL660P	rnaseq_only	True	False
RN7SL663P	rnaseq_only	True	False
RN7SL664P	rnaseq_only	True	False
RN7SL665P	rnaseq_only	True	False
RN7SL666P	rnaseq_only	True	False
RN7SL668P	rnaseq_only	True	False
RN7SL672P	rnaseq_only	True	False
RN7SL674P	rnaseq_only	True	False
RN7SL675P	rnaseq_only	True	False
RN7SL677P	rnaseq_only	True	False
RN7SL678P	rnaseq_only	True	False
RN7SL679P	rnaseq_only	True	False
RN7SL67P	rnaseq_only	True	False
RN7SL680P	rnaseq_only	True	False
RN7SL685P	rnaseq_only	True	False
RN7SL687P	rnaseq_only	True	False
RN7SL689P	rnaseq_only	True	False
RN7SL691P	rnaseq_only	True	False
RN7SL692P	rnaseq_only	True	False
RN7SL69P	rnaseq_only	True	False
RN7SL700P	rnaseq_only	True	False
RN7SL702P	rnaseq_only	True	False
RN7SL704P	rnaseq_only	True	False
RN7SL705P	rnaseq_only	True	False
RN7SL708P	rnaseq_only	True	False
RN7SL709P	rnaseq_only	True	False
RN7SL70P	rnaseq_only	True	False
RN7SL711P	rnaseq_only	True	False
RN7SL712P	rnaseq_only	True	False
RN7SL713P	rnaseq_only	True	False
RN7SL715P	rnaseq_only	True	False
RN7SL719P	rnaseq_only	True	False
RN7SL720P	rnaseq_only	True	False
RN7SL724P	rnaseq_only	True	False
RN7SL731P	rnaseq_only	True	False
RN7SL732P	rnaseq_only	True	False
RN7SL734P	rnaseq_only	True	False
RN7SL735P	rnaseq_only	True	False
RN7SL736P	rnaseq_only	True	False
RN7SL737P	rnaseq_only	True	False
RN7SL738P	rnaseq_only	True	False
RN7SL741P	rnaseq_only	True	False
RN7SL743P	rnaseq_only	True	False
RN7SL745P	rnaseq_only	True	False
RN7SL748P	rnaseq_only	True	False
RN7SL751P	rnaseq_only	True	False
RN7SL752P	rnaseq_only	True	False
RN7SL753P	rnaseq_only	True	False
RN7SL756P	rnaseq_only	True	False
RN7SL757P	rnaseq_only	True	False
RN7SL760P	rnaseq_only	True	False
RN7SL762P	rnaseq_only	True	False
RN7SL767P	rnaseq_only	True	False
RN7SL769P	rnaseq_only	True	False
RN7SL76P	rnaseq_only	True	False
RN7SL775P	rnaseq_only	True	False
RN7SL778P	rnaseq_only	True	False
RN7SL77P	rnaseq_only	True	False
RN7SL783P	rnaseq_only	True	False
RN7SL786P	rnaseq_only	True	False
RN7SL788P	rnaseq_only	True	False
RN7SL791P	rnaseq_only	True	False
RN7SL792P	rnaseq_only	True	False
RN7SL793P	rnaseq_only	True	False
RN7SL794P	rnaseq_only	True	False
RN7SL795P	rnaseq_only	True	False
RN7SL798P	rnaseq_only	True	False
RN7SL799P	rnaseq_only	True	False
RN7SL79P	rnaseq_only	True	False
RN7SL7P	rnaseq_only	True	False
RN7SL800P	rnaseq_only	True	False
RN7SL801P	rnaseq_only	True	False
RN7SL802P	rnaseq_only	True	False
RN7SL803P	rnaseq_only	True	False
RN7SL807P	rnaseq_only	True	False
RN7SL809P	rnaseq_only	True	False
RN7SL810P	rnaseq_only	True	False
RN7SL814P	rnaseq_only	True	False
RN7SL815P	rnaseq_only	True	False
RN7SL819P	rnaseq_only	True	False
RN7SL81P	rnaseq_only	True	False
RN7SL822P	rnaseq_only	True	False
RN7SL824P	rnaseq_only	True	False
RN7SL825P	rnaseq_only	True	False
RN7SL827P	rnaseq_only	True	False
RN7SL828P	rnaseq_only	True	False
RN7SL832P	rnaseq_only	True	False
RN7SL833P	rnaseq_only	True	False
RN7SL834P	rnaseq_only	True	False
RN7SL836P	rnaseq_only	True	False
RN7SL837P	rnaseq_only	True	False
RN7SL838P	rnaseq_only	True	False
RN7SL83P	rnaseq_only	True	False
RN7SL840P	rnaseq_only	True	False
RN7SL842P	rnaseq_only	True	False
RN7SL845P	rnaseq_only	True	False
RN7SL846P	rnaseq_only	True	False
RN7SL856P	rnaseq_only	True	False
RN7SL861P	rnaseq_only	True	False
RN7SL863P	rnaseq_only	True	False
RN7SL864P	rnaseq_only	True	False
RN7SL865P	rnaseq_only	True	False
RN7SL870P	rnaseq_only	True	False
RN7SL87P	rnaseq_only	True	False
RN7SL88P	rnaseq_only	True	False
RN7SL8P	rnaseq_only	True	False
RN7SL91P	rnaseq_only	True	False
RN7SL97P	rnaseq_only	True	False
RNA5-8SN1	rnaseq_only	True	False
RNA5-8SN2	rnaseq_only	True	False
RNA5-8SN4	rnaseq_only	True	False
RNA5-8SN5	rnaseq_only	True	False
RNA5-8SP2	rnaseq_only	True	False
RNA5-8SP4	rnaseq_only	True	False
RNA5-8SP5	rnaseq_only	True	False
RNA5-8SP6	rnaseq_only	True	False
RNA5S1	rnaseq_only	True	False
RNA5S10	rnaseq_only	True	False
RNA5S11	rnaseq_only	True	False
RNA5S12	rnaseq_only	True	False
RNA5S13	rnaseq_only	True	False
RNA5S14	rnaseq_only	True	False
RNA5S15	rnaseq_only	True	False
RNA5S16	rnaseq_only	True	False
RNA5S17	rnaseq_only	True	False
RNA5S2	rnaseq_only	True	False
RNA5S3	rnaseq_only	True	False
RNA5S4	rnaseq_only	True	False
RNA5S5	rnaseq_only	True	False
RNA5S6	rnaseq_only	True	False
RNA5S7	rnaseq_only	True	False
RNA5S8	rnaseq_only	True	False
RNA5S9	rnaseq_only	True	False
RNA5SP114	rnaseq_only	True	False
RNA5SP119	rnaseq_only	True	False
RNA5SP121	rnaseq_only	True	False
RNA5SP122	rnaseq_only	True	False
RNA5SP129	rnaseq_only	True	False
RNA5SP134	rnaseq_only	True	False
RNA5SP141	rnaseq_only	True	False
RNA5SP143	rnaseq_only	True	False
RNA5SP145	rnaseq_only	True	False
RNA5SP149	rnaseq_only	True	False
RNA5SP150	rnaseq_only	True	False
RNA5SP161	rnaseq_only	True	False
RNA5SP19	rnaseq_only	True	False
RNA5SP198	rnaseq_only	True	False
RNA5SP199	rnaseq_only	True	False
RNA5SP202	rnaseq_only	True	False
RNA5SP21	rnaseq_only	True	False
RNA5SP211	rnaseq_only	True	False
RNA5SP212	rnaseq_only	True	False
RNA5SP214	rnaseq_only	True	False
RNA5SP215	rnaseq_only	True	False
RNA5SP218	rnaseq_only	True	False
RNA5SP222	rnaseq_only	True	False
RNA5SP225	rnaseq_only	True	False
RNA5SP226	rnaseq_only	True	False
RNA5SP23	rnaseq_only	True	False
RNA5SP235	rnaseq_only	True	False
RNA5SP24	rnaseq_only	True	False
RNA5SP241	rnaseq_only	True	False
RNA5SP242	rnaseq_only	True	False
RNA5SP245	rnaseq_only	True	False
RNA5SP246	rnaseq_only	True	False
RNA5SP251	rnaseq_only	True	False
RNA5SP259	rnaseq_only	True	False
RNA5SP260	rnaseq_only	True	False
RNA5SP263	rnaseq_only	True	False
RNA5SP264	rnaseq_only	True	False
RNA5SP267	rnaseq_only	True	False
RNA5SP273	rnaseq_only	True	False
RNA5SP277	rnaseq_only	True	False
RNA5SP28	rnaseq_only	True	False
RNA5SP289	rnaseq_only	True	False
RNA5SP290	rnaseq_only	True	False
RNA5SP295	rnaseq_only	True	False
RNA5SP298	rnaseq_only	True	False
RNA5SP318	rnaseq_only	True	False
RNA5SP319	rnaseq_only	True	False
RNA5SP324	rnaseq_only	True	False
RNA5SP325	rnaseq_only	True	False
RNA5SP326	rnaseq_only	True	False
RNA5SP332	rnaseq_only	True	False
RNA5SP335	rnaseq_only	True	False
RNA5SP338	rnaseq_only	True	False
RNA5SP35	rnaseq_only	True	False
RNA5SP350	rnaseq_only	True	False
RNA5SP352	rnaseq_only	True	False
RNA5SP353	rnaseq_only	True	False
RNA5SP355	rnaseq_only	True	False
RNA5SP357	rnaseq_only	True	False
RNA5SP358	rnaseq_only	True	False
RNA5SP364	rnaseq_only	True	False
RNA5SP366	rnaseq_only	True	False
RNA5SP368	rnaseq_only	True	False
RNA5SP370	rnaseq_only	True	False
RNA5SP372	rnaseq_only	True	False
RNA5SP374	rnaseq_only	True	False
RNA5SP38	rnaseq_only	True	False
RNA5SP382	rnaseq_only	True	False
RNA5SP383	rnaseq_only	True	False
RNA5SP387	rnaseq_only	True	False
RNA5SP388	rnaseq_only	True	False
RNA5SP389	rnaseq_only	True	False
RNA5SP395	rnaseq_only	True	False
RNA5SP402	rnaseq_only	True	False
RNA5SP403	rnaseq_only	True	False
RNA5SP42	rnaseq_only	True	False
RNA5SP428	rnaseq_only	True	False
RNA5SP429	rnaseq_only	True	False
RNA5SP432	rnaseq_only	True	False
RNA5SP435	rnaseq_only	True	False
RNA5SP442	rnaseq_only	True	False
RNA5SP444	rnaseq_only	True	False
RNA5SP448	rnaseq_only	True	False
RNA5SP449	rnaseq_only	True	False
RNA5SP45	rnaseq_only	True	False
RNA5SP450	rnaseq_only	True	False
RNA5SP452	rnaseq_only	True	False
RNA5SP469	rnaseq_only	True	False
RNA5SP473	rnaseq_only	True	False
RNA5SP48	rnaseq_only	True	False
RNA5SP481	rnaseq_only	True	False
RNA5SP486	rnaseq_only	True	False
RNA5SP500	rnaseq_only	True	False
RNA5SP502	rnaseq_only	True	False
RNA5SP507	rnaseq_only	True	False
RNA5SP515	rnaseq_only	True	False
RNA5SP516	rnaseq_only	True	False
RNA5SP517	rnaseq_only	True	False
RNA5SP52	rnaseq_only	True	False
RNA5SP528	rnaseq_only	True	False
RNA5SP530	rnaseq_only	True	False
RNA5SP62	rnaseq_only	True	False
RNA5SP68	rnaseq_only	True	False
RNA5SP73	rnaseq_only	True	False
RNA5SP74	rnaseq_only	True	False
RNA5SP77	rnaseq_only	True	False
RNA5SP86	rnaseq_only	True	False
RNA5SP97	rnaseq_only	True	False
RNA5SP99	rnaseq_only	True	False
RNASE4	rnaseq_only	True	False
RNASEH1-DT	rnaseq_only	True	False
RNASEH1P1	rnaseq_only	True	False
RNASEH1P2	rnaseq_only	True	False
RNASEH2CP1	rnaseq_only	True	False
RNF11P1	rnaseq_only	True	False
RNF126P1	rnaseq_only	True	False
RNF138P1	rnaseq_only	True	False
RNF139-DT	rnaseq_only	True	False
RNF13P1	rnaseq_only	True	False
RNF14P1	rnaseq_only	True	False
RNF14P3	rnaseq_only	True	False
RNF185-AS1	rnaseq_only	True	False
RNF213-AS1	rnaseq_only	True	False
RNF216P1	rnaseq_only	True	False
RNF217-AS1	rnaseq_only	True	False
RNF227	rnaseq_only	True	False
RNF228	rnaseq_only	True	False
RNF2P1	rnaseq_only	True	False
RNF32-AS1	rnaseq_only	True	False
RNF5P1	rnaseq_only	True	False
RNFT1-DT	rnaseq_only	True	False
RNFT1P3	rnaseq_only	True	False
RNGTTP1	rnaseq_only	True	False
RNPS1P1	rnaseq_only	True	False
RNU1-1	rnaseq_only	True	False
RNU1-117P	rnaseq_only	True	False
RNU1-11P	rnaseq_only	True	False
RNU1-130P	rnaseq_only	True	False
RNU1-134P	rnaseq_only	True	False
RNU1-136P	rnaseq_only	True	False
RNU1-138P	rnaseq_only	True	False
RNU1-139P	rnaseq_only	True	False
RNU1-141P	rnaseq_only	True	False
RNU1-148P	rnaseq_only	True	False
RNU1-14P	rnaseq_only	True	False
RNU1-151P	rnaseq_only	True	False
RNU1-16P	rnaseq_only	True	False
RNU1-17P	rnaseq_only	True	False
RNU1-18P	rnaseq_only	True	False
RNU1-19P	rnaseq_only	True	False
RNU1-2	rnaseq_only	True	False
RNU1-20P	rnaseq_only	True	False
RNU1-27P	rnaseq_only	True	False
RNU1-28P	rnaseq_only	True	False
RNU1-3	rnaseq_only	True	False
RNU1-30P	rnaseq_only	True	False
RNU1-34P	rnaseq_only	True	False
RNU1-35P	rnaseq_only	True	False
RNU1-36P	rnaseq_only	True	False
RNU1-39P	rnaseq_only	True	False
RNU1-4	rnaseq_only	True	False
RNU1-42P	rnaseq_only	True	False
RNU1-43P	rnaseq_only	True	False
RNU1-44P	rnaseq_only	True	False
RNU1-52P	rnaseq_only	True	False
RNU1-55P	rnaseq_only	True	False
RNU1-67P	rnaseq_only	True	False
RNU1-77P	rnaseq_only	True	False
RNU1-78P	rnaseq_only	True	False
RNU1-82P	rnaseq_only	True	False
RNU1-83P	rnaseq_only	True	False
RNU1-88P	rnaseq_only	True	False
RNU1-89P	rnaseq_only	True	False
RNU1-94P	rnaseq_only	True	False
RNU1-98P	rnaseq_only	True	False
RNU12	rnaseq_only	True	False
RNU2-1	rnaseq_only	True	False
RNU2-14P	rnaseq_only	True	False
RNU2-17P	rnaseq_only	True	False
RNU2-2	rnaseq_only	True	False
RNU2-23P	rnaseq_only	True	False
RNU2-26P	rnaseq_only	True	False
RNU2-29P	rnaseq_only	True	False
RNU2-33P	rnaseq_only	True	False
RNU2-36P	rnaseq_only	True	False
RNU2-37P	rnaseq_only	True	False
RNU2-39P	rnaseq_only	True	False
RNU2-3P	rnaseq_only	True	False
RNU2-48P	rnaseq_only	True	False
RNU2-49P	rnaseq_only	True	False
RNU2-4P	rnaseq_only	True	False
RNU2-50P	rnaseq_only	True	False
RNU2-59P	rnaseq_only	True	False
RNU2-5P	rnaseq_only	True	False
RNU2-61P	rnaseq_only	True	False
RNU2-64P	rnaseq_only	True	False
RNU2-6P	rnaseq_only	True	False
RNU2-70P	rnaseq_only	True	False
RNU2-7P	rnaseq_only	True	False
RNU4-1	rnaseq_only	True	False
RNU4-12P	rnaseq_only	True	False
RNU4-2	rnaseq_only	True	False
RNU4-23P	rnaseq_only	True	False
RNU4-39P	rnaseq_only	True	False
RNU4-4P	rnaseq_only	True	False
RNU4-58P	rnaseq_only	True	False
RNU4-59P	rnaseq_only	True	False
RNU4-76P	rnaseq_only	True	False
RNU4-80P	rnaseq_only	True	False
RNU4-82P	rnaseq_only	True	False
RNU4-85P	rnaseq_only	True	False
RNU4ATAC	rnaseq_only	True	False
RNU5A-1	rnaseq_only	True	False
RNU5A-8P	rnaseq_only	True	False
RNU5B-1	rnaseq_only	True	False
RNU5D-1	rnaseq_only	True	False
RNU5D-2P	rnaseq_only	True	False
RNU5E-1	rnaseq_only	True	False
RNU5E-4P	rnaseq_only	True	False
RNU5E-6P	rnaseq_only	True	False
RNU5F-1	rnaseq_only	True	False
RNU6-1	rnaseq_only	True	False
RNU6-1145P	rnaseq_only	True	False
RNU6-1153P	rnaseq_only	True	False
RNU6-116P	rnaseq_only	True	False
RNU6-1180P	rnaseq_only	True	False
RNU6-1209P	rnaseq_only	True	False
RNU6-1279P	rnaseq_only	True	False
RNU6-128P	rnaseq_only	True	False
RNU6-1323P	rnaseq_only	True	False
RNU6-140P	rnaseq_only	True	False
RNU6-144P	rnaseq_only	True	False
RNU6-14P	rnaseq_only	True	False
RNU6-15P	rnaseq_only	True	False
RNU6-166P	rnaseq_only	True	False
RNU6-179P	rnaseq_only	True	False
RNU6-2	rnaseq_only	True	False
RNU6-21P	rnaseq_only	True	False
RNU6-222P	rnaseq_only	True	False
RNU6-227P	rnaseq_only	True	False
RNU6-253P	rnaseq_only	True	False
RNU6-25P	rnaseq_only	True	False
RNU6-263P	rnaseq_only	True	False
RNU6-28P	rnaseq_only	True	False
RNU6-29P	rnaseq_only	True	False
RNU6-31P	rnaseq_only	True	False
RNU6-32P	rnaseq_only	True	False
RNU6-33P	rnaseq_only	True	False
RNU6-34P	rnaseq_only	True	False
RNU6-36P	rnaseq_only	True	False
RNU6-37P	rnaseq_only	True	False
RNU6-38P	rnaseq_only	True	False
RNU6-39P	rnaseq_only	True	False
RNU6-40P	rnaseq_only	True	False
RNU6-429P	rnaseq_only	True	False
RNU6-42P	rnaseq_only	True	False
RNU6-453P	rnaseq_only	True	False
RNU6-456P	rnaseq_only	True	False
RNU6-47P	rnaseq_only	True	False
RNU6-487P	rnaseq_only	True	False
RNU6-494P	rnaseq_only	True	False
RNU6-496P	rnaseq_only	True	False
RNU6-4P	rnaseq_only	True	False
RNU6-505P	rnaseq_only	True	False
RNU6-557P	rnaseq_only	True	False
RNU6-560P	rnaseq_only	True	False
RNU6-564P	rnaseq_only	True	False
RNU6-5P	rnaseq_only	True	False
RNU6-640P	rnaseq_only	True	False
RNU6-702P	rnaseq_only	True	False
RNU6-707P	rnaseq_only	True	False
RNU6-737P	rnaseq_only	True	False
RNU6-743P	rnaseq_only	True	False
RNU6-820P	rnaseq_only	True	False
RNU6-832P	rnaseq_only	True	False
RNU6-838P	rnaseq_only	True	False
RNU6-855P	rnaseq_only	True	False
RNU6-866P	rnaseq_only	True	False
RNU6-9	rnaseq_only	True	False
RNU6-958P	rnaseq_only	True	False
RNU6-97P	rnaseq_only	True	False
RNU6-98P	rnaseq_only	True	False
RNU6-993P	rnaseq_only	True	False
RNU6ATAC	rnaseq_only	True	False
RNU6ATAC10P	rnaseq_only	True	False
RNU6ATAC2P	rnaseq_only	True	False
RNVU1-1	rnaseq_only	True	False
RNVU1-14	rnaseq_only	True	False
RNVU1-15	rnaseq_only	True	False
RNVU1-18	rnaseq_only	True	False
RNVU1-19	rnaseq_only	True	False
RNVU1-2	rnaseq_only	True	False
RNVU1-21	rnaseq_only	True	False
RNVU1-22	rnaseq_only	True	False
RNVU1-24	rnaseq_only	True	False
RNVU1-25	rnaseq_only	True	False
RNVU1-26	rnaseq_only	True	False
RNVU1-27	rnaseq_only	True	False
RNVU1-28	rnaseq_only	True	False
RNVU1-29	rnaseq_only	True	False
RNVU1-2A	rnaseq_only	True	False
RNVU1-31	rnaseq_only	True	False
RNVU1-33	rnaseq_only	True	False
RNVU1-34	rnaseq_only	True	False
RNVU1-6	rnaseq_only	True	False
RNVU1-7	rnaseq_only	True	False
RNVU1-8	rnaseq_only	True	False
RNY1	rnaseq_only	True	False
RNY3	rnaseq_only	True	False
RNY3P1	rnaseq_only	True	False
RNY4	rnaseq_only	True	False
ROCK1P1	rnaseq_only	True	False
ROCR	rnaseq_only	True	False
RORA-AS1	rnaseq_only	True	False
RORA-AS4	rnaseq_only	True	False
RORB-AS1	rnaseq_only	True	False
RP9P	rnaseq_only	True	False
RPA2P3	rnaseq_only	True	False
RPAP3-DT	rnaseq_only	True	False
RPEP4	rnaseq_only	True	False
RPF2P1	rnaseq_only	True	False
RPIAP1	rnaseq_only	True	False
RPL10AP12	rnaseq_only	True	False
RPL10AP2	rnaseq_only	True	False
RPL10AP6	rnaseq_only	True	False
RPL10P1	rnaseq_only	True	False
RPL10P13	rnaseq_only	True	False
RPL10P14	rnaseq_only	True	False
RPL10P15	rnaseq_only	True	False
RPL10P16	rnaseq_only	True	False
RPL10P17	rnaseq_only	True	False
RPL10P18	rnaseq_only	True	False
RPL10P3	rnaseq_only	True	False
RPL10P4	rnaseq_only	True	False
RPL10P7	rnaseq_only	True	False
RPL10P8	rnaseq_only	True	False
RPL10P9	rnaseq_only	True	False
RPL11P3	rnaseq_only	True	False
RPL11P4	rnaseq_only	True	False
RPL11P5	rnaseq_only	True	False
RPL12P1	rnaseq_only	True	False
RPL12P12	rnaseq_only	True	False
RPL12P13	rnaseq_only	True	False
RPL12P14	rnaseq_only	True	False
RPL12P16	rnaseq_only	True	False
RPL12P17	rnaseq_only	True	False
RPL12P18	rnaseq_only	True	False
RPL12P19	rnaseq_only	True	False
RPL12P2	rnaseq_only	True	False
RPL12P26	rnaseq_only	True	False
RPL12P28	rnaseq_only	True	False
RPL12P32	rnaseq_only	True	False
RPL12P33	rnaseq_only	True	False
RPL12P35	rnaseq_only	True	False
RPL12P37	rnaseq_only	True	False
RPL12P38	rnaseq_only	True	False
RPL12P4	rnaseq_only	True	False
RPL12P41	rnaseq_only	True	False
RPL12P42	rnaseq_only	True	False
RPL12P8	rnaseq_only	True	False
RPL13AP11	rnaseq_only	True	False
RPL13AP14	rnaseq_only	True	False
RPL13AP15	rnaseq_only	True	False
RPL13AP16	rnaseq_only	True	False
RPL13AP18	rnaseq_only	True	False
RPL13AP19	rnaseq_only	True	False
RPL13AP2	rnaseq_only	True	False
RPL13AP20	rnaseq_only	True	False
RPL13AP22	rnaseq_only	True	False
RPL13AP24	rnaseq_only	True	False
RPL13AP25	rnaseq_only	True	False
RPL13AP26	rnaseq_only	True	False
RPL13AP3	rnaseq_only	True	False
RPL13AP5	rnaseq_only	True	False
RPL13AP6	rnaseq_only	True	False
RPL13AP7	rnaseq_only	True	False
RPL13AP8	rnaseq_only	True	False
RPL13AP9	rnaseq_only	True	False
RPL13P	rnaseq_only	True	False
RPL13P12	rnaseq_only	True	False
RPL13P2	rnaseq_only	True	False
RPL13P5	rnaseq_only	True	False
RPL13P6	rnaseq_only	True	False
RPL13P8	rnaseq_only	True	False
RPL14P1	rnaseq_only	True	False
RPL14P2	rnaseq_only	True	False
RPL14P3	rnaseq_only	True	False
RPL14P6	rnaseq_only	True	False
RPL15P11	rnaseq_only	True	False
RPL15P13	rnaseq_only	True	False
RPL15P14	rnaseq_only	True	False
RPL15P15	rnaseq_only	True	False
RPL15P16	rnaseq_only	True	False
RPL15P17	rnaseq_only	True	False
RPL15P18	rnaseq_only	True	False
RPL15P19	rnaseq_only	True	False
RPL15P2	rnaseq_only	True	False
RPL15P20	rnaseq_only	True	False
RPL15P22	rnaseq_only	True	False
RPL15P3	rnaseq_only	True	False
RPL15P5	rnaseq_only	True	False
RPL15P7	rnaseq_only	True	False
RPL15P8	rnaseq_only	True	False
RPL15P9	rnaseq_only	True	False
RPL17-C18ORF32	rnaseq_only	True	False
RPL17P15	rnaseq_only	True	False
RPL17P16	rnaseq_only	True	False
RPL17P17	rnaseq_only	True	False
RPL17P18	rnaseq_only	True	False
RPL17P20	rnaseq_only	True	False
RPL17P21	rnaseq_only	True	False
RPL17P22	rnaseq_only	True	False
RPL17P33	rnaseq_only	True	False
RPL17P34	rnaseq_only	True	False
RPL17P36	rnaseq_only	True	False
RPL17P37	rnaseq_only	True	False
RPL17P39	rnaseq_only	True	False
RPL17P41	rnaseq_only	True	False
RPL17P43	rnaseq_only	True	False
RPL17P5	rnaseq_only	True	False
RPL17P50	rnaseq_only	True	False
RPL17P52	rnaseq_only	True	False
RPL17P6	rnaseq_only	True	False
RPL17P7	rnaseq_only	True	False
RPL17P8	rnaseq_only	True	False
RPL17P9	rnaseq_only	True	False
RPL18AP15	rnaseq_only	True	False
RPL18AP16	rnaseq_only	True	False
RPL18AP3	rnaseq_only	True	False
RPL18AP7	rnaseq_only	True	False
RPL18AP9	rnaseq_only	True	False
RPL18P13	rnaseq_only	True	False
RPL19P11	rnaseq_only	True	False
RPL19P13	rnaseq_only	True	False
RPL19P14	rnaseq_only	True	False
RPL19P16	rnaseq_only	True	False
RPL19P2	rnaseq_only	True	False
RPL19P20	rnaseq_only	True	False
RPL19P21	rnaseq_only	True	False
RPL19P4	rnaseq_only	True	False
RPL19P5	rnaseq_only	True	False
RPL19P6	rnaseq_only	True	False
RPL21P1	rnaseq_only	True	False
RPL21P100	rnaseq_only	True	False
RPL21P107	rnaseq_only	True	False
RPL21P11	rnaseq_only	True	False
RPL21P111	rnaseq_only	True	False
RPL21P116	rnaseq_only	True	False
RPL21P118	rnaseq_only	True	False
RPL21P119	rnaseq_only	True	False
RPL21P120	rnaseq_only	True	False
RPL21P125	rnaseq_only	True	False
RPL21P127	rnaseq_only	True	False
RPL21P128	rnaseq_only	True	False
RPL21P129	rnaseq_only	True	False
RPL21P13	rnaseq_only	True	False
RPL21P131	rnaseq_only	True	False
RPL21P134	rnaseq_only	True	False
RPL21P135	rnaseq_only	True	False
RPL21P14	rnaseq_only	True	False
RPL21P15	rnaseq_only	True	False
RPL21P16	rnaseq_only	True	False
RPL21P17	rnaseq_only	True	False
RPL21P18	rnaseq_only	True	False
RPL21P19	rnaseq_only	True	False
RPL21P2	rnaseq_only	True	False
RPL21P20	rnaseq_only	True	False
RPL21P22	rnaseq_only	True	False
RPL21P26	rnaseq_only	True	False
RPL21P28	rnaseq_only	True	False
RPL21P29	rnaseq_only	True	False
RPL21P3	rnaseq_only	True	False
RPL21P32	rnaseq_only	True	False
RPL21P36	rnaseq_only	True	False
RPL21P37	rnaseq_only	True	False
RPL21P39	rnaseq_only	True	False
RPL21P4	rnaseq_only	True	False
RPL21P41	rnaseq_only	True	False
RPL21P44	rnaseq_only	True	False
RPL21P45	rnaseq_only	True	False
RPL21P46	rnaseq_only	True	False
RPL21P48	rnaseq_only	True	False
RPL21P5	rnaseq_only	True	False
RPL21P51	rnaseq_only	True	False
RPL21P53	rnaseq_only	True	False
RPL21P54	rnaseq_only	True	False
RPL21P56	rnaseq_only	True	False
RPL21P60	rnaseq_only	True	False
RPL21P65	rnaseq_only	True	False
RPL21P68	rnaseq_only	True	False
RPL21P7	rnaseq_only	True	False
RPL21P72	rnaseq_only	True	False
RPL21P75	rnaseq_only	True	False
RPL21P79	rnaseq_only	True	False
RPL21P80	rnaseq_only	True	False
RPL21P82	rnaseq_only	True	False
RPL21P83	rnaseq_only	True	False
RPL21P84	rnaseq_only	True	False
RPL21P87	rnaseq_only	True	False
RPL21P90	rnaseq_only	True	False
RPL21P93	rnaseq_only	True	False
RPL21P94	rnaseq_only	True	False
RPL21P97	rnaseq_only	True	False
RPL21P98	rnaseq_only	True	False
RPL22P1	rnaseq_only	True	False
RPL22P10	rnaseq_only	True	False
RPL22P11	rnaseq_only	True	False
RPL22P13	rnaseq_only	True	False
RPL22P16	rnaseq_only	True	False
RPL22P19	rnaseq_only	True	False
RPL22P2	rnaseq_only	True	False
RPL22P20	rnaseq_only	True	False
RPL22P22	rnaseq_only	True	False
RPL22P24	rnaseq_only	True	False
RPL22P3	rnaseq_only	True	False
RPL22P7	rnaseq_only	True	False
RPL22P8	rnaseq_only	True	False
RPL23AP1	rnaseq_only	True	False
RPL23AP11	rnaseq_only	True	False
RPL23AP12	rnaseq_only	True	False
RPL23AP14	rnaseq_only	True	False
RPL23AP15	rnaseq_only	True	False
RPL23AP16	rnaseq_only	True	False
RPL23AP18	rnaseq_only	True	False
RPL23AP19	rnaseq_only	True	False
RPL23AP2	rnaseq_only	True	False
RPL23AP22	rnaseq_only	True	False
RPL23AP24	rnaseq_only	True	False
RPL23AP25	rnaseq_only	True	False
RPL23AP26	rnaseq_only	True	False
RPL23AP3	rnaseq_only	True	False
RPL23AP31	rnaseq_only	True	False
RPL23AP32	rnaseq_only	True	False
RPL23AP34	rnaseq_only	True	False
RPL23AP37	rnaseq_only	True	False
RPL23AP38	rnaseq_only	True	False
RPL23AP39	rnaseq_only	True	False
RPL23AP41	rnaseq_only	True	False
RPL23AP42	rnaseq_only	True	False
RPL23AP43	rnaseq_only	True	False
RPL23AP46	rnaseq_only	True	False
RPL23AP48	rnaseq_only	True	False
RPL23AP49	rnaseq_only	True	False
RPL23AP53	rnaseq_only	True	False
RPL23AP55	rnaseq_only	True	False
RPL23AP57	rnaseq_only	True	False
RPL23AP58	rnaseq_only	True	False
RPL23AP59	rnaseq_only	True	False
RPL23AP60	rnaseq_only	True	False
RPL23AP61	rnaseq_only	True	False
RPL23AP64	rnaseq_only	True	False
RPL23AP65	rnaseq_only	True	False
RPL23AP67	rnaseq_only	True	False
RPL23AP69	rnaseq_only	True	False
RPL23AP7	rnaseq_only	True	False
RPL23AP71	rnaseq_only	True	False
RPL23AP73	rnaseq_only	True	False
RPL23AP74	rnaseq_only	True	False
RPL23AP75	rnaseq_only	True	False
RPL23AP77	rnaseq_only	True	False
RPL23AP8	rnaseq_only	True	False
RPL23AP81	rnaseq_only	True	False
RPL23AP82	rnaseq_only	True	False
RPL23AP83	rnaseq_only	True	False
RPL23AP87	rnaseq_only	True	False
RPL23AP88	rnaseq_only	True	False
RPL23AP96	rnaseq_only	True	False
RPL23AP97	rnaseq_only	True	False
RPL23P11	rnaseq_only	True	False
RPL23P2	rnaseq_only	True	False
RPL23P5	rnaseq_only	True	False
RPL23P6	rnaseq_only	True	False
RPL23P8	rnaseq_only	True	False
RPL24P2	rnaseq_only	True	False
RPL24P4	rnaseq_only	True	False
RPL24P6	rnaseq_only	True	False
RPL24P7	rnaseq_only	True	False
RPL24P8	rnaseq_only	True	False
RPL24P9	rnaseq_only	True	False
RPL26L1-AS1	rnaseq_only	True	False
RPL26P13	rnaseq_only	True	False
RPL26P15	rnaseq_only	True	False
RPL26P19	rnaseq_only	True	False
RPL26P27	rnaseq_only	True	False
RPL26P28	rnaseq_only	True	False
RPL26P29	rnaseq_only	True	False
RPL26P30	rnaseq_only	True	False
RPL26P35	rnaseq_only	True	False
RPL26P36	rnaseq_only	True	False
RPL26P37	rnaseq_only	True	False
RPL26P6	rnaseq_only	True	False
RPL26P9	rnaseq_only	True	False
RPL27AP	rnaseq_only	True	False
RPL27AP3	rnaseq_only	True	False
RPL27AP5	rnaseq_only	True	False
RPL27AP7	rnaseq_only	True	False
RPL27P6	rnaseq_only	True	False
RPL27P7	rnaseq_only	True	False
RPL28P1	rnaseq_only	True	False
RPL28P5	rnaseq_only	True	False
RPL28P6	rnaseq_only	True	False
RPL29P11	rnaseq_only	True	False
RPL29P12	rnaseq_only	True	False
RPL29P13	rnaseq_only	True	False
RPL29P14	rnaseq_only	True	False
RPL29P16	rnaseq_only	True	False
RPL29P19	rnaseq_only	True	False
RPL29P2	rnaseq_only	True	False
RPL29P20	rnaseq_only	True	False
RPL29P22	rnaseq_only	True	False
RPL29P24	rnaseq_only	True	False
RPL29P25	rnaseq_only	True	False
RPL29P26	rnaseq_only	True	False
RPL29P27	rnaseq_only	True	False
RPL29P3	rnaseq_only	True	False
RPL29P30	rnaseq_only	True	False
RPL29P31	rnaseq_only	True	False
RPL29P4	rnaseq_only	True	False
RPL29P7	rnaseq_only	True	False
RPL29P9	rnaseq_only	True	False
RPL30P14	rnaseq_only	True	False
RPL30P15	rnaseq_only	True	False
RPL30P4	rnaseq_only	True	False
RPL31P10	rnaseq_only	True	False
RPL31P11	rnaseq_only	True	False
RPL31P12	rnaseq_only	True	False
RPL31P17	rnaseq_only	True	False
RPL31P18	rnaseq_only	True	False
RPL31P19	rnaseq_only	True	False
RPL31P21	rnaseq_only	True	False
RPL31P28	rnaseq_only	True	False
RPL31P31	rnaseq_only	True	False
RPL31P35	rnaseq_only	True	False
RPL31P37	rnaseq_only	True	False
RPL31P38	rnaseq_only	True	False
RPL31P39	rnaseq_only	True	False
RPL31P4	rnaseq_only	True	False
RPL31P43	rnaseq_only	True	False
RPL31P46	rnaseq_only	True	False
RPL31P49	rnaseq_only	True	False
RPL31P58	rnaseq_only	True	False
RPL31P63	rnaseq_only	True	False
RPL31P7	rnaseq_only	True	False
RPL32P10	rnaseq_only	True	False
RPL32P12	rnaseq_only	True	False
RPL32P13	rnaseq_only	True	False
RPL32P16	rnaseq_only	True	False
RPL32P18	rnaseq_only	True	False
RPL32P2	rnaseq_only	True	False
RPL32P20	rnaseq_only	True	False
RPL32P24	rnaseq_only	True	False
RPL32P26	rnaseq_only	True	False
RPL32P27	rnaseq_only	True	False
RPL32P29	rnaseq_only	True	False
RPL32P3	rnaseq_only	True	False
RPL32P31	rnaseq_only	True	False
RPL32P34	rnaseq_only	True	False
RPL32P4	rnaseq_only	True	False
RPL32P7	rnaseq_only	True	False
RPL32P9	rnaseq_only	True	False
RPL34-DT	rnaseq_only	True	False
RPL34P1	rnaseq_only	True	False
RPL34P10	rnaseq_only	True	False
RPL34P11	rnaseq_only	True	False
RPL34P18	rnaseq_only	True	False
RPL34P24	rnaseq_only	True	False
RPL34P27	rnaseq_only	True	False
RPL34P31	rnaseq_only	True	False
RPL34P33	rnaseq_only	True	False
RPL34P34	rnaseq_only	True	False
RPL34P35	rnaseq_only	True	False
RPL34P6	rnaseq_only	True	False
RPL34P8	rnaseq_only	True	False
RPL34P9	rnaseq_only	True	False
RPL35AP16	rnaseq_only	True	False
RPL35AP21	rnaseq_only	True	False
RPL35AP33	rnaseq_only	True	False
RPL35AP36	rnaseq_only	True	False
RPL35P1	rnaseq_only	True	False
RPL35P10	rnaseq_only	True	False
RPL35P2	rnaseq_only	True	False
RPL35P4	rnaseq_only	True	False
RPL35P5	rnaseq_only	True	False
RPL35P6	rnaseq_only	True	False
RPL35P8	rnaseq_only	True	False
RPL36	rnaseq_only	True	False
RPL36AP11	rnaseq_only	True	False
RPL36AP13	rnaseq_only	True	False
RPL36AP15	rnaseq_only	True	False
RPL36AP19	rnaseq_only	True	False
RPL36AP21	rnaseq_only	True	False
RPL36AP23	rnaseq_only	True	False
RPL36AP24	rnaseq_only	True	False
RPL36AP25	rnaseq_only	True	False
RPL36AP26	rnaseq_only	True	False
RPL36AP28	rnaseq_only	True	False
RPL36AP30	rnaseq_only	True	False
RPL36AP33	rnaseq_only	True	False
RPL36AP36	rnaseq_only	True	False
RPL36AP37	rnaseq_only	True	False
RPL36AP39	rnaseq_only	True	False
RPL36AP4	rnaseq_only	True	False
RPL36AP40	rnaseq_only	True	False
RPL36AP43	rnaseq_only	True	False
RPL36AP45	rnaseq_only	True	False
RPL36AP47	rnaseq_only	True	False
RPL36AP48	rnaseq_only	True	False
RPL36AP49	rnaseq_only	True	False
RPL36AP50	rnaseq_only	True	False
RPL36AP51	rnaseq_only	True	False
RPL36AP52	rnaseq_only	True	False
RPL36AP53	rnaseq_only	True	False
RPL36AP55	rnaseq_only	True	False
RPL36AP7	rnaseq_only	True	False
RPL36AP8	rnaseq_only	True	False
RPL36P1	rnaseq_only	True	False
RPL36P12	rnaseq_only	True	False
RPL36P13	rnaseq_only	True	False
RPL36P14	rnaseq_only	True	False
RPL36P18	rnaseq_only	True	False
RPL36P2	rnaseq_only	True	False
RPL36P3	rnaseq_only	True	False
RPL36P4	rnaseq_only	True	False
RPL36P5	rnaseq_only	True	False
RPL36P8	rnaseq_only	True	False
RPL37A-DT	rnaseq_only	True	False
RPL37AP1	rnaseq_only	True	False
RPL37P2	rnaseq_only	True	False
RPL37P23	rnaseq_only	True	False
RPL37P6	rnaseq_only	True	False
RPL38P2	rnaseq_only	True	False
RPL39P15	rnaseq_only	True	False
RPL39P17	rnaseq_only	True	False
RPL39P18	rnaseq_only	True	False
RPL39P25	rnaseq_only	True	False
RPL39P3	rnaseq_only	True	False
RPL39P5	rnaseq_only	True	False
RPL3P1	rnaseq_only	True	False
RPL3P10	rnaseq_only	True	False
RPL3P11	rnaseq_only	True	False
RPL3P12	rnaseq_only	True	False
RPL3P2	rnaseq_only	True	False
RPL3P3	rnaseq_only	True	False
RPL3P4	rnaseq_only	True	False
RPL3P5	rnaseq_only	True	False
RPL3P6	rnaseq_only	True	False
RPL3P7	rnaseq_only	True	False
RPL3P8	rnaseq_only	True	False
RPL3P9	rnaseq_only	True	False
RPL41P2	rnaseq_only	True	False
RPL4P1	rnaseq_only	True	False
RPL4P2	rnaseq_only	True	False
RPL4P3	rnaseq_only	True	False
RPL4P4	rnaseq_only	True	False
RPL4P5	rnaseq_only	True	False
RPL4P6	rnaseq_only	True	False
RPL5P1	rnaseq_only	True	False
RPL5P11	rnaseq_only	True	False
RPL5P12	rnaseq_only	True	False
RPL5P15	rnaseq_only	True	False
RPL5P17	rnaseq_only	True	False
RPL5P18	rnaseq_only	True	False
RPL5P20	rnaseq_only	True	False
RPL5P22	rnaseq_only	True	False
RPL5P23	rnaseq_only	True	False
RPL5P24	rnaseq_only	True	False
RPL5P25	rnaseq_only	True	False
RPL5P27	rnaseq_only	True	False
RPL5P28	rnaseq_only	True	False
RPL5P29	rnaseq_only	True	False
RPL5P3	rnaseq_only	True	False
RPL5P30	rnaseq_only	True	False
RPL5P32	rnaseq_only	True	False
RPL5P34	rnaseq_only	True	False
RPL5P35	rnaseq_only	True	False
RPL5P4	rnaseq_only	True	False
RPL5P5	rnaseq_only	True	False
RPL5P6	rnaseq_only	True	False
RPL5P7	rnaseq_only	True	False
RPL5P8	rnaseq_only	True	False
RPL5P9	rnaseq_only	True	False
RPL6P1	rnaseq_only	True	False
RPL6P10	rnaseq_only	True	False
RPL6P12	rnaseq_only	True	False
RPL6P13	rnaseq_only	True	False
RPL6P19	rnaseq_only	True	False
RPL6P20	rnaseq_only	True	False
RPL6P21	rnaseq_only	True	False
RPL6P22	rnaseq_only	True	False
RPL6P24	rnaseq_only	True	False
RPL6P25	rnaseq_only	True	False
RPL6P26	rnaseq_only	True	False
RPL6P27	rnaseq_only	True	False
RPL6P28	rnaseq_only	True	False
RPL6P29	rnaseq_only	True	False
RPL6P3	rnaseq_only	True	False
RPL6P30	rnaseq_only	True	False
RPL6P4	rnaseq_only	True	False
RPL7AP10	rnaseq_only	True	False
RPL7AP11	rnaseq_only	True	False
RPL7AP14	rnaseq_only	True	False
RPL7AP16	rnaseq_only	True	False
RPL7AP17	rnaseq_only	True	False
RPL7AP18	rnaseq_only	True	False
RPL7AP2	rnaseq_only	True	False
RPL7AP20	rnaseq_only	True	False
RPL7AP21	rnaseq_only	True	False
RPL7AP25	rnaseq_only	True	False
RPL7AP26	rnaseq_only	True	False
RPL7AP27	rnaseq_only	True	False
RPL7AP3	rnaseq_only	True	False
RPL7AP30	rnaseq_only	True	False
RPL7AP31	rnaseq_only	True	False
RPL7AP32	rnaseq_only	True	False
RPL7AP33	rnaseq_only	True	False
RPL7AP34	rnaseq_only	True	False
RPL7AP36	rnaseq_only	True	False
RPL7AP37	rnaseq_only	True	False
RPL7AP39	rnaseq_only	True	False
RPL7AP4	rnaseq_only	True	False
RPL7AP42	rnaseq_only	True	False
RPL7AP43	rnaseq_only	True	False
RPL7AP45	rnaseq_only	True	False
RPL7AP47	rnaseq_only	True	False
RPL7AP48	rnaseq_only	True	False
RPL7AP49	rnaseq_only	True	False
RPL7AP5	rnaseq_only	True	False
RPL7AP50	rnaseq_only	True	False
RPL7AP51	rnaseq_only	True	False
RPL7AP53	rnaseq_only	True	False
RPL7AP55	rnaseq_only	True	False
RPL7AP57	rnaseq_only	True	False
RPL7AP58	rnaseq_only	True	False
RPL7AP6	rnaseq_only	True	False
RPL7AP60	rnaseq_only	True	False
RPL7AP62	rnaseq_only	True	False
RPL7AP63	rnaseq_only	True	False
RPL7AP66	rnaseq_only	True	False
RPL7AP67	rnaseq_only	True	False
RPL7AP7	rnaseq_only	True	False
RPL7AP70	rnaseq_only	True	False
RPL7AP71	rnaseq_only	True	False
RPL7AP73	rnaseq_only	True	False
RPL7AP74	rnaseq_only	True	False
RPL7AP76	rnaseq_only	True	False
RPL7AP77	rnaseq_only	True	False
RPL7AP78	rnaseq_only	True	False
RPL7AP8	rnaseq_only	True	False
RPL7AP80	rnaseq_only	True	False
RPL7AP81	rnaseq_only	True	False
RPL7AP9	rnaseq_only	True	False
RPL7L1P12	rnaseq_only	True	False
RPL7L1P14	rnaseq_only	True	False
RPL7L1P16	rnaseq_only	True	False
RPL7L1P17	rnaseq_only	True	False
RPL7L1P18	rnaseq_only	True	False
RPL7L1P4	rnaseq_only	True	False
RPL7L1P7	rnaseq_only	True	False
RPL7L1P8	rnaseq_only	True	False
RPL7L1P9	rnaseq_only	True	False
RPL7P1	rnaseq_only	True	False
RPL7P10	rnaseq_only	True	False
RPL7P11	rnaseq_only	True	False
RPL7P13	rnaseq_only	True	False
RPL7P14	rnaseq_only	True	False
RPL7P15	rnaseq_only	True	False
RPL7P16	rnaseq_only	True	False
RPL7P17	rnaseq_only	True	False
RPL7P18	rnaseq_only	True	False
RPL7P19	rnaseq_only	True	False
RPL7P20	rnaseq_only	True	False
RPL7P21	rnaseq_only	True	False
RPL7P22	rnaseq_only	True	False
RPL7P23	rnaseq_only	True	False
RPL7P26	rnaseq_only	True	False
RPL7P27	rnaseq_only	True	False
RPL7P32	rnaseq_only	True	False
RPL7P33	rnaseq_only	True	False
RPL7P36	rnaseq_only	True	False
RPL7P37	rnaseq_only	True	False
RPL7P38	rnaseq_only	True	False
RPL7P4	rnaseq_only	True	False
RPL7P44	rnaseq_only	True	False
RPL7P45	rnaseq_only	True	False
RPL7P46	rnaseq_only	True	False
RPL7P47	rnaseq_only	True	False
RPL7P48	rnaseq_only	True	False
RPL7P49	rnaseq_only	True	False
RPL7P50	rnaseq_only	True	False
RPL7P51	rnaseq_only	True	False
RPL7P52	rnaseq_only	True	False
RPL7P54	rnaseq_only	True	False
RPL7P56	rnaseq_only	True	False
RPL7P57	rnaseq_only	True	False
RPL7P58	rnaseq_only	True	False
RPL7P59	rnaseq_only	True	False
RPL7P6	rnaseq_only	True	False
RPL7P60	rnaseq_only	True	False
RPL7P7	rnaseq_only	True	False
RPL7P8	rnaseq_only	True	False
RPL7P9	rnaseq_only	True	False
RPL8P2	rnaseq_only	True	False
RPL8P3	rnaseq_only	True	False
RPL8P4	rnaseq_only	True	False
RPL9P18	rnaseq_only	True	False
RPL9P21	rnaseq_only	True	False
RPL9P25	rnaseq_only	True	False
RPL9P28	rnaseq_only	True	False
RPL9P3	rnaseq_only	True	False
RPL9P32	rnaseq_only	True	False
RPL9P5	rnaseq_only	True	False
RPL9P7	rnaseq_only	True	False
RPLP0P10	rnaseq_only	True	False
RPLP0P11	rnaseq_only	True	False
RPLP0P12	rnaseq_only	True	False
RPLP0P2	rnaseq_only	True	False
RPLP0P3	rnaseq_only	True	False
RPLP0P5	rnaseq_only	True	False
RPLP0P6	rnaseq_only	True	False
RPLP0P9	rnaseq_only	True	False
RPLP1P5	rnaseq_only	True	False
RPLP1P6	rnaseq_only	True	False
RPLP2P1	rnaseq_only	True	False
RPPH1	rnaseq_only	True	False
RPS10P10	rnaseq_only	True	False
RPS10P13	rnaseq_only	True	False
RPS10P16	rnaseq_only	True	False
RPS10P2	rnaseq_only	True	False
RPS10P20	rnaseq_only	True	False
RPS10P28	rnaseq_only	True	False
RPS10P29	rnaseq_only	True	False
RPS10P3	rnaseq_only	True	False
RPS10P30	rnaseq_only	True	False
RPS10P4	rnaseq_only	True	False
RPS10P5	rnaseq_only	True	False
RPS10P7	rnaseq_only	True	False
RPS10P9	rnaseq_only	True	False
RPS11P5	rnaseq_only	True	False
RPS11P7	rnaseq_only	True	False
RPS12P16	rnaseq_only	True	False
RPS12P2	rnaseq_only	True	False
RPS12P23	rnaseq_only	True	False
RPS12P26	rnaseq_only	True	False
RPS12P27	rnaseq_only	True	False
RPS12P3	rnaseq_only	True	False
RPS12P32	rnaseq_only	True	False
RPS12P4	rnaseq_only	True	False
RPS12P7	rnaseq_only	True	False
RPS13P2	rnaseq_only	True	False
RPS14P4	rnaseq_only	True	False
RPS14P5	rnaseq_only	True	False
RPS15AP1	rnaseq_only	True	False
RPS15AP10	rnaseq_only	True	False
RPS15AP11	rnaseq_only	True	False
RPS15AP12	rnaseq_only	True	False
RPS15AP19	rnaseq_only	True	False
RPS15AP24	rnaseq_only	True	False
RPS15AP25	rnaseq_only	True	False
RPS15AP28	rnaseq_only	True	False
RPS15AP29	rnaseq_only	True	False
RPS15AP38	rnaseq_only	True	False
RPS15AP40	rnaseq_only	True	False
RPS15AP5	rnaseq_only	True	False
RPS15AP6	rnaseq_only	True	False
RPS15AP7	rnaseq_only	True	False
RPS15P4	rnaseq_only	True	False
RPS15P5	rnaseq_only	True	False
RPS16P2	rnaseq_only	True	False
RPS16P4	rnaseq_only	True	False
RPS16P5	rnaseq_only	True	False
RPS17P10	rnaseq_only	True	False
RPS17P16	rnaseq_only	True	False
RPS17P2	rnaseq_only	True	False
RPS17P5	rnaseq_only	True	False
RPS17P9	rnaseq_only	True	False
RPS18P12	rnaseq_only	True	False
RPS18P13	rnaseq_only	True	False
RPS18P14	rnaseq_only	True	False
RPS18P5	rnaseq_only	True	False
RPS18P6	rnaseq_only	True	False
RPS18P8	rnaseq_only	True	False
RPS18P9	rnaseq_only	True	False
RPS19P1	rnaseq_only	True	False
RPS19P3	rnaseq_only	True	False
RPS20P10	rnaseq_only	True	False
RPS20P12	rnaseq_only	True	False
RPS20P14	rnaseq_only	True	False
RPS20P2	rnaseq_only	True	False
RPS20P22	rnaseq_only	True	False
RPS20P24	rnaseq_only	True	False
RPS20P33	rnaseq_only	True	False
RPS20P4	rnaseq_only	True	False
RPS20P5	rnaseq_only	True	False
RPS20P9	rnaseq_only	True	False
RPS21-DT	rnaseq_only	True	False
RPS23P1	rnaseq_only	True	False
RPS23P2	rnaseq_only	True	False
RPS23P7	rnaseq_only	True	False
RPS23P8	rnaseq_only	True	False
RPS24P13	rnaseq_only	True	False
RPS24P18	rnaseq_only	True	False
RPS24P19	rnaseq_only	True	False
RPS24P21	rnaseq_only	True	False
RPS24P6	rnaseq_only	True	False
RPS24P7	rnaseq_only	True	False
RPS24P8	rnaseq_only	True	False
RPS25P3	rnaseq_only	True	False
RPS25P7	rnaseq_only	True	False
RPS26P11	rnaseq_only	True	False
RPS26P13	rnaseq_only	True	False
RPS26P15	rnaseq_only	True	False
RPS26P19	rnaseq_only	True	False
RPS26P2	rnaseq_only	True	False
RPS26P20	rnaseq_only	True	False
RPS26P21	rnaseq_only	True	False
RPS26P22	rnaseq_only	True	False
RPS26P28	rnaseq_only	True	False
RPS26P29	rnaseq_only	True	False
RPS26P3	rnaseq_only	True	False
RPS26P31	rnaseq_only	True	False
RPS26P35	rnaseq_only	True	False
RPS26P38	rnaseq_only	True	False
RPS26P39	rnaseq_only	True	False
RPS26P47	rnaseq_only	True	False
RPS26P54	rnaseq_only	True	False
RPS26P56	rnaseq_only	True	False
RPS26P58	rnaseq_only	True	False
RPS26P6	rnaseq_only	True	False
RPS26P8	rnaseq_only	True	False
RPS27AP1	rnaseq_only	True	False
RPS27AP11	rnaseq_only	True	False
RPS27AP12	rnaseq_only	True	False
RPS27AP16	rnaseq_only	True	False
RPS27AP19	rnaseq_only	True	False
RPS27AP2	rnaseq_only	True	False
RPS27AP3	rnaseq_only	True	False
RPS27AP5	rnaseq_only	True	False
RPS27P10	rnaseq_only	True	False
RPS27P13	rnaseq_only	True	False
RPS27P15	rnaseq_only	True	False
RPS27P17	rnaseq_only	True	False
RPS27P19	rnaseq_only	True	False
RPS27P21	rnaseq_only	True	False
RPS27P29	rnaseq_only	True	False
RPS27P3	rnaseq_only	True	False
RPS27P4	rnaseq_only	True	False
RPS27P6	rnaseq_only	True	False
RPS27P7	rnaseq_only	True	False
RPS27P8	rnaseq_only	True	False
RPS27P9	rnaseq_only	True	False
RPS28P4	rnaseq_only	True	False
RPS28P7	rnaseq_only	True	False
RPS29P16	rnaseq_only	True	False
RPS29P17	rnaseq_only	True	False
RPS29P7	rnaseq_only	True	False
RPS2P1	rnaseq_only	True	False
RPS2P17	rnaseq_only	True	False
RPS2P18	rnaseq_only	True	False
RPS2P2	rnaseq_only	True	False
RPS2P24	rnaseq_only	True	False
RPS2P29	rnaseq_only	True	False
RPS2P32	rnaseq_only	True	False
RPS2P35	rnaseq_only	True	False
RPS2P39	rnaseq_only	True	False
RPS2P4	rnaseq_only	True	False
RPS2P44	rnaseq_only	True	False
RPS2P46	rnaseq_only	True	False
RPS2P48	rnaseq_only	True	False
RPS2P5	rnaseq_only	True	False
RPS2P52	rnaseq_only	True	False
RPS2P53	rnaseq_only	True	False
RPS2P55	rnaseq_only	True	False
RPS2P6	rnaseq_only	True	False
RPS2P7	rnaseq_only	True	False
RPS3AP11	rnaseq_only	True	False
RPS3AP12	rnaseq_only	True	False
RPS3AP13	rnaseq_only	True	False
RPS3AP15	rnaseq_only	True	False
RPS3AP16	rnaseq_only	True	False
RPS3AP18	rnaseq_only	True	False
RPS3AP19	rnaseq_only	True	False
RPS3AP20	rnaseq_only	True	False
RPS3AP21	rnaseq_only	True	False
RPS3AP22	rnaseq_only	True	False
RPS3AP25	rnaseq_only	True	False
RPS3AP26	rnaseq_only	True	False
RPS3AP28	rnaseq_only	True	False
RPS3AP34	rnaseq_only	True	False
RPS3AP36	rnaseq_only	True	False
RPS3AP37	rnaseq_only	True	False
RPS3AP38	rnaseq_only	True	False
RPS3AP4	rnaseq_only	True	False
RPS3AP43	rnaseq_only	True	False
RPS3AP44	rnaseq_only	True	False
RPS3AP47	rnaseq_only	True	False
RPS3AP48	rnaseq_only	True	False
RPS3AP49	rnaseq_only	True	False
RPS3AP5	rnaseq_only	True	False
RPS3AP51	rnaseq_only	True	False
RPS3AP53	rnaseq_only	True	False
RPS3AP55	rnaseq_only	True	False
RPS3AP6	rnaseq_only	True	False
RPS3AP7	rnaseq_only	True	False
RPS3P2	rnaseq_only	True	False
RPS3P3	rnaseq_only	True	False
RPS3P4	rnaseq_only	True	False
RPS3P6	rnaseq_only	True	False
RPS3P7	rnaseq_only	True	False
RPS4XP1	rnaseq_only	True	False
RPS4XP11	rnaseq_only	True	False
RPS4XP13	rnaseq_only	True	False
RPS4XP14	rnaseq_only	True	False
RPS4XP16	rnaseq_only	True	False
RPS4XP17	rnaseq_only	True	False
RPS4XP19	rnaseq_only	True	False
RPS4XP2	rnaseq_only	True	False
RPS4XP20	rnaseq_only	True	False
RPS4XP21	rnaseq_only	True	False
RPS4XP22	rnaseq_only	True	False
RPS4XP3	rnaseq_only	True	False
RPS4XP5	rnaseq_only	True	False
RPS4XP6	rnaseq_only	True	False
RPS4XP7	rnaseq_only	True	False
RPS4XP8	rnaseq_only	True	False
RPS4XP9	rnaseq_only	True	False
RPS5P2	rnaseq_only	True	False
RPS5P8	rnaseq_only	True	False
RPS6P16	rnaseq_only	True	False
RPS6P22	rnaseq_only	True	False
RPS6P25	rnaseq_only	True	False
RPS6P26	rnaseq_only	True	False
RPS6P3	rnaseq_only	True	False
RPS7P1	rnaseq_only	True	False
RPS7P10	rnaseq_only	True	False
RPS7P11	rnaseq_only	True	False
RPS7P14	rnaseq_only	True	False
RPS7P15	rnaseq_only	True	False
RPS7P3	rnaseq_only	True	False
RPS7P4	rnaseq_only	True	False
RPS7P5	rnaseq_only	True	False
RPS7P8	rnaseq_only	True	False
RPS8P10	rnaseq_only	True	False
RPS8P11	rnaseq_only	True	False
RPS8P3	rnaseq_only	True	False
RPS8P4	rnaseq_only	True	False
RPS8P5	rnaseq_only	True	False
RPS9P2	rnaseq_only	True	False
RPSA2	rnaseq_only	True	False
RPSAP10	rnaseq_only	True	False
RPSAP11	rnaseq_only	True	False
RPSAP12	rnaseq_only	True	False
RPSAP13	rnaseq_only	True	False
RPSAP14	rnaseq_only	True	False
RPSAP15	rnaseq_only	True	False
RPSAP16	rnaseq_only	True	False
RPSAP17	rnaseq_only	True	False
RPSAP18	rnaseq_only	True	False
RPSAP19	rnaseq_only	True	False
RPSAP2	rnaseq_only	True	False
RPSAP20	rnaseq_only	True	False
RPSAP21	rnaseq_only	True	False
RPSAP23	rnaseq_only	True	False
RPSAP24	rnaseq_only	True	False
RPSAP25	rnaseq_only	True	False
RPSAP26	rnaseq_only	True	False
RPSAP29	rnaseq_only	True	False
RPSAP3	rnaseq_only	True	False
RPSAP31	rnaseq_only	True	False
RPSAP36	rnaseq_only	True	False
RPSAP39	rnaseq_only	True	False
RPSAP4	rnaseq_only	True	False
RPSAP41	rnaseq_only	True	False
RPSAP42	rnaseq_only	True	False
RPSAP43	rnaseq_only	True	False
RPSAP44	rnaseq_only	True	False
RPSAP45	rnaseq_only	True	False
RPSAP46	rnaseq_only	True	False
RPSAP47	rnaseq_only	True	False
RPSAP49	rnaseq_only	True	False
RPSAP5	rnaseq_only	True	False
RPSAP52	rnaseq_only	True	False
RPSAP53	rnaseq_only	True	False
RPSAP54	rnaseq_only	True	False
RPSAP55	rnaseq_only	True	False
RPSAP56	rnaseq_only	True	False
RPSAP57	rnaseq_only	True	False
RPSAP6	rnaseq_only	True	False
RPSAP61	rnaseq_only	True	False
RPSAP63	rnaseq_only	True	False
RPSAP65	rnaseq_only	True	False
RPSAP69	rnaseq_only	True	False
RPSAP7	rnaseq_only	True	False
RPSAP70	rnaseq_only	True	False
RPSAP75	rnaseq_only	True	False
RPSAP76	rnaseq_only	True	False
RPSAP8	rnaseq_only	True	False
RPSAP9	rnaseq_only	True	False
RRAGC-DT	rnaseq_only	True	False
RRAS2P1	rnaseq_only	True	False
RRM2P3	rnaseq_only	True	False
RRN3P1	rnaseq_only	True	False
RRN3P3	rnaseq_only	True	False
RRP7BP	rnaseq_only	True	False
RSF1-IT2	rnaseq_only	True	False
RSL1D1-DT	rnaseq_only	True	False
RSL24D1P1	rnaseq_only	True	False
RSL24D1P11	rnaseq_only	True	False
RSL24D1P2	rnaseq_only	True	False
RSL24D1P3	rnaseq_only	True	False
RSPH1-DT	rnaseq_only	True	False
RSU1P1	rnaseq_only	True	False
RTCA-AS1	rnaseq_only	True	False
RTEL1-TNFRSF6B	rnaseq_only	True	False
RTEL1P1	rnaseq_only	True	False
RTN3P1	rnaseq_only	True	False
RTN4IP1P1	rnaseq_only	True	False
RTN4RL1-AS1	rnaseq_only	True	False
RTRAFP1	rnaseq_only	True	False
RTRAFP2	rnaseq_only	True	False
RUFY1-AS1	rnaseq_only	True	False
RUNX1-AS1	rnaseq_only	True	False
RUSF1-DT	rnaseq_only	True	False
RWDD3-DT	rnaseq_only	True	False
RWDD4P1	rnaseq_only	True	False
RWDD4P2	rnaseq_only	True	False
RYKP1	rnaseq_only	True	False
SAE1P1	rnaseq_only	True	False
SALL1-AS1	rnaseq_only	True	False
SALL1P1	rnaseq_only	True	False
SALRNA1	rnaseq_only	True	False
SAMSN1-AS1	rnaseq_only	True	False
SAP30-DT	rnaseq_only	True	False
SAP30L-AS1	rnaseq_only	True	False
SAP30P1	rnaseq_only	True	False
SAPCD1	rnaseq_only	True	False
SAPCD2P1	rnaseq_only	True	False
SAPCD2P2	rnaseq_only	True	False
SAPCD2P4	rnaseq_only	True	False
SAT1-DT	rnaseq_only	True	False
SATB1-AS1	rnaseq_only	True	False
SATB2-AS1	rnaseq_only	True	False
SBDSP1	rnaseq_only	True	False
SBF2-AS1	rnaseq_only	True	False
SBNO1-AS1	rnaseq_only	True	False
SCAANT1	rnaseq_only	True	False
SCAMP1-AS1	rnaseq_only	True	False
SCARNA1	rnaseq_only	True	False
SCARNA10	rnaseq_only	True	False
SCARNA11	rnaseq_only	True	False
SCARNA12	rnaseq_only	True	False
SCARNA13	rnaseq_only	True	False
SCARNA16	rnaseq_only	True	False
SCARNA17	rnaseq_only	True	False
SCARNA18	rnaseq_only	True	False
SCARNA2	rnaseq_only	True	False
SCARNA20	rnaseq_only	True	False
SCARNA21	rnaseq_only	True	False
SCARNA22	rnaseq_only	True	False
SCARNA23	rnaseq_only	True	False
SCARNA3	rnaseq_only	True	False
SCARNA4	rnaseq_only	True	False
SCARNA5	rnaseq_only	True	False
SCARNA6	rnaseq_only	True	False
SCARNA7	rnaseq_only	True	False
SCARNA9	rnaseq_only	True	False
SCART1	rnaseq_only	True	False
SCAT8	rnaseq_only	True	False
SCDAL	rnaseq_only	True	False
SCDP1	rnaseq_only	True	False
SCFD2-AS1	rnaseq_only	True	False
SCHIP1	rnaseq_only	True	False
SCIRT	rnaseq_only	True	False
SCO2	rnaseq_only	True	False
SCOC-AS1	rnaseq_only	True	False
SCOCP1	rnaseq_only	True	False
SCUBE1-AS1	rnaseq_only	True	False
SCUBE3-AS1	rnaseq_only	True	False
SCYL2P1	rnaseq_only	True	False
SDAD1P1	rnaseq_only	True	False
SDAD1P2	rnaseq_only	True	False
SDCBP2-AS1	rnaseq_only	True	False
SDCBPP1	rnaseq_only	True	False
SDCBPP2	rnaseq_only	True	False
SDCBPP3	rnaseq_only	True	False
SDHAP1	rnaseq_only	True	False
SDHAP2	rnaseq_only	True	False
SDHAP3	rnaseq_only	True	False
SDHAP4	rnaseq_only	True	False
SDHCP5	rnaseq_only	True	False
SDHDP2	rnaseq_only	True	False
SDR42E2	rnaseq_only	True	False
SEC11B	rnaseq_only	True	False
SEC14L1P1	rnaseq_only	True	False
SEC1P	rnaseq_only	True	False
SEC22B3P	rnaseq_only	True	False
SEC22B4P	rnaseq_only	True	False
SEC23A-AS1	rnaseq_only	True	False
SEC24B-AS1	rnaseq_only	True	False
SEC63P1	rnaseq_only	True	False
SELENOH	rnaseq_only	True	False
SELENOKP1	rnaseq_only	True	False
SELENOO-AS1	rnaseq_only	True	False
SELENOOLP	rnaseq_only	True	False
SELENOTP1	rnaseq_only	True	False
SEM1P1	rnaseq_only	True	False
SEMA3B-AS1	rnaseq_only	True	False
SEMA6A-AS1	rnaseq_only	True	False
SEPHS1P1	rnaseq_only	True	False
SEPHS1P2	rnaseq_only	True	False
SEPHS1P4	rnaseq_only	True	False
SEPHS1P6	rnaseq_only	True	False
SEPSECS-DT	rnaseq_only	True	False
SEPTIN10P1	rnaseq_only	True	False
SEPTIN14P12	rnaseq_only	True	False
SEPTIN14P23	rnaseq_only	True	False
SEPTIN14P6	rnaseq_only	True	False
SEPTIN2P1	rnaseq_only	True	False
SEPTIN4-AS1	rnaseq_only	True	False
SEPTIN5	rnaseq_only	True	False
SEPTIN7-DT	rnaseq_only	True	False
SEPTIN7P1	rnaseq_only	True	False
SEPTIN7P13	rnaseq_only	True	False
SEPTIN7P2	rnaseq_only	True	False
SEPTIN7P3	rnaseq_only	True	False
SEPTIN7P6	rnaseq_only	True	False
SEPTIN7P7	rnaseq_only	True	False
SEPTIN7P8	rnaseq_only	True	False
SEPTIN7P9	rnaseq_only	True	False
SERBP1P1	rnaseq_only	True	False
SERBP1P3	rnaseq_only	True	False
SERBP1P4	rnaseq_only	True	False
SERBP1P5	rnaseq_only	True	False
SERBP1P6	rnaseq_only	True	False
SERF1A	rnaseq_only	True	False
SERPINH1P1	rnaseq_only	True	False
SERTAD2-AS1	rnaseq_only	True	False
SERTAD3-AS1	rnaseq_only	True	False
SERTAD4-AS1	rnaseq_only	True	False
SETBP1-DT	rnaseq_only	True	False
SETP1	rnaseq_only	True	False
SETP11	rnaseq_only	True	False
SETP14	rnaseq_only	True	False
SETP16	rnaseq_only	True	False
SETP17	rnaseq_only	True	False
SETP2	rnaseq_only	True	False
SETP20	rnaseq_only	True	False
SETP21	rnaseq_only	True	False
SETP22	rnaseq_only	True	False
SETP3	rnaseq_only	True	False
SETP4	rnaseq_only	True	False
SETP6	rnaseq_only	True	False
SETP7	rnaseq_only	True	False
SETP8	rnaseq_only	True	False
SF3A3P1	rnaseq_only	True	False
SF3A3P2	rnaseq_only	True	False
SF3B4P1	rnaseq_only	True	False
SGMS1-AS1	rnaseq_only	True	False
SGO1-AS1	rnaseq_only	True	False
SGSM2-AS1	rnaseq_only	True	False
SH3BP5-AS1	rnaseq_only	True	False
SH3D19-AS1	rnaseq_only	True	False
SH3GL1-AS1	rnaseq_only	True	False
SH3GL1P1	rnaseq_only	True	False
SH3GL1P2	rnaseq_only	True	False
SH3PXD2A-AS1	rnaseq_only	True	False
SHANK3	rnaseq_only	True	False
SHC1P1	rnaseq_only	True	False
SHC1P2	rnaseq_only	True	False
SHLD2P1	rnaseq_only	True	False
SHLD2P2	rnaseq_only	True	False
SHLD2P3	rnaseq_only	True	False
SHLD3	rnaseq_only	True	False
SHQ1P1	rnaseq_only	True	False
SIGLEC10-AS1	rnaseq_only	True	False
SIGLEC22P	rnaseq_only	True	False
SIGLEC5	rnaseq_only	True	False
SIMC1P1	rnaseq_only	True	False
SINHCAFP1	rnaseq_only	True	False
SINHCAFP2	rnaseq_only	True	False
SIPA1L1-AS1	rnaseq_only	True	False
SIRPAP1	rnaseq_only	True	False
SKA2P1	rnaseq_only	True	False
SKP1P1	rnaseq_only	True	False
SLC12A2-DT	rnaseq_only	True	False
SLC12A5-AS1	rnaseq_only	True	False
SLC12A9-AS1	rnaseq_only	True	False
SLC16A1-AS1	rnaseq_only	True	False
SLC16A6P1	rnaseq_only	True	False
SLC1A3-AS1	rnaseq_only	True	False
SLC20A1-DT	rnaseq_only	True	False
SLC25A1P3	rnaseq_only	True	False
SLC25A1P5	rnaseq_only	True	False
SLC25A25-AS1	rnaseq_only	True	False
SLC25A28-DT	rnaseq_only	True	False
SLC25A38P1	rnaseq_only	True	False
SLC25A3P1	rnaseq_only	True	False
SLC25A3P2	rnaseq_only	True	False
SLC25A5-AS1	rnaseq_only	True	False
SLC25A5P1	rnaseq_only	True	False
SLC25A5P2	rnaseq_only	True	False
SLC25A5P5	rnaseq_only	True	False
SLC25A5P7	rnaseq_only	True	False
SLC26A4-AS1	rnaseq_only	True	False
SLC26A5-AS1	rnaseq_only	True	False
SLC28A2-AS1	rnaseq_only	True	False
SLC2A1-DT	rnaseq_only	True	False
SLC2A3P1	rnaseq_only	True	False
SLC2A3P2	rnaseq_only	True	False
SLC30A4-AS1	rnaseq_only	True	False
SLC30A6-DT	rnaseq_only	True	False
SLC31A1P1	rnaseq_only	True	False
SLC35E1P1	rnaseq_only	True	False
SLC38A2-AS1	rnaseq_only	True	False
SLC38A4-AS1	rnaseq_only	True	False
SLC39A13-AS1	rnaseq_only	True	False
SLC44A3-AS1	rnaseq_only	True	False
SLC4A1APP1	rnaseq_only	True	False
SLC6A10P	rnaseq_only	True	False
SLC71A3P	rnaseq_only	True	False
SLC7A5P1	rnaseq_only	True	False
SLC7A5P2	rnaseq_only	True	False
SLC9A3-AS1	rnaseq_only	True	False
SLC9A3-OT1	rnaseq_only	True	False
SLC9A3P1	rnaseq_only	True	False
SLC9A3P3	rnaseq_only	True	False
SLC9A3R1-AS1	rnaseq_only	True	False
SLC9A7P1	rnaseq_only	True	False
SLCO4A1-AS2	rnaseq_only	True	False
SLEAR	rnaseq_only	True	False
SLFNL1-AS1	rnaseq_only	True	False
SLIRPP1	rnaseq_only	True	False
SLX1B	rnaseq_only	True	False
SLX1B-SULT1A4	rnaseq_only	True	False
SMAD3-DT	rnaseq_only	True	False
SMAD5-AS1	rnaseq_only	True	False
SMARCA5-AS1	rnaseq_only	True	False
SMARCE1P1	rnaseq_only	True	False
SMARCE1P3	rnaseq_only	True	False
SMARCE1P5	rnaseq_only	True	False
SMARCE1P6	rnaseq_only	True	False
SMC2-DT	rnaseq_only	True	False
SMC3P1	rnaseq_only	True	False
SMG1P1	rnaseq_only	True	False
SMG1P2	rnaseq_only	True	False
SMG1P3	rnaseq_only	True	False
SMG1P4	rnaseq_only	True	False
SMG1P5	rnaseq_only	True	False
SMG1P6	rnaseq_only	True	False
SMG1P7	rnaseq_only	True	False
SMG7-AS1	rnaseq_only	True	False
SMIM10L2A	rnaseq_only	True	False
SMIM10L2B	rnaseq_only	True	False
SMIM10L3	rnaseq_only	True	False
SMIM14-DT	rnaseq_only	True	False
SMIM15-AS1	rnaseq_only	True	False
SMIM2-AS1	rnaseq_only	True	False
SMIM27	rnaseq_only	True	False
SMIM29-AS1	rnaseq_only	True	False
SMIM30	rnaseq_only	True	False
SMIM34	rnaseq_only	True	False
SMIM38	rnaseq_only	True	False
SMIM41	rnaseq_only	True	False
SMIM45	rnaseq_only	True	False
SMN2	rnaseq_only	True	False
SMPD4BP	rnaseq_only	True	False
SMPD4P2	rnaseq_only	True	False
SMPD5	rnaseq_only	True	False
SMSP1	rnaseq_only	True	False
SMU1P1	rnaseq_only	True	False
SMURF2P1	rnaseq_only	True	False
SNAI3-AS1	rnaseq_only	True	False
SNAP23P1	rnaseq_only	True	False
SNAP25-AS1	rnaseq_only	True	False
SNAP47-AS1	rnaseq_only	True	False
SND1-DT	rnaseq_only	True	False
SND1-IT1	rnaseq_only	True	False
SNF8P1	rnaseq_only	True	False
SNHG1	rnaseq_only	True	False
SNHG10	rnaseq_only	True	False
SNHG11	rnaseq_only	True	False
SNHG12	rnaseq_only	True	False
SNHG14	rnaseq_only	True	False
SNHG15	rnaseq_only	True	False
SNHG16	rnaseq_only	True	False
SNHG17	rnaseq_only	True	False
SNHG18	rnaseq_only	True	False
SNHG19	rnaseq_only	True	False
SNHG20	rnaseq_only	True	False
SNHG21	rnaseq_only	True	False
SNHG22	rnaseq_only	True	False
SNHG25	rnaseq_only	True	False
SNHG26	rnaseq_only	True	False
SNHG27	rnaseq_only	True	False
SNHG29	rnaseq_only	True	False
SNHG3	rnaseq_only	True	False
SNHG30	rnaseq_only	True	False
SNHG31	rnaseq_only	True	False
SNHG33	rnaseq_only	True	False
SNHG4	rnaseq_only	True	False
SNHG5	rnaseq_only	True	False
SNHG6	rnaseq_only	True	False
SNHG7	rnaseq_only	True	False
SNHG8	rnaseq_only	True	False
SNHG9	rnaseq_only	True	False
SNORA1	rnaseq_only	True	False
SNORA10	rnaseq_only	True	False
SNORA10B	rnaseq_only	True	False
SNORA11	rnaseq_only	True	False
SNORA11D	rnaseq_only	True	False
SNORA11F	rnaseq_only	True	False
SNORA12	rnaseq_only	True	False
SNORA14B	rnaseq_only	True	False
SNORA16A	rnaseq_only	True	False
SNORA17B	rnaseq_only	True	False
SNORA18	rnaseq_only	True	False
SNORA20	rnaseq_only	True	False
SNORA21	rnaseq_only	True	False
SNORA21B	rnaseq_only	True	False
SNORA22	rnaseq_only	True	False
SNORA22B	rnaseq_only	True	False
SNORA22C	rnaseq_only	True	False
SNORA23	rnaseq_only	True	False
SNORA24	rnaseq_only	True	False
SNORA24B	rnaseq_only	True	False
SNORA25	rnaseq_only	True	False
SNORA26	rnaseq_only	True	False
SNORA27	rnaseq_only	True	False
SNORA28	rnaseq_only	True	False
SNORA2A	rnaseq_only	True	False
SNORA2C	rnaseq_only	True	False
SNORA30	rnaseq_only	True	False
SNORA31	rnaseq_only	True	False
SNORA31B	rnaseq_only	True	False
SNORA33	rnaseq_only	True	False
SNORA36A	rnaseq_only	True	False
SNORA37	rnaseq_only	True	False
SNORA38	rnaseq_only	True	False
SNORA38B	rnaseq_only	True	False
SNORA3A	rnaseq_only	True	False
SNORA3B	rnaseq_only	True	False
SNORA4	rnaseq_only	True	False
SNORA40	rnaseq_only	True	False
SNORA44	rnaseq_only	True	False
SNORA47	rnaseq_only	True	False
SNORA48	rnaseq_only	True	False
SNORA48B	rnaseq_only	True	False
SNORA49	rnaseq_only	True	False
SNORA50A	rnaseq_only	True	False
SNORA50B	rnaseq_only	True	False
SNORA50C	rnaseq_only	True	False
SNORA51	rnaseq_only	True	False
SNORA52	rnaseq_only	True	False
SNORA53	rnaseq_only	True	False
SNORA54	rnaseq_only	True	False
SNORA56	rnaseq_only	True	False
SNORA57	rnaseq_only	True	False
SNORA58	rnaseq_only	True	False
SNORA58B	rnaseq_only	True	False
SNORA59A	rnaseq_only	True	False
SNORA59B	rnaseq_only	True	False
SNORA5A	rnaseq_only	True	False
SNORA5C	rnaseq_only	True	False
SNORA6	rnaseq_only	True	False
SNORA61	rnaseq_only	True	False
SNORA62	rnaseq_only	True	False
SNORA63	rnaseq_only	True	False
SNORA63B	rnaseq_only	True	False
SNORA63C	rnaseq_only	True	False
SNORA64	rnaseq_only	True	False
SNORA65	rnaseq_only	True	False
SNORA66	rnaseq_only	True	False
SNORA67	rnaseq_only	True	False
SNORA68	rnaseq_only	True	False
SNORA68B	rnaseq_only	True	False
SNORA70	rnaseq_only	True	False
SNORA71A	rnaseq_only	True	False
SNORA71B	rnaseq_only	True	False
SNORA71C	rnaseq_only	True	False
SNORA71D	rnaseq_only	True	False
SNORA71E	rnaseq_only	True	False
SNORA72	rnaseq_only	True	False
SNORA73A	rnaseq_only	True	False
SNORA73B	rnaseq_only	True	False
SNORA74A	rnaseq_only	True	False
SNORA74B	rnaseq_only	True	False
SNORA75	rnaseq_only	True	False
SNORA77	rnaseq_only	True	False
SNORA77B	rnaseq_only	True	False
SNORA78	rnaseq_only	True	False
SNORA79	rnaseq_only	True	False
SNORA79B	rnaseq_only	True	False
SNORA7A	rnaseq_only	True	False
SNORA7B	rnaseq_only	True	False
SNORA8	rnaseq_only	True	False
SNORA80A	rnaseq_only	True	False
SNORA80B	rnaseq_only	True	False
SNORA80D	rnaseq_only	True	False
SNORA80E	rnaseq_only	True	False
SNORA81	rnaseq_only	True	False
SNORA84	rnaseq_only	True	False
SNORA9	rnaseq_only	True	False
SNORA9B	rnaseq_only	True	False
SNORD10	rnaseq_only	True	False
SNORD100	rnaseq_only	True	False
SNORD104	rnaseq_only	True	False
SNORD105	rnaseq_only	True	False
SNORD105B	rnaseq_only	True	False
SNORD107	rnaseq_only	True	False
SNORD11	rnaseq_only	True	False
SNORD110	rnaseq_only	True	False
SNORD116-1	rnaseq_only	True	False
SNORD116-11	rnaseq_only	True	False
SNORD116-13	rnaseq_only	True	False
SNORD116-14	rnaseq_only	True	False
SNORD116-15	rnaseq_only	True	False
SNORD116-16	rnaseq_only	True	False
SNORD116-17	rnaseq_only	True	False
SNORD116-19	rnaseq_only	True	False
SNORD116-2	rnaseq_only	True	False
SNORD116-20	rnaseq_only	True	False
SNORD116-21	rnaseq_only	True	False
SNORD116-22	rnaseq_only	True	False
SNORD116-23	rnaseq_only	True	False
SNORD116-24	rnaseq_only	True	False
SNORD116-25	rnaseq_only	True	False
SNORD116-27	rnaseq_only	True	False
SNORD116-29	rnaseq_only	True	False
SNORD116-3	rnaseq_only	True	False
SNORD116-5	rnaseq_only	True	False
SNORD116-6	rnaseq_only	True	False
SNORD116-7	rnaseq_only	True	False
SNORD116-8	rnaseq_only	True	False
SNORD116-9	rnaseq_only	True	False
SNORD117	rnaseq_only	True	False
SNORD118	rnaseq_only	True	False
SNORD11B	rnaseq_only	True	False
SNORD12	rnaseq_only	True	False
SNORD127	rnaseq_only	True	False
SNORD12B	rnaseq_only	True	False
SNORD12C	rnaseq_only	True	False
SNORD13	rnaseq_only	True	False
SNORD14A	rnaseq_only	True	False
SNORD14B	rnaseq_only	True	False
SNORD14C	rnaseq_only	True	False
SNORD14D	rnaseq_only	True	False
SNORD14E	rnaseq_only	True	False
SNORD15A	rnaseq_only	True	False
SNORD15B	rnaseq_only	True	False
SNORD16	rnaseq_only	True	False
SNORD17	rnaseq_only	True	False
SNORD18A	rnaseq_only	True	False
SNORD19B	rnaseq_only	True	False
SNORD1C	rnaseq_only	True	False
SNORD21	rnaseq_only	True	False
SNORD22	rnaseq_only	True	False
SNORD24	rnaseq_only	True	False
SNORD26	rnaseq_only	True	False
SNORD27	rnaseq_only	True	False
SNORD28	rnaseq_only	True	False
SNORD30	rnaseq_only	True	False
SNORD32A	rnaseq_only	True	False
SNORD33	rnaseq_only	True	False
SNORD34	rnaseq_only	True	False
SNORD35A	rnaseq_only	True	False
SNORD35B	rnaseq_only	True	False
SNORD36A	rnaseq_only	True	False
SNORD36B	rnaseq_only	True	False
SNORD36C	rnaseq_only	True	False
SNORD37	rnaseq_only	True	False
SNORD38A	rnaseq_only	True	False
SNORD38B	rnaseq_only	True	False
SNORD3A	rnaseq_only	True	False
SNORD3B-1	rnaseq_only	True	False
SNORD3B-2	rnaseq_only	True	False
SNORD3C	rnaseq_only	True	False
SNORD3D	rnaseq_only	True	False
SNORD3E	rnaseq_only	True	False
SNORD41	rnaseq_only	True	False
SNORD42A	rnaseq_only	True	False
SNORD42B	rnaseq_only	True	False
SNORD43	rnaseq_only	True	False
SNORD45A	rnaseq_only	True	False
SNORD45B	rnaseq_only	True	False
SNORD45C	rnaseq_only	True	False
SNORD46	rnaseq_only	True	False
SNORD48	rnaseq_only	True	False
SNORD49B	rnaseq_only	True	False
SNORD5	rnaseq_only	True	False
SNORD50B	rnaseq_only	True	False
SNORD52	rnaseq_only	True	False
SNORD53	rnaseq_only	True	False
SNORD54	rnaseq_only	True	False
SNORD55	rnaseq_only	True	False
SNORD56	rnaseq_only	True	False
SNORD57	rnaseq_only	True	False
SNORD58A	rnaseq_only	True	False
SNORD58B	rnaseq_only	True	False
SNORD58C	rnaseq_only	True	False
SNORD59A	rnaseq_only	True	False
SNORD60	rnaseq_only	True	False
SNORD61	rnaseq_only	True	False
SNORD63	rnaseq_only	True	False
SNORD66	rnaseq_only	True	False
SNORD67	rnaseq_only	True	False
SNORD68	rnaseq_only	True	False
SNORD69	rnaseq_only	True	False
SNORD70	rnaseq_only	True	False
SNORD70B	rnaseq_only	True	False
SNORD71	rnaseq_only	True	False
SNORD73A	rnaseq_only	True	False
SNORD8	rnaseq_only	True	False
SNORD82	rnaseq_only	True	False
SNORD83A	rnaseq_only	True	False
SNORD83B	rnaseq_only	True	False
SNORD84	rnaseq_only	True	False
SNORD87	rnaseq_only	True	False
SNORD9	rnaseq_only	True	False
SNORD90	rnaseq_only	True	False
SNORD91A	rnaseq_only	True	False
SNORD91B	rnaseq_only	True	False
SNORD94	rnaseq_only	True	False
SNORD95	rnaseq_only	True	False
SNORD96A	rnaseq_only	True	False
SNORD97	rnaseq_only	True	False
SNORD99	rnaseq_only	True	False
SNRK-AS1	rnaseq_only	True	False
SNRNP40P1	rnaseq_only	True	False
SNRPA1-DT	rnaseq_only	True	False
SNRPA1P1	rnaseq_only	True	False
SNRPA1P2	rnaseq_only	True	False
SNRPCP13	rnaseq_only	True	False
SNRPCP15	rnaseq_only	True	False
SNRPCP2	rnaseq_only	True	False
SNRPCP4	rnaseq_only	True	False
SNRPD2P1	rnaseq_only	True	False
SNRPEP10	rnaseq_only	True	False
SNRPEP2	rnaseq_only	True	False
SNRPEP3	rnaseq_only	True	False
SNRPEP4	rnaseq_only	True	False
SNRPEP5	rnaseq_only	True	False
SNRPEP6	rnaseq_only	True	False
SNRPEP7	rnaseq_only	True	False
SNRPFP1	rnaseq_only	True	False
SNRPGP10	rnaseq_only	True	False
SNRPGP2	rnaseq_only	True	False
SNRPGP3	rnaseq_only	True	False
SNRPNP2	rnaseq_only	True	False
SNTB1-AS1	rnaseq_only	True	False
SNURF	rnaseq_only	True	False
SNX18P1Y	rnaseq_only	True	False
SNX18P2	rnaseq_only	True	False
SNX18P26	rnaseq_only	True	False
SNX19P2	rnaseq_only	True	False
SNX19P3	rnaseq_only	True	False
SNX25P1	rnaseq_only	True	False
SNX29P1	rnaseq_only	True	False
SNX30-DT	rnaseq_only	True	False
SNX5P1	rnaseq_only	True	False
SNX5P2	rnaseq_only	True	False
SNX6P1	rnaseq_only	True	False
SOCS2-AS1	rnaseq_only	True	False
SOCS5P4	rnaseq_only	True	False
SOD1-DT	rnaseq_only	True	False
SOD1P3	rnaseq_only	True	False
SOD2-OT1	rnaseq_only	True	False
SORD2P	rnaseq_only	True	False
SOS1-IT1	rnaseq_only	True	False
SOWAHCP2	rnaseq_only	True	False
SOWAHCP5	rnaseq_only	True	False
SOX21-AS1	rnaseq_only	True	False
SOX9-AS1	rnaseq_only	True	False
SP2-AS1	rnaseq_only	True	False
SP3P	rnaseq_only	True	False
SPAAR	rnaseq_only	True	False
SPACA6-AS1	rnaseq_only	True	False
SPAG5-AS1	rnaseq_only	True	False
SPART-AS1	rnaseq_only	True	False
SPATA3-AS1	rnaseq_only	True	False
SPATA31B2P	rnaseq_only	True	False
SPATA31E3P	rnaseq_only	True	False
SPCS2P4	rnaseq_only	True	False
SPCS3-AS1	rnaseq_only	True	False
SPDYE12	rnaseq_only	True	False
SPDYE13	rnaseq_only	True	False
SPDYE16	rnaseq_only	True	False
SPDYE2B	rnaseq_only	True	False
SPEM3	rnaseq_only	True	False
SPEN-AS1	rnaseq_only	True	False
SPICE1-CFAP44	rnaseq_only	True	False
SPICP3	rnaseq_only	True	False
SPOPL-DT	rnaseq_only	True	False
SPRY4-AS1	rnaseq_only	True	False
SPTLC1P1	rnaseq_only	True	False
SPTLC1P4	rnaseq_only	True	False
SPTLC1P5	rnaseq_only	True	False
SRCAP	rnaseq_only	True	False
SRD5A1P1	rnaseq_only	True	False
SRD5A3-AS1	rnaseq_only	True	False
SREBF2-AS1	rnaseq_only	True	False
SREK1IP1P2	rnaseq_only	True	False
SRGAP2D	rnaseq_only	True	False
SRI-AS1	rnaseq_only	True	False
SRP14-DT	rnaseq_only	True	False
SRP14P1	rnaseq_only	True	False
SRP14P2	rnaseq_only	True	False
SRP54-AS1	rnaseq_only	True	False
SRP72P1	rnaseq_only	True	False
SRP72P2	rnaseq_only	True	False
SRP9P1	rnaseq_only	True	False
SRPK2P1	rnaseq_only	True	False
SRRM1P3	rnaseq_only	True	False
SRRM2-AS1	rnaseq_only	True	False
SRSF10P2	rnaseq_only	True	False
SRSF3P1	rnaseq_only	True	False
SRSF3P4	rnaseq_only	True	False
SRSF6P1	rnaseq_only	True	False
SRSF6P2	rnaseq_only	True	False
SSBL2P	rnaseq_only	True	False
SSBL4P	rnaseq_only	True	False
SSBL5P	rnaseq_only	True	False
SSBP3P1	rnaseq_only	True	False
SSBP3P2	rnaseq_only	True	False
SSBP3P5	rnaseq_only	True	False
SSBP3P6	rnaseq_only	True	False
SSPOP	rnaseq_only	True	False
SSR4P1	rnaseq_only	True	False
SSU72-AS1	rnaseq_only	True	False
SSU72L6	rnaseq_only	True	False
SSU72P1	rnaseq_only	True	False
ST13P10	rnaseq_only	True	False
ST13P11	rnaseq_only	True	False
ST13P12	rnaseq_only	True	False
ST13P13	rnaseq_only	True	False
ST13P15	rnaseq_only	True	False
ST13P16	rnaseq_only	True	False
ST13P18	rnaseq_only	True	False
ST13P19	rnaseq_only	True	False
ST13P2	rnaseq_only	True	False
ST13P20	rnaseq_only	True	False
ST13P3	rnaseq_only	True	False
ST13P4	rnaseq_only	True	False
ST13P5	rnaseq_only	True	False
ST13P6	rnaseq_only	True	False
ST13P7	rnaseq_only	True	False
ST3GAL1-DT	rnaseq_only	True	False
ST3GAL6-AS1	rnaseq_only	True	False
ST7-AS2	rnaseq_only	True	False
ST7-OT4	rnaseq_only	True	False
ST8SIA5-DT	rnaseq_only	True	False
STAB2-AS1	rnaseq_only	True	False
STAG1-DT	rnaseq_only	True	False
STAG3L5P	rnaseq_only	True	False
STAG3L5P-PVRIG2P-PILRB	rnaseq_only	True	False
STAM-DT	rnaseq_only	True	False
STARD13-AS	rnaseq_only	True	False
STARD13-IT1	rnaseq_only	True	False
STARD4-AS1	rnaseq_only	True	False
STBD1	rnaseq_only	True	False
STEAP1B-AS1	rnaseq_only	True	False
STEAP3-AS1	rnaseq_only	True	False
STIM1-AS1	rnaseq_only	True	False
STIM2-AS1	rnaseq_only	True	False
STIMATE	rnaseq_only	True	False
STIP1P3	rnaseq_only	True	False
STK24-AS1	rnaseq_only	True	False
STK24P1	rnaseq_only	True	False
STK32A-AS1	rnaseq_only	True	False
STK4-DT	rnaseq_only	True	False
STON1	rnaseq_only	True	False
STON1-GTF2A1L	rnaseq_only	True	False
STPG2-AS1	rnaseq_only	True	False
STPG3-AS1	rnaseq_only	True	False
STUB1P1	rnaseq_only	True	False
STX18-AS1	rnaseq_only	True	False
STXBP5-AS1	rnaseq_only	True	False
SUB1P1	rnaseq_only	True	False
SUB1P3	rnaseq_only	True	False
SUCLA2P1	rnaseq_only	True	False
SUCLG2-DT	rnaseq_only	True	False
SUCLG2P2	rnaseq_only	True	False
SUDS3P1	rnaseq_only	True	False
SUGCT-AS1	rnaseq_only	True	False
SUGT1-DT	rnaseq_only	True	False
SUGT1P1	rnaseq_only	True	False
SUGT1P2	rnaseq_only	True	False
SULT1A3	rnaseq_only	True	False
SUMO1P3	rnaseq_only	True	False
SUMO1P4	rnaseq_only	True	False
SUMO2P1	rnaseq_only	True	False
SUMO2P10	rnaseq_only	True	False
SUMO2P17	rnaseq_only	True	False
SUMO2P20	rnaseq_only	True	False
SUMO2P21	rnaseq_only	True	False
SUMO2P3	rnaseq_only	True	False
SUMO2P6	rnaseq_only	True	False
SUNO1	rnaseq_only	True	False
SUPT16HP1	rnaseq_only	True	False
SUV39H2-DT	rnaseq_only	True	False
SUZ12P1	rnaseq_only	True	False
SVIL-AS1	rnaseq_only	True	False
SVIL2P	rnaseq_only	True	False
SWINGN	rnaseq_only	True	False
SYMPK-AS1	rnaseq_only	True	False
SYNAGE	rnaseq_only	True	False
SYNCRIPP1	rnaseq_only	True	False
SYNE3-AS1	rnaseq_only	True	False
SYNGAP1-AS1	rnaseq_only	True	False
SYNJ2BP	rnaseq_only	True	False
SYNPO2L-AS1	rnaseq_only	True	False
SYNPR-AS1	rnaseq_only	True	False
SYPL1P2	rnaseq_only	True	False
SYT14P1	rnaseq_only	True	False
SYT15-AS1	rnaseq_only	True	False
SYT15B	rnaseq_only	True	False
SYT9-AS1	rnaseq_only	True	False
TAB2-AS1	rnaseq_only	True	False
TAC4-AS1	rnaseq_only	True	False
TACC1P1	rnaseq_only	True	False
TACR1-AS1	rnaseq_only	True	False
TAF12-DT	rnaseq_only	True	False
TAF1A-AS1	rnaseq_only	True	False
TAF9BP1	rnaseq_only	True	False
TAGLN2P1	rnaseq_only	True	False
TALAM1	rnaseq_only	True	False
TAPT1-AS1	rnaseq_only	True	False
TARDBPP2	rnaseq_only	True	False
TARDBPP4	rnaseq_only	True	False
TARS1-DT	rnaseq_only	True	False
TAS2R12P	rnaseq_only	True	False
TAS2R18P	rnaseq_only	True	False
TAS2R43	rnaseq_only	True	False
TAS2R64P	rnaseq_only	True	False
TAS2R6P	rnaseq_only	True	False
TATDN1P1	rnaseq_only	True	False
TATDN2P2	rnaseq_only	True	False
TBC1D22A-DT	rnaseq_only	True	False
TBC1D3I	rnaseq_only	True	False
TBC1D3JP	rnaseq_only	True	False
TBC1D8-AS1	rnaseq_only	True	False
TBCAP1	rnaseq_only	True	False
TBCEL-TECTA	rnaseq_only	True	False
TBILA	rnaseq_only	True	False
TBX2-AS1	rnaseq_only	True	False
TBX5-AS1	rnaseq_only	True	False
TCAF1P1	rnaseq_only	True	False
TCAF2C	rnaseq_only	True	False
TCEA1P2	rnaseq_only	True	False
TCEA1P4	rnaseq_only	True	False
TCP1P1	rnaseq_only	True	False
TCP1P3	rnaseq_only	True	False
TDH-AS1	rnaseq_only	True	False
TDRKH-AS1	rnaseq_only	True	False
TECRP1	rnaseq_only	True	False
TEN1-CDK3	rnaseq_only	True	False
TENM3-AS1	rnaseq_only	True	False
TENM4-AS1	rnaseq_only	True	False
TEPSIN-AS1	rnaseq_only	True	False
TERC	rnaseq_only	True	False
TERF1P1	rnaseq_only	True	False
TERF1P2	rnaseq_only	True	False
TERF1P3	rnaseq_only	True	False
TERF1P4	rnaseq_only	True	False
TERF1P5	rnaseq_only	True	False
TERF1P7	rnaseq_only	True	False
TEX21P	rnaseq_only	True	False
TEX41	rnaseq_only	True	False
TEX54	rnaseq_only	True	False
TFAP2A-AS1	rnaseq_only	True	False
TFAP2A-AS2	rnaseq_only	True	False
TFB2MP1	rnaseq_only	True	False
TFDP1P1	rnaseq_only	True	False
TFDP1P2	rnaseq_only	True	False
TFDP1P3	rnaseq_only	True	False
TFGP1	rnaseq_only	True	False
TFIP11-DT	rnaseq_only	True	False
TGFB2-AS1	rnaseq_only	True	False
TGFB2-OT1	rnaseq_only	True	False
TGFBRAP1-AS1	rnaseq_only	True	False
TGILR	rnaseq_only	True	False
THAP12P1	rnaseq_only	True	False
THAP12P2	rnaseq_only	True	False
THAP12P3	rnaseq_only	True	False
THAP12P4	rnaseq_only	True	False
THAP12P7	rnaseq_only	True	False
THAP12P8	rnaseq_only	True	False
THAP3P1	rnaseq_only	True	False
THAP5P1	rnaseq_only	True	False
THBS1-IT1	rnaseq_only	True	False
THBS2-AS1	rnaseq_only	True	False
THBS3-AS1	rnaseq_only	True	False
THBS4-AS1	rnaseq_only	True	False
THCAT155	rnaseq_only	True	False
THOC1-DT	rnaseq_only	True	False
THORLNC	rnaseq_only	True	False
THRAP3P1	rnaseq_only	True	False
THRAP3P3	rnaseq_only	True	False
THRIL	rnaseq_only	True	False
TIAM1-AS1	rnaseq_only	True	False
TICAM2	rnaseq_only	True	False
TICAM2-AS1	rnaseq_only	True	False
TILAM	rnaseq_only	True	False
TIMM23B-AGAP6	rnaseq_only	True	False
TIMM8AP1	rnaseq_only	True	False
TIMM8BP2	rnaseq_only	True	False
TIMP2	rnaseq_only	True	False
TINCR	rnaseq_only	True	False
TIRAP-AS1	rnaseq_only	True	False
TJAP1P1	rnaseq_only	True	False
TLCD4	rnaseq_only	True	False
TLCD4-RWDD3	rnaseq_only	True	False
TLE1-DT	rnaseq_only	True	False
TLE1P1	rnaseq_only	True	False
TLE7	rnaseq_only	True	False
TLK1P1	rnaseq_only	True	False
TLK2P1	rnaseq_only	True	False
TLK2P2	rnaseq_only	True	False
TM4SF18-AS1	rnaseq_only	True	False
TMA7B	rnaseq_only	True	False
TMC3-AS1	rnaseq_only	True	False
TMCC1-DT	rnaseq_only	True	False
TMCO1-AS1	rnaseq_only	True	False
TMED10P1	rnaseq_only	True	False
TMED10P2	rnaseq_only	True	False
TMED2-DT	rnaseq_only	True	False
TMED7	rnaseq_only	True	False
TMEM11-DT	rnaseq_only	True	False
TMEM123-DT	rnaseq_only	True	False
TMEM139-AS1	rnaseq_only	True	False
TMEM14B-DT	rnaseq_only	True	False
TMEM14DP	rnaseq_only	True	False
TMEM161B-DT	rnaseq_only	True	False
TMEM161BP1	rnaseq_only	True	False
TMEM167AP2	rnaseq_only	True	False
TMEM167B-DT	rnaseq_only	True	False
TMEM18-DT	rnaseq_only	True	False
TMEM183AP2	rnaseq_only	True	False
TMEM183AP3	rnaseq_only	True	False
TMEM183AP5	rnaseq_only	True	False
TMEM184C-DT	rnaseq_only	True	False
TMEM185AP1	rnaseq_only	True	False
TMEM191A	rnaseq_only	True	False
TMEM198B	rnaseq_only	True	False
TMEM202-AS1	rnaseq_only	True	False
TMEM220-AS1	rnaseq_only	True	False
TMEM242-DT	rnaseq_only	True	False
TMEM254-AS1	rnaseq_only	True	False
TMEM256	rnaseq_only	True	False
TMEM256-PLSCR3	rnaseq_only	True	False
TMEM263-DT	rnaseq_only	True	False
TMEM271	rnaseq_only	True	False
TMEM275	rnaseq_only	True	False
TMEM276	rnaseq_only	True	False
TMEM276-ZFTRAF1	rnaseq_only	True	False
TMEM30A	rnaseq_only	True	False
TMEM30A-DT	rnaseq_only	True	False
TMEM30B	rnaseq_only	True	False
TMEM30BP1	rnaseq_only	True	False
TMEM44-AS1	rnaseq_only	True	False
TMEM44-AS2	rnaseq_only	True	False
TMEM51-AS1	rnaseq_only	True	False
TMEM78	rnaseq_only	True	False
TMEM92-AS1	rnaseq_only	True	False
TMEM9B-AS1	rnaseq_only	True	False
TMLHEP1	rnaseq_only	True	False
TMPO-AS1	rnaseq_only	True	False
TMPOP2	rnaseq_only	True	False
TMPPE	rnaseq_only	True	False
TMSB10P1	rnaseq_only	True	False
TMSB10P2	rnaseq_only	True	False
TMSB15B-AS1	rnaseq_only	True	False
TMSB15C	rnaseq_only	True	False
TMSB4XP1	rnaseq_only	True	False
TMSB4XP2	rnaseq_only	True	False
TMSB4XP4	rnaseq_only	True	False
TMSB4XP6	rnaseq_only	True	False
TMSB4XP8	rnaseq_only	True	False
TMX2P1	rnaseq_only	True	False
TMX4-AS1	rnaseq_only	True	False
TMZR1	rnaseq_only	True	False
TNFRSF6B	rnaseq_only	True	False
TNIP2P1	rnaseq_only	True	False
TNK2-AS1	rnaseq_only	True	False
TNKS2-DT	rnaseq_only	True	False
TNPO1-DT	rnaseq_only	True	False
TNPO1P1	rnaseq_only	True	False
TNPO1P2	rnaseq_only	True	False
TNPO1P3	rnaseq_only	True	False
TNRC18-AS1	rnaseq_only	True	False
TNRC18P1	rnaseq_only	True	False
TNRC18P2	rnaseq_only	True	False
TNRC18P3	rnaseq_only	True	False
TNRC6B-DT	rnaseq_only	True	False
TNS1	rnaseq_only	True	False
TNS2-AS1	rnaseq_only	True	False
TOB2P1	rnaseq_only	True	False
TOLLIP-DT	rnaseq_only	True	False
TOMM20P1	rnaseq_only	True	False
TOMM20P4	rnaseq_only	True	False
TOMM22-DT	rnaseq_only	True	False
TOMM22P5	rnaseq_only	True	False
TOMM40P1	rnaseq_only	True	False
TOMM40P2	rnaseq_only	True	False
TOMM40P4	rnaseq_only	True	False
TOMT	rnaseq_only	True	False
TONSL-AS1	rnaseq_only	True	False
TOP1P1	rnaseq_only	True	False
TOP3BP1	rnaseq_only	True	False
TOP6BL	rnaseq_only	True	False
TOX-DT	rnaseq_only	True	False
TOX4P1	rnaseq_only	True	False
TP53RK	rnaseq_only	True	False
TP53RK-DT	rnaseq_only	True	False
TP53TG1	rnaseq_only	True	False
TP53TG3GP	rnaseq_only	True	False
TPBGL-AS1	rnaseq_only	True	False
TPI1P1	rnaseq_only	True	False
TPI1P2	rnaseq_only	True	False
TPI1P3	rnaseq_only	True	False
TPI1P4	rnaseq_only	True	False
TPM1-AS	rnaseq_only	True	False
TPM3P1	rnaseq_only	True	False
TPM3P2	rnaseq_only	True	False
TPM3P4	rnaseq_only	True	False
TPM3P5	rnaseq_only	True	False
TPM3P6	rnaseq_only	True	False
TPM3P7	rnaseq_only	True	False
TPM3P8	rnaseq_only	True	False
TPM3P9	rnaseq_only	True	False
TPM4P1	rnaseq_only	True	False
TPM4P2	rnaseq_only	True	False
TPM4P3	rnaseq_only	True	False
TPRG1-AS1	rnaseq_only	True	False
TPT1-AS1	rnaseq_only	True	False
TPT1P12	rnaseq_only	True	False
TPT1P14	rnaseq_only	True	False
TPT1P15	rnaseq_only	True	False
TPT1P4	rnaseq_only	True	False
TPT1P5	rnaseq_only	True	False
TPT1P6	rnaseq_only	True	False
TPT1P7	rnaseq_only	True	False
TPT1P9	rnaseq_only	True	False
TPTE2P7	rnaseq_only	True	False
TRABD-AS1	rnaseq_only	True	False
TRAC	rnaseq_only	True	False
TRAF3IP2-AS1	rnaseq_only	True	False
TRAF6P1	rnaseq_only	True	False
TRAJ44	rnaseq_only	True	False
TRAM2-AS1	rnaseq_only	True	False
TRAPPC2B	rnaseq_only	True	False
TRAV1-2	rnaseq_only	True	False
TRBV12-4	rnaseq_only	True	False
TRBV14	rnaseq_only	True	False
TRBV20-1	rnaseq_only	True	False
TRBV7-3	rnaseq_only	True	False
TRDN-AS1	rnaseq_only	True	False
TREX1	rnaseq_only	True	False
TREX2	rnaseq_only	True	False
TRG-AS1	rnaseq_only	True	False
TRGV1	rnaseq_only	True	False
TRGV3	rnaseq_only	True	False
TRGV5	rnaseq_only	True	False
TRGV7	rnaseq_only	True	False
TRGV8	rnaseq_only	True	False
TRIDDENT	rnaseq_only	True	False
TRIM31-AS1	rnaseq_only	True	False
TRIM41-AS1	rnaseq_only	True	False
TRIM52-AS1	rnaseq_only	True	False
TRIM59-IFT80	rnaseq_only	True	False
TRIM60P14	rnaseq_only	True	False
TRIM60P19	rnaseq_only	True	False
TRIM7-AS2	rnaseq_only	True	False
TRIM8-DT	rnaseq_only	True	False
TRIM80P	rnaseq_only	True	False
TRMT112P6	rnaseq_only	True	False
TRMT61A-DT	rnaseq_only	True	False
TRPC6P4	rnaseq_only	True	False
TSBP1-AS1	rnaseq_only	True	False
TSC22D1-AS1	rnaseq_only	True	False
TSEN15P1	rnaseq_only	True	False
TSGA13	rnaseq_only	True	False
TSHR-AS1	rnaseq_only	True	False
TSIX	rnaseq_only	True	False
TSKU-AS1	rnaseq_only	True	False
TSPAN11-AS1	rnaseq_only	True	False
TSPAN5-DT	rnaseq_only	True	False
TSPOAP1-AS1	rnaseq_only	True	False
TTBK2-AS1	rnaseq_only	True	False
TTC12-DT	rnaseq_only	True	False
TTC23L-AS1	rnaseq_only	True	False
TTC28-AS1	rnaseq_only	True	False
TTC39A-AS1	rnaseq_only	True	False
TTC3P1	rnaseq_only	True	False
TTC4	rnaseq_only	True	False
TTC41P	rnaseq_only	True	False
TTC4P1	rnaseq_only	True	False
TTN-AS1	rnaseq_only	True	False
TTTY14	rnaseq_only	True	False
TUBA1B-AS1	rnaseq_only	True	False
TUBA1C-AS1	rnaseq_only	True	False
TUBA3FP	rnaseq_only	True	False
TUBA4B	rnaseq_only	True	False
TUBAP1	rnaseq_only	True	False
TUBAP11	rnaseq_only	True	False
TUBAP12	rnaseq_only	True	False
TUBAP13	rnaseq_only	True	False
TUBAP14	rnaseq_only	True	False
TUBAP15	rnaseq_only	True	False
TUBAP2	rnaseq_only	True	False
TUBAP6	rnaseq_only	True	False
TUBAP8	rnaseq_only	True	False
TUBAP9	rnaseq_only	True	False
TUBB1P1	rnaseq_only	True	False
TUBB2BP1	rnaseq_only	True	False
TUBB4BP2	rnaseq_only	True	False
TUBB8P11	rnaseq_only	True	False
TUBB8P5	rnaseq_only	True	False
TUBB8P8	rnaseq_only	True	False
TUBB8P9	rnaseq_only	True	False
TUBBP1	rnaseq_only	True	False
TUBBP10	rnaseq_only	True	False
TUBBP2	rnaseq_only	True	False
TUBBP5	rnaseq_only	True	False
TUBBP6	rnaseq_only	True	False
TUBBP8	rnaseq_only	True	False
TUBBP9	rnaseq_only	True	False
TUBG1P	rnaseq_only	True	False
TUFMP1	rnaseq_only	True	False
TUG1	rnaseq_only	True	False
TUNAR	rnaseq_only	True	False
TUSC7	rnaseq_only	True	False
TUSC8	rnaseq_only	True	False
TVP23C-CDRT4	rnaseq_only	True	False
TVP23CP2	rnaseq_only	True	False
TWF1P1	rnaseq_only	True	False
TWF1P2	rnaseq_only	True	False
TWF2-DT	rnaseq_only	True	False
TXN2P1	rnaseq_only	True	False
TXNDC11-AS1	rnaseq_only	True	False
TXNP4	rnaseq_only	True	False
TXNP6	rnaseq_only	True	False
TXNRD1-AS1	rnaseq_only	True	False
TYMSP2	rnaseq_only	True	False
TYRO3P	rnaseq_only	True	False
U1	rnaseq_only	True	False
U2	rnaseq_only	True	False
U3	rnaseq_only	True	False
U4	rnaseq_only	True	False
U6	rnaseq_only	True	False
UBA52P3	rnaseq_only	True	False
UBA52P5	rnaseq_only	True	False
UBA52P6	rnaseq_only	True	False
UBA52P8	rnaseq_only	True	False
UBA6-DT	rnaseq_only	True	False
UBAC2-AS1	rnaseq_only	True	False
UBB-AS1	rnaseq_only	True	False
UBBP1	rnaseq_only	True	False
UBBP2	rnaseq_only	True	False
UBBP4	rnaseq_only	True	False
UBBP5	rnaseq_only	True	False
UBE2CP4	rnaseq_only	True	False
UBE2CP5	rnaseq_only	True	False
UBE2D3P1	rnaseq_only	True	False
UBE2D3P2	rnaseq_only	True	False
UBE2E1-AS1	rnaseq_only	True	False
UBE2E4P	rnaseq_only	True	False
UBE2FP1	rnaseq_only	True	False
UBE2H-DT	rnaseq_only	True	False
UBE2HP1	rnaseq_only	True	False
UBE2L5	rnaseq_only	True	False
UBE2MP1	rnaseq_only	True	False
UBE2Q2P1	rnaseq_only	True	False
UBE2Q2P13	rnaseq_only	True	False
UBE2R2-AS1	rnaseq_only	True	False
UBE2SP1	rnaseq_only	True	False
UBE2SP2	rnaseq_only	True	False
UBE2V1P1	rnaseq_only	True	False
UBE2V1P2	rnaseq_only	True	False
UBE2V1P6	rnaseq_only	True	False
UBE3AP2	rnaseq_only	True	False
UBL5P3	rnaseq_only	True	False
UBL7-DT	rnaseq_only	True	False
UBQLN1-AS1	rnaseq_only	True	False
UBQLN4P1	rnaseq_only	True	False
UBR5-DT	rnaseq_only	True	False
UBTD2P1	rnaseq_only	True	False
UBXN2AP1	rnaseq_only	True	False
UCHL1-DT	rnaseq_only	True	False
UCKL1-AS1	rnaseq_only	True	False
UFC1P1	rnaseq_only	True	False
UFD1-AS1	rnaseq_only	True	False
UFD1P1	rnaseq_only	True	False
UGDH-AS1	rnaseq_only	True	False
UGT2B27P	rnaseq_only	True	False
UICLM	rnaseq_only	True	False
UNC5B-AS1	rnaseq_only	True	False
UNC5C-AS1	rnaseq_only	True	False
UNC93B2	rnaseq_only	True	False
UNC93B3	rnaseq_only	True	False
UNC93B7	rnaseq_only	True	False
UNGP3	rnaseq_only	True	False
UPF3AP1	rnaseq_only	True	False
UPF3AP2	rnaseq_only	True	False
UPF3AP3	rnaseq_only	True	False
UPK3BL2	rnaseq_only	True	False
UPK3BL3P	rnaseq_only	True	False
UPK3BP1	rnaseq_only	True	False
UQCRB-AS1	rnaseq_only	True	False
UQCRBP1	rnaseq_only	True	False
UQCRFS1P1	rnaseq_only	True	False
UQCRHP2	rnaseq_only	True	False
URAHP	rnaseq_only	True	False
URB1-AS1	rnaseq_only	True	False
URGCP-MRPS24	rnaseq_only	True	False
USP10P3	rnaseq_only	True	False
USP12PY	rnaseq_only	True	False
USP2-AS1	rnaseq_only	True	False
USP21P1	rnaseq_only	True	False
USP21P2	rnaseq_only	True	False
USP27X-DT	rnaseq_only	True	False
USP3-AS1	rnaseq_only	True	False
USP30-AS1	rnaseq_only	True	False
USP32P4	rnaseq_only	True	False
USP34-DT	rnaseq_only	True	False
USP38-DT	rnaseq_only	True	False
USP41P	rnaseq_only	True	False
USP46-DT	rnaseq_only	True	False
USP6NL-AS1	rnaseq_only	True	False
USP8P1	rnaseq_only	True	False
UST-AS2	rnaseq_only	True	False
UTP14C	rnaseq_only	True	False
VAC14-AS1	rnaseq_only	True	False
VDAC1P1	rnaseq_only	True	False
VDAC1P10	rnaseq_only	True	False
VDAC1P11	rnaseq_only	True	False
VDAC1P2	rnaseq_only	True	False
VDAC1P3	rnaseq_only	True	False
VDAC1P4	rnaseq_only	True	False
VDAC1P5	rnaseq_only	True	False
VDAC1P6	rnaseq_only	True	False
VDAC1P7	rnaseq_only	True	False
VDAC1P8	rnaseq_only	True	False
VDAC2P3	rnaseq_only	True	False
VDAC2P5	rnaseq_only	True	False
VENTXP1	rnaseq_only	True	False
VENTXP7	rnaseq_only	True	False
VESTAR	rnaseq_only	True	False
VEZF1P1	rnaseq_only	True	False
VILMIR	rnaseq_only	True	False
VIM2P	rnaseq_only	True	False
VIRMA-DT	rnaseq_only	True	False
VKORC1P1	rnaseq_only	True	False
VLDLR-AS1	rnaseq_only	True	False
VOPP2P	rnaseq_only	True	False
VPS13B-DT	rnaseq_only	True	False
VPS13C-DT	rnaseq_only	True	False
VPS26BP1	rnaseq_only	True	False
VPS33B-DT	rnaseq_only	True	False
VPS35P1	rnaseq_only	True	False
VPS51P8	rnaseq_only	True	False
VPS9D1-AS1	rnaseq_only	True	False
VSIG10L2	rnaseq_only	True	False
VTI1BP1	rnaseq_only	True	False
VTI1BP2	rnaseq_only	True	False
VTRNA1-1	rnaseq_only	True	False
VTRNA1-2	rnaseq_only	True	False
VTRNA1-3	rnaseq_only	True	False
VTRNA2-1	rnaseq_only	True	False
VWA8-AS1	rnaseq_only	True	False
WAC-AS1	rnaseq_only	True	False
WAKMAR2	rnaseq_only	True	False
WAPL-DT	rnaseq_only	True	False
WARS1-AS1	rnaseq_only	True	False
WARS2-AS1	rnaseq_only	True	False
WASF3-AS1	rnaseq_only	True	False
WASF4P	rnaseq_only	True	False
WASH2P	rnaseq_only	True	False
WASH3P	rnaseq_only	True	False
WASH4P	rnaseq_only	True	False
WASH5P	rnaseq_only	True	False
WASH6P	rnaseq_only	True	False
WASH7P	rnaseq_only	True	False
WASH8P	rnaseq_only	True	False
WASH9P	rnaseq_only	True	False
WASL-DT	rnaseq_only	True	False
WBP11P1	rnaseq_only	True	False
WBP11P2	rnaseq_only	True	False
WBP11P3	rnaseq_only	True	False
WBP1LP2	rnaseq_only	True	False
WBP1P2	rnaseq_only	True	False
WDFY3-AS2	rnaseq_only	True	False
WDR12P1	rnaseq_only	True	False
WDR35-DT	rnaseq_only	True	False
WDR45BP1	rnaseq_only	True	False
WDR45P1	rnaseq_only	True	False
WDR4P2	rnaseq_only	True	False
WDR5-DT	rnaseq_only	True	False
WDR5B-DT	rnaseq_only	True	False
WDR7-OT1	rnaseq_only	True	False
WDR81-AS1	rnaseq_only	True	False
WDR82P1	rnaseq_only	True	False
WDR82P2	rnaseq_only	True	False
WDR95P	rnaseq_only	True	False
WEE1P2	rnaseq_only	True	False
WEE2-AS1	rnaseq_only	True	False
WFDC21P	rnaseq_only	True	False
WHAMMP1	rnaseq_only	True	False
WHAMMP2	rnaseq_only	True	False
WHAMMP3	rnaseq_only	True	False
WHAMMP4	rnaseq_only	True	False
WHSC1L2P	rnaseq_only	True	False
WIZP1	rnaseq_only	True	False
WNT5A-AS1	rnaseq_only	True	False
WT1-AS	rnaseq_only	True	False
WTAPP2	rnaseq_only	True	False
WWP1-AS1	rnaseq_only	True	False
WWP1P1	rnaseq_only	True	False
WWTR1-AS1	rnaseq_only	True	False
XACT	rnaseq_only	True	False
XBP1P1	rnaseq_only	True	False
XIAPP1	rnaseq_only	True	False
XIAPP3	rnaseq_only	True	False
XIST	rnaseq_only	True	False
XNDC1N	rnaseq_only	True	False
XPC-AS1	rnaseq_only	True	False
XPOTP1	rnaseq_only	True	False
XPOTP2	rnaseq_only	True	False
XRCC6P1	rnaseq_only	True	False
XRCC6P2	rnaseq_only	True	False
XRCC6P3	rnaseq_only	True	False
XRCC6P4	rnaseq_only	True	False
XRCC6P5	rnaseq_only	True	False
YAP1-DT	rnaseq_only	True	False
YAP1P1	rnaseq_only	True	False
YAP1P3	rnaseq_only	True	False
YBX1P1	rnaseq_only	True	False
YBX1P10	rnaseq_only	True	False
YBX1P2	rnaseq_only	True	False
YBX1P3	rnaseq_only	True	False
YBX1P6	rnaseq_only	True	False
YBX1P8	rnaseq_only	True	False
YBX3P1	rnaseq_only	True	False
YES1P1	rnaseq_only	True	False
YPEL3-DT	rnaseq_only	True	False
YTHDF2P1	rnaseq_only	True	False
YTHDF3-DT	rnaseq_only	True	False
YWHABP2	rnaseq_only	True	False
YWHAEP1	rnaseq_only	True	False
YWHAEP5	rnaseq_only	True	False
YWHAQP4	rnaseq_only	True	False
YWHAQP8	rnaseq_only	True	False
YWHAZP10	rnaseq_only	True	False
YWHAZP2	rnaseq_only	True	False
YWHAZP3	rnaseq_only	True	False
YWHAZP4	rnaseq_only	True	False
YWHAZP5	rnaseq_only	True	False
YWHAZP6	rnaseq_only	True	False
YWHAZP7	rnaseq_only	True	False
YY1-DT	rnaseq_only	True	False
YY2	rnaseq_only	True	False
Y_RNA	rnaseq_only	True	False
ZBED3-AS1	rnaseq_only	True	False
ZBED5-AS1	rnaseq_only	True	False
ZBED9-AS1	rnaseq_only	True	False
ZBTB11-AS1	rnaseq_only	True	False
ZBTB20-AS4	rnaseq_only	True	False
ZBTB24-DT	rnaseq_only	True	False
ZBTB46-AS2	rnaseq_only	True	False
ZBTB47-AS1	rnaseq_only	True	False
ZBTB8OSP2	rnaseq_only	True	False
ZC3H11A	rnaseq_only	True	False
ZC3H11B	rnaseq_only	True	False
ZCCHC14-DT	rnaseq_only	True	False
ZCRB1P1	rnaseq_only	True	False
ZDHHC12-DT	rnaseq_only	True	False
ZDHHC20P4	rnaseq_only	True	False
ZEB1-AS1	rnaseq_only	True	False
ZEB2-AS1	rnaseq_only	True	False
ZEBTR	rnaseq_only	True	False
ZFAND2A-DT	rnaseq_only	True	False
ZFAS1	rnaseq_only	True	False
ZFHX2-AS1	rnaseq_only	True	False
ZFHX3-AS1	rnaseq_only	True	False
ZFHX3-AS2	rnaseq_only	True	False
ZFHX4-AS1	rnaseq_only	True	False
ZFP91P1	rnaseq_only	True	False
ZFPM1-AS1	rnaseq_only	True	False
ZFPM2-AS1	rnaseq_only	True	False
ZFYVE9P1	rnaseq_only	True	False
ZHX1-C8ORF76	rnaseq_only	True	False
ZHX2-AS1	rnaseq_only	True	False
ZKSCAN2-DT	rnaseq_only	True	False
ZKSCAN7-AS1	rnaseq_only	True	False
ZKSCAN8P1	rnaseq_only	True	False
ZMIZ1-AS1	rnaseq_only	True	False
ZMPSTE24-DT	rnaseq_only	True	False
ZMYM6	rnaseq_only	True	False
ZNF117	rnaseq_only	True	False
ZNF132-DT	rnaseq_only	True	False
ZNF143-AS1	rnaseq_only	True	False
ZNF177	rnaseq_only	True	False
ZNF204P	rnaseq_only	True	False
ZNF213-AS1	rnaseq_only	True	False
ZNF225-AS1	rnaseq_only	True	False
ZNF230-DT	rnaseq_only	True	False
ZNF232-AS1	rnaseq_only	True	False
ZNF236-DT	rnaseq_only	True	False
ZNF248-AS1	rnaseq_only	True	False
ZNF24TR	rnaseq_only	True	False
ZNF252P	rnaseq_only	True	False
ZNF271P	rnaseq_only	True	False
ZNF285BP	rnaseq_only	True	False
ZNF285DP	rnaseq_only	True	False
ZNF286A-TBC1D26	rnaseq_only	True	False
ZNF295-AS1	rnaseq_only	True	False
ZNF300P1	rnaseq_only	True	False
ZNF322P1	rnaseq_only	True	False
ZNF337-AS1	rnaseq_only	True	False
ZNF341-AS1	rnaseq_only	True	False
ZNF346-IT1	rnaseq_only	True	False
ZNF350-AS1	rnaseq_only	True	False
ZNF37BP	rnaseq_only	True	False
ZNF37CP	rnaseq_only	True	False
ZNF402P	rnaseq_only	True	False
ZNF407-AS1	rnaseq_only	True	False
ZNF415P1	rnaseq_only	True	False
ZNF45-AS1	rnaseq_only	True	False
ZNF460-AS1	rnaseq_only	True	False
ZNF487	rnaseq_only	True	False
ZNF496-DT	rnaseq_only	True	False
ZNF497-AS1	rnaseq_only	True	False
ZNF497-AS2	rnaseq_only	True	False
ZNF516-AS1	rnaseq_only	True	False
ZNF516-DT	rnaseq_only	True	False
ZNF525	rnaseq_only	True	False
ZNF528-AS1	rnaseq_only	True	False
ZNF559	rnaseq_only	True	False
ZNF561-AS1	rnaseq_only	True	False
ZNF56P	rnaseq_only	True	False
ZNF581	rnaseq_only	True	False
ZNF584-DT	rnaseq_only	True	False
ZNF587P1	rnaseq_only	True	False
ZNF593OS	rnaseq_only	True	False
ZNF594-DT	rnaseq_only	True	False
ZNF606-AS1	rnaseq_only	True	False
ZNF628-DT	rnaseq_only	True	False
ZNF652-AS1	rnaseq_only	True	False
ZNF66	rnaseq_only	True	False
ZNF674-AS1	rnaseq_only	True	False
ZNF687-AS1	rnaseq_only	True	False
ZNF691-DT	rnaseq_only	True	False
ZNF710-AS1	rnaseq_only	True	False
ZNF731P	rnaseq_only	True	False
ZNF747-DT	rnaseq_only	True	False
ZNF778-DT	rnaseq_only	True	False
ZNF8-DT	rnaseq_only	True	False
ZNF8-ERVK3-1	rnaseq_only	True	False
ZNF807P	rnaseq_only	True	False
ZNF887P	rnaseq_only	True	False
ZNG1DP	rnaseq_only	True	False
ZNNT1	rnaseq_only	True	False
ZNRF2P1	rnaseq_only	True	False
ZNRF2P2	rnaseq_only	True	False
ZNRF3-AS1	rnaseq_only	True	False
ZPR1P1	rnaseq_only	True	False
ZRANB2-AS1	rnaseq_only	True	False
ZRANB2-DT	rnaseq_only	True	False
ZRSR2P1	rnaseq_only	True	False
ZSCAN12P1	rnaseq_only	True	False
ZSCAN16-AS1	rnaseq_only	True	False
ZSCAN2-AS1	rnaseq_only	True	False
ZSCAN5A-AS1	rnaseq_only	True	False
ZSCAN5DP	rnaseq_only	True	False
ZSWIM8-AS1	rnaseq_only	True	False
