signature	sig_type	direction	ensg	symbol	det_SS2	det_10X	det_Couturier
C4_DOWN	C4 R-sig	down	ENSG00000001036	FUCA2	1	1	1
C4_UP	C4 R-sig	up	ENSG00000001084	GCLC	1	1	1
C4_DOWN	C4 R-sig	down	ENSG00000001461	NIPAL3	1	1	1
C4_DOWN	C4 R-sig	down	ENSG00000001497	LAS1L	1	1	1
C4_UP	C4 R-sig	up	ENSG00000001629	ANKIB1	1	1	1
C4_UP	C4 R-sig	up	ENSG00000001630	CYP51A1	1	1	1
C4_DOWN	C4 R-sig	down	ENSG00000002079		0	0	0
C4_DOWN	C4 R-sig	down	ENSG00000002746	HECW1	1	1	1
C4_DOWN	C4 R-sig	down	ENSG00000002822	MAD1L1	1	1	1
C4_DOWN	C4 R-sig	down	ENSG00000002834	LASP1	1	1	1
C4_UP	C4 R-sig	up	ENSG00000003056	M6PR	1	1	1
C4_DOWN	C4 R-sig	down	ENSG00000003436	TFPI	1	1	1
C4_DOWN	C4 R-sig	down	ENSG00000003756	RBM5	1	1	1
C4_DOWN	C4 R-sig	down	ENSG00000004059	ARF5	1	1	1
C4_DOWN	C4 R-sig	down	ENSG00000004399	PLXND1	1	1	1
C4_DOWN	C4 R-sig	down	ENSG00000004478	FKBP4	1	1	1
C4_DOWN	C4 R-sig	down	ENSG00000004487	KDM1A	1	1	1
C4_DOWN	C4 R-sig	down	ENSG00000004534	RBM6	1	1	1
C4_DOWN	C4 R-sig	down	ENSG00000004660	CAMKK1	1	1	1
C4_UP	C4 R-sig	up	ENSG00000004700	RECQL	1	1	1
C4_UP	C4 R-sig	up	ENSG00000004766	VPS50	0	0	1
C4_UP	C4 R-sig	up	ENSG00000004779	NDUFAB1	1	1	1
C4_UP	C4 R-sig	up	ENSG00000004866	ST7	1	1	1
C4_UP	C4 R-sig	up	ENSG00000004897	CDC27	1	1	1
C4_DOWN	C4 R-sig	down	ENSG00000005007	UPF1	1	1	1
C4_UP	C4 R-sig	up	ENSG00000005020	SKAP2	1	1	1
C4_DOWN	C4 R-sig	down	ENSG00000005022	SLC25A5	1	1	1
C4_DOWN	C4 R-sig	down	ENSG00000005156	LIG3	1	1	1
C4_UP	C4 R-sig	up	ENSG00000005175	RPAP3	1	1	1
C4_DOWN	C4 R-sig	down	ENSG00000005189	REXO5	0	0	0
C4_UP	C4 R-sig	up	ENSG00000005238	ATOSB	0	0	0
C4_UP	C4 R-sig	up	ENSG00000005249	PRKAR2B	1	1	1
C4_UP	C4 R-sig	up	ENSG00000005339	CREBBP	1	1	1
C4_DOWN	C4 R-sig	down	ENSG00000005448	WDR54	1	1	1
C4_UP	C4 R-sig	up	ENSG00000005469	CROT	1	1	1
C4_UP	C4 R-sig	up	ENSG00000005483	KMT2E	0	1	1
C4_UP	C4 R-sig	up	ENSG00000005801	ZNF195	1	1	1
C4_DOWN	C4 R-sig	down	ENSG00000005810	MYCBP2	1	1	1
C4_UP	C4 R-sig	up	ENSG00000005812	FBXL3	1	1	1
C4_DOWN	C4 R-sig	down	ENSG00000005884	ITGA3	1	1	1
C4_UP	C4 R-sig	up	ENSG00000005889	ZFX	1	1	1
C4_UP	C4 R-sig	up	ENSG00000005893	LAMP2	1	1	1
C4_UP	C4 R-sig	up	ENSG00000006007	GDE1	1	1	1
C4_DOWN	C4 R-sig	down	ENSG00000006015	REX1BD	0	0	0
C4_DOWN	C4 R-sig	down	ENSG00000006025	OSBPL7	1	1	1
C4_DOWN	C4 R-sig	down	ENSG00000006062	MAP3K14	1	0	1
C4_DOWN	C4 R-sig	down	ENSG00000006282	SPATA20	1	1	1
C4_UP	C4 R-sig	up	ENSG00000006432	MAP3K9	1	1	1
C4_UP	C4 R-sig	up	ENSG00000006468	ETV1	1	1	1
C4_DOWN	C4 R-sig	down	ENSG00000006530	AGK	1	1	1
C4_DOWN	C4 R-sig	down	ENSG00000006534	ALDH3B1	1	1	1
C4_UP	C4 R-sig	up	ENSG00000006634	DBF4	1	1	1
C4_UP	C4 R-sig	up	ENSG00000006695	COX10	1	1	1
C4_DOWN	C4 R-sig	down	ENSG00000006704	GTF2IRD1	1	1	1
C4_DOWN	C4 R-sig	down	ENSG00000006712	PAF1	1	1	1
C4_DOWN	C4 R-sig	down	ENSG00000006744	ELAC2	1	1	1
C4_DOWN	C4 R-sig	down	ENSG00000006747	SCIN	1	1	1
C4_DOWN	C4 R-sig	down	ENSG00000007080	CCDC124	1	1	1
C4_DOWN	C4 R-sig	down	ENSG00000007202	BLTP2	0	0	0
C4_UP	C4 R-sig	up	ENSG00000007341	ST7L	1	1	1
C4_DOWN	C4 R-sig	down	ENSG00000007520	TSR3	1	1	1
C4_DOWN	C4 R-sig	down	ENSG00000007923	DNAJC11	1	1	1
C4_DOWN	C4 R-sig	down	ENSG00000007968	E2F2	1	1	1
C4_DOWN	C4 R-sig	down	ENSG00000008083	JARID2	1	1	1
C4_DOWN	C4 R-sig	down	ENSG00000008128	CDK11A	1	1	1
C4_DOWN	C4 R-sig	down	ENSG00000008130	NADK	1	1	1
C4_UP	C4 R-sig	up	ENSG00000008277	ADAM22	1	1	1
C4_UP	C4 R-sig	up	ENSG00000008282	SYPL1	1	1	1
C4_UP	C4 R-sig	up	ENSG00000008311	AASS	1	1	1
C4_UP	C4 R-sig	up	ENSG00000008394	MGST1	1	1	1
C4_DOWN	C4 R-sig	down	ENSG00000008441	NFIX	1	1	1
C4_DOWN	C4 R-sig	down	ENSG00000008710	PKD1	1	1	1
C4_DOWN	C4 R-sig	down	ENSG00000008838	MED24	1	1	1
C4_UP	C4 R-sig	up	ENSG00000008869	HEATR5B	1	1	1
C4_DOWN	C4 R-sig	down	ENSG00000008952	SEC62	1	1	1
C4_UP	C4 R-sig	up	ENSG00000008988	RPS20	1	1	1
C4_UP	C4 R-sig	up	ENSG00000009413	REV3L	1	1	1
C4_UP	C4 R-sig	up	ENSG00000009830	POMT2	1	1	1
C4_UP	C4 R-sig	up	ENSG00000009844	VTA1	1	1	1
C4_DOWN	C4 R-sig	down	ENSG00000009954	BAZ1B	1	1	1
C4_UP	C4 R-sig	up	ENSG00000010017	RANBP9	1	1	1
C4_UP	C4 R-sig	up	ENSG00000010072	SPRTN	1	1	1
C4_UP	C4 R-sig	up	ENSG00000010244	ZNF207	1	1	1
C4_DOWN	C4 R-sig	down	ENSG00000010256	UQCRC1	1	1	1
C4_UP	C4 R-sig	up	ENSG00000010270	STARD3NL	1	1	1
C4_UP	C4 R-sig	up	ENSG00000010278	CD9	1	1	1
C4_DOWN	C4 R-sig	down	ENSG00000010292	NCAPD2	1	1	1
C4_UP	C4 R-sig	up	ENSG00000010404	IDS	1	1	1
C4_DOWN	C4 R-sig	down	ENSG00000010810	FYN	1	1	1
C4_UP	C4 R-sig	up	ENSG00000011021	CLCN6	1	1	1
C4_DOWN	C4 R-sig	down	ENSG00000011028	MRC2	1	1	1
C4_DOWN	C4 R-sig	down	ENSG00000011105	TSPAN9	1	1	1
C4_UP	C4 R-sig	up	ENSG00000011114	BTBD7	1	1	1
C4_DOWN	C4 R-sig	down	ENSG00000011143	MKS1	1	1	1
C4_UP	C4 R-sig	up	ENSG00000011198	ABHD5	1	1	1
C4_UP	C4 R-sig	up	ENSG00000011304	PTBP1	1	1	1
C4_DOWN	C4 R-sig	down	ENSG00000011332	DPF1	1	1	1
C4_UP	C4 R-sig	up	ENSG00000011405	PIK3C2A	1	1	1
C4_DOWN	C4 R-sig	down	ENSG00000011485	PPP5C	1	1	1
C4_DOWN	C4 R-sig	down	ENSG00000012048	BRCA1	1	1	1
C4_DOWN	C4 R-sig	down	ENSG00000012171	SEMA3B	1	0	1
C4_DOWN	C4 R-sig	down	ENSG00000012211	PRICKLE3	1	1	1
C4_DOWN	C4 R-sig	down	ENSG00000012232	EXTL3	1	1	1
C4_UP	C4 R-sig	up	ENSG00000012660	ELOVL5	1	1	1
C4_DOWN	C4 R-sig	down	ENSG00000012963	UBR7	1	1	1
C4_DOWN	C4 R-sig	down	ENSG00000013016	EHD3	1	1	1
C4_DOWN	C4 R-sig	down	ENSG00000013288	MAN2B2	1	1	1
C4_DOWN	C4 R-sig	down	ENSG00000013306	SLC25A39	1	1	1
C4_DOWN	C4 R-sig	down	ENSG00000013364	MVP	1	1	1
C4_DOWN	C4 R-sig	down	ENSG00000013374	NUB1	1	1	1
C4_UP	C4 R-sig	up	ENSG00000013375	PGM3	1	1	1
C4_UP	C4 R-sig	up	ENSG00000013441	CLK1	1	1	1
C4_UP	C4 R-sig	up	ENSG00000013561	RNF14	1	1	1
C4_DOWN	C4 R-sig	down	ENSG00000013573	DDX11	1	1	1
C4_UP	C4 R-sig	up	ENSG00000013588	GPRC5A	1	1	1
C4_DOWN	C4 R-sig	down	ENSG00000013810	TACC3	1	1	1
C4_DOWN	C4 R-sig	down	ENSG00000014138	POLA2	1	1	1
C4_DOWN	C4 R-sig	down	ENSG00000014164	ZC3H3	1	1	1
C4_DOWN	C4 R-sig	down	ENSG00000014216	CAPN1	1	1	1
C4_UP	C4 R-sig	up	ENSG00000014641	MDH1	1	1	1
C4_DOWN	C4 R-sig	down	ENSG00000015171	ZMYND11	1	1	1
C4_UP	C4 R-sig	up	ENSG00000015479	MATR3	1	1	1
C4_DOWN	C4 R-sig	down	ENSG00000015532	XYLT2	1	1	1
C4_DOWN	C4 R-sig	down	ENSG00000015676	NUDCD3	1	1	1
C4_UP	C4 R-sig	up	ENSG00000017260	ATP2C1	1	1	1
C4_DOWN	C4 R-sig	down	ENSG00000017797	RALBP1	1	1	1
C4_UP	C4 R-sig	up	ENSG00000018510	AGPS	1	1	1
C4_DOWN	C4 R-sig	down	ENSG00000018625	ATP1A2	1	1	1
C4_DOWN	C4 R-sig	down	ENSG00000019144	PHLDB1	1	1	1
C4_DOWN	C4 R-sig	down	ENSG00000019582	CD74	1	1	1
C4_DOWN	C4 R-sig	down	ENSG00000020426	MNAT1	1	1	1
C4_DOWN	C4 R-sig	down	ENSG00000021762	OSBPL5	1	1	1
C4_UP	C4 R-sig	up	ENSG00000021776	AQR	1	1	1
C4_DOWN	C4 R-sig	down	ENSG00000021826	CPS1	1	1	1
C4_DOWN	C4 R-sig	down	ENSG00000022277	RTF2	0	0	0
C4_UP	C4 R-sig	up	ENSG00000023041	ZDHHC6	1	1	1
C4_DOWN	C4 R-sig	down	ENSG00000023191	RNH1	1	1	1
C4_UP	C4 R-sig	up	ENSG00000023287	RB1CC1	1	1	1
C4_UP	C4 R-sig	up	ENSG00000023318	ERP44	1	1	1
C4_UP	C4 R-sig	up	ENSG00000023516	AKAP11	1	1	1
C4_DOWN	C4 R-sig	down	ENSG00000023697	DERA	1	1	1
C4_UP	C4 R-sig	up	ENSG00000023839	ABCC2	1	1	1
C4_UP	C4 R-sig	up	ENSG00000024048	UBR2	1	1	1
C4_UP	C4 R-sig	up	ENSG00000024526	DEPDC1	1	1	1
C4_UP	C4 R-sig	up	ENSG00000025039	RRAGD	1	1	1
C4_UP	C4 R-sig	up	ENSG00000025156	HSF2	1	1	1
C4_DOWN	C4 R-sig	down	ENSG00000025770	NCAPH2	1	1	1
C4_DOWN	C4 R-sig	down	ENSG00000025796	SEC63	1	1	1
C4_UP	C4 R-sig	up	ENSG00000025800	KPNA6	1	1	1
C4_DOWN	C4 R-sig	down	ENSG00000026025	VIM	1	1	1
C4_UP	C4 R-sig	up	ENSG00000026103	FAS	1	1	1
C4_UP	C4 R-sig	up	ENSG00000026508	CD44	1	1	1
C4_DOWN	C4 R-sig	down	ENSG00000026559	KCNG1	1	1	1
C4_UP	C4 R-sig	up	ENSG00000026751	SLAMF7	1	1	1
C4_DOWN	C4 R-sig	down	ENSG00000027847	B4GALT7	1	1	1
C4_UP	C4 R-sig	up	ENSG00000028116	VRK2	1	1	1
C4_DOWN	C4 R-sig	down	ENSG00000028310	BRD9	1	1	1
C4_DOWN	C4 R-sig	down	ENSG00000028528	SNX1	1	1	1
C4_UP	C4 R-sig	up	ENSG00000028839	TBPL1	1	1	1
C4_DOWN	C4 R-sig	down	ENSG00000029363	BCLAF1	1	1	1
C4_UP	C4 R-sig	up	ENSG00000029364	SLC39A9	1	1	1
C4_DOWN	C4 R-sig	down	ENSG00000029534	ANK1	1	1	1
C4_DOWN	C4 R-sig	down	ENSG00000029993	HMGB3	1	1	1
C4_UP	C4 R-sig	up	ENSG00000030582	GRN	1	1	1
C4_UP	C4 R-sig	up	ENSG00000031003	FAM13B	1	1	1
C4_DOWN	C4 R-sig	down	ENSG00000031698	SARS1	0	0	0
C4_DOWN	C4 R-sig	down	ENSG00000031823	RANBP3	1	1	1
C4_DOWN	C4 R-sig	down	ENSG00000032444	PNPLA6	1	1	1
C4_UP	C4 R-sig	up	ENSG00000033030	ZCCHC8	1	1	1
C4_UP	C4 R-sig	up	ENSG00000033170	FUT8	1	1	1
C4_UP	C4 R-sig	up	ENSG00000033627	ATP6V0A1	1	1	1
C4_UP	C4 R-sig	up	ENSG00000034152	MAP2K3	1	1	1
C4_UP	C4 R-sig	up	ENSG00000034713	GABARAPL2	1	1	1
C4_UP	C4 R-sig	up	ENSG00000035687	ADSS2	0	0	0
C4_UP	C4 R-sig	up	ENSG00000035862	TIMP2	1	1	1
C4_DOWN	C4 R-sig	down	ENSG00000035928	RFC1	1	1	1
C4_UP	C4 R-sig	up	ENSG00000036054	TBC1D23	1	1	1
C4_UP	C4 R-sig	up	ENSG00000036257	CUL3	1	1	1
C4_UP	C4 R-sig	up	ENSG00000036549	ZZZ3	1	1	1
C4_DOWN	C4 R-sig	down	ENSG00000037042	TUBG2	1	1	1
C4_DOWN	C4 R-sig	down	ENSG00000037241	RPL26L1	1	1	1
C4_UP	C4 R-sig	up	ENSG00000037749	MFAP3	1	1	1
C4_DOWN	C4 R-sig	down	ENSG00000038219	BOD1L1	1	1	1
C4_UP	C4 R-sig	up	ENSG00000038274	MAT2B	1	1	1
C4_DOWN	C4 R-sig	down	ENSG00000038358	EDC4	1	1	1
C4_DOWN	C4 R-sig	down	ENSG00000038382	TRIO	1	1	1
C4_UP	C4 R-sig	up	ENSG00000038427	VCAN	1	1	1
C4_UP	C4 R-sig	up	ENSG00000039319	ZFYVE16	1	1	1
C4_DOWN	C4 R-sig	down	ENSG00000039560	RAI14	1	1	1
C4_DOWN	C4 R-sig	down	ENSG00000039650	PNKP	1	1	1
C4_DOWN	C4 R-sig	down	ENSG00000040275	SPDL1	1	1	1
C4_UP	C4 R-sig	up	ENSG00000040531	CTNS	1	1	1
C4_UP	C4 R-sig	up	ENSG00000041353	RAB27B	1	1	1
C4_UP	C4 R-sig	up	ENSG00000041802	LSG1	1	1	1
C4_DOWN	C4 R-sig	down	ENSG00000041880	PARP3	1	1	1
C4_DOWN	C4 R-sig	down	ENSG00000041982	TNC	1	1	1
C4_DOWN	C4 R-sig	down	ENSG00000042062	RIPOR3	0	0	0
C4_DOWN	C4 R-sig	down	ENSG00000042088	TDP1	1	1	1
C4_UP	C4 R-sig	up	ENSG00000042429	MED17	1	1	1
C4_UP	C4 R-sig	up	ENSG00000042445	RETSAT	1	1	1
C4_DOWN	C4 R-sig	down	ENSG00000042493	CAPG	1	1	1
C4_UP	C4 R-sig	up	ENSG00000043093	DCUN1D1	1	1	1
C4_UP	C4 R-sig	up	ENSG00000043355	ZIC2	1	1	1
C4_DOWN	C4 R-sig	down	ENSG00000044090	CUL7	1	1	1
C4_DOWN	C4 R-sig	down	ENSG00000044115	CTNNA1	1	1	1
C4_UP	C4 R-sig	up	ENSG00000047056	WDR37	1	1	1
C4_UP	C4 R-sig	up	ENSG00000047249	ATP6V1H	1	1	1
C4_UP	C4 R-sig	up	ENSG00000047315	POLR2B	1	1	1
C4_UP	C4 R-sig	up	ENSG00000047346	ATOSA	0	0	0
C4_DOWN	C4 R-sig	down	ENSG00000047410	TPR	1	1	1
C4_DOWN	C4 R-sig	down	ENSG00000047578	KATNIP	0	0	0
C4_UP	C4 R-sig	up	ENSG00000047621	FERRY3	0	0	0
C4_UP	C4 R-sig	up	ENSG00000047634	SCML1	1	1	1
C4_DOWN	C4 R-sig	down	ENSG00000047644	WWC3	1	1	1
C4_DOWN	C4 R-sig	down	ENSG00000047849	MAP4	1	1	1
C4_UP	C4 R-sig	up	ENSG00000048392	RRM2B	1	1	1
C4_UP	C4 R-sig	up	ENSG00000048405	ZNF800	1	1	1
C4_DOWN	C4 R-sig	down	ENSG00000048649	RSF1	1	1	1
C4_DOWN	C4 R-sig	down	ENSG00000048828	FAM120A	1	1	1
C4_UP	C4 R-sig	up	ENSG00000049130	KITLG	1	1	1
C4_DOWN	C4 R-sig	down	ENSG00000049239	H6PD	1	1	1
C4_DOWN	C4 R-sig	down	ENSG00000049246	PER3	1	1	1
C4_DOWN	C4 R-sig	down	ENSG00000049323	LTBP1	1	1	1
C4_DOWN	C4 R-sig	down	ENSG00000049618	ARID1B	1	1	1
C4_UP	C4 R-sig	up	ENSG00000049759	NEDD4L	1	1	1
C4_UP	C4 R-sig	up	ENSG00000049860	HEXB	1	1	1
C4_UP	C4 R-sig	up	ENSG00000050130	JKAMP	1	1	1
C4_UP	C4 R-sig	up	ENSG00000050393	MCUR1	0	1	1
C4_UP	C4 R-sig	up	ENSG00000050426	LETMD1	1	1	1
C4_DOWN	C4 R-sig	down	ENSG00000050730	TNIP3	1	1	1
C4_UP	C4 R-sig	up	ENSG00000050820	BCAR1	1	1	1
C4_UP	C4 R-sig	up	ENSG00000051108	HERPUD1	1	1	1
C4_DOWN	C4 R-sig	down	ENSG00000051128	HOMER3	1	1	1
C4_UP	C4 R-sig	up	ENSG00000052802	MSMO1	1	1	1
C4_UP	C4 R-sig	up	ENSG00000052841	TTC17	1	1	1
C4_DOWN	C4 R-sig	down	ENSG00000053254	FOXN3	1	1	1
C4_DOWN	C4 R-sig	down	ENSG00000053371	AKR7A2	1	1	1
C4_DOWN	C4 R-sig	down	ENSG00000053372	MRTO4	1	1	1
C4_UP	C4 R-sig	up	ENSG00000053770	AP5M1	1	1	1
C4_UP	C4 R-sig	up	ENSG00000054116	TRAPPC3	1	1	1
C4_DOWN	C4 R-sig	down	ENSG00000054118	THRAP3	1	1	1
C4_DOWN	C4 R-sig	down	ENSG00000054356	PTPRN	1	1	1
C4_DOWN	C4 R-sig	down	ENSG00000054523	KIF1B	1	1	1
C4_DOWN	C4 R-sig	down	ENSG00000054611	TBC1D22A	1	1	1
C4_DOWN	C4 R-sig	down	ENSG00000054654	SYNE2	1	1	1
C4_DOWN	C4 R-sig	down	ENSG00000054967	RELT	1	1	1
C4_UP	C4 R-sig	up	ENSG00000055130	CUL1	1	1	1
C4_UP	C4 R-sig	up	ENSG00000055208	TAB2	1	1	1
C4_UP	C4 R-sig	up	ENSG00000055332	EIF2AK2	1	1	1
C4_UP	C4 R-sig	up	ENSG00000055609	KMT2C	0	1	1
C4_UP	C4 R-sig	up	ENSG00000055917	PUM2	1	1	1
C4_UP	C4 R-sig	up	ENSG00000056097	ZFR	1	1	1
C4_UP	C4 R-sig	up	ENSG00000056277	ZNF280C	1	1	1
C4_UP	C4 R-sig	up	ENSG00000056586	RC3H2	1	1	1
C4_UP	C4 R-sig	up	ENSG00000056972	TRAF3IP2	1	1	1
C4_UP	C4 R-sig	up	ENSG00000057019	DCBLD2	1	1	1
C4_UP	C4 R-sig	up	ENSG00000057252	SOAT1	1	1	1
C4_UP	C4 R-sig	up	ENSG00000057663	ATG5	1	1	1
C4_UP	C4 R-sig	up	ENSG00000057704	TMCC3	1	1	1
C4_UP	C4 R-sig	up	ENSG00000058063	ATP11B	1	1	1
C4_DOWN	C4 R-sig	down	ENSG00000058091	CDK14	1	1	1
C4_UP	C4 R-sig	up	ENSG00000058262	SEC61A1	1	1	1
C4_DOWN	C4 R-sig	down	ENSG00000058453	CROCC	1	1	1
C4_DOWN	C4 R-sig	down	ENSG00000058600	POLR3E	1	1	1
C4_DOWN	C4 R-sig	down	ENSG00000058668	ATP2B4	1	1	1
C4_UP	C4 R-sig	up	ENSG00000058799	YIPF1	1	1	1
C4_UP	C4 R-sig	up	ENSG00000058804	NDC1	0	1	1
C4_DOWN	C4 R-sig	down	ENSG00000059145	UNKL	1	1	1
C4_DOWN	C4 R-sig	down	ENSG00000059377	TBXAS1	1	1	1
C4_DOWN	C4 R-sig	down	ENSG00000059573	ALDH18A1	1	1	1
C4_UP	C4 R-sig	up	ENSG00000059758	CDK17	1	1	1
C4_UP	C4 R-sig	up	ENSG00000059804	SLC2A3	1	1	1
C4_UP	C4 R-sig	up	ENSG00000060339	CCAR1	1	1	1
C4_DOWN	C4 R-sig	down	ENSG00000060656	PTPRU	1	1	1
C4_UP	C4 R-sig	up	ENSG00000060749	QSER1	1	1	1
C4_DOWN	C4 R-sig	down	ENSG00000060971	ACAA1	1	1	1
C4_DOWN	C4 R-sig	down	ENSG00000060982	BCAT1	1	1	1
C4_DOWN	C4 R-sig	down	ENSG00000061273	HDAC7	1	1	1
C4_DOWN	C4 R-sig	down	ENSG00000061337	LZTS1	1	1	1
C4_UP	C4 R-sig	up	ENSG00000061676	NCKAP1	1	1	1
C4_DOWN	C4 R-sig	down	ENSG00000061936	SFSWAP	1	1	1
C4_UP	C4 R-sig	up	ENSG00000061987	MON2	1	1	1
C4_UP	C4 R-sig	up	ENSG00000062716	VMP1	1	1	1
C4_UP	C4 R-sig	up	ENSG00000062725	APPBP2	1	1	1
C4_DOWN	C4 R-sig	down	ENSG00000062822	POLD1	1	1	1
C4_DOWN	C4 R-sig	down	ENSG00000063046	EIF4B	1	1	1
C4_DOWN	C4 R-sig	down	ENSG00000063244	U2AF2	1	1	1
C4_DOWN	C4 R-sig	down	ENSG00000063245	EPN1	1	1	1
C4_UP	C4 R-sig	up	ENSG00000063322	MED29	1	1	1
C4_DOWN	C4 R-sig	down	ENSG00000063438	AHRR	1	1	1
C4_DOWN	C4 R-sig	down	ENSG00000063660	GPC1	1	1	1
C4_DOWN	C4 R-sig	down	ENSG00000063854	HAGH	1	1	1
C4_UP	C4 R-sig	up	ENSG00000064115	TM7SF3	1	1	1
C4_DOWN	C4 R-sig	down	ENSG00000064205	CCN5	0	0	0
C4_DOWN	C4 R-sig	down	ENSG00000064393	HIPK2	1	1	1
C4_DOWN	C4 R-sig	down	ENSG00000064490	RFXANK	1	1	1
C4_UP	C4 R-sig	up	ENSG00000064601	CTSA	1	1	1
C4_UP	C4 R-sig	up	ENSG00000064651	SLC12A2	1	1	1
C4_UP	C4 R-sig	up	ENSG00000064666	CNN2	1	1	1
C4_UP	C4 R-sig	up	ENSG00000064703	DDX20	1	1	1
C4_UP	C4 R-sig	up	ENSG00000064726	BTBD1	1	1	1
C4_DOWN	C4 R-sig	down	ENSG00000064932	SBNO2	1	1	1
C4_DOWN	C4 R-sig	down	ENSG00000064961	HMG20B	1	1	1
C4_DOWN	C4 R-sig	down	ENSG00000065000	AP3D1	1	1	1
C4_DOWN	C4 R-sig	down	ENSG00000065029	ZNF76	1	1	1
C4_DOWN	C4 R-sig	down	ENSG00000065054	NHERF2	0	0	0
C4_DOWN	C4 R-sig	down	ENSG00000065060	BLTP3A	0	0	0
C4_DOWN	C4 R-sig	down	ENSG00000065150	IPO5	1	1	1
C4_DOWN	C4 R-sig	down	ENSG00000065183	WDR3	1	1	1
C4_DOWN	C4 R-sig	down	ENSG00000065268	WDR18	1	1	1
C4_UP	C4 R-sig	up	ENSG00000065308	TRAM2	1	1	1
C4_DOWN	C4 R-sig	down	ENSG00000065328	MCM10	1	1	1
C4_DOWN	C4 R-sig	down	ENSG00000065485	PDIA5	1	1	1
C4_UP	C4 R-sig	up	ENSG00000065526	SPEN	1	1	1
C4_DOWN	C4 R-sig	down	ENSG00000065534	MYLK	1	1	1
C4_UP	C4 R-sig	up	ENSG00000065559	MAP2K4	1	1	1
C4_DOWN	C4 R-sig	down	ENSG00000065613	SLK	1	1	1
C4_DOWN	C4 R-sig	down	ENSG00000065802	ASB1	1	1	1
C4_DOWN	C4 R-sig	down	ENSG00000065882	TBC1D1	1	1	1
C4_UP	C4 R-sig	up	ENSG00000065883	CDK13	1	1	1
C4_DOWN	C4 R-sig	down	ENSG00000065911	MTHFD2	1	1	1
C4_UP	C4 R-sig	up	ENSG00000065970	FOXJ2	1	1	1
C4_DOWN	C4 R-sig	down	ENSG00000065978	YBX1	1	1	1
C4_UP	C4 R-sig	up	ENSG00000066027	PPP2R5A	1	1	1
C4_DOWN	C4 R-sig	down	ENSG00000066044	ELAVL1	1	1	1
C4_UP	C4 R-sig	up	ENSG00000066230	SLC9A3	1	1	1
C4_UP	C4 R-sig	up	ENSG00000066322	ELOVL1	1	1	1
C4_UP	C4 R-sig	up	ENSG00000066422	ZBTB11	1	1	1
C4_DOWN	C4 R-sig	down	ENSG00000066455	GOLGA5	1	1	1
C4_UP	C4 R-sig	up	ENSG00000066654	THUMPD1	1	1	1
C4_UP	C4 R-sig	up	ENSG00000066739	ATG2B	1	1	1
C4_UP	C4 R-sig	up	ENSG00000066855	MTFR1	1	1	1
C4_DOWN	C4 R-sig	down	ENSG00000066926	FECH	1	1	1
C4_DOWN	C4 R-sig	down	ENSG00000066933	MYO9A	1	1	1
C4_DOWN	C4 R-sig	down	ENSG00000067057	PFKP	1	1	1
C4_UP	C4 R-sig	up	ENSG00000067064	IDI1	1	1	1
C4_UP	C4 R-sig	up	ENSG00000067167	TRAM1	1	1	1
C4_DOWN	C4 R-sig	down	ENSG00000067225	PKM	1	1	1
C4_UP	C4 R-sig	up	ENSG00000067248	DHX29	1	1	1
C4_DOWN	C4 R-sig	down	ENSG00000067829	IDH3G	1	1	1
C4_DOWN	C4 R-sig	down	ENSG00000068120	COASY	1	1	1
C4_DOWN	C4 R-sig	down	ENSG00000068308	OTUD5	1	1	1
C4_UP	C4 R-sig	up	ENSG00000068366	ACSL4	1	1	1
C4_DOWN	C4 R-sig	down	ENSG00000068394	GPKOW	1	1	1
C4_DOWN	C4 R-sig	down	ENSG00000068400	GRIPAP1	1	1	1
C4_DOWN	C4 R-sig	down	ENSG00000068438	FTSJ1	1	1	1
C4_UP	C4 R-sig	up	ENSG00000068697	LAPTM4A	1	1	1
C4_UP	C4 R-sig	up	ENSG00000068878	PSME4	1	1	1
C4_DOWN	C4 R-sig	down	ENSG00000068885	IFT80	1	1	1
C4_UP	C4 R-sig	up	ENSG00000068912	ERLEC1	1	1	1
C4_DOWN	C4 R-sig	down	ENSG00000069011	PITX1	1	1	1
C4_DOWN	C4 R-sig	down	ENSG00000069275	NUCKS1	1	1	1
C4_UP	C4 R-sig	up	ENSG00000069329	VPS35	1	1	1
C4_UP	C4 R-sig	up	ENSG00000069399	BCL3	1	1	1
C4_DOWN	C4 R-sig	down	ENSG00000069424	KCNAB2	1	1	1
C4_UP	C4 R-sig	up	ENSG00000069667	RORA	1	1	1
C4_UP	C4 R-sig	up	ENSG00000069702	TGFBR3	1	1	1
C4_UP	C4 R-sig	up	ENSG00000069849	ATP1B3	1	1	1
C4_DOWN	C4 R-sig	down	ENSG00000069998	HDHD5	0	0	0
C4_DOWN	C4 R-sig	down	ENSG00000070047	PHRF1	1	1	1
C4_DOWN	C4 R-sig	down	ENSG00000070081	NUCB2	1	1	1
C4_DOWN	C4 R-sig	down	ENSG00000070087	PFN2	1	1	1
C4_UP	C4 R-sig	up	ENSG00000070214	SLC44A1	1	1	1
C4_UP	C4 R-sig	up	ENSG00000070269	TMEM260	0	1	1
C4_DOWN	C4 R-sig	down	ENSG00000070366	SMG6	1	1	1
C4_UP	C4 R-sig	up	ENSG00000070367	EXOC5	1	1	1
C4_UP	C4 R-sig	up	ENSG00000070614	NDST1	1	1	1
C4_DOWN	C4 R-sig	down	ENSG00000070669	ASNS	1	1	1
C4_UP	C4 R-sig	up	ENSG00000070756	PABPC1	1	1	1
C4_DOWN	C4 R-sig	down	ENSG00000070785	EIF2B3	1	1	1
C4_DOWN	C4 R-sig	down	ENSG00000070814	TCOF1	1	1	1
C4_UP	C4 R-sig	up	ENSG00000070831	CDC42	1	1	1
C4_UP	C4 R-sig	up	ENSG00000070961	ATP2B1	1	1	1
C4_DOWN	C4 R-sig	down	ENSG00000071051	NCK2	1	1	1
C4_DOWN	C4 R-sig	down	ENSG00000071054	MAP4K4	1	1	1
C4_UP	C4 R-sig	up	ENSG00000071082	RPL31	1	1	1
C4_DOWN	C4 R-sig	down	ENSG00000071127	WDR1	1	1	1
C4_DOWN	C4 R-sig	down	ENSG00000071242	RPS6KA2	1	1	1
C4_DOWN	C4 R-sig	down	ENSG00000071462	BUD23	0	0	0
C4_UP	C4 R-sig	up	ENSG00000071553	ATP6AP1	1	1	1
C4_DOWN	C4 R-sig	down	ENSG00000071564	TCF3	1	1	1
C4_DOWN	C4 R-sig	down	ENSG00000071626	DAZAP1	1	1	1
C4_DOWN	C4 R-sig	down	ENSG00000071794	HLTF	1	1	1
C4_DOWN	C4 R-sig	down	ENSG00000071859	FAM50A	1	1	1
C4_DOWN	C4 R-sig	down	ENSG00000071889	FAM3A	1	1	1
C4_DOWN	C4 R-sig	down	ENSG00000071894	CPSF1	1	1	1
C4_UP	C4 R-sig	up	ENSG00000071967	CYBRD1	1	1	1
C4_UP	C4 R-sig	up	ENSG00000071994	PDCD2	1	1	1
C4_UP	C4 R-sig	up	ENSG00000072041	SLC6A15	1	1	1
C4_UP	C4 R-sig	up	ENSG00000072042	RDH11	1	1	1
C4_DOWN	C4 R-sig	down	ENSG00000072071	ADGRL1	0	0	1
C4_DOWN	C4 R-sig	down	ENSG00000072110	ACTN1	1	1	1
C4_UP	C4 R-sig	up	ENSG00000072134	EPN2	1	1	1
C4_DOWN	C4 R-sig	down	ENSG00000072135	PTPN18	1	1	1
C4_DOWN	C4 R-sig	down	ENSG00000072195	SPEG	1	1	1
C4_DOWN	C4 R-sig	down	ENSG00000072310	SREBF1	1	1	1
C4_UP	C4 R-sig	up	ENSG00000072364	AFF4	1	1	1
C4_UP	C4 R-sig	up	ENSG00000072401	UBE2D1	1	1	1
C4_DOWN	C4 R-sig	down	ENSG00000072501	SMC1A	1	1	1
C4_DOWN	C4 R-sig	down	ENSG00000072682	P4HA2	1	1	1
C4_UP	C4 R-sig	up	ENSG00000072736	NFATC3	1	1	1
C4_DOWN	C4 R-sig	down	ENSG00000072778	ACADVL	1	1	1
C4_DOWN	C4 R-sig	down	ENSG00000072786	STK10	1	1	1
C4_UP	C4 R-sig	up	ENSG00000072803	FBXW11	1	1	1
C4_UP	C4 R-sig	up	ENSG00000072849	DERL2	1	1	1
C4_DOWN	C4 R-sig	down	ENSG00000072864	NDE1	1	1	1
C4_DOWN	C4 R-sig	down	ENSG00000072958	AP1M1	1	1	1
C4_DOWN	C4 R-sig	down	ENSG00000073050	XRCC1	1	1	1
C4_DOWN	C4 R-sig	down	ENSG00000073111	MCM2	1	1	1
C4_UP	C4 R-sig	up	ENSG00000073464	CLCN4	1	1	1
C4_DOWN	C4 R-sig	down	ENSG00000073578	SDHA	1	1	1
C4_DOWN	C4 R-sig	down	ENSG00000073584	SMARCE1	1	1	1
C4_DOWN	C4 R-sig	down	ENSG00000073792	IGF2BP2	1	1	1
C4_UP	C4 R-sig	up	ENSG00000073921	PICALM	1	1	1
C4_DOWN	C4 R-sig	down	ENSG00000074047	GLI2	1	1	1
C4_DOWN	C4 R-sig	down	ENSG00000074071	MRPS34	1	1	1
C4_DOWN	C4 R-sig	down	ENSG00000074181	NOTCH3	1	1	1
C4_DOWN	C4 R-sig	down	ENSG00000074410	CA12	1	1	1
C4_DOWN	C4 R-sig	down	ENSG00000074621	SLC24A1	1	1	1
C4_DOWN	C4 R-sig	down	ENSG00000074695	LMAN1	1	1	1
C4_DOWN	C4 R-sig	down	ENSG00000074800	ENO1	1	1	1
C4_DOWN	C4 R-sig	down	ENSG00000074842	MYDGF	0	0	1
C4_DOWN	C4 R-sig	down	ENSG00000074855	ANO8	1	1	1
C4_DOWN	C4 R-sig	down	ENSG00000074964	ARHGEF10L	1	1	1
C4_DOWN	C4 R-sig	down	ENSG00000075151	EIF4G3	1	1	1
C4_DOWN	C4 R-sig	down	ENSG00000075213	SEMA3A	1	1	1
C4_UP	C4 R-sig	up	ENSG00000075218	GTSE1	1	1	1
C4_DOWN	C4 R-sig	down	ENSG00000075234	TTC38	1	1	1
C4_UP	C4 R-sig	up	ENSG00000075292	ZNF638	1	1	1
C4_UP	C4 R-sig	up	ENSG00000075391	RASAL2	1	1	1
C4_UP	C4 R-sig	up	ENSG00000075407	ZNF37A	1	1	1
C4_UP	C4 R-sig	up	ENSG00000075415	SLC25A3	1	1	1
C4_UP	C4 R-sig	up	ENSG00000075420	FNDC3B	1	1	1
C4_DOWN	C4 R-sig	down	ENSG00000075426	FOSL2	1	1	1
C4_UP	C4 R-sig	up	ENSG00000075568	TMEM131	1	1	1
C4_DOWN	C4 R-sig	down	ENSG00000075618	FSCN1	1	1	1
C4_DOWN	C4 R-sig	down	ENSG00000075624	ACTB	1	1	1
C4_DOWN	C4 R-sig	down	ENSG00000075702	WDR62	1	1	1
C4_UP	C4 R-sig	up	ENSG00000075711	DLG1	1	1	1
C4_UP	C4 R-sig	up	ENSG00000075785	RAB7A	1	1	1
C4_UP	C4 R-sig	up	ENSG00000075790	BCAP29	1	1	1
C4_DOWN	C4 R-sig	down	ENSG00000075856	SART3	1	1	1
C4_UP	C4 R-sig	up	ENSG00000075975	MKRN2	1	1	1
C4_DOWN	C4 R-sig	down	ENSG00000076003	MCM6	1	1	1
C4_UP	C4 R-sig	up	ENSG00000076053	RBM7	1	1	1
C4_DOWN	C4 R-sig	down	ENSG00000076248	UNG	1	1	1
C4_DOWN	C4 R-sig	down	ENSG00000076382	SPAG5	1	1	1
C4_DOWN	C4 R-sig	down	ENSG00000076513	ANKRD13A	1	1	1
C4_DOWN	C4 R-sig	down	ENSG00000076555	ACACB	1	1	1
C4_DOWN	C4 R-sig	down	ENSG00000076662	ICAM3	1	1	1
C4_DOWN	C4 R-sig	down	ENSG00000076706	MCAM	1	1	1
C4_DOWN	C4 R-sig	down	ENSG00000076770	MBNL3	1	1	1
C4_DOWN	C4 R-sig	down	ENSG00000076924	XAB2	1	1	1
C4_DOWN	C4 R-sig	down	ENSG00000076928	ARHGEF1	1	1	1
C4_DOWN	C4 R-sig	down	ENSG00000077044	DGKD	1	1	1
C4_DOWN	C4 R-sig	down	ENSG00000077092	RARB	1	1	1
C4_DOWN	C4 R-sig	down	ENSG00000077097	TOP2B	1	1	1
C4_UP	C4 R-sig	up	ENSG00000077147	TM9SF3	1	1	1
C4_UP	C4 R-sig	up	ENSG00000077232	DNAJC10	1	1	1
C4_DOWN	C4 R-sig	down	ENSG00000077235	GTF3C1	1	1	1
C4_UP	C4 R-sig	up	ENSG00000077254	USP33	1	1	1
C4_DOWN	C4 R-sig	down	ENSG00000077380	DYNC1I2	1	1	1
C4_DOWN	C4 R-sig	down	ENSG00000077514	POLD3	1	1	1
C4_DOWN	C4 R-sig	down	ENSG00000077549	CAPZB	1	1	1
C4_UP	C4 R-sig	up	ENSG00000077585	GPR137B	1	1	1
C4_UP	C4 R-sig	up	ENSG00000077721	UBE2A	1	1	1
C4_DOWN	C4 R-sig	down	ENSG00000077782	FGFR1	1	1	1
C4_UP	C4 R-sig	up	ENSG00000078098	FAP	1	1	1
C4_UP	C4 R-sig	up	ENSG00000078140	UBE2K	1	1	1
C4_UP	C4 R-sig	up	ENSG00000078237	TIGAR	0	0	1
C4_UP	C4 R-sig	up	ENSG00000078304	PPP2R5C	1	1	1
C4_DOWN	C4 R-sig	down	ENSG00000078369	GNB1	1	1	1
C4_DOWN	C4 R-sig	down	ENSG00000078618	NRDC	0	0	1
C4_UP	C4 R-sig	up	ENSG00000078747	ITCH	1	1	1
C4_UP	C4 R-sig	up	ENSG00000078804	TP53INP2	1	1	1
C4_DOWN	C4 R-sig	down	ENSG00000078808	SDF4	1	1	1
C4_DOWN	C4 R-sig	down	ENSG00000078900	TP73	1	1	1
C4_DOWN	C4 R-sig	down	ENSG00000079308	TNS1	1	1	1
C4_DOWN	C4 R-sig	down	ENSG00000079313	REXO1	1	1	1
C4_UP	C4 R-sig	up	ENSG00000079332	SAR1A	1	1	1
C4_UP	C4 R-sig	up	ENSG00000079387	SENP1	1	1	1
C4_UP	C4 R-sig	up	ENSG00000079459	FDFT1	1	1	1
C4_DOWN	C4 R-sig	down	ENSG00000079462	PAFAH1B3	1	1	1
C4_DOWN	C4 R-sig	down	ENSG00000079616	KIF22	1	1	1
C4_DOWN	C4 R-sig	down	ENSG00000079739	PGM1	1	1	1
C4_DOWN	C4 R-sig	down	ENSG00000079805	DNM2	1	1	1
C4_DOWN	C4 R-sig	down	ENSG00000079819	EPB41L2	1	1	1
C4_DOWN	C4 R-sig	down	ENSG00000079931	MOXD1	1	1	1
C4_DOWN	C4 R-sig	down	ENSG00000079999	KEAP1	1	1	1
C4_DOWN	C4 R-sig	down	ENSG00000080031	PTPRH	1	1	1
C4_DOWN	C4 R-sig	down	ENSG00000080493	SLC4A4	1	1	1
C4_DOWN	C4 R-sig	down	ENSG00000080503	SMARCA2	1	1	1
C4_UP	C4 R-sig	up	ENSG00000080802	CNOT4	1	1	1
C4_UP	C4 R-sig	up	ENSG00000080815	PSEN1	1	1	1
C4_UP	C4 R-sig	up	ENSG00000080819	CPOX	1	1	1
C4_UP	C4 R-sig	up	ENSG00000080822	CLDND1	1	1	1
C4_DOWN	C4 R-sig	down	ENSG00000080823	MOK	1	1	1
C4_UP	C4 R-sig	up	ENSG00000080824	HSP90AA1	1	1	1
C4_DOWN	C4 R-sig	down	ENSG00000080986	NDC80	1	1	1
C4_DOWN	C4 R-sig	down	ENSG00000081026	MAGI3	1	1	1
C4_UP	C4 R-sig	up	ENSG00000081087	OSTM1	1	1	1
C4_UP	C4 R-sig	up	ENSG00000081181	ARG2	1	1	1
C4_DOWN	C4 R-sig	down	ENSG00000081189	MEF2C	1	1	1
C4_DOWN	C4 R-sig	down	ENSG00000081307	UBA5	1	1	1
C4_UP	C4 R-sig	up	ENSG00000081320	STK17B	1	1	1
C4_DOWN	C4 R-sig	down	ENSG00000081760	AACS	1	1	1
C4_DOWN	C4 R-sig	down	ENSG00000082014	SMARCD3	1	1	1
C4_UP	C4 R-sig	up	ENSG00000082212	ME2	1	1	1
C4_UP	C4 R-sig	up	ENSG00000082213	C5orf22	1	1	1
C4_UP	C4 R-sig	up	ENSG00000082258	CCNT2	1	1	1
C4_UP	C4 R-sig	up	ENSG00000082438	COBLL1	1	1	1
C4_DOWN	C4 R-sig	down	ENSG00000082641	NFE2L1	1	1	1
C4_UP	C4 R-sig	up	ENSG00000082701	GSK3B	1	1	1
C4_DOWN	C4 R-sig	down	ENSG00000082805	ERC1	1	1	1
C4_UP	C4 R-sig	up	ENSG00000082898	XPO1	1	1	1
C4_UP	C4 R-sig	up	ENSG00000082996	RNF13	1	1	1
C4_UP	C4 R-sig	up	ENSG00000083093	PALB2	1	1	1
C4_UP	C4 R-sig	up	ENSG00000083099	LYRM2	1	1	1
C4_DOWN	C4 R-sig	down	ENSG00000083168	KAT6A	1	1	1
C4_UP	C4 R-sig	up	ENSG00000083312	TNPO1	1	1	1
C4_DOWN	C4 R-sig	down	ENSG00000083444	PLOD1	1	1	1
C4_UP	C4 R-sig	up	ENSG00000083520	DIS3	1	1	1
C4_UP	C4 R-sig	up	ENSG00000083817	ZNF416	1	1	1
C4_DOWN	C4 R-sig	down	ENSG00000083845	RPS5	1	1	1
C4_UP	C4 R-sig	up	ENSG00000083857	FAT1	1	1	1
C4_UP	C4 R-sig	up	ENSG00000083937	CHMP2B	1	1	1
C4_DOWN	C4 R-sig	down	ENSG00000084070	SMAP2	1	1	1
C4_UP	C4 R-sig	up	ENSG00000084073	ZMPSTE24	1	1	1
C4_UP	C4 R-sig	up	ENSG00000084092	NOA1	1	1	1
C4_UP	C4 R-sig	up	ENSG00000084093	REST	1	1	1
C4_DOWN	C4 R-sig	down	ENSG00000084234	APLP2	1	1	1
C4_DOWN	C4 R-sig	down	ENSG00000084636	COL16A1	1	1	1
C4_UP	C4 R-sig	up	ENSG00000084676	NCOA1	1	1	1
C4_DOWN	C4 R-sig	down	ENSG00000084710	EFR3B	1	1	1
C4_DOWN	C4 R-sig	down	ENSG00000084731	KIF3C	1	1	1
C4_UP	C4 R-sig	up	ENSG00000084733	RAB10	1	1	1
C4_DOWN	C4 R-sig	down	ENSG00000084754	HADHA	1	1	1
C4_DOWN	C4 R-sig	down	ENSG00000084774	CAD	1	1	1
C4_UP	C4 R-sig	up	ENSG00000085063	CD59	1	1	1
C4_DOWN	C4 R-sig	down	ENSG00000085224	ATRX	1	1	1
C4_UP	C4 R-sig	up	ENSG00000085365	SCAMP1	1	1	1
C4_DOWN	C4 R-sig	down	ENSG00000085377	PREP	1	1	1
C4_UP	C4 R-sig	up	ENSG00000085433	WDR47	1	1	1
C4_UP	C4 R-sig	up	ENSG00000085719	CPNE3	1	1	1
C4_UP	C4 R-sig	up	ENSG00000085721	RRN3	1	1	1
C4_DOWN	C4 R-sig	down	ENSG00000085733	CTTN	1	1	1
C4_DOWN	C4 R-sig	down	ENSG00000085788	DDHD2	1	1	1
C4_DOWN	C4 R-sig	down	ENSG00000085998	POMGNT1	1	1	1
C4_DOWN	C4 R-sig	down	ENSG00000085999	RAD54L	1	1	1
C4_UP	C4 R-sig	up	ENSG00000086061	DNAJA1	1	1	1
C4_DOWN	C4 R-sig	down	ENSG00000086102	NFX1	1	1	1
C4_DOWN	C4 R-sig	down	ENSG00000086475	SEPHS1	1	1	1
C4_DOWN	C4 R-sig	down	ENSG00000086504	MRPL28	1	1	1
C4_UP	C4 R-sig	up	ENSG00000086589	RBM22	1	1	1
C4_UP	C4 R-sig	up	ENSG00000086598	TMED2	1	1	1
C4_UP	C4 R-sig	up	ENSG00000086666	ZFAND6	1	1	1
C4_DOWN	C4 R-sig	down	ENSG00000086758	HUWE1	1	1	1
C4_DOWN	C4 R-sig	down	ENSG00000087008	ACOX3	1	1	1
C4_UP	C4 R-sig	up	ENSG00000087086	FTL	1	1	1
C4_DOWN	C4 R-sig	down	ENSG00000087087	SRRT	1	1	1
C4_UP	C4 R-sig	up	ENSG00000087088	BAX	1	1	1
C4_DOWN	C4 R-sig	down	ENSG00000087111	PIGS	1	1	1
C4_DOWN	C4 R-sig	down	ENSG00000087191	PSMC5	1	1	1
C4_DOWN	C4 R-sig	down	ENSG00000087245	MMP2	1	1	1
C4_DOWN	C4 R-sig	down	ENSG00000087266	SH3BP2	1	1	1
C4_DOWN	C4 R-sig	down	ENSG00000087269	NOP14	1	1	1
C4_DOWN	C4 R-sig	down	ENSG00000087274	ADD1	1	1	1
C4_UP	C4 R-sig	up	ENSG00000087302	RTRAF	0	0	0
C4_UP	C4 R-sig	up	ENSG00000087303	NID2	1	1	1
C4_DOWN	C4 R-sig	down	ENSG00000087365	SF3B2	1	1	1
C4_DOWN	C4 R-sig	down	ENSG00000087460	GNAS	1	1	1
C4_UP	C4 R-sig	up	ENSG00000087502	ERGIC2	1	1	1
C4_UP	C4 R-sig	up	ENSG00000087586	AURKA	1	1	1
C4_DOWN	C4 R-sig	down	ENSG00000087842	PIR	1	1	1
C4_DOWN	C4 R-sig	down	ENSG00000087903	RFX2	1	1	1
C4_UP	C4 R-sig	up	ENSG00000088035	ALG6	1	1	1
C4_DOWN	C4 R-sig	down	ENSG00000088038	CNOT3	1	1	1
C4_DOWN	C4 R-sig	down	ENSG00000088256	GNA11	1	1	1
C4_DOWN	C4 R-sig	down	ENSG00000088280	ASAP3	1	1	1
C4_DOWN	C4 R-sig	down	ENSG00000088325	TPX2	1	1	1
C4_UP	C4 R-sig	up	ENSG00000088356	PDRG1	1	1	1
C4_UP	C4 R-sig	up	ENSG00000088448	ANKRD10	1	1	1
C4_DOWN	C4 R-sig	down	ENSG00000088538	DOCK3	1	1	1
C4_UP	C4 R-sig	up	ENSG00000088766	CRLS1	1	1	1
C4_DOWN	C4 R-sig	down	ENSG00000088808	PPP1R13B	1	1	1
C4_UP	C4 R-sig	up	ENSG00000088832	FKBP1A	1	1	1
C4_UP	C4 R-sig	up	ENSG00000088888	MAVS	1	1	1
C4_UP	C4 R-sig	up	ENSG00000088986	DYNLL1	1	1	1
C4_DOWN	C4 R-sig	down	ENSG00000089053	ANAPC5	1	1	1
C4_DOWN	C4 R-sig	down	ENSG00000089094	KDM2B	1	1	1
C4_DOWN	C4 R-sig	down	ENSG00000089154	GCN1	0	0	1
C4_DOWN	C4 R-sig	down	ENSG00000089177	KIF16B	1	1	1
C4_DOWN	C4 R-sig	down	ENSG00000089248	ERP29	1	1	1
C4_DOWN	C4 R-sig	down	ENSG00000089280	FUS	1	1	1
C4_UP	C4 R-sig	up	ENSG00000089327	FXYD5	1	1	1
C4_DOWN	C4 R-sig	down	ENSG00000089597	GANAB	1	1	1
C4_DOWN	C4 R-sig	down	ENSG00000089685	BIRC5	1	1	1
C4_UP	C4 R-sig	up	ENSG00000089723	OTUB2	1	1	1
C4_DOWN	C4 R-sig	down	ENSG00000089737	DDX24	1	1	1
C4_DOWN	C4 R-sig	down	ENSG00000089847	ANKRD24	1	1	1
C4_DOWN	C4 R-sig	down	ENSG00000090006	LTBP4	1	1	1
C4_DOWN	C4 R-sig	down	ENSG00000090013	BLVRB	1	1	1
C4_UP	C4 R-sig	up	ENSG00000090054	SPTLC1	1	1	1
C4_UP	C4 R-sig	up	ENSG00000090060	PAPOLA	1	1	1
C4_UP	C4 R-sig	up	ENSG00000090061	CCNK	1	1	1
C4_DOWN	C4 R-sig	down	ENSG00000090097	PCBP4	1	1	1
C4_DOWN	C4 R-sig	down	ENSG00000090273	NUDC	1	1	1
C4_DOWN	C4 R-sig	down	ENSG00000090316	MAEA	1	1	1
C4_DOWN	C4 R-sig	down	ENSG00000090339	ICAM1	1	1	1
C4_DOWN	C4 R-sig	down	ENSG00000090372	STRN4	1	1	1
C4_UP	C4 R-sig	up	ENSG00000090432	MUL1	1	1	1
C4_DOWN	C4 R-sig	down	ENSG00000090447	TFAP4	1	1	1
C4_UP	C4 R-sig	up	ENSG00000090487	SPG21	1	1	1
C4_UP	C4 R-sig	up	ENSG00000090612	ZNF268	1	1	1
C4_DOWN	C4 R-sig	down	ENSG00000090615	GOLGA3	1	1	1
C4_DOWN	C4 R-sig	down	ENSG00000090621	PABPC4	1	1	1
C4_UP	C4 R-sig	up	ENSG00000090674	MCOLN1	1	1	1
C4_DOWN	C4 R-sig	down	ENSG00000090686	USP48	1	1	1
C4_DOWN	C4 R-sig	down	ENSG00000090861	AARS1	0	0	0
C4_DOWN	C4 R-sig	down	ENSG00000090863	GLG1	1	1	1
C4_DOWN	C4 R-sig	down	ENSG00000090889	KIF4A	1	1	1
C4_DOWN	C4 R-sig	down	ENSG00000090975	PITPNM2	1	1	1
C4_UP	C4 R-sig	up	ENSG00000090989	EXOC1	1	1	1
C4_UP	C4 R-sig	up	ENSG00000091009	RBM27	1	1	1
C4_DOWN	C4 R-sig	down	ENSG00000091127	PUS7	1	1	1
C4_DOWN	C4 R-sig	down	ENSG00000091136	LAMB1	1	1	1
C4_UP	C4 R-sig	up	ENSG00000091164	TXNL1	1	1	1
C4_UP	C4 R-sig	up	ENSG00000091317	CMTM6	1	1	1
C4_DOWN	C4 R-sig	down	ENSG00000091436	MAP3K20	0	0	0
C4_UP	C4 R-sig	up	ENSG00000091527	CDV3	1	1	1
C4_DOWN	C4 R-sig	down	ENSG00000091542	ALKBH5	1	1	1
C4_DOWN	C4 R-sig	down	ENSG00000091640	SPAG7	1	1	1
C4_UP	C4 R-sig	up	ENSG00000091656	ZFHX4	1	1	1
C4_DOWN	C4 R-sig	down	ENSG00000091879	ANGPT2	1	1	1
C4_DOWN	C4 R-sig	down	ENSG00000091947	TMEM101	1	1	1
C4_DOWN	C4 R-sig	down	ENSG00000091986	CCDC80	1	1	1
C4_DOWN	C4 R-sig	down	ENSG00000092010	PSME1	1	1	1
C4_UP	C4 R-sig	up	ENSG00000092068	SLC7A8	1	1	1
C4_UP	C4 R-sig	up	ENSG00000092140	G2E3	1	1	1
C4_DOWN	C4 R-sig	down	ENSG00000092201	SUPT16H	1	1	1
C4_UP	C4 R-sig	up	ENSG00000092439	TRPM7	1	1	1
C4_DOWN	C4 R-sig	down	ENSG00000092445	TYRO3	1	1	1
C4_DOWN	C4 R-sig	down	ENSG00000092470	WDR76	1	1	1
C4_DOWN	C4 R-sig	down	ENSG00000092621	PHGDH	1	1	1
C4_DOWN	C4 R-sig	down	ENSG00000092820	EZR	1	1	1
C4_DOWN	C4 R-sig	down	ENSG00000092841	MYL6	1	1	1
C4_DOWN	C4 R-sig	down	ENSG00000092847	AGO1	1	1	1
C4_DOWN	C4 R-sig	down	ENSG00000092853	CLSPN	1	1	1
C4_UP	C4 R-sig	up	ENSG00000092964	DPYSL2	1	1	1
C4_UP	C4 R-sig	up	ENSG00000092969	TGFB2	1	1	1
C4_UP	C4 R-sig	up	ENSG00000093000	NUP50	1	1	1
C4_DOWN	C4 R-sig	down	ENSG00000093009	CDC45	1	1	1
C4_DOWN	C4 R-sig	down	ENSG00000093010	COMT	1	1	1
C4_DOWN	C4 R-sig	down	ENSG00000093167	LRRFIP2	1	1	1
C4_DOWN	C4 R-sig	down	ENSG00000094804	CDC6	1	1	1
C4_DOWN	C4 R-sig	down	ENSG00000094916	CBX5	1	1	1
C4_UP	C4 R-sig	up	ENSG00000094975	SUCO	1	1	1
C4_DOWN	C4 R-sig	down	ENSG00000095002	MSH2	1	1	1
C4_UP	C4 R-sig	up	ENSG00000095139	ARCN1	1	1	1
C4_UP	C4 R-sig	up	ENSG00000095209	TMEM38B	1	1	1
C4_UP	C4 R-sig	up	ENSG00000095261	PSMD5	1	1	1
C4_DOWN	C4 R-sig	down	ENSG00000095321	CRAT	1	1	1
C4_DOWN	C4 R-sig	down	ENSG00000095370	SH2D3C	1	1	1
C4_DOWN	C4 R-sig	down	ENSG00000095380	NANS	1	1	1
C4_UP	C4 R-sig	up	ENSG00000095564	BTAF1	1	1	1
C4_UP	C4 R-sig	up	ENSG00000095574	IKZF5	1	1	1
C4_UP	C4 R-sig	up	ENSG00000095739	BAMBI	1	1	1
C4_UP	C4 R-sig	up	ENSG00000095752	IL11	1	1	1
C4_UP	C4 R-sig	up	ENSG00000095787	WAC	1	1	1
C4_UP	C4 R-sig	up	ENSG00000095794	CREM	1	1	1
C4_UP	C4 R-sig	up	ENSG00000095951	HIVEP1	1	1	1
C4_DOWN	C4 R-sig	down	ENSG00000096060	FKBP5	1	1	1
C4_DOWN	C4 R-sig	down	ENSG00000096063	SRPK1	1	1	1
C4_DOWN	C4 R-sig	down	ENSG00000096384	HSP90AB1	1	1	1
C4_DOWN	C4 R-sig	down	ENSG00000096401	CDC5L	1	1	1
C4_DOWN	C4 R-sig	down	ENSG00000096433	ITPR3	1	1	1
C4_UP	C4 R-sig	up	ENSG00000096717	SIRT1	1	1	1
C4_DOWN	C4 R-sig	down	ENSG00000096746	HNRNPH3	1	1	1
C4_DOWN	C4 R-sig	down	ENSG00000097007	ABL1	1	1	1
C4_UP	C4 R-sig	up	ENSG00000097033	SH3GLB1	1	1	1
C4_UP	C4 R-sig	up	ENSG00000099194	SCD	1	1	1
C4_DOWN	C4 R-sig	down	ENSG00000099203	TMED1	1	1	1
C4_DOWN	C4 R-sig	down	ENSG00000099256	PRTFDC1	1	1	1
C4_DOWN	C4 R-sig	down	ENSG00000099260	PALMD	1	1	1
C4_UP	C4 R-sig	up	ENSG00000099290	WASHC2A	0	0	0
C4_DOWN	C4 R-sig	down	ENSG00000099330	OCEL1	1	1	1
C4_DOWN	C4 R-sig	down	ENSG00000099331	MYO9B	1	1	1
C4_DOWN	C4 R-sig	down	ENSG00000099341	PSMD8	1	1	1
C4_DOWN	C4 R-sig	down	ENSG00000099385	BCL7C	1	1	1
C4_DOWN	C4 R-sig	down	ENSG00000099783	HNRNPM	1	1	1
C4_DOWN	C4 R-sig	down	ENSG00000099795	NDUFB7	1	1	1
C4_UP	C4 R-sig	up	ENSG00000099797	TECR	1	1	1
C4_DOWN	C4 R-sig	down	ENSG00000099800	TIMM13	1	1	1
C4_DOWN	C4 R-sig	down	ENSG00000099804	CDC34	1	1	1
C4_DOWN	C4 R-sig	down	ENSG00000099814	CEP170B	1	1	1
C4_DOWN	C4 R-sig	down	ENSG00000099817	POLR2E	1	1	1
C4_DOWN	C4 R-sig	down	ENSG00000099821	POLRMT	1	1	1
C4_DOWN	C4 R-sig	down	ENSG00000099822	HCN2	1	1	1
C4_DOWN	C4 R-sig	down	ENSG00000099901	RANBP1	1	1	1
C4_DOWN	C4 R-sig	down	ENSG00000099917	MED15	1	1	1
C4_UP	C4 R-sig	up	ENSG00000099942	CRKL	1	1	1
C4_DOWN	C4 R-sig	down	ENSG00000099949	LZTR1	1	1	1
C4_DOWN	C4 R-sig	down	ENSG00000099953	MMP11	1	1	1
C4_DOWN	C4 R-sig	down	ENSG00000099956	SMARCB1	1	1	1
C4_DOWN	C4 R-sig	down	ENSG00000099991	CABIN1	1	1	1
C4_DOWN	C4 R-sig	down	ENSG00000099994	SUSD2	1	1	1
C4_DOWN	C4 R-sig	down	ENSG00000099995	SF3A1	1	1	1
C4_UP	C4 R-sig	up	ENSG00000100028	SNRPD3	1	1	1
C4_DOWN	C4 R-sig	down	ENSG00000100029	PES1	1	1	1
C4_UP	C4 R-sig	up	ENSG00000100030	MAPK1	1	1	1
C4_DOWN	C4 R-sig	down	ENSG00000100034	PPM1F	1	1	1
C4_DOWN	C4 R-sig	down	ENSG00000100055	CYTH4	1	1	1
C4_DOWN	C4 R-sig	down	ENSG00000100065	CARD10	1	1	1
C4_DOWN	C4 R-sig	down	ENSG00000100075	SLC25A1	1	1	1
C4_DOWN	C4 R-sig	down	ENSG00000100084	HIRA	1	1	1
C4_DOWN	C4 R-sig	down	ENSG00000100097	LGALS1	1	1	1
C4_DOWN	C4 R-sig	down	ENSG00000100101		0	0	0
C4_UP	C4 R-sig	up	ENSG00000100104	SRRD	1	1	1
C4_DOWN	C4 R-sig	down	ENSG00000100106	TRIOBP	1	1	1
C4_DOWN	C4 R-sig	down	ENSG00000100109	TFIP11	1	1	1
C4_UP	C4 R-sig	up	ENSG00000100129	EIF3L	1	1	1
C4_UP	C4 R-sig	up	ENSG00000100138	SNU13	0	0	1
C4_DOWN	C4 R-sig	down	ENSG00000100139	MICALL1	1	1	1
C4_UP	C4 R-sig	up	ENSG00000100201	DDX17	1	1	1
C4_DOWN	C4 R-sig	down	ENSG00000100207	TCF20	1	1	1
C4_DOWN	C4 R-sig	down	ENSG00000100211	CBY1	1	1	1
C4_UP	C4 R-sig	up	ENSG00000100216	TOMM22	1	1	1
C4_DOWN	C4 R-sig	down	ENSG00000100219	XBP1	1	1	1
C4_DOWN	C4 R-sig	down	ENSG00000100220	RTCB	0	1	1
C4_UP	C4 R-sig	up	ENSG00000100221	JOSD1	1	1	1
C4_UP	C4 R-sig	up	ENSG00000100225	FBXO7	1	1	1
C4_DOWN	C4 R-sig	down	ENSG00000100226	GTPBP1	1	1	1
C4_DOWN	C4 R-sig	down	ENSG00000100239	PPP6R2	1	1	1
C4_DOWN	C4 R-sig	down	ENSG00000100241	SBF1	1	1	1
C4_DOWN	C4 R-sig	down	ENSG00000100242	SUN2	1	1	1
C4_DOWN	C4 R-sig	down	ENSG00000100243	CYB5R3	1	1	1
C4_DOWN	C4 R-sig	down	ENSG00000100266	PACSIN2	1	1	1
C4_DOWN	C4 R-sig	down	ENSG00000100280	AP1B1	1	1	1
C4_DOWN	C4 R-sig	down	ENSG00000100281	HMGXB4	1	1	1
C4_UP	C4 R-sig	up	ENSG00000100292	HMOX1	1	1	1
C4_DOWN	C4 R-sig	down	ENSG00000100296	THOC5	1	1	1
C4_DOWN	C4 R-sig	down	ENSG00000100297	MCM5	1	1	1
C4_DOWN	C4 R-sig	down	ENSG00000100302	RASD2	1	1	1
C4_DOWN	C4 R-sig	down	ENSG00000100304	TTLL12	1	1	1
C4_DOWN	C4 R-sig	down	ENSG00000100316	RPL3	1	1	1
C4_DOWN	C4 R-sig	down	ENSG00000100324	TAB1	1	1	1
C4_DOWN	C4 R-sig	down	ENSG00000100325	ASCC2	1	1	1
C4_DOWN	C4 R-sig	down	ENSG00000100345	MYH9	1	1	1
C4_DOWN	C4 R-sig	down	ENSG00000100347	SAMM50	1	1	1
C4_DOWN	C4 R-sig	down	ENSG00000100353	EIF3D	1	1	1
C4_UP	C4 R-sig	up	ENSG00000100354	TNRC6B	1	1	1
C4_DOWN	C4 R-sig	down	ENSG00000100359	SGSM3	1	1	1
C4_DOWN	C4 R-sig	down	ENSG00000100364	KIAA0930	1	1	1
C4_DOWN	C4 R-sig	down	ENSG00000100380	ST13	1	1	1
C4_UP	C4 R-sig	up	ENSG00000100393	EP300	1	1	1
C4_DOWN	C4 R-sig	down	ENSG00000100395	L3MBTL2	1	1	1
C4_DOWN	C4 R-sig	down	ENSG00000100401	RANGAP1	1	1	1
C4_DOWN	C4 R-sig	down	ENSG00000100403	ZC3H7B	1	1	1
C4_DOWN	C4 R-sig	down	ENSG00000100412	ACO2	1	1	1
C4_UP	C4 R-sig	up	ENSG00000100413	POLR3H	1	1	1
C4_DOWN	C4 R-sig	down	ENSG00000100417	PMM1	1	1	1
C4_UP	C4 R-sig	up	ENSG00000100418	DESI1	1	1	1
C4_DOWN	C4 R-sig	down	ENSG00000100422	CERK	1	1	1
C4_DOWN	C4 R-sig	down	ENSG00000100429	HDAC10	1	1	1
C4_UP	C4 R-sig	up	ENSG00000100439	ABHD4	1	1	1
C4_DOWN	C4 R-sig	down	ENSG00000100441	KHNYN	1	1	1
C4_DOWN	C4 R-sig	down	ENSG00000100503	NIN	1	1	1
C4_DOWN	C4 R-sig	down	ENSG00000100504	PYGL	1	1	1
C4_DOWN	C4 R-sig	down	ENSG00000100505	TRIM9	1	1	1
C4_UP	C4 R-sig	up	ENSG00000100528	CNIH1	0	1	1
C4_UP	C4 R-sig	up	ENSG00000100554	ATP6V1D	1	1	1
C4_UP	C4 R-sig	up	ENSG00000100564	PIGH	1	1	1
C4_DOWN	C4 R-sig	down	ENSG00000100568	VTI1B	1	1	1
C4_UP	C4 R-sig	up	ENSG00000100575	TIMM9	1	1	1
C4_DOWN	C4 R-sig	down	ENSG00000100599	RIN3	1	1	1
C4_UP	C4 R-sig	up	ENSG00000100600	LGMN	1	1	1
C4_UP	C4 R-sig	up	ENSG00000100601	ALKBH1	1	1	1
C4_DOWN	C4 R-sig	down	ENSG00000100603	SNW1	1	1	1
C4_DOWN	C4 R-sig	down	ENSG00000100605	ITPK1	1	1	1
C4_UP	C4 R-sig	up	ENSG00000100612	DHRS7	1	1	1
C4_DOWN	C4 R-sig	down	ENSG00000100629	CEP128	1	1	1
C4_UP	C4 R-sig	up	ENSG00000100632	ERH	1	1	1
C4_DOWN	C4 R-sig	down	ENSG00000100650	SRSF5	1	1	1
C4_UP	C4 R-sig	up	ENSG00000100664	EIF5	1	1	1
C4_DOWN	C4 R-sig	down	ENSG00000100697	DICER1	1	1	1
C4_DOWN	C4 R-sig	down	ENSG00000100711	ZFYVE21	1	1	1
C4_DOWN	C4 R-sig	down	ENSG00000100714	MTHFD1	1	1	1
C4_UP	C4 R-sig	up	ENSG00000100722	ZC3H14	1	1	1
C4_DOWN	C4 R-sig	down	ENSG00000100726	TELO2	1	1	1
C4_UP	C4 R-sig	up	ENSG00000100731	PCNX1	0	0	0
C4_UP	C4 R-sig	up	ENSG00000100744	GSKIP	1	1	1
C4_UP	C4 R-sig	up	ENSG00000100796	PPP4R3A	0	0	1
C4_DOWN	C4 R-sig	down	ENSG00000100804	PSMB5	1	1	1
C4_DOWN	C4 R-sig	down	ENSG00000100813	ACIN1	1	1	1
C4_UP	C4 R-sig	up	ENSG00000100852	ARHGAP5	1	1	1
C4_DOWN	C4 R-sig	down	ENSG00000100889	PCK2	1	1	1
C4_DOWN	C4 R-sig	down	ENSG00000100906	NFKBIA	1	1	1
C4_DOWN	C4 R-sig	down	ENSG00000100941	PNN	1	1	1
C4_DOWN	C4 R-sig	down	ENSG00000100968	NFATC4	1	1	1
C4_DOWN	C4 R-sig	down	ENSG00000100979	PLTP	1	1	1
C4_DOWN	C4 R-sig	down	ENSG00000100983	GSS	1	1	1
C4_UP	C4 R-sig	up	ENSG00000100991	TRPC4AP	1	1	1
C4_DOWN	C4 R-sig	down	ENSG00000100994	PYGB	1	1	1
C4_UP	C4 R-sig	up	ENSG00000101000	PROCR	1	1	1
C4_DOWN	C4 R-sig	down	ENSG00000101057	MYBL2	1	1	1
C4_UP	C4 R-sig	up	ENSG00000101079	NDRG3	1	1	1
C4_UP	C4 R-sig	up	ENSG00000101084	RAB5IF	0	0	0
C4_UP	C4 R-sig	up	ENSG00000101096	NFATC2	1	1	1
C4_DOWN	C4 R-sig	down	ENSG00000101115	SALL4	1	1	1
C4_UP	C4 R-sig	up	ENSG00000101132	PFDN4	1	1	1
C4_UP	C4 R-sig	up	ENSG00000101138	CSTF1	1	1	1
C4_UP	C4 R-sig	up	ENSG00000101146	RAE1	1	1	1
C4_DOWN	C4 R-sig	down	ENSG00000101150	TPD52L2	1	1	1
C4_DOWN	C4 R-sig	down	ENSG00000101161	PRPF6	1	1	1
C4_DOWN	C4 R-sig	down	ENSG00000101181	MTG2	0	1	1
C4_DOWN	C4 R-sig	down	ENSG00000101182	PSMA7	1	1	1
C4_DOWN	C4 R-sig	down	ENSG00000101189	MRGBP	1	1	1
C4_DOWN	C4 R-sig	down	ENSG00000101191	DIDO1	1	1	1
C4_UP	C4 R-sig	up	ENSG00000101224	CDC25B	1	1	1
C4_UP	C4 R-sig	up	ENSG00000101230	ISM1	1	1	1
C4_UP	C4 R-sig	up	ENSG00000101236	RNF24	1	1	1
C4_DOWN	C4 R-sig	down	ENSG00000101246	ARFRP1	1	1	1
C4_UP	C4 R-sig	up	ENSG00000101266	CSNK2A1	1	1	1
C4_UP	C4 R-sig	up	ENSG00000101294	HM13	1	1	1
C4_UP	C4 R-sig	up	ENSG00000101310	SEC23B	1	1	1
C4_DOWN	C4 R-sig	down	ENSG00000101335	MYL9	1	1	1
C4_DOWN	C4 R-sig	down	ENSG00000101346	POFUT1	1	1	1
C4_UP	C4 R-sig	up	ENSG00000101347	SAMHD1	1	1	1
C4_DOWN	C4 R-sig	down	ENSG00000101365	IDH3B	1	1	1
C4_DOWN	C4 R-sig	down	ENSG00000101400	SNTA1	1	1	1
C4_DOWN	C4 R-sig	down	ENSG00000101412	E2F1	1	1	1
C4_DOWN	C4 R-sig	down	ENSG00000101421	CHMP4B	1	1	1
C4_UP	C4 R-sig	up	ENSG00000101439	CST3	1	1	1
C4_DOWN	C4 R-sig	down	ENSG00000101444	AHCY	1	1	1
C4_UP	C4 R-sig	up	ENSG00000101447	FAM83D	1	1	1
C4_DOWN	C4 R-sig	down	ENSG00000101457	DNTTIP1	1	1	1
C4_DOWN	C4 R-sig	down	ENSG00000101546	RBFA	1	1	1
C4_UP	C4 R-sig	up	ENSG00000101557	USP14	1	1	1
C4_UP	C4 R-sig	up	ENSG00000101558	VAPA	1	1	1
C4_UP	C4 R-sig	up	ENSG00000101574	METTL4	1	1	1
C4_DOWN	C4 R-sig	down	ENSG00000101608	MYL12A	1	1	1
C4_UP	C4 R-sig	up	ENSG00000101654	RNMT	1	1	1
C4_UP	C4 R-sig	up	ENSG00000101665	SMAD7	1	1	1
C4_UP	C4 R-sig	up	ENSG00000101680	LAMA1	1	1	1
C4_UP	C4 R-sig	up	ENSG00000101745	ANKRD12	1	1	1
C4_DOWN	C4 R-sig	down	ENSG00000101751	POLI	1	1	1
C4_DOWN	C4 R-sig	down	ENSG00000101752	MIB1	1	1	1
C4_UP	C4 R-sig	up	ENSG00000101782	RIOK3	1	1	1
C4_DOWN	C4 R-sig	down	ENSG00000101849	TBL1X	1	1	1
C4_UP	C4 R-sig	up	ENSG00000101856	PGRMC1	1	1	1
C4_DOWN	C4 R-sig	down	ENSG00000101868	POLA1	1	1	1
C4_UP	C4 R-sig	up	ENSG00000101871	MID1	1	1	1
C4_DOWN	C4 R-sig	down	ENSG00000101882	NKAP	1	1	1
C4_UP	C4 R-sig	up	ENSG00000101888	NXT2	1	1	1
C4_DOWN	C4 R-sig	down	ENSG00000101911	PRPS2	1	1	1
C4_UP	C4 R-sig	up	ENSG00000101928	MOSPD1	1	1	1
C4_DOWN	C4 R-sig	down	ENSG00000101938	CHRDL1	1	1	1
C4_DOWN	C4 R-sig	down	ENSG00000101940	WDR13	1	1	1
C4_DOWN	C4 R-sig	down	ENSG00000101945	SUV39H1	1	1	1
C4_UP	C4 R-sig	up	ENSG00000101966	XIAP	1	1	1
C4_DOWN	C4 R-sig	down	ENSG00000101974	ATP11C	1	1	1
C4_DOWN	C4 R-sig	down	ENSG00000101986	ABCD1	1	1	1
C4_UP	C4 R-sig	up	ENSG00000102007	PLP2	1	1	1
C4_UP	C4 R-sig	up	ENSG00000102024	PLS3	1	1	1
C4_DOWN	C4 R-sig	down	ENSG00000102038	SMARCA1	1	1	1
C4_UP	C4 R-sig	up	ENSG00000102081	FMR1	1	1	1
C4_UP	C4 R-sig	up	ENSG00000102100	SLC35A2	1	1	1
C4_DOWN	C4 R-sig	down	ENSG00000102103	PQBP1	1	1	1
C4_DOWN	C4 R-sig	down	ENSG00000102144	PGK1	1	1	1
C4_UP	C4 R-sig	up	ENSG00000102158	MAGT1	1	1	1
C4_DOWN	C4 R-sig	down	ENSG00000102172	SMS	1	1	1
C4_DOWN	C4 R-sig	down	ENSG00000102174	PHEX	1	1	1
C4_DOWN	C4 R-sig	down	ENSG00000102178	UBL4A	1	1	1
C4_DOWN	C4 R-sig	down	ENSG00000102181	CD99L2	1	1	1
C4_DOWN	C4 R-sig	down	ENSG00000102225	CDK16	1	1	1
C4_DOWN	C4 R-sig	down	ENSG00000102226	USP11	1	1	1
C4_DOWN	C4 R-sig	down	ENSG00000102241	HTATSF1	1	1	1
C4_UP	C4 R-sig	up	ENSG00000102265	TIMP1	1	1	1
C4_DOWN	C4 R-sig	down	ENSG00000102302	FGD1	1	1	1
C4_UP	C4 R-sig	up	ENSG00000102312	PORCN	1	1	1
C4_DOWN	C4 R-sig	down	ENSG00000102316	MAGED2	1	1	1
C4_DOWN	C4 R-sig	down	ENSG00000102317	RBM3	1	1	1
C4_UP	C4 R-sig	up	ENSG00000102393	GLA	1	1	1
C4_DOWN	C4 R-sig	down	ENSG00000102452	NALCN	1	1	1
C4_UP	C4 R-sig	up	ENSG00000102468	HTR2A	1	1	1
C4_UP	C4 R-sig	up	ENSG00000102471	NDFIP2	1	1	1
C4_UP	C4 R-sig	up	ENSG00000102554	KLF5	1	1	1
C4_UP	C4 R-sig	up	ENSG00000102580	DNAJC3	1	1	1
C4_UP	C4 R-sig	up	ENSG00000102606	ARHGEF7	1	1	1
C4_UP	C4 R-sig	up	ENSG00000102710	SUPT20H	1	1	1
C4_DOWN	C4 R-sig	down	ENSG00000102743	SLC25A15	1	1	1
C4_UP	C4 R-sig	up	ENSG00000102786	INTS6	1	1	1
C4_UP	C4 R-sig	up	ENSG00000102804	TSC22D1	1	1	1
C4_UP	C4 R-sig	up	ENSG00000102805	CLN5	1	1	1
C4_DOWN	C4 R-sig	down	ENSG00000102870	ZNF629	1	1	1
C4_DOWN	C4 R-sig	down	ENSG00000102871	TRADD	1	1	1
C4_DOWN	C4 R-sig	down	ENSG00000102882	MAPK3	1	1	1
C4_UP	C4 R-sig	up	ENSG00000102897	LYRM1	1	1	1
C4_UP	C4 R-sig	up	ENSG00000102898	NUTF2	1	1	1
C4_DOWN	C4 R-sig	down	ENSG00000102900	NUP93	1	1	1
C4_UP	C4 R-sig	up	ENSG00000102908	NFAT5	1	1	1
C4_DOWN	C4 R-sig	down	ENSG00000102910	LONP2	1	1	1
C4_UP	C4 R-sig	up	ENSG00000102921	N4BP1	1	1	1
C4_UP	C4 R-sig	up	ENSG00000102931	ARL2BP	1	1	1
C4_DOWN	C4 R-sig	down	ENSG00000102967	DHODH	1	1	1
C4_UP	C4 R-sig	up	ENSG00000103005	USB1	1	1	1
C4_UP	C4 R-sig	up	ENSG00000103018	CYB5B	1	1	1
C4_DOWN	C4 R-sig	down	ENSG00000103021	CFAP263	0	0	0
C4_DOWN	C4 R-sig	down	ENSG00000103035	PSMD7	1	1	1
C4_UP	C4 R-sig	up	ENSG00000103042	SLC38A7	1	1	1
C4_UP	C4 R-sig	up	ENSG00000103043	VAC14	1	1	1
C4_DOWN	C4 R-sig	down	ENSG00000103047	TANGO6	1	1	1
C4_DOWN	C4 R-sig	down	ENSG00000103051	COG4	1	1	1
C4_UP	C4 R-sig	up	ENSG00000103064	SLC7A6	1	1	1
C4_UP	C4 R-sig	up	ENSG00000103111	MON1B	1	1	1
C4_UP	C4 R-sig	up	ENSG00000103121	CMC2	1	1	1
C4_UP	C4 R-sig	up	ENSG00000103145	HCFC1R1	1	1	1
C4_DOWN	C4 R-sig	down	ENSG00000103150	MLYCD	1	1	1
C4_DOWN	C4 R-sig	down	ENSG00000103187	COTL1	1	1	1
C4_DOWN	C4 R-sig	down	ENSG00000103197	TSC2	1	1	1
C4_DOWN	C4 R-sig	down	ENSG00000103202	NME4	1	1	1
C4_DOWN	C4 R-sig	down	ENSG00000103222	ABCC1	1	1	1
C4_DOWN	C4 R-sig	down	ENSG00000103253	HAGHL	1	1	1
C4_DOWN	C4 R-sig	down	ENSG00000103257	SLC7A5	1	1	1
C4_DOWN	C4 R-sig	down	ENSG00000103264	FBXO31	1	1	1
C4_DOWN	C4 R-sig	down	ENSG00000103266	STUB1	1	1	1
C4_DOWN	C4 R-sig	down	ENSG00000103319	EEF2K	1	1	1
C4_DOWN	C4 R-sig	down	ENSG00000103335	PIEZO1	1	1	1
C4_DOWN	C4 R-sig	down	ENSG00000103342	GSPT1	1	1	1
C4_DOWN	C4 R-sig	down	ENSG00000103351	CLUAP1	1	1	1
C4_UP	C4 R-sig	up	ENSG00000103353	UBFD1	1	1	1
C4_UP	C4 R-sig	up	ENSG00000103429	BFAR	1	1	1
C4_UP	C4 R-sig	up	ENSG00000103449	SALL1	1	1	1
C4_DOWN	C4 R-sig	down	ENSG00000103485	QPRT	1	1	1
C4_UP	C4 R-sig	up	ENSG00000103489	XYLT1	1	1	1
C4_DOWN	C4 R-sig	down	ENSG00000103496	STX4	1	1	1
C4_UP	C4 R-sig	up	ENSG00000103502	CDIPT	1	1	1
C4_DOWN	C4 R-sig	down	ENSG00000103507	BCKDK	1	1	1
C4_DOWN	C4 R-sig	down	ENSG00000103512	NOMO1	1	1	1
C4_DOWN	C4 R-sig	down	ENSG00000103549	RNF40	1	1	1
C4_DOWN	C4 R-sig	down	ENSG00000103550	KNOP1	0	1	1
C4_UP	C4 R-sig	up	ENSG00000103642	LACTB	1	1	1
C4_UP	C4 R-sig	up	ENSG00000103647	CORO2B	1	1	1
C4_DOWN	C4 R-sig	down	ENSG00000103657	HERC1	1	1	1
C4_DOWN	C4 R-sig	down	ENSG00000103742	IGDCC4	1	1	1
C4_UP	C4 R-sig	up	ENSG00000103769	RAB11A	1	1	1
C4_UP	C4 R-sig	up	ENSG00000103855	CD276	1	1	1
C4_UP	C4 R-sig	up	ENSG00000103888	CEMIP	0	0	1
C4_DOWN	C4 R-sig	down	ENSG00000103942	HOMER2	1	1	1
C4_DOWN	C4 R-sig	down	ENSG00000103966	EHD4	1	1	1
C4_UP	C4 R-sig	up	ENSG00000103978	TMEM87A	1	1	1
C4_UP	C4 R-sig	up	ENSG00000103994	ZNF106	0	1	1
C4_DOWN	C4 R-sig	down	ENSG00000103995	CEP152	1	1	1
C4_DOWN	C4 R-sig	down	ENSG00000104129	DNAJC17	1	1	1
C4_UP	C4 R-sig	up	ENSG00000104164	BLOC1S6	1	1	1
C4_UP	C4 R-sig	up	ENSG00000104219	ZDHHC2	1	1	1
C4_UP	C4 R-sig	up	ENSG00000104299	INTS9	1	1	1
C4_UP	C4 R-sig	up	ENSG00000104312	RIPK2	1	1	1
C4_UP	C4 R-sig	up	ENSG00000104313	EYA1	1	1	1
C4_UP	C4 R-sig	up	ENSG00000104320	NBN	1	1	1
C4_DOWN	C4 R-sig	down	ENSG00000104324	CPQ	1	1	1
C4_UP	C4 R-sig	up	ENSG00000104341	LAPTM4B	1	1	1
C4_UP	C4 R-sig	up	ENSG00000104343	UBE2W	1	1	1
C4_DOWN	C4 R-sig	down	ENSG00000104365	IKBKB	1	1	1
C4_DOWN	C4 R-sig	down	ENSG00000104375	STK3	1	1	1
C4_UP	C4 R-sig	up	ENSG00000104381	GDAP1	1	1	1
C4_UP	C4 R-sig	up	ENSG00000104388	RAB2A	1	1	1
C4_UP	C4 R-sig	up	ENSG00000104408	EIF3E	1	1	1
C4_DOWN	C4 R-sig	down	ENSG00000104415	CCN4	0	0	0
C4_DOWN	C4 R-sig	down	ENSG00000104419	NDRG1	1	1	1
C4_UP	C4 R-sig	up	ENSG00000104497	SNX16	1	1	1
C4_DOWN	C4 R-sig	down	ENSG00000104517	UBR5	1	1	1
C4_DOWN	C4 R-sig	down	ENSG00000104529	EEF1D	1	1	1
C4_UP	C4 R-sig	up	ENSG00000104549	SQLE	1	1	1
C4_UP	C4 R-sig	up	ENSG00000104635	SLC39A14	1	1	1
C4_UP	C4 R-sig	up	ENSG00000104660	LEPROTL1	1	1	1
C4_UP	C4 R-sig	up	ENSG00000104671	DCTN6	1	1	1
C4_DOWN	C4 R-sig	down	ENSG00000104679	R3HCC1	1	1	1
C4_UP	C4 R-sig	up	ENSG00000104695	PPP2CB	1	1	1
C4_DOWN	C4 R-sig	down	ENSG00000104728	ARHGEF10	1	1	1
C4_DOWN	C4 R-sig	down	ENSG00000104731	KLHDC4	1	1	1
C4_DOWN	C4 R-sig	down	ENSG00000104738	MCM4	1	1	1
C4_UP	C4 R-sig	up	ENSG00000104763	ASAH1	1	1	1
C4_DOWN	C4 R-sig	down	ENSG00000104765	BNIP3L	1	1	1
C4_DOWN	C4 R-sig	down	ENSG00000104774	MAN2B1	1	1	1
C4_DOWN	C4 R-sig	down	ENSG00000104805	NUCB1	1	1	1
C4_DOWN	C4 R-sig	down	ENSG00000104812	GYS1	1	1	1
C4_DOWN	C4 R-sig	down	ENSG00000104823	ECH1	1	1	1
C4_DOWN	C4 R-sig	down	ENSG00000104835	SARS2	1	1	1
C4_DOWN	C4 R-sig	down	ENSG00000104852	SNRNP70	1	1	1
C4_DOWN	C4 R-sig	down	ENSG00000104872	PIH1D1	1	1	1
C4_DOWN	C4 R-sig	down	ENSG00000104880	ARHGEF18	1	1	1
C4_DOWN	C4 R-sig	down	ENSG00000104884	ERCC2	1	1	1
C4_DOWN	C4 R-sig	down	ENSG00000104885	DOT1L	1	1	1
C4_DOWN	C4 R-sig	down	ENSG00000104886	PLEKHJ1	1	1	1
C4_DOWN	C4 R-sig	down	ENSG00000104889	RNASEH2A	1	1	1
C4_DOWN	C4 R-sig	down	ENSG00000104897	SF3A2	1	1	1
C4_DOWN	C4 R-sig	down	ENSG00000104904	OAZ1	1	1	1
C4_DOWN	C4 R-sig	down	ENSG00000104907	TRMT1	1	1	1
C4_DOWN	C4 R-sig	down	ENSG00000104936	DMPK	1	1	1
C4_DOWN	C4 R-sig	down	ENSG00000104953	TLE6	1	1	1
C4_DOWN	C4 R-sig	down	ENSG00000104960	PTOV1	1	1	1
C4_DOWN	C4 R-sig	down	ENSG00000104964	TLE5	0	0	0
C4_DOWN	C4 R-sig	down	ENSG00000104980	TIMM44	1	1	1
C4_DOWN	C4 R-sig	down	ENSG00000105011	ASF1B	1	1	1
C4_DOWN	C4 R-sig	down	ENSG00000105048	TNNT1	1	1	1
C4_DOWN	C4 R-sig	down	ENSG00000105063	PPP6R1	1	1	1
C4_DOWN	C4 R-sig	down	ENSG00000105135	HACL2	0	0	0
C4_DOWN	C4 R-sig	down	ENSG00000105137	SYDE1	1	1	1
C4_DOWN	C4 R-sig	down	ENSG00000105176	URI1	1	1	1
C4_DOWN	C4 R-sig	down	ENSG00000105185	PDCD5	1	1	1
C4_DOWN	C4 R-sig	down	ENSG00000105193	RPS16	1	1	1
C4_DOWN	C4 R-sig	down	ENSG00000105197	TIMM50	1	1	1
C4_DOWN	C4 R-sig	down	ENSG00000105202	FBL	1	1	1
C4_DOWN	C4 R-sig	down	ENSG00000105220	GPI	1	1	1
C4_DOWN	C4 R-sig	down	ENSG00000105221	AKT2	1	1	1
C4_DOWN	C4 R-sig	down	ENSG00000105223	PLD3	1	1	1
C4_DOWN	C4 R-sig	down	ENSG00000105245	NUMBL	1	1	1
C4_UP	C4 R-sig	up	ENSG00000105246	EBI3	1	1	1
C4_DOWN	C4 R-sig	down	ENSG00000105254	TBCB	1	1	1
C4_DOWN	C4 R-sig	down	ENSG00000105255	FSD1	1	1	1
C4_UP	C4 R-sig	up	ENSG00000105270	CLIP3	1	1	1
C4_DOWN	C4 R-sig	down	ENSG00000105281	SLC1A5	1	1	1
C4_DOWN	C4 R-sig	down	ENSG00000105290	APLP1	1	1	1
C4_DOWN	C4 R-sig	down	ENSG00000105298	CACTIN	1	1	1
C4_DOWN	C4 R-sig	down	ENSG00000105321	CCDC9	1	1	1
C4_DOWN	C4 R-sig	down	ENSG00000105323	HNRNPUL1	1	1	1
C4_DOWN	C4 R-sig	down	ENSG00000105325	FZR1	1	1	1
C4_UP	C4 R-sig	up	ENSG00000105327	BBC3	1	1	1
C4_UP	C4 R-sig	up	ENSG00000105329	TGFB1	1	1	1
C4_DOWN	C4 R-sig	down	ENSG00000105355	PLIN3	1	1	1
C4_DOWN	C4 R-sig	down	ENSG00000105364	MRPL4	1	1	1
C4_UP	C4 R-sig	up	ENSG00000105372	RPS19	1	1	1
C4_DOWN	C4 R-sig	down	ENSG00000105373	NOP53	0	0	0
C4_DOWN	C4 R-sig	down	ENSG00000105376	ICAM5	1	1	1
C4_DOWN	C4 R-sig	down	ENSG00000105379	ETFB	1	1	1
C4_DOWN	C4 R-sig	down	ENSG00000105397	TYK2	1	1	1
C4_DOWN	C4 R-sig	down	ENSG00000105401	CDC37	1	1	1
C4_DOWN	C4 R-sig	down	ENSG00000105419	MEIS3	1	1	1
C4_DOWN	C4 R-sig	down	ENSG00000105426	PTPRS	1	1	1
C4_DOWN	C4 R-sig	down	ENSG00000105429	MEGF8	1	1	1
C4_UP	C4 R-sig	up	ENSG00000105438	KDELR1	1	1	1
C4_DOWN	C4 R-sig	down	ENSG00000105486	LIG1	1	1	1
C4_UP	C4 R-sig	up	ENSG00000105497	ZNF175	1	1	1
C4_DOWN	C4 R-sig	down	ENSG00000105518	TMEM205	1	1	1
C4_DOWN	C4 R-sig	down	ENSG00000105556	MIER2	1	1	1
C4_DOWN	C4 R-sig	down	ENSG00000105559	PLEKHA4	1	1	1
C4_DOWN	C4 R-sig	down	ENSG00000105568	PPP2R1A	1	1	1
C4_UP	C4 R-sig	up	ENSG00000105576	TNPO2	1	1	1
C4_UP	C4 R-sig	up	ENSG00000105583	WDR83OS	1	1	1
C4_DOWN	C4 R-sig	down	ENSG00000105607	GCDH	1	1	1
C4_DOWN	C4 R-sig	down	ENSG00000105618	PRPF31	1	1	1
C4_DOWN	C4 R-sig	down	ENSG00000105619	TFPT	1	1	1
C4_DOWN	C4 R-sig	down	ENSG00000105643	ARRDC2	1	1	1
C4_DOWN	C4 R-sig	down	ENSG00000105647	PIK3R2	1	1	1
C4_DOWN	C4 R-sig	down	ENSG00000105650	PDE4C	1	1	1
C4_DOWN	C4 R-sig	down	ENSG00000105669	COPE	1	1	1
C4_DOWN	C4 R-sig	down	ENSG00000105671	DDX49	1	1	1
C4_DOWN	C4 R-sig	down	ENSG00000105698	USF2	1	1	1
C4_DOWN	C4 R-sig	down	ENSG00000105701	FKBP8	1	1	1
C4_DOWN	C4 R-sig	down	ENSG00000105705	SUGP1	1	1	1
C4_UP	C4 R-sig	up	ENSG00000105722	ERF	1	1	1
C4_UP	C4 R-sig	up	ENSG00000105723	GSK3A	1	1	1
C4_UP	C4 R-sig	up	ENSG00000105732	ZNF574	1	1	1
C4_DOWN	C4 R-sig	down	ENSG00000105738	SIPA1L3	1	1	1
C4_DOWN	C4 R-sig	down	ENSG00000105821	DNAJC2	1	1	1
C4_UP	C4 R-sig	up	ENSG00000105825	TFPI2	1	1	1
C4_UP	C4 R-sig	up	ENSG00000105829	BET1	1	1	1
C4_DOWN	C4 R-sig	down	ENSG00000105835	NAMPT	1	1	1
C4_UP	C4 R-sig	up	ENSG00000105849	POLR1F	0	0	0
C4_UP	C4 R-sig	up	ENSG00000105855	ITGB8	1	1	1
C4_UP	C4 R-sig	up	ENSG00000105856	HBP1	1	1	1
C4_DOWN	C4 R-sig	down	ENSG00000105875	WDR91	1	1	1
C4_DOWN	C4 R-sig	down	ENSG00000105877	DNAH11	1	1	1
C4_UP	C4 R-sig	up	ENSG00000105879	CBLL1	1	1	1
C4_UP	C4 R-sig	up	ENSG00000105887	MTPN	1	1	1
C4_DOWN	C4 R-sig	down	ENSG00000105894	PTN	1	1	1
C4_DOWN	C4 R-sig	down	ENSG00000105928	GSDME	0	0	0
C4_UP	C4 R-sig	up	ENSG00000105939	ZC3HAV1	1	1	1
C4_DOWN	C4 R-sig	down	ENSG00000105953	OGDH	1	1	1
C4_UP	C4 R-sig	up	ENSG00000105974	CAV1	1	1	1
C4_UP	C4 R-sig	up	ENSG00000105983	LMBR1	1	1	1
C4_DOWN	C4 R-sig	down	ENSG00000106003	LFNG	1	1	1
C4_DOWN	C4 R-sig	down	ENSG00000106012	IQCE	1	1	1
C4_UP	C4 R-sig	up	ENSG00000106025	TSPAN12	1	1	1
C4_DOWN	C4 R-sig	down	ENSG00000106034	CPED1	1	1	1
C4_DOWN	C4 R-sig	down	ENSG00000106089	STX1A	1	1	1
C4_DOWN	C4 R-sig	down	ENSG00000106100	NOD1	1	1	1
C4_DOWN	C4 R-sig	down	ENSG00000106105	GARS1	0	0	0
C4_DOWN	C4 R-sig	down	ENSG00000106244	PDAP1	1	1	1
C4_DOWN	C4 R-sig	down	ENSG00000106263	EIF3B	1	1	1
C4_DOWN	C4 R-sig	down	ENSG00000106266	SNX8	1	1	1
C4_DOWN	C4 R-sig	down	ENSG00000106268	NUDT1	1	1	1
C4_UP	C4 R-sig	up	ENSG00000106299	WASL	1	1	1
C4_DOWN	C4 R-sig	down	ENSG00000106333	PCOLCE	1	1	1
C4_DOWN	C4 R-sig	down	ENSG00000106348	IMPDH1	1	1	1
C4_UP	C4 R-sig	up	ENSG00000106355	LSM5	1	1	1
C4_UP	C4 R-sig	up	ENSG00000106366	SERPINE1	1	1	1
C4_DOWN	C4 R-sig	down	ENSG00000106367	AP1S1	1	1	1
C4_UP	C4 R-sig	up	ENSG00000106392	C1GALT1	1	1	1
C4_DOWN	C4 R-sig	down	ENSG00000106397	PLOD3	1	1	1
C4_UP	C4 R-sig	up	ENSG00000106415	GLCCI1	1	1	1
C4_DOWN	C4 R-sig	down	ENSG00000106462	EZH2	1	1	1
C4_DOWN	C4 R-sig	down	ENSG00000106484	MEST	1	1	1
C4_UP	C4 R-sig	up	ENSG00000106546	AHR	1	1	1
C4_UP	C4 R-sig	up	ENSG00000106588	PSMA2	1	1	1
C4_DOWN	C4 R-sig	down	ENSG00000106605	BLVRA	1	1	1
C4_UP	C4 R-sig	up	ENSG00000106609	TMEM248	1	1	1
C4_UP	C4 R-sig	up	ENSG00000106615	RHEB	1	1	1
C4_DOWN	C4 R-sig	down	ENSG00000106628	POLD2	1	1	1
C4_DOWN	C4 R-sig	down	ENSG00000106665	CLIP2	1	1	1
C4_DOWN	C4 R-sig	down	ENSG00000106682	EIF4H	1	1	1
C4_DOWN	C4 R-sig	down	ENSG00000106683	LIMK1	1	1	1
C4_DOWN	C4 R-sig	down	ENSG00000106688	SLC1A1	1	1	1
C4_DOWN	C4 R-sig	down	ENSG00000106772	PRUNE2	1	1	1
C4_UP	C4 R-sig	up	ENSG00000106780	MEGF9	1	1	1
C4_DOWN	C4 R-sig	down	ENSG00000106789	CORO2A	1	1	1
C4_UP	C4 R-sig	up	ENSG00000106799	TGFBR1	1	1	1
C4_UP	C4 R-sig	up	ENSG00000106803	SEC61B	1	1	1
C4_DOWN	C4 R-sig	down	ENSG00000106829	TLE4	1	1	1
C4_DOWN	C4 R-sig	down	ENSG00000106853	PTGR1	1	1	1
C4_DOWN	C4 R-sig	down	ENSG00000106868	SUSD1	1	1	1
C4_DOWN	C4 R-sig	down	ENSG00000106948	AKNA	1	1	1
C4_DOWN	C4 R-sig	down	ENSG00000106976	DNM1	1	1	1
C4_DOWN	C4 R-sig	down	ENSG00000106991	ENG	1	1	1
C4_DOWN	C4 R-sig	down	ENSG00000106992	AK1	1	1	1
C4_DOWN	C4 R-sig	down	ENSG00000107104	KANK1	1	1	1
C4_UP	C4 R-sig	up	ENSG00000107140	TESK1	1	1	1
C4_DOWN	C4 R-sig	down	ENSG00000107159	CA9	1	1	1
C4_DOWN	C4 R-sig	down	ENSG00000107164	FUBP3	1	1	1
C4_UP	C4 R-sig	up	ENSG00000107186	MPDZ	1	1	1
C4_UP	C4 R-sig	up	ENSG00000107201	RIGI	0	0	0
C4_DOWN	C4 R-sig	down	ENSG00000107223	EDF1	1	1	1
C4_UP	C4 R-sig	up	ENSG00000107249	GLIS3	1	1	1
C4_UP	C4 R-sig	up	ENSG00000107290	SETX	1	1	1
C4_DOWN	C4 R-sig	down	ENSG00000107331	ABCA2	1	1	1
C4_UP	C4 R-sig	up	ENSG00000107372	ZFAND5	1	1	1
C4_DOWN	C4 R-sig	down	ENSG00000107404	DVL1	1	1	1
C4_UP	C4 R-sig	up	ENSG00000107438	PDLIM1	1	1	1
C4_UP	C4 R-sig	up	ENSG00000107443	CCNJ	1	1	1
C4_UP	C4 R-sig	up	ENSG00000107521	HPS1	1	1	1
C4_UP	C4 R-sig	up	ENSG00000107554	DNMBP	1	1	1
C4_DOWN	C4 R-sig	down	ENSG00000107581	EIF3A	1	1	1
C4_DOWN	C4 R-sig	down	ENSG00000107625	DDX50	1	1	1
C4_UP	C4 R-sig	up	ENSG00000107651	SEC23IP	1	1	1
C4_DOWN	C4 R-sig	down	ENSG00000107672	NSMCE4A	1	1	1
C4_UP	C4 R-sig	up	ENSG00000107679	PLEKHA1	1	1	1
C4_DOWN	C4 R-sig	down	ENSG00000107731	UNC5B	1	1	1
C4_UP	C4 R-sig	up	ENSG00000107771	CCSER2	1	1	1
C4_UP	C4 R-sig	up	ENSG00000107789	MINPP1	1	1	1
C4_DOWN	C4 R-sig	down	ENSG00000107796	ACTA2	1	1	1
C4_UP	C4 R-sig	up	ENSG00000107798	LIPA	1	1	1
C4_DOWN	C4 R-sig	down	ENSG00000107816	LZTS2	1	1	1
C4_DOWN	C4 R-sig	down	ENSG00000107829	FBXW4	1	1	1
C4_DOWN	C4 R-sig	down	ENSG00000107833	NPM3	1	1	1
C4_UP	C4 R-sig	up	ENSG00000107854	TNKS2	1	1	1
C4_UP	C4 R-sig	up	ENSG00000107863	ARHGAP21	1	1	1
C4_DOWN	C4 R-sig	down	ENSG00000107872	FBXL15	1	1	1
C4_DOWN	C4 R-sig	down	ENSG00000107874	CUEDC2	1	1	1
C4_UP	C4 R-sig	up	ENSG00000107897	ACBD5	1	1	1
C4_DOWN	C4 R-sig	down	ENSG00000107902	LHPP	1	1	1
C4_DOWN	C4 R-sig	down	ENSG00000107937	GTPBP4	1	1	1
C4_UP	C4 R-sig	up	ENSG00000107938	EDRF1	0	1	1
C4_UP	C4 R-sig	up	ENSG00000107951	MTPAP	1	1	1
C4_DOWN	C4 R-sig	down	ENSG00000107957	SH3PXD2A	1	1	1
C4_UP	C4 R-sig	up	ENSG00000107984	DKK1	1	1	1
C4_UP	C4 R-sig	up	ENSG00000108010	GLRX3	1	1	1
C4_UP	C4 R-sig	up	ENSG00000108021	TASOR2	0	0	0
C4_DOWN	C4 R-sig	down	ENSG00000108039	XPNPEP1	1	1	1
C4_DOWN	C4 R-sig	down	ENSG00000108055	SMC3	1	1	1
C4_UP	C4 R-sig	up	ENSG00000108061	SHOC2	1	1	1
C4_UP	C4 R-sig	up	ENSG00000108064	TFAM	1	1	1
C4_UP	C4 R-sig	up	ENSG00000108091	CCDC6	1	1	1
C4_UP	C4 R-sig	up	ENSG00000108094	CUL2	1	1	1
C4_UP	C4 R-sig	up	ENSG00000108100	CCNY	1	1	1
C4_UP	C4 R-sig	up	ENSG00000108106	UBE2S	1	1	1
C4_UP	C4 R-sig	up	ENSG00000108175	ZMIZ1	1	1	1
C4_DOWN	C4 R-sig	down	ENSG00000108176	DNAJC12	1	1	1
C4_UP	C4 R-sig	up	ENSG00000108179	PPIF	1	1	1
C4_UP	C4 R-sig	up	ENSG00000108219	TSPAN14	1	1	1
C4_UP	C4 R-sig	up	ENSG00000108239	TBC1D12	1	1	1
C4_UP	C4 R-sig	up	ENSG00000108256	NUFIP2	1	1	1
C4_DOWN	C4 R-sig	down	ENSG00000108262	GIT1	1	1	1
C4_DOWN	C4 R-sig	down	ENSG00000108298	RPL19	1	1	1
C4_DOWN	C4 R-sig	down	ENSG00000108312	UBTF	1	1	1
C4_UP	C4 R-sig	up	ENSG00000108342	CSF3	1	1	1
C4_DOWN	C4 R-sig	down	ENSG00000108344	PSMD3	1	1	1
C4_DOWN	C4 R-sig	down	ENSG00000108349	CASC3	1	1	1
C4_DOWN	C4 R-sig	down	ENSG00000108389	MTMR4	1	1	1
C4_DOWN	C4 R-sig	down	ENSG00000108395	TRIM37	1	1	1
C4_DOWN	C4 R-sig	down	ENSG00000108424	KPNB1	1	1	1
C4_UP	C4 R-sig	up	ENSG00000108433	GOSR2	1	1	1
C4_UP	C4 R-sig	up	ENSG00000108439	PNPO	1	1	1
C4_DOWN	C4 R-sig	down	ENSG00000108465	CDK5RAP3	1	1	1
C4_DOWN	C4 R-sig	down	ENSG00000108468	CBX1	1	1	1
C4_DOWN	C4 R-sig	down	ENSG00000108469	RECQL5	1	1	1
C4_DOWN	C4 R-sig	down	ENSG00000108479	GALK1	1	1	1
C4_UP	C4 R-sig	up	ENSG00000108510	MED13	1	1	1
C4_UP	C4 R-sig	up	ENSG00000108523	RNF167	1	1	1
C4_DOWN	C4 R-sig	down	ENSG00000108557	RAI1	1	1	1
C4_UP	C4 R-sig	up	ENSG00000108590	MED31	1	1	1
C4_DOWN	C4 R-sig	down	ENSG00000108591	DRG2	1	1	1
C4_DOWN	C4 R-sig	down	ENSG00000108592	FTSJ3	1	1	1
C4_UP	C4 R-sig	up	ENSG00000108599	AKAP10	1	1	1
C4_DOWN	C4 R-sig	down	ENSG00000108602	ALDH3A1	1	1	1
C4_DOWN	C4 R-sig	down	ENSG00000108604	SMARCD2	1	1	1
C4_DOWN	C4 R-sig	down	ENSG00000108651	UTP6	1	1	1
C4_UP	C4 R-sig	up	ENSG00000108654	DDX5	1	1	1
C4_DOWN	C4 R-sig	down	ENSG00000108679	LGALS3BP	1	1	1
C4_UP	C4 R-sig	up	ENSG00000108733	PEX12	1	1	1
C4_DOWN	C4 R-sig	down	ENSG00000108771	DHX58	1	1	1
C4_DOWN	C4 R-sig	down	ENSG00000108797	CNTNAP1	1	1	1
C4_DOWN	C4 R-sig	down	ENSG00000108819	PPP1R9B	1	1	1
C4_DOWN	C4 R-sig	down	ENSG00000108821	COL1A1	1	1	1
C4_DOWN	C4 R-sig	down	ENSG00000108829	LRRC59	1	1	1
C4_DOWN	C4 R-sig	down	ENSG00000108846	ABCC3	1	1	1
C4_DOWN	C4 R-sig	down	ENSG00000108848	LUC7L3	1	1	1
C4_DOWN	C4 R-sig	down	ENSG00000108852	MPP2	1	1	1
C4_UP	C4 R-sig	up	ENSG00000108861	DUSP3	1	1	1
C4_DOWN	C4 R-sig	down	ENSG00000108883	EFTUD2	1	1	1
C4_DOWN	C4 R-sig	down	ENSG00000108924	HLF	1	1	1
C4_DOWN	C4 R-sig	down	ENSG00000108946	PRKAR1A	1	1	1
C4_DOWN	C4 R-sig	down	ENSG00000108953	YWHAE	1	1	1
C4_UP	C4 R-sig	up	ENSG00000109046	WSB1	1	1	1
C4_UP	C4 R-sig	up	ENSG00000109084	TMEM97	1	1	1
C4_DOWN	C4 R-sig	down	ENSG00000109089	CDR2L	1	1	1
C4_UP	C4 R-sig	up	ENSG00000109099	PMP22	1	1	1
C4_DOWN	C4 R-sig	down	ENSG00000109107	ALDOC	1	1	1
C4_UP	C4 R-sig	up	ENSG00000109133	TMEM33	1	1	1
C4_UP	C4 R-sig	up	ENSG00000109171	SLAIN2	1	1	1
C4_UP	C4 R-sig	up	ENSG00000109180	OCIAD1	1	1	1
C4_UP	C4 R-sig	up	ENSG00000109189	USP46	1	1	1
C4_DOWN	C4 R-sig	down	ENSG00000109265	CRACD	0	0	0
C4_UP	C4 R-sig	up	ENSG00000109270	LAMTOR3	1	1	1
C4_UP	C4 R-sig	up	ENSG00000109323	MANBA	1	1	1
C4_UP	C4 R-sig	up	ENSG00000109332	UBE2D3	1	1	1
C4_UP	C4 R-sig	up	ENSG00000109390	NDUFC1	1	1	1
C4_UP	C4 R-sig	up	ENSG00000109436	TBC1D9	1	1	1
C4_UP	C4 R-sig	up	ENSG00000109452	INPP4B	1	1	1
C4_UP	C4 R-sig	up	ENSG00000109472	CPE	1	1	1
C4_DOWN	C4 R-sig	down	ENSG00000109501	WFS1	1	1	1
C4_UP	C4 R-sig	up	ENSG00000109572	CLCN3	1	1	1
C4_UP	C4 R-sig	up	ENSG00000109586	GALNT7	1	1	1
C4_UP	C4 R-sig	up	ENSG00000109606	DHX15	1	1	1
C4_DOWN	C4 R-sig	down	ENSG00000109610	SOD3	1	1	1
C4_UP	C4 R-sig	up	ENSG00000109654	TRIM2	1	1	1
C4_DOWN	C4 R-sig	down	ENSG00000109685	NSD2	0	0	0
C4_UP	C4 R-sig	up	ENSG00000109689	STIM2	1	1	1
C4_DOWN	C4 R-sig	down	ENSG00000109756	RAPGEF2	1	1	1
C4_UP	C4 R-sig	up	ENSG00000109819	PPARGC1A	1	1	1
C4_DOWN	C4 R-sig	down	ENSG00000109846	CRYAB	1	1	1
C4_DOWN	C4 R-sig	down	ENSG00000109881	CCDC34	1	1	1
C4_DOWN	C4 R-sig	down	ENSG00000109917	ZPR1	0	0	1
C4_UP	C4 R-sig	up	ENSG00000109919	MTCH2	1	1	1
C4_UP	C4 R-sig	up	ENSG00000109929	SC5D	0	1	1
C4_UP	C4 R-sig	up	ENSG00000109971	HSPA8	1	1	1
C4_DOWN	C4 R-sig	down	ENSG00000110063	DCPS	1	1	1
C4_DOWN	C4 R-sig	down	ENSG00000110074	FOXRED1	1	1	1
C4_DOWN	C4 R-sig	down	ENSG00000110076	NRXN2	1	1	1
C4_UP	C4 R-sig	up	ENSG00000110092	CCND1	1	1	1
C4_DOWN	C4 R-sig	down	ENSG00000110104	CCDC86	1	1	1
C4_UP	C4 R-sig	up	ENSG00000110172	CHORDC1	1	1	1
C4_DOWN	C4 R-sig	down	ENSG00000110200	ANAPC15	1	1	1
C4_UP	C4 R-sig	up	ENSG00000110218	PANX1	1	1	1
C4_DOWN	C4 R-sig	down	ENSG00000110237	ARHGEF17	1	1	1
C4_DOWN	C4 R-sig	down	ENSG00000110274	CEP164	1	1	1
C4_UP	C4 R-sig	up	ENSG00000110321	EIF4G2	1	1	1
C4_DOWN	C4 R-sig	down	ENSG00000110328	GALNT18	1	1	1
C4_UP	C4 R-sig	up	ENSG00000110344	UBE4A	1	1	1
C4_UP	C4 R-sig	up	ENSG00000110367	DDX6	1	1	1
C4_UP	C4 R-sig	up	ENSG00000110395	CBL	1	1	1
C4_UP	C4 R-sig	up	ENSG00000110422	HIPK3	1	1	1
C4_DOWN	C4 R-sig	down	ENSG00000110427	KIAA1549L	1	1	1
C4_DOWN	C4 R-sig	down	ENSG00000110514	MADD	1	1	1
C4_DOWN	C4 R-sig	down	ENSG00000110619	CARS1	0	0	0
C4_DOWN	C4 R-sig	down	ENSG00000110651	CD81	1	1	1
C4_UP	C4 R-sig	up	ENSG00000110660	SLC35F2	1	1	1
C4_DOWN	C4 R-sig	down	ENSG00000110697	PITPNM1	1	1	1
C4_UP	C4 R-sig	up	ENSG00000110700	RPS13	1	1	1
C4_DOWN	C4 R-sig	down	ENSG00000110711	AIP	1	1	1
C4_UP	C4 R-sig	up	ENSG00000110713	NUP98	1	1	1
C4_DOWN	C4 R-sig	down	ENSG00000110717	NDUFS8	1	1	1
C4_UP	C4 R-sig	up	ENSG00000110756	HPS5	1	1	1
C4_UP	C4 R-sig	up	ENSG00000110768	GTF2H1	1	1	1
C4_DOWN	C4 R-sig	down	ENSG00000110811	P3H3	0	0	1
C4_DOWN	C4 R-sig	down	ENSG00000110844	PRPF40B	1	1	1
C4_UP	C4 R-sig	up	ENSG00000110911	SLC11A2	1	1	1
C4_DOWN	C4 R-sig	down	ENSG00000110917	MLEC	1	1	1
C4_DOWN	C4 R-sig	down	ENSG00000110931	CAMKK2	1	1	1
C4_UP	C4 R-sig	up	ENSG00000110958	PTGES3	1	1	1
C4_DOWN	C4 R-sig	down	ENSG00000111011	RSRC2	1	1	1
C4_DOWN	C4 R-sig	down	ENSG00000111077	TNS2	0	0	1
C4_DOWN	C4 R-sig	down	ENSG00000111142	METAP2	1	1	1
C4_UP	C4 R-sig	up	ENSG00000111145	ELK3	1	1	1
C4_DOWN	C4 R-sig	down	ENSG00000111203	ITFG2	1	1	1
C4_UP	C4 R-sig	up	ENSG00000111229	ARPC3	1	1	1
C4_UP	C4 R-sig	up	ENSG00000111252	SH2B3	1	1	1
C4_UP	C4 R-sig	up	ENSG00000111269	CREBL2	1	1	1
C4_DOWN	C4 R-sig	down	ENSG00000111271	ACAD10	1	1	1
C4_DOWN	C4 R-sig	down	ENSG00000111276	CDKN1B	1	1	1
C4_UP	C4 R-sig	up	ENSG00000111305	GSG1	1	1	1
C4_DOWN	C4 R-sig	down	ENSG00000111325	OGFOD2	1	1	1
C4_UP	C4 R-sig	up	ENSG00000111335	OAS2	1	1	1
C4_DOWN	C4 R-sig	down	ENSG00000111364	DDX55	1	1	1
C4_UP	C4 R-sig	up	ENSG00000111371	SLC38A1	1	1	1
C4_UP	C4 R-sig	up	ENSG00000111412	SPRING1	0	0	0
C4_DOWN	C4 R-sig	down	ENSG00000111445	RFC5	1	1	1
C4_DOWN	C4 R-sig	down	ENSG00000111450	STX2	1	1	1
C4_UP	C4 R-sig	up	ENSG00000111481	COPZ1	1	1	1
C4_UP	C4 R-sig	up	ENSG00000111530	CAND1	1	1	1
C4_UP	C4 R-sig	up	ENSG00000111540	RAB5B	1	1	1
C4_DOWN	C4 R-sig	down	ENSG00000111602	TIMELESS	1	1	1
C4_UP	C4 R-sig	up	ENSG00000111640	GAPDH	1	1	1
C4_DOWN	C4 R-sig	down	ENSG00000111642	CHD4	1	1	1
C4_UP	C4 R-sig	up	ENSG00000111666	CHPT1	1	1	1
C4_DOWN	C4 R-sig	down	ENSG00000111667	USP5	1	1	1
C4_DOWN	C4 R-sig	down	ENSG00000111669	TPI1	1	1	1
C4_UP	C4 R-sig	up	ENSG00000111670	GNPTAB	1	1	1
C4_DOWN	C4 R-sig	down	ENSG00000111674	ENO2	1	1	1
C4_UP	C4 R-sig	up	ENSG00000111678	C12orf57	1	1	1
C4_UP	C4 R-sig	up	ENSG00000111711	GOLT1B	1	1	1
C4_DOWN	C4 R-sig	down	ENSG00000111716	LDHB	1	1	1
C4_DOWN	C4 R-sig	down	ENSG00000111728	ST8SIA1	1	1	1
C4_UP	C4 R-sig	up	ENSG00000111775	COX6A1	1	1	1
C4_UP	C4 R-sig	up	ENSG00000111817	DSE	1	1	1
C4_DOWN	C4 R-sig	down	ENSG00000111879	FAM184A	1	1	1
C4_UP	C4 R-sig	up	ENSG00000111885	MAN1A1	1	1	1
C4_UP	C4 R-sig	up	ENSG00000111897	SERINC1	1	1	1
C4_DOWN	C4 R-sig	down	ENSG00000111906	HDDC2	1	1	1
C4_UP	C4 R-sig	up	ENSG00000111911	HINT3	1	1	1
C4_DOWN	C4 R-sig	down	ENSG00000112029	FBXO5	1	1	1
C4_UP	C4 R-sig	up	ENSG00000112031	MTRF1L	1	1	1
C4_DOWN	C4 R-sig	down	ENSG00000112033	PPARD	1	1	1
C4_DOWN	C4 R-sig	down	ENSG00000112118	MCM3	1	1	1
C4_DOWN	C4 R-sig	down	ENSG00000112130	RNF8	1	1	1
C4_UP	C4 R-sig	up	ENSG00000112139	MDGA1	1	1	1
C4_DOWN	C4 R-sig	down	ENSG00000112144	CILK1	0	0	0
C4_DOWN	C4 R-sig	down	ENSG00000112159	MDN1	1	1	1
C4_UP	C4 R-sig	up	ENSG00000112200	ZNF451	1	1	1
C4_UP	C4 R-sig	up	ENSG00000112234	FBXL4	1	1	1
C4_UP	C4 R-sig	up	ENSG00000112245	PTP4A1	1	1	1
C4_UP	C4 R-sig	up	ENSG00000112249	ASCC3	1	1	1
C4_UP	C4 R-sig	up	ENSG00000112276	POPDC1	0	0	0
C4_UP	C4 R-sig	up	ENSG00000112290	WASF1	1	1	1
C4_DOWN	C4 R-sig	down	ENSG00000112297	CRYBG1	0	0	0
C4_UP	C4 R-sig	up	ENSG00000112306	RPS12	1	1	1
C4_UP	C4 R-sig	up	ENSG00000112335	SNX3	1	1	1
C4_UP	C4 R-sig	up	ENSG00000112343	TRIM38	1	1	1
C4_UP	C4 R-sig	up	ENSG00000112365	ZBTB24	1	1	1
C4_UP	C4 R-sig	up	ENSG00000112378	PERP	1	1	1
C4_DOWN	C4 R-sig	down	ENSG00000112473	SLC39A7	1	1	1
C4_UP	C4 R-sig	up	ENSG00000112514	CUTA	1	1	1
C4_UP	C4 R-sig	up	ENSG00000112685	EXOC2	1	1	1
C4_UP	C4 R-sig	up	ENSG00000112697	TMEM30A	1	1	1
C4_DOWN	C4 R-sig	down	ENSG00000112699	GMDS	1	1	1
C4_UP	C4 R-sig	up	ENSG00000112701	SENP6	1	1	1
C4_DOWN	C4 R-sig	down	ENSG00000112715	VEGFA	1	1	1
C4_UP	C4 R-sig	up	ENSG00000112742	TTK	1	1	1
C4_UP	C4 R-sig	up	ENSG00000112773	TENT5A	0	0	0
C4_UP	C4 R-sig	up	ENSG00000112851	ERBIN	0	0	0
C4_UP	C4 R-sig	up	ENSG00000112893	MAN2A1	1	1	1
C4_DOWN	C4 R-sig	down	ENSG00000112902	SEMA5A	1	1	1
C4_UP	C4 R-sig	up	ENSG00000112972	HMGCS1	1	1	1
C4_DOWN	C4 R-sig	down	ENSG00000112977	DAP	1	1	1
C4_DOWN	C4 R-sig	down	ENSG00000113013	HSPA9	1	1	1
C4_UP	C4 R-sig	up	ENSG00000113070	HBEGF	1	1	1
C4_DOWN	C4 R-sig	down	ENSG00000113141	IK	1	1	1
C4_UP	C4 R-sig	up	ENSG00000113161	HMGCR	1	1	1
C4_UP	C4 R-sig	up	ENSG00000113163	CERT1	0	0	0
C4_UP	C4 R-sig	up	ENSG00000113240	CLK4	1	1	1
C4_UP	C4 R-sig	up	ENSG00000113263	ITK	1	1	1
C4_DOWN	C4 R-sig	down	ENSG00000113296	THBS4	1	1	1
C4_UP	C4 R-sig	up	ENSG00000113300	CNOT6	1	1	1
C4_UP	C4 R-sig	up	ENSG00000113328	CCNG1	1	1	1
C4_DOWN	C4 R-sig	down	ENSG00000113360	DROSHA	1	1	1
C4_DOWN	C4 R-sig	down	ENSG00000113368	LMNB1	1	1	1
C4_DOWN	C4 R-sig	down	ENSG00000113369	ARRDC3	1	1	1
C4_DOWN	C4 R-sig	down	ENSG00000113389	NPR3	1	1	1
C4_DOWN	C4 R-sig	down	ENSG00000113391	ARB2A	0	0	0
C4_UP	C4 R-sig	up	ENSG00000113441	LNPEP	1	1	1
C4_UP	C4 R-sig	up	ENSG00000113448	PDE4D	1	1	1
C4_UP	C4 R-sig	up	ENSG00000113460	BRIX1	1	1	1
C4_UP	C4 R-sig	up	ENSG00000113552	GNPDA1	1	1	1
C4_UP	C4 R-sig	up	ENSG00000113558	SKP1	1	1	1
C4_UP	C4 R-sig	up	ENSG00000113575	PPP2CA	1	1	1
C4_UP	C4 R-sig	up	ENSG00000113583	C5orf15	1	1	1
C4_UP	C4 R-sig	up	ENSG00000113594	LIFR	1	1	1
C4_UP	C4 R-sig	up	ENSG00000113615	SEC24A	1	1	1
C4_UP	C4 R-sig	up	ENSG00000113621	TXNDC15	1	1	1
C4_UP	C4 R-sig	up	ENSG00000113643	RARS1	0	0	0
C4_DOWN	C4 R-sig	down	ENSG00000113648	MACROH2A1	0	0	0
C4_DOWN	C4 R-sig	down	ENSG00000113657	DPYSL3	1	1	1
C4_UP	C4 R-sig	up	ENSG00000113658	SMAD5	1	1	1
C4_UP	C4 R-sig	up	ENSG00000113712	CSNK1A1	1	1	1
C4_DOWN	C4 R-sig	down	ENSG00000113719	ERGIC1	1	1	1
C4_DOWN	C4 R-sig	down	ENSG00000113721	PDGFRB	1	1	1
C4_UP	C4 R-sig	up	ENSG00000113732	ATP6V0E1	1	1	1
C4_UP	C4 R-sig	up	ENSG00000113742	CPEB4	1	1	1
C4_DOWN	C4 R-sig	down	ENSG00000113758	DBN1	1	1	1
C4_DOWN	C4 R-sig	down	ENSG00000113790	EHHADH	1	1	1
C4_UP	C4 R-sig	up	ENSG00000113916	BCL6	1	1	1
C4_DOWN	C4 R-sig	down	ENSG00000114019	AMOTL2	1	1	1
C4_DOWN	C4 R-sig	down	ENSG00000114023	FAM162A	1	1	1
C4_UP	C4 R-sig	up	ENSG00000114030	KPNA1	1	1	1
C4_DOWN	C4 R-sig	down	ENSG00000114054	PCCB	1	1	1
C4_UP	C4 R-sig	up	ENSG00000114062	UBE3A	1	1	1
C4_DOWN	C4 R-sig	down	ENSG00000114115	RBP1	1	1	1
C4_UP	C4 R-sig	up	ENSG00000114125	RNF7	1	1	1
C4_UP	C4 R-sig	up	ENSG00000114166	KAT2B	1	1	1
C4_UP	C4 R-sig	up	ENSG00000114209	PDCD10	1	1	1
C4_UP	C4 R-sig	up	ENSG00000114251	WNT5A	1	1	1
C4_DOWN	C4 R-sig	down	ENSG00000114268	PFKFB4	1	1	1
C4_DOWN	C4 R-sig	down	ENSG00000114270	COL7A1	1	1	1
C4_UP	C4 R-sig	up	ENSG00000114302	PRKAR2A	1	1	1
C4_UP	C4 R-sig	up	ENSG00000114346	ECT2	1	1	1
C4_DOWN	C4 R-sig	down	ENSG00000114353	GNAI2	1	1	1
C4_UP	C4 R-sig	up	ENSG00000114354	TFG	1	1	1
C4_UP	C4 R-sig	up	ENSG00000114423	CBLB	1	1	1
C4_DOWN	C4 R-sig	down	ENSG00000114446	IFT57	1	1	1
C4_DOWN	C4 R-sig	down	ENSG00000114480	GBE1	1	1	1
C4_DOWN	C4 R-sig	down	ENSG00000114554	PLXNA1	1	1	1
C4_UP	C4 R-sig	up	ENSG00000114573	ATP6V1A	1	1	1
C4_UP	C4 R-sig	up	ENSG00000114742	WDR48	1	1	1
C4_UP	C4 R-sig	up	ENSG00000114784	EIF1B	1	1	1
C4_UP	C4 R-sig	up	ENSG00000114796	KLHL24	1	1	1
C4_UP	C4 R-sig	up	ENSG00000114850	SSR3	1	1	1
C4_DOWN	C4 R-sig	down	ENSG00000114853	ZBTB47	1	1	1
C4_UP	C4 R-sig	up	ENSG00000114857	NKTR	1	1	1
C4_DOWN	C4 R-sig	down	ENSG00000114867	EIF4G1	1	1	1
C4_UP	C4 R-sig	up	ENSG00000114902	SPCS1	1	1	1
C4_DOWN	C4 R-sig	down	ENSG00000114904	NEK4	1	1	1
C4_UP	C4 R-sig	up	ENSG00000114933	INO80D	1	1	1
C4_DOWN	C4 R-sig	down	ENSG00000114942	EEF1B2	1	1	1
C4_UP	C4 R-sig	up	ENSG00000114978	MOB1A	1	1	1
C4_UP	C4 R-sig	up	ENSG00000114999	TTL	1	1	1
C4_UP	C4 R-sig	up	ENSG00000115020	PIKFYVE	1	1	1
C4_DOWN	C4 R-sig	down	ENSG00000115053	NCL	1	1	1
C4_DOWN	C4 R-sig	down	ENSG00000115073	ACTR1B	1	1	1
C4_UP	C4 R-sig	up	ENSG00000115084	SLC35F5	1	1	1
C4_UP	C4 R-sig	up	ENSG00000115128	SF3B6	0	0	1
C4_UP	C4 R-sig	up	ENSG00000115145	STAM2	1	1	1
C4_UP	C4 R-sig	up	ENSG00000115163	CENPA	1	1	1
C4_UP	C4 R-sig	up	ENSG00000115204	MPV17	1	1	1
C4_UP	C4 R-sig	up	ENSG00000115207	GTF3C2	1	1	1
C4_DOWN	C4 R-sig	down	ENSG00000115233	PSMD14	1	1	1
C4_DOWN	C4 R-sig	down	ENSG00000115241	PPM1G	1	1	1
C4_DOWN	C4 R-sig	down	ENSG00000115286	NDUFS7	1	1	1
C4_UP	C4 R-sig	up	ENSG00000115289	PCGF1	1	1	1
C4_DOWN	C4 R-sig	down	ENSG00000115306	SPTBN1	1	1	1
C4_UP	C4 R-sig	up	ENSG00000115307	AUP1	1	1	1
C4_UP	C4 R-sig	up	ENSG00000115310	RTN4	1	1	1
C4_DOWN	C4 R-sig	down	ENSG00000115318	LOXL3	1	1	1
C4_DOWN	C4 R-sig	down	ENSG00000115325	DOK1	1	1	1
C4_UP	C4 R-sig	up	ENSG00000115339	GALNT3	1	1	1
C4_DOWN	C4 R-sig	down	ENSG00000115355	CCDC88A	1	1	1
C4_DOWN	C4 R-sig	down	ENSG00000115365	LANCL1	1	1	1
C4_UP	C4 R-sig	up	ENSG00000115368	WDR75	1	1	1
C4_DOWN	C4 R-sig	down	ENSG00000115414	FN1	1	1	1
C4_UP	C4 R-sig	up	ENSG00000115419	GLS	1	1	1
C4_UP	C4 R-sig	up	ENSG00000115421	PAPOLG	1	1	1
C4_DOWN	C4 R-sig	down	ENSG00000115461	IGFBP5	1	1	1
C4_DOWN	C4 R-sig	down	ENSG00000115504	EHBP1	1	1	1
C4_UP	C4 R-sig	up	ENSG00000115514	TXNDC9	1	1	1
C4_UP	C4 R-sig	up	ENSG00000115520	COQ10B	1	1	1
C4_UP	C4 R-sig	up	ENSG00000115524	SF3B1	1	1	1
C4_UP	C4 R-sig	up	ENSG00000115540	MOB4	1	1	1
C4_UP	C4 R-sig	up	ENSG00000115541	HSPE1	1	1	1
C4_DOWN	C4 R-sig	down	ENSG00000115561	CHMP3	1	1	1
C4_UP	C4 R-sig	up	ENSG00000115568	ZNF142	1	1	1
C4_UP	C4 R-sig	up	ENSG00000115594	IL1R1	1	1	1
C4_UP	C4 R-sig	up	ENSG00000115641	FHL2	1	1	1
C4_DOWN	C4 R-sig	down	ENSG00000115648	MLPH	1	1	1
C4_DOWN	C4 R-sig	down	ENSG00000115657	ABCB6	1	1	1
C4_DOWN	C4 R-sig	down	ENSG00000115677	HDLBP	1	1	1
C4_DOWN	C4 R-sig	down	ENSG00000115694	STK25	1	1	1
C4_UP	C4 R-sig	up	ENSG00000115738	ID2	1	1	1
C4_UP	C4 R-sig	up	ENSG00000115762	PLEKHB2	1	1	1
C4_UP	C4 R-sig	up	ENSG00000115806	GORASP2	1	1	1
C4_UP	C4 R-sig	up	ENSG00000115816	CEBPZ	1	1	1
C4_DOWN	C4 R-sig	down	ENSG00000115839	RAB3GAP1	1	1	1
C4_DOWN	C4 R-sig	down	ENSG00000115866	DARS1	0	0	0
C4_DOWN	C4 R-sig	down	ENSG00000115875	SRSF7	1	1	1
C4_DOWN	C4 R-sig	down	ENSG00000115884	SDC1	1	1	1
C4_DOWN	C4 R-sig	down	ENSG00000115902	SLC1A4	1	1	1
C4_UP	C4 R-sig	up	ENSG00000115904	SOS1	1	1	1
C4_UP	C4 R-sig	up	ENSG00000115919	KYNU	1	1	1
C4_UP	C4 R-sig	up	ENSG00000115935	WIPF1	1	1	1
C4_UP	C4 R-sig	up	ENSG00000115946	PNO1	1	1	1
C4_UP	C4 R-sig	up	ENSG00000115947	ORC4	1	1	1
C4_UP	C4 R-sig	up	ENSG00000115963	RND3	1	1	1
C4_UP	C4 R-sig	up	ENSG00000115966	ATF2	1	1	1
C4_UP	C4 R-sig	up	ENSG00000115977	AAK1	1	1	1
C4_DOWN	C4 R-sig	down	ENSG00000115993	TRAK2	1	1	1
C4_UP	C4 R-sig	up	ENSG00000115998	C2orf42	1	1	1
C4_UP	C4 R-sig	up	ENSG00000116001	TIA1	1	1	1
C4_UP	C4 R-sig	up	ENSG00000116005	PCYOX1	1	1	1
C4_UP	C4 R-sig	up	ENSG00000116016	EPAS1	1	1	1
C4_UP	C4 R-sig	up	ENSG00000116030	SUMO1	1	1	1
C4_UP	C4 R-sig	up	ENSG00000116044	NFE2L2	1	1	1
C4_DOWN	C4 R-sig	down	ENSG00000116062	MSH6	1	1	1
C4_UP	C4 R-sig	up	ENSG00000116095	PLEKHA3	1	1	1
C4_UP	C4 R-sig	up	ENSG00000116106	EPHA4	1	1	1
C4_DOWN	C4 R-sig	down	ENSG00000116117	PARD3B	1	1	1
C4_UP	C4 R-sig	up	ENSG00000116127	ALMS1	1	1	1
C4_UP	C4 R-sig	up	ENSG00000116128	BCL9	1	1	1
C4_UP	C4 R-sig	up	ENSG00000116133	DHCR24	1	1	1
C4_UP	C4 R-sig	up	ENSG00000116138	DNAJC16	1	1	1
C4_DOWN	C4 R-sig	down	ENSG00000116151	MORN1	1	1	1
C4_UP	C4 R-sig	up	ENSG00000116171	SCP2	1	1	1
C4_DOWN	C4 R-sig	down	ENSG00000116183	PAPPA2	1	1	1
C4_UP	C4 R-sig	up	ENSG00000116221	MRPL37	1	1	1
C4_DOWN	C4 R-sig	down	ENSG00000116260	QSOX1	1	1	1
C4_UP	C4 R-sig	up	ENSG00000116285	ERRFI1	1	1	1
C4_DOWN	C4 R-sig	down	ENSG00000116288	PARK7	1	1	1
C4_UP	C4 R-sig	up	ENSG00000116299	ELAPOR1	0	0	0
C4_DOWN	C4 R-sig	down	ENSG00000116337	AMPD2	1	1	1
C4_DOWN	C4 R-sig	down	ENSG00000116350	SRSF4	1	1	1
C4_DOWN	C4 R-sig	down	ENSG00000116353	MECR	1	1	1
C4_UP	C4 R-sig	up	ENSG00000116406	EDEM3	1	1	1
C4_UP	C4 R-sig	up	ENSG00000116455	WDR77	1	1	1
C4_UP	C4 R-sig	up	ENSG00000116459	ATP5PB	0	0	0
C4_DOWN	C4 R-sig	down	ENSG00000116478	HDAC1	1	1	1
C4_UP	C4 R-sig	up	ENSG00000116489	CAPZA1	1	1	1
C4_UP	C4 R-sig	up	ENSG00000116514	RNF19B	1	1	1
C4_UP	C4 R-sig	up	ENSG00000116521	SCAMP3	1	1	1
C4_UP	C4 R-sig	up	ENSG00000116539	ASH1L	1	1	1
C4_DOWN	C4 R-sig	down	ENSG00000116560	SFPQ	1	1	1
C4_DOWN	C4 R-sig	down	ENSG00000116584	ARHGEF2	1	1	1
C4_UP	C4 R-sig	up	ENSG00000116604	MEF2D	1	1	1
C4_DOWN	C4 R-sig	down	ENSG00000116641	DOCK7	1	1	1
C4_DOWN	C4 R-sig	down	ENSG00000116649	SRM	1	1	1
C4_UP	C4 R-sig	up	ENSG00000116652	DLEU2L	1	0	0
C4_DOWN	C4 R-sig	down	ENSG00000116670	MAD2L2	1	1	1
C4_UP	C4 R-sig	up	ENSG00000116675	DNAJC6	1	1	1
C4_DOWN	C4 R-sig	down	ENSG00000116678	LEPR	1	1	1
C4_DOWN	C4 R-sig	down	ENSG00000116679	IVNS1ABP	1	1	1
C4_DOWN	C4 R-sig	down	ENSG00000116685	KIAA2013	1	1	1
C4_DOWN	C4 R-sig	down	ENSG00000116688	MFN2	1	1	1
C4_UP	C4 R-sig	up	ENSG00000116698	SMG7	1	1	1
C4_DOWN	C4 R-sig	down	ENSG00000116701	NCF2	1	1	1
C4_UP	C4 R-sig	up	ENSG00000116704	SLC35D1	1	1	1
C4_UP	C4 R-sig	up	ENSG00000116729	WLS	1	1	1
C4_UP	C4 R-sig	up	ENSG00000116731	PRDM2	1	1	1
C4_UP	C4 R-sig	up	ENSG00000116741	RGS2	1	1	1
C4_UP	C4 R-sig	up	ENSG00000116747	RO60	0	0	0
C4_UP	C4 R-sig	up	ENSG00000116752	BCAS2	1	1	1
C4_DOWN	C4 R-sig	down	ENSG00000116754	SRSF11	1	1	1
C4_DOWN	C4 R-sig	down	ENSG00000116774	OLFML3	1	1	1
C4_DOWN	C4 R-sig	down	ENSG00000116786	PLEKHM2	1	1	1
C4_UP	C4 R-sig	up	ENSG00000116791	CRYZ	1	1	1
C4_DOWN	C4 R-sig	down	ENSG00000116809	ZBTB17	1	1	1
C4_DOWN	C4 R-sig	down	ENSG00000116852	KIF21B	1	1	1
C4_DOWN	C4 R-sig	down	ENSG00000116857	TMEM9	1	1	1
C4_DOWN	C4 R-sig	down	ENSG00000116863	ADPRS	0	0	0
C4_DOWN	C4 R-sig	down	ENSG00000116871	MAP7D1	1	1	1
C4_UP	C4 R-sig	up	ENSG00000116874	WARS2	1	1	1
C4_UP	C4 R-sig	up	ENSG00000116903	EXOC8	1	1	1
C4_UP	C4 R-sig	up	ENSG00000116954	RRAGC	1	1	1
C4_UP	C4 R-sig	up	ENSG00000116977	LGALS8	1	1	1
C4_DOWN	C4 R-sig	down	ENSG00000116984	MTR	1	1	1
C4_UP	C4 R-sig	up	ENSG00000116991	SIPA1L2	1	1	1
C4_UP	C4 R-sig	up	ENSG00000117000	RLF	1	1	1
C4_DOWN	C4 R-sig	down	ENSG00000117016	RIMS3	1	1	1
C4_DOWN	C4 R-sig	down	ENSG00000117054	ACADM	1	1	1
C4_DOWN	C4 R-sig	down	ENSG00000117115	PADI2	1	1	1
C4_DOWN	C4 R-sig	down	ENSG00000117148	ACTL8	1	1	1
C4_UP	C4 R-sig	up	ENSG00000117228	GBP1	1	1	1
C4_UP	C4 R-sig	up	ENSG00000117280	RAB29	0	0	1
C4_DOWN	C4 R-sig	down	ENSG00000117298	ECE1	1	1	1
C4_DOWN	C4 R-sig	down	ENSG00000117308	GALE	1	1	1
C4_DOWN	C4 R-sig	down	ENSG00000117318	ID3	1	1	1
C4_UP	C4 R-sig	up	ENSG00000117335	CD46	1	1	1
C4_DOWN	C4 R-sig	down	ENSG00000117385	P3H1	0	0	1
C4_DOWN	C4 R-sig	down	ENSG00000117394	SLC2A1	1	1	1
C4_DOWN	C4 R-sig	down	ENSG00000117395	EBNA1BP2	1	1	1
C4_DOWN	C4 R-sig	down	ENSG00000117407	ARTN	1	1	1
C4_UP	C4 R-sig	up	ENSG00000117410	ATP6V0B	1	1	1
C4_UP	C4 R-sig	up	ENSG00000117450	PRDX1	1	1	1
C4_UP	C4 R-sig	up	ENSG00000117461	PIK3R3	1	1	1
C4_UP	C4 R-sig	up	ENSG00000117475	BLZF1	1	1	1
C4_UP	C4 R-sig	up	ENSG00000117500	TMED5	1	1	1
C4_UP	C4 R-sig	up	ENSG00000117505	DR1	1	1	1
C4_UP	C4 R-sig	up	ENSG00000117569	PTBP2	1	1	1
C4_UP	C4 R-sig	up	ENSG00000117592	PRDX6	1	1	1
C4_DOWN	C4 R-sig	down	ENSG00000117594	HSD11B1	1	1	1
C4_UP	C4 R-sig	up	ENSG00000117597	UTP25	0	0	0
C4_DOWN	C4 R-sig	down	ENSG00000117632	STMN1	1	1	1
C4_UP	C4 R-sig	up	ENSG00000117707	PROX1	1	1	1
C4_DOWN	C4 R-sig	down	ENSG00000117724	CENPF	1	1	1
C4_UP	C4 R-sig	up	ENSG00000117748	RPA2	1	1	1
C4_UP	C4 R-sig	up	ENSG00000117751	PPP1R8	1	1	1
C4_UP	C4 R-sig	up	ENSG00000117862	TXNDC12	1	1	1
C4_UP	C4 R-sig	up	ENSG00000117868	ESYT2	1	1	1
C4_DOWN	C4 R-sig	down	ENSG00000117877	POLR1G	0	0	0
C4_UP	C4 R-sig	up	ENSG00000117984	CTSD	1	1	1
C4_UP	C4 R-sig	up	ENSG00000118058	KMT2A	0	1	1
C4_UP	C4 R-sig	up	ENSG00000118096	IFT46	1	1	1
C4_DOWN	C4 R-sig	down	ENSG00000118162	KPTN	1	1	1
C4_UP	C4 R-sig	up	ENSG00000118181	RPS25	1	1	1
C4_DOWN	C4 R-sig	down	ENSG00000118197	DDX59	1	1	1
C4_UP	C4 R-sig	up	ENSG00000118200	CAMSAP2	1	1	1
C4_UP	C4 R-sig	up	ENSG00000118242	MREG	1	1	1
C4_UP	C4 R-sig	up	ENSG00000118246	FASTKD2	1	1	1
C4_DOWN	C4 R-sig	down	ENSG00000118307	DNAI7	0	0	0
C4_UP	C4 R-sig	up	ENSG00000118363	SPCS2	1	1	1
C4_UP	C4 R-sig	up	ENSG00000118402	ELOVL4	1	1	1
C4_DOWN	C4 R-sig	down	ENSG00000118412	CASP8AP2	1	0	1
C4_DOWN	C4 R-sig	down	ENSG00000118507	AKAP7	1	1	1
C4_UP	C4 R-sig	up	ENSG00000118508	RAB32	1	1	1
C4_UP	C4 R-sig	up	ENSG00000118515	SGK1	1	1	1
C4_UP	C4 R-sig	up	ENSG00000118523	CCN2	0	0	0
C4_UP	C4 R-sig	up	ENSG00000118596	SLC16A7	1	1	1
C4_UP	C4 R-sig	up	ENSG00000118680	MYL12B	1	1	1
C4_UP	C4 R-sig	up	ENSG00000118689	FOXO3	1	1	1
C4_UP	C4 R-sig	up	ENSG00000118705	RPN2	1	1	1
C4_UP	C4 R-sig	up	ENSG00000118777	ABCG2	1	1	1
C4_UP	C4 R-sig	up	ENSG00000118785	SPP1	1	1	1
C4_UP	C4 R-sig	up	ENSG00000118816	CCNI	1	1	1
C4_UP	C4 R-sig	up	ENSG00000118855	MFSD1	1	1	1
C4_UP	C4 R-sig	up	ENSG00000118873	RAB3GAP2	1	1	1
C4_UP	C4 R-sig	up	ENSG00000118946	PCDH17	1	1	1
C4_UP	C4 R-sig	up	ENSG00000118961	LDAH	0	0	1
C4_UP	C4 R-sig	up	ENSG00000118985	ELL2	1	1	1
C4_UP	C4 R-sig	up	ENSG00000119004	CYP20A1	1	1	1
C4_DOWN	C4 R-sig	down	ENSG00000119041	GTF3C3	1	1	1
C4_UP	C4 R-sig	up	ENSG00000119048	UBE2B	1	1	1
C4_DOWN	C4 R-sig	down	ENSG00000119139	TJP2	1	1	1
C4_UP	C4 R-sig	up	ENSG00000119231	SENP5	1	1	1
C4_DOWN	C4 R-sig	down	ENSG00000119242	CCDC92	1	1	1
C4_UP	C4 R-sig	up	ENSG00000119314	PTBP3	1	1	1
C4_UP	C4 R-sig	up	ENSG00000119318	RAD23B	1	1	1
C4_DOWN	C4 R-sig	down	ENSG00000119326	CTNNAL1	1	1	1
C4_UP	C4 R-sig	up	ENSG00000119328	ABITRAM	0	0	0
C4_DOWN	C4 R-sig	down	ENSG00000119333	DYNC2I2	0	0	0
C4_DOWN	C4 R-sig	down	ENSG00000119335	SET	1	1	1
C4_UP	C4 R-sig	up	ENSG00000119396	RAB14	1	1	1
C4_DOWN	C4 R-sig	down	ENSG00000119397	CNTRL	1	1	1
C4_DOWN	C4 R-sig	down	ENSG00000119403	PHF19	1	1	1
C4_DOWN	C4 R-sig	down	ENSG00000119408	NEK6	1	1	1
C4_UP	C4 R-sig	up	ENSG00000119414	PPP6C	1	1	1
C4_UP	C4 R-sig	up	ENSG00000119446	RBM18	1	1	1
C4_DOWN	C4 R-sig	down	ENSG00000119471	HSDL2	1	1	1
C4_DOWN	C4 R-sig	down	ENSG00000119487	MAPKAP1	1	1	1
C4_UP	C4 R-sig	up	ENSG00000119508	NR4A3	1	1	1
C4_UP	C4 R-sig	up	ENSG00000119523	ALG2	1	1	1
C4_UP	C4 R-sig	up	ENSG00000119537	KDSR	1	1	1
C4_DOWN	C4 R-sig	down	ENSG00000119596	YLPM1	1	1	1
C4_UP	C4 R-sig	up	ENSG00000119616	FCF1	1	1	1
C4_DOWN	C4 R-sig	down	ENSG00000119638	NEK9	1	1	1
C4_UP	C4 R-sig	up	ENSG00000119655	NPC2	1	1	1
C4_DOWN	C4 R-sig	down	ENSG00000119673	ACOT2	1	1	1
C4_DOWN	C4 R-sig	down	ENSG00000119681	LTBP2	1	1	1
C4_UP	C4 R-sig	up	ENSG00000119682	AREL1	0	1	1
C4_UP	C4 R-sig	up	ENSG00000119686	FLVCR2	1	1	1
C4_DOWN	C4 R-sig	down	ENSG00000119688	ABCD4	1	1	1
C4_UP	C4 R-sig	up	ENSG00000119729	RHOQ	1	1	1
C4_UP	C4 R-sig	up	ENSG00000119737	GPR75	1	1	1
C4_UP	C4 R-sig	up	ENSG00000119760	SUPT7L	1	1	1
C4_UP	C4 R-sig	up	ENSG00000119787	ATL2	1	1	1
C4_UP	C4 R-sig	up	ENSG00000119801	YPEL5	1	1	1
C4_UP	C4 R-sig	up	ENSG00000119812	FAM98A	1	1	1
C4_UP	C4 R-sig	up	ENSG00000119820	YIPF4	1	1	1
C4_UP	C4 R-sig	up	ENSG00000119844	AFTPH	1	1	1
C4_UP	C4 R-sig	up	ENSG00000119878	CRIPT	1	1	1
C4_UP	C4 R-sig	up	ENSG00000119899	SLC17A5	1	1	1
C4_UP	C4 R-sig	up	ENSG00000119906	SLF2	0	0	1
C4_UP	C4 R-sig	up	ENSG00000119912	IDE	1	1	1
C4_UP	C4 R-sig	up	ENSG00000119917	IFIT3	1	1	1
C4_UP	C4 R-sig	up	ENSG00000119927	GPAM	1	1	1
C4_DOWN	C4 R-sig	down	ENSG00000119938	PPP1R3C	1	1	1
C4_DOWN	C4 R-sig	down	ENSG00000119943	PYROXD2	1	1	1
C4_DOWN	C4 R-sig	down	ENSG00000119950	MXI1	1	1	1
C4_DOWN	C4 R-sig	down	ENSG00000119969	HELLS	1	1	1
C4_UP	C4 R-sig	up	ENSG00000120029	ARMH3	0	0	0
C4_UP	C4 R-sig	up	ENSG00000120063	GNA13	1	1	1
C4_UP	C4 R-sig	up	ENSG00000120071	KANSL1	1	1	1
C4_UP	C4 R-sig	up	ENSG00000120137	PANK3	1	1	1
C4_DOWN	C4 R-sig	down	ENSG00000120156	TEK	1	1	1
C4_UP	C4 R-sig	up	ENSG00000120253	NUP43	1	1	1
C4_DOWN	C4 R-sig	down	ENSG00000120254	MTHFD1L	1	1	1
C4_UP	C4 R-sig	up	ENSG00000120306	CYSTM1	1	1	1
C4_DOWN	C4 R-sig	down	ENSG00000120318	ARAP3	1	1	1
C4_UP	C4 R-sig	up	ENSG00000120327	PCDHB14	1	1	1
C4_DOWN	C4 R-sig	down	ENSG00000120328	PCDHB12	1	1	1
C4_DOWN	C4 R-sig	down	ENSG00000120333	MRPS14	1	1	1
C4_UP	C4 R-sig	up	ENSG00000120438	TCP1	1	1	1
C4_UP	C4 R-sig	up	ENSG00000120526	NUDCD1	1	1	1
C4_UP	C4 R-sig	up	ENSG00000120549	KIAA1217	1	1	1
C4_UP	C4 R-sig	up	ENSG00000120685	PROSER1	1	1	1
C4_UP	C4 R-sig	up	ENSG00000120686	UFM1	1	1	1
C4_UP	C4 R-sig	up	ENSG00000120690	ELF1	1	1	1
C4_DOWN	C4 R-sig	down	ENSG00000120693	SMAD9	1	1	1
C4_UP	C4 R-sig	up	ENSG00000120694	HSPH1	1	1	1
C4_UP	C4 R-sig	up	ENSG00000120705	ETF1	1	1	1
C4_DOWN	C4 R-sig	down	ENSG00000120708	TGFBI	1	1	1
C4_UP	C4 R-sig	up	ENSG00000120709	FAM53C	1	1	1
C4_DOWN	C4 R-sig	down	ENSG00000120725	SIL1	1	1	1
C4_UP	C4 R-sig	up	ENSG00000120742	SERP1	1	1	1
C4_DOWN	C4 R-sig	down	ENSG00000120802	TMPO	1	1	1
C4_UP	C4 R-sig	up	ENSG00000120868	APAF1	1	1	1
C4_UP	C4 R-sig	up	ENSG00000120875	DUSP4	1	1	1
C4_UP	C4 R-sig	up	ENSG00000120885	CLU	1	1	1
C4_UP	C4 R-sig	up	ENSG00000120889	TNFRSF10B	1	1	1
C4_DOWN	C4 R-sig	down	ENSG00000120896	SORBS3	1	1	1
C4_UP	C4 R-sig	up	ENSG00000120963	ZNF706	1	1	1
C4_UP	C4 R-sig	up	ENSG00000121039	RDH10	1	1	1
C4_UP	C4 R-sig	up	ENSG00000121060	TRIM25	1	1	1
C4_UP	C4 R-sig	up	ENSG00000121067	SPOP	1	1	1
C4_DOWN	C4 R-sig	down	ENSG00000121068	TBX2	1	1	1
C4_DOWN	C4 R-sig	down	ENSG00000121152	NCAPH	1	1	1
C4_DOWN	C4 R-sig	down	ENSG00000121211	MND1	1	1	1
C4_UP	C4 R-sig	up	ENSG00000121236	TRIM6	1	1	1
C4_UP	C4 R-sig	up	ENSG00000121270	ABCC11	1	1	1
C4_UP	C4 R-sig	up	ENSG00000121274	TENT4B	0	0	0
C4_DOWN	C4 R-sig	down	ENSG00000121440	PDZRN3	1	1	1
C4_UP	C4 R-sig	up	ENSG00000121486	TRMT1L	1	1	1
C4_UP	C4 R-sig	up	ENSG00000121579	NAA50	1	1	1
C4_UP	C4 R-sig	up	ENSG00000121621	KIF18A	1	1	1
C4_UP	C4 R-sig	up	ENSG00000121644	DESI2	1	1	1
C4_DOWN	C4 R-sig	down	ENSG00000121671	CRY2	1	1	1
C4_UP	C4 R-sig	up	ENSG00000121741	ZMYM2	1	1	1
C4_UP	C4 R-sig	up	ENSG00000121749	TBC1D15	1	1	1
C4_DOWN	C4 R-sig	down	ENSG00000121766	ZCCHC17	1	1	1
C4_DOWN	C4 R-sig	down	ENSG00000121774	KHDRBS1	1	1	1
C4_DOWN	C4 R-sig	down	ENSG00000121851	POLR3GL	1	1	1
C4_UP	C4 R-sig	up	ENSG00000121864	ZNF639	1	1	1
C4_UP	C4 R-sig	up	ENSG00000121879	PIK3CA	1	1	1
C4_UP	C4 R-sig	up	ENSG00000121903	ZSCAN20	1	1	1
C4_UP	C4 R-sig	up	ENSG00000121931	LRIF1	1	1	1
C4_UP	C4 R-sig	up	ENSG00000122008	POLK	1	1	1
C4_UP	C4 R-sig	up	ENSG00000122026	RPL21	1	1	1
C4_UP	C4 R-sig	up	ENSG00000122042	UBL3	1	1	1
C4_UP	C4 R-sig	up	ENSG00000122257	RBBP6	1	1	1
C4_DOWN	C4 R-sig	down	ENSG00000122359	ANXA11	1	1	1
C4_DOWN	C4 R-sig	down	ENSG00000122367	LDB3	1	1	1
C4_UP	C4 R-sig	up	ENSG00000122376	SHLD2	0	0	0
C4_UP	C4 R-sig	up	ENSG00000122378	PRXL2A	0	0	0
C4_DOWN	C4 R-sig	down	ENSG00000122406	RPL5	1	1	1
C4_UP	C4 R-sig	up	ENSG00000122435	TRMT13	1	1	1
C4_UP	C4 R-sig	up	ENSG00000122482	ZNF644	1	1	1
C4_UP	C4 R-sig	up	ENSG00000122483	CCDC18	1	1	1
C4_UP	C4 R-sig	up	ENSG00000122515	ZMIZ2	1	1	1
C4_DOWN	C4 R-sig	down	ENSG00000122545	SEPTIN7	0	0	0
C4_DOWN	C4 R-sig	down	ENSG00000122566	HNRNPA2B1	1	1	1
C4_UP	C4 R-sig	up	ENSG00000122591	HYCC1	0	0	0
C4_DOWN	C4 R-sig	down	ENSG00000122642	FKBP9	1	1	1
C4_UP	C4 R-sig	up	ENSG00000122692	SMU1	1	1	1
C4_UP	C4 R-sig	up	ENSG00000122696	SLC25A51	1	1	1
C4_UP	C4 R-sig	up	ENSG00000122707	RECK	1	1	1
C4_UP	C4 R-sig	up	ENSG00000122729	ACO1	1	1	1
C4_UP	C4 R-sig	up	ENSG00000122741	DCAF10	1	1	1
C4_UP	C4 R-sig	up	ENSG00000122778	KIAA1549	1	1	1
C4_UP	C4 R-sig	up	ENSG00000122779	TRIM24	1	1	1
C4_DOWN	C4 R-sig	down	ENSG00000122783	CYREN	0	0	0
C4_DOWN	C4 R-sig	down	ENSG00000122786	CALD1	1	1	1
C4_UP	C4 R-sig	up	ENSG00000122861	PLAU	1	1	1
C4_UP	C4 R-sig	up	ENSG00000122862	SRGN	1	1	1
C4_UP	C4 R-sig	up	ENSG00000122863	CHST3	1	1	1
C4_DOWN	C4 R-sig	down	ENSG00000122870	BICC1	1	1	1
C4_UP	C4 R-sig	up	ENSG00000122882	ECD	1	1	1
C4_DOWN	C4 R-sig	down	ENSG00000122952	ZWINT	1	1	1
C4_UP	C4 R-sig	up	ENSG00000122958	VPS26A	1	1	1
C4_DOWN	C4 R-sig	down	ENSG00000122965	RBM19	1	1	1
C4_DOWN	C4 R-sig	down	ENSG00000122966	CIT	1	1	1
C4_DOWN	C4 R-sig	down	ENSG00000122971	ACADS	1	1	1
C4_DOWN	C4 R-sig	down	ENSG00000123064	DDX54	1	1	1
C4_UP	C4 R-sig	up	ENSG00000123066	MED13L	1	1	1
C4_UP	C4 R-sig	up	ENSG00000123091	RNF11	1	1	1
C4_UP	C4 R-sig	up	ENSG00000123094	RASSF8	1	1	1
C4_DOWN	C4 R-sig	down	ENSG00000123096	SSPN	1	1	1
C4_UP	C4 R-sig	up	ENSG00000123124	WWP1	1	1	1
C4_DOWN	C4 R-sig	down	ENSG00000123130	ACOT9	1	1	1
C4_DOWN	C4 R-sig	down	ENSG00000123143	PKN1	1	1	1
C4_DOWN	C4 R-sig	down	ENSG00000123144	TRIR	0	0	0
C4_UP	C4 R-sig	up	ENSG00000123146	ADGRE5	0	0	1
C4_DOWN	C4 R-sig	down	ENSG00000123159	GIPC1	1	1	1
C4_DOWN	C4 R-sig	down	ENSG00000123200	ZC3H13	1	1	1
C4_DOWN	C4 R-sig	down	ENSG00000123240	OPTN	1	1	1
C4_UP	C4 R-sig	up	ENSG00000123268	ATF1	1	1	1
C4_UP	C4 R-sig	up	ENSG00000123358	NR4A1	1	1	1
C4_DOWN	C4 R-sig	down	ENSG00000123374	CDK2	1	1	1
C4_DOWN	C4 R-sig	down	ENSG00000123384	LRP1	1	1	1
C4_DOWN	C4 R-sig	down	ENSG00000123416	TUBA1B	1	1	1
C4_UP	C4 R-sig	up	ENSG00000123444	KBTBD4	1	1	1
C4_DOWN	C4 R-sig	down	ENSG00000123472	ATPAF1	1	1	1
C4_UP	C4 R-sig	up	ENSG00000123473	STIL	1	1	1
C4_DOWN	C4 R-sig	down	ENSG00000123485	HJURP	1	1	1
C4_UP	C4 R-sig	up	ENSG00000123505	AMD1	1	1	1
C4_UP	C4 R-sig	up	ENSG00000123545	NDUFAF4	1	1	1
C4_UP	C4 R-sig	up	ENSG00000123595	RAB9A	1	1	1
C4_UP	C4 R-sig	up	ENSG00000123643	SLC36A1	1	1	1
C4_UP	C4 R-sig	up	ENSG00000123700	KCNJ2	1	1	1
C4_UP	C4 R-sig	up	ENSG00000123728	RAP2C	1	1	1
C4_DOWN	C4 R-sig	down	ENSG00000123737	EXOSC9	1	1	1
C4_UP	C4 R-sig	up	ENSG00000123975	CKS2	1	1	1
C4_UP	C4 R-sig	up	ENSG00000123983	ACSL3	1	1	1
C4_DOWN	C4 R-sig	down	ENSG00000123992	DNPEP	1	1	1
C4_DOWN	C4 R-sig	down	ENSG00000124006	OBSL1	1	1	1
C4_DOWN	C4 R-sig	down	ENSG00000124067	SLC12A4	1	1	1
C4_DOWN	C4 R-sig	down	ENSG00000124074	ENKD1	1	1	1
C4_DOWN	C4 R-sig	down	ENSG00000124126	PREX1	1	1	1
C4_UP	C4 R-sig	up	ENSG00000124145	SDC4	1	1	1
C4_UP	C4 R-sig	up	ENSG00000124151	NCOA3	1	1	1
C4_UP	C4 R-sig	up	ENSG00000124155	PIGT	1	1	1
C4_UP	C4 R-sig	up	ENSG00000124164	VAPB	1	1	1
C4_UP	C4 R-sig	up	ENSG00000124171	PARD6B	1	1	1
C4_UP	C4 R-sig	up	ENSG00000124172	ATP5F1E	0	0	0
C4_DOWN	C4 R-sig	down	ENSG00000124177	CHD6	1	1	1
C4_DOWN	C4 R-sig	down	ENSG00000124181	PLCG1	1	1	1
C4_DOWN	C4 R-sig	down	ENSG00000124191	TOX2	1	1	1
C4_UP	C4 R-sig	up	ENSG00000124198	ARFGEF2	1	1	1
C4_UP	C4 R-sig	up	ENSG00000124201	ZNFX1	1	1	1
C4_UP	C4 R-sig	up	ENSG00000124207	CSE1L	1	1	1
C4_UP	C4 R-sig	up	ENSG00000124209	RAB22A	1	1	1
C4_DOWN	C4 R-sig	down	ENSG00000124214	STAU1	1	1	1
C4_DOWN	C4 R-sig	down	ENSG00000124222	STX16	1	1	1
C4_UP	C4 R-sig	up	ENSG00000124225	PMEPA1	1	1	1
C4_UP	C4 R-sig	up	ENSG00000124226	RNF114	1	1	1
C4_DOWN	C4 R-sig	down	ENSG00000124228	DDX27	1	1	1
C4_UP	C4 R-sig	up	ENSG00000124275	MTRR	1	1	1
C4_DOWN	C4 R-sig	down	ENSG00000124299	PEPD	1	1	1
C4_DOWN	C4 R-sig	down	ENSG00000124380	SNRNP27	1	1	1
C4_DOWN	C4 R-sig	down	ENSG00000124383	MPHOSPH10	1	1	1
C4_UP	C4 R-sig	up	ENSG00000124479	NDP	1	1	1
C4_UP	C4 R-sig	up	ENSG00000124562	SNRPC	1	1	1
C4_DOWN	C4 R-sig	down	ENSG00000124570	SERPINB6	1	1	1
C4_DOWN	C4 R-sig	down	ENSG00000124575	H1-3	0	0	0
C4_DOWN	C4 R-sig	down	ENSG00000124610	H1-1	0	0	0
C4_DOWN	C4 R-sig	down	ENSG00000124614	RPS10	1	1	1
C4_DOWN	C4 R-sig	down	ENSG00000124635	H2BC11	0	0	0
C4_UP	C4 R-sig	up	ENSG00000124762	CDKN1A	1	1	1
C4_UP	C4 R-sig	up	ENSG00000124767	GLO1	1	1	1
C4_UP	C4 R-sig	up	ENSG00000124783	SSR1	1	1	1
C4_DOWN	C4 R-sig	down	ENSG00000124785	NRN1	1	1	1
C4_UP	C4 R-sig	up	ENSG00000124786	SLC35B3	1	1	1
C4_UP	C4 R-sig	up	ENSG00000124789	NUP153	1	1	1
C4_DOWN	C4 R-sig	down	ENSG00000124795	DEK	1	1	1
C4_DOWN	C4 R-sig	down	ENSG00000124831	LRRFIP1	1	1	1
C4_DOWN	C4 R-sig	down	ENSG00000124920	MYRF	1	1	1
C4_DOWN	C4 R-sig	down	ENSG00000124942	AHNAK	1	1	1
C4_UP	C4 R-sig	up	ENSG00000125037	EMC3	1	1	1
C4_UP	C4 R-sig	up	ENSG00000125107	CNOT1	1	1	1
C4_UP	C4 R-sig	up	ENSG00000125149	PHAF1	0	0	0
C4_DOWN	C4 R-sig	down	ENSG00000125247	TMTC4	1	1	1
C4_UP	C4 R-sig	up	ENSG00000125249	RAP2A	1	1	1
C4_DOWN	C4 R-sig	down	ENSG00000125257	ABCC4	1	1	1
C4_UP	C4 R-sig	up	ENSG00000125266	EFNB2	1	1	1
C4_UP	C4 R-sig	up	ENSG00000125304	TM9SF2	1	1	1
C4_DOWN	C4 R-sig	down	ENSG00000125352	RNF113A	1	1	1
C4_UP	C4 R-sig	up	ENSG00000125355	TMEM255A	1	1	1
C4_UP	C4 R-sig	up	ENSG00000125398	SOX9	1	1	1
C4_DOWN	C4 R-sig	down	ENSG00000125458	NT5C	1	1	1
C4_UP	C4 R-sig	up	ENSG00000125484	GTF3C4	1	1	1
C4_UP	C4 R-sig	up	ENSG00000125485	DDX31	1	1	1
C4_DOWN	C4 R-sig	down	ENSG00000125520	SLC2A4RG	1	1	1
C4_UP	C4 R-sig	up	ENSG00000125618	PAX8	1	1	1
C4_UP	C4 R-sig	up	ENSG00000125630	POLR1B	1	1	1
C4_DOWN	C4 R-sig	down	ENSG00000125651	GTF2F1	1	1	1
C4_UP	C4 R-sig	up	ENSG00000125657	TNFSF9	1	1	1
C4_DOWN	C4 R-sig	down	ENSG00000125691	RPL23	1	1	1
C4_UP	C4 R-sig	up	ENSG00000125703	ATG4C	1	1	1
C4_UP	C4 R-sig	up	ENSG00000125726	CD70	1	1	1
C4_DOWN	C4 R-sig	down	ENSG00000125730	C3	1	1	1
C4_DOWN	C4 R-sig	down	ENSG00000125733	TRIP10	1	1	1
C4_UP	C4 R-sig	up	ENSG00000125740	FOSB	1	1	1
C4_DOWN	C4 R-sig	down	ENSG00000125746	EML2	1	1	1
C4_DOWN	C4 R-sig	down	ENSG00000125755	SYMPK	1	1	1
C4_DOWN	C4 R-sig	down	ENSG00000125817	CENPB	1	1	1
C4_UP	C4 R-sig	up	ENSG00000125818	PSMF1	1	1	1
C4_DOWN	C4 R-sig	down	ENSG00000125821	DTD1	1	1	1
C4_DOWN	C4 R-sig	down	ENSG00000125827	TMX4	1	1	1
C4_DOWN	C4 R-sig	down	ENSG00000125835	SNRPB	1	1	1
C4_DOWN	C4 R-sig	down	ENSG00000125844	RRBP1	1	1	1
C4_UP	C4 R-sig	up	ENSG00000125845	BMP2	1	1	1
C4_UP	C4 R-sig	up	ENSG00000125848	FLRT3	1	1	1
C4_UP	C4 R-sig	up	ENSG00000125868	DSTN	1	1	1
C4_UP	C4 R-sig	up	ENSG00000125870	SNRPB2	1	1	1
C4_UP	C4 R-sig	up	ENSG00000125875	TBC1D20	1	1	1
C4_DOWN	C4 R-sig	down	ENSG00000125901	MRPS26	1	1	1
C4_DOWN	C4 R-sig	down	ENSG00000125912	NCLN	1	1	1
C4_DOWN	C4 R-sig	down	ENSG00000125944	HNRNPR	1	1	1
C4_UP	C4 R-sig	up	ENSG00000125952	MAX	1	1	1
C4_DOWN	C4 R-sig	down	ENSG00000125954	CHURC1-FNTB	1	1	1
C4_DOWN	C4 R-sig	down	ENSG00000125968	ID1	1	1	1
C4_DOWN	C4 R-sig	down	ENSG00000125970	RALY	1	1	1
C4_DOWN	C4 R-sig	down	ENSG00000125977	EIF2S2	1	1	1
C4_DOWN	C4 R-sig	down	ENSG00000125991	ERGIC3	1	1	1
C4_DOWN	C4 R-sig	down	ENSG00000126001	CEP250	1	1	1
C4_UP	C4 R-sig	up	ENSG00000126003	PLAGL2	1	1	1
C4_UP	C4 R-sig	up	ENSG00000126005	MMP24OS	0	0	0
C4_UP	C4 R-sig	up	ENSG00000126062	TMEM115	1	1	1
C4_UP	C4 R-sig	up	ENSG00000126067	PSMB2	1	1	1
C4_DOWN	C4 R-sig	down	ENSG00000126214	KLC1	1	1	1
C4_DOWN	C4 R-sig	down	ENSG00000126216	TUBGCP3	1	1	1
C4_DOWN	C4 R-sig	down	ENSG00000126254	RBM42	1	1	1
C4_DOWN	C4 R-sig	down	ENSG00000126261	UBA2	1	1	1
C4_UP	C4 R-sig	up	ENSG00000126267	COX6B1	1	1	1
C4_UP	C4 R-sig	up	ENSG00000126368	NR1D1	1	1	1
C4_UP	C4 R-sig	up	ENSG00000126391	FRMD8	1	1	1
C4_UP	C4 R-sig	up	ENSG00000126453	BCL2L12	1	1	1
C4_DOWN	C4 R-sig	down	ENSG00000126457	PRMT1	1	1	1
C4_DOWN	C4 R-sig	down	ENSG00000126458	RRAS	1	1	1
C4_DOWN	C4 R-sig	down	ENSG00000126461	SCAF1	1	1	1
C4_DOWN	C4 R-sig	down	ENSG00000126522	ASL	1	1	1
C4_DOWN	C4 R-sig	down	ENSG00000126581	BECN1	1	1	1
C4_DOWN	C4 R-sig	down	ENSG00000126602	TRAP1	1	1	1
C4_DOWN	C4 R-sig	down	ENSG00000126653	NSRP1	1	1	1
C4_DOWN	C4 R-sig	down	ENSG00000126698	DNAJC8	1	1	1
C4_DOWN	C4 R-sig	down	ENSG00000126705	AHDC1	1	1	1
C4_UP	C4 R-sig	up	ENSG00000126709	IFI6	1	1	1
C4_UP	C4 R-sig	up	ENSG00000126746	ZNF384	1	1	1
C4_UP	C4 R-sig	up	ENSG00000126767	ELK1	1	1	1
C4_UP	C4 R-sig	up	ENSG00000126773	PCNX4	0	0	0
C4_DOWN	C4 R-sig	down	ENSG00000126777	KTN1	1	1	1
C4_DOWN	C4 R-sig	down	ENSG00000126803	HSPA2	1	1	1
C4_UP	C4 R-sig	up	ENSG00000126804	ZBTB1	1	1	1
C4_DOWN	C4 R-sig	down	ENSG00000126858	RHOT1	1	1	1
C4_UP	C4 R-sig	up	ENSG00000126860	EVI2A	1	1	1
C4_DOWN	C4 R-sig	down	ENSG00000126870	DYNC2I1	0	0	0
C4_UP	C4 R-sig	up	ENSG00000126903	SLC10A3	1	1	1
C4_DOWN	C4 R-sig	down	ENSG00000126934	MAP2K2	1	1	1
C4_DOWN	C4 R-sig	down	ENSG00000126945	HNRNPH2	1	1	1
C4_DOWN	C4 R-sig	down	ENSG00000126970	ZC4H2	1	1	1
C4_UP	C4 R-sig	up	ENSG00000127022	CANX	1	1	1
C4_DOWN	C4 R-sig	down	ENSG00000127054	INTS11	0	0	0
C4_UP	C4 R-sig	up	ENSG00000127184	COX7C	1	1	1
C4_DOWN	C4 R-sig	down	ENSG00000127191	TRAF2	1	1	1
C4_UP	C4 R-sig	up	ENSG00000127314	RAP1B	1	1	1
C4_UP	C4 R-sig	up	ENSG00000127334	DYRK2	1	1	1
C4_DOWN	C4 R-sig	down	ENSG00000127418	FGFRL1	1	1	1
C4_DOWN	C4 R-sig	down	ENSG00000127419	TMEM175	1	1	1
C4_DOWN	C4 R-sig	down	ENSG00000127445	PIN1	1	1	1
C4_DOWN	C4 R-sig	down	ENSG00000127463	EMC1	1	1	1
C4_UP	C4 R-sig	up	ENSG00000127526	SLC35E1	1	1	1
C4_DOWN	C4 R-sig	down	ENSG00000127527	EPS15L1	1	1	1
C4_UP	C4 R-sig	up	ENSG00000127540	UQCR11	1	1	1
C4_DOWN	C4 R-sig	down	ENSG00000127564	PKMYT1	1	1	1
C4_DOWN	C4 R-sig	down	ENSG00000127616	SMARCA4	1	1	1
C4_DOWN	C4 R-sig	down	ENSG00000127663	KDM4B	1	1	1
C4_UP	C4 R-sig	up	ENSG00000127666	TICAM1	1	1	1
C4_UP	C4 R-sig	up	ENSG00000127774	EMC6	1	1	1
C4_UP	C4 R-sig	up	ENSG00000127824	TUBA4A	1	1	1
C4_DOWN	C4 R-sig	down	ENSG00000127837	AAMP	1	1	1
C4_UP	C4 R-sig	up	ENSG00000127870	RNF6	1	1	1
C4_DOWN	C4 R-sig	down	ENSG00000127884	ECHS1	1	1	1
C4_UP	C4 R-sig	up	ENSG00000127920	GNG11	1	1	1
C4_DOWN	C4 R-sig	down	ENSG00000127946	HIP1	1	1	1
C4_UP	C4 R-sig	up	ENSG00000127947	PTPN12	1	1	1
C4_UP	C4 R-sig	up	ENSG00000127993	RBM48	1	1	1
C4_UP	C4 R-sig	up	ENSG00000128000	ZNF780B	1	1	1
C4_UP	C4 R-sig	up	ENSG00000128016	ZFP36	1	1	1
C4_UP	C4 R-sig	up	ENSG00000128052	KDR	1	1	1
C4_DOWN	C4 R-sig	down	ENSG00000128185	DGCR6L	1	1	1
C4_DOWN	C4 R-sig	down	ENSG00000128191	DGCR8	1	1	1
C4_DOWN	C4 R-sig	down	ENSG00000128245	YWHAH	1	1	1
C4_DOWN	C4 R-sig	down	ENSG00000128272	ATF4	1	1	1
C4_DOWN	C4 R-sig	down	ENSG00000128283	CDC42EP1	1	1	1
C4_DOWN	C4 R-sig	down	ENSG00000128285	MCHR1	1	1	1
C4_UP	C4 R-sig	up	ENSG00000128340	RAC2	1	1	1
C4_UP	C4 R-sig	up	ENSG00000128342	LIF	1	1	1
C4_UP	C4 R-sig	up	ENSG00000128394	APOBEC3F	1	1	1
C4_DOWN	C4 R-sig	down	ENSG00000128487	SPECC1	1	1	1
C4_DOWN	C4 R-sig	down	ENSG00000128510	CPA4	1	1	1
C4_UP	C4 R-sig	up	ENSG00000128524	ATP6V1F	1	1	1
C4_DOWN	C4 R-sig	down	ENSG00000128567	PODXL	1	1	1
C4_UP	C4 R-sig	up	ENSG00000128585	MKLN1	1	1	1
C4_UP	C4 R-sig	up	ENSG00000128590	DNAJB9	1	1	1
C4_DOWN	C4 R-sig	down	ENSG00000128591	FLNC	1	1	1
C4_DOWN	C4 R-sig	down	ENSG00000128595	CALU	1	1	1
C4_DOWN	C4 R-sig	down	ENSG00000128596	CCDC136	1	1	1
C4_UP	C4 R-sig	up	ENSG00000128607	KLHDC10	1	1	1
C4_UP	C4 R-sig	up	ENSG00000128626	MRPS12	1	1	1
C4_UP	C4 R-sig	up	ENSG00000128699	ORMDL1	1	1	1
C4_DOWN	C4 R-sig	down	ENSG00000128731	HERC2	1	1	1
C4_UP	C4 R-sig	up	ENSG00000128789	PSMG2	1	1	1
C4_DOWN	C4 R-sig	down	ENSG00000128805	ARHGAP22	1	1	1
C4_DOWN	C4 R-sig	down	ENSG00000128829	EIF2AK4	1	1	1
C4_UP	C4 R-sig	up	ENSG00000128923	MINDY2	0	0	0
C4_DOWN	C4 R-sig	down	ENSG00000128928	IVD	1	1	1
C4_UP	C4 R-sig	up	ENSG00000128973	CLN6	1	1	1
C4_UP	C4 R-sig	up	ENSG00000128989	ARPP19	1	1	1
C4_DOWN	C4 R-sig	down	ENSG00000129038	LOXL1	1	1	1
C4_UP	C4 R-sig	up	ENSG00000129071	MBD4	1	1	1
C4_UP	C4 R-sig	up	ENSG00000129083	COPB1	1	1	1
C4_DOWN	C4 R-sig	down	ENSG00000129116	PALLD	1	1	1
C4_UP	C4 R-sig	up	ENSG00000129128	SPCS3	1	1	1
C4_DOWN	C4 R-sig	down	ENSG00000129158	SERGEF	1	1	1
C4_DOWN	C4 R-sig	down	ENSG00000129173	E2F8	1	1	1
C4_DOWN	C4 R-sig	down	ENSG00000129197	RPAIN	1	1	1
C4_DOWN	C4 R-sig	down	ENSG00000129219	PLD2	1	1	1
C4_DOWN	C4 R-sig	down	ENSG00000129250	KIF1C	1	1	1
C4_UP	C4 R-sig	up	ENSG00000129255	MPDU1	1	1	1
C4_UP	C4 R-sig	up	ENSG00000129315	CCNT1	1	1	1
C4_DOWN	C4 R-sig	down	ENSG00000129347	KRI1	1	1	1
C4_DOWN	C4 R-sig	down	ENSG00000129351	ILF3	1	1	1
C4_UP	C4 R-sig	up	ENSG00000129562	DAD1	1	1	1
C4_UP	C4 R-sig	up	ENSG00000129566	TEP1	1	1	1
C4_UP	C4 R-sig	up	ENSG00000129625	REEP5	1	1	1
C4_UP	C4 R-sig	up	ENSG00000129636	ITFG1	1	1	1
C4_DOWN	C4 R-sig	down	ENSG00000129680	MAP7D3	1	1	1
C4_DOWN	C4 R-sig	down	ENSG00000129691	ASH2L	1	1	1
C4_UP	C4 R-sig	up	ENSG00000129911	KLF16	1	1	1
C4_DOWN	C4 R-sig	down	ENSG00000129968	ABHD17A	0	1	1
C4_DOWN	C4 R-sig	down	ENSG00000130005	GAMT	1	1	1
C4_DOWN	C4 R-sig	down	ENSG00000130023	ERMARD	0	1	1
C4_DOWN	C4 R-sig	down	ENSG00000130119	GNL3L	1	1	1
C4_UP	C4 R-sig	up	ENSG00000130147	SH3BP4	1	1	1
C4_DOWN	C4 R-sig	down	ENSG00000130158	DOCK6	1	1	1
C4_DOWN	C4 R-sig	down	ENSG00000130159	ECSIT	1	1	1
C4_UP	C4 R-sig	up	ENSG00000130164	LDLR	1	1	1
C4_DOWN	C4 R-sig	down	ENSG00000130175	PRKCSH	1	1	1
C4_DOWN	C4 R-sig	down	ENSG00000130176	CNN1	1	1	1
C4_DOWN	C4 R-sig	down	ENSG00000130202	NECTIN2	0	0	0
C4_DOWN	C4 R-sig	down	ENSG00000130204	TOMM40	1	1	1
C4_DOWN	C4 R-sig	down	ENSG00000130254	SAFB2	1	1	1
C4_DOWN	C4 R-sig	down	ENSG00000130309	COLGALT1	0	1	1
C4_DOWN	C4 R-sig	down	ENSG00000130363	RSPH3	1	1	1
C4_DOWN	C4 R-sig	down	ENSG00000130396	AFDN	0	0	0
C4_DOWN	C4 R-sig	down	ENSG00000130402	ACTN4	1	1	1
C4_DOWN	C4 R-sig	down	ENSG00000130414	NDUFA10	1	1	1
C4_DOWN	C4 R-sig	down	ENSG00000130429	ARPC1B	1	1	1
C4_UP	C4 R-sig	up	ENSG00000130449	ZSWIM6	1	1	1
C4_UP	C4 R-sig	up	ENSG00000130517	PGPEP1	1	1	1
C4_DOWN	C4 R-sig	down	ENSG00000130520	LSM4	1	1	1
C4_UP	C4 R-sig	up	ENSG00000130544	ZNF557	1	1	1
C4_DOWN	C4 R-sig	down	ENSG00000130560	UBAC1	1	1	1
C4_DOWN	C4 R-sig	down	ENSG00000130592	LSP1	1	1	1
C4_DOWN	C4 R-sig	down	ENSG00000130635	COL5A1	1	1	1
C4_DOWN	C4 R-sig	down	ENSG00000130638	ATXN10	1	1	1
C4_DOWN	C4 R-sig	down	ENSG00000130640	TUBGCP2	1	1	1
C4_DOWN	C4 R-sig	down	ENSG00000130669	PAK4	1	1	1
C4_DOWN	C4 R-sig	down	ENSG00000130684	ZNF337	1	1	1
C4_DOWN	C4 R-sig	down	ENSG00000130706	ADRM1	1	1	1
C4_DOWN	C4 R-sig	down	ENSG00000130713	EXOSC2	1	1	1
C4_DOWN	C4 R-sig	down	ENSG00000130717	UCK1	1	1	1
C4_DOWN	C4 R-sig	down	ENSG00000130724	CHMP2A	1	1	1
C4_DOWN	C4 R-sig	down	ENSG00000130726	TRIM28	1	1	1
C4_DOWN	C4 R-sig	down	ENSG00000130733	YIPF2	1	1	1
C4_DOWN	C4 R-sig	down	ENSG00000130741	EIF2S3	1	1	1
C4_DOWN	C4 R-sig	down	ENSG00000130749	ZC3H4	1	1	1
C4_DOWN	C4 R-sig	down	ENSG00000130766	SESN2	1	1	1
C4_DOWN	C4 R-sig	down	ENSG00000130770	ATP5IF1	0	0	0
C4_DOWN	C4 R-sig	down	ENSG00000130779	CLIP1	1	1	1
C4_DOWN	C4 R-sig	down	ENSG00000130810	PPAN	1	1	1
C4_DOWN	C4 R-sig	down	ENSG00000130811	EIF3G	1	1	1
C4_DOWN	C4 R-sig	down	ENSG00000130816	DNMT1	1	1	1
C4_DOWN	C4 R-sig	down	ENSG00000130826	DKC1	1	1	1
C4_DOWN	C4 R-sig	down	ENSG00000130827	PLXNA3	1	1	1
C4_DOWN	C4 R-sig	down	ENSG00000130830	MPP1	1	1	1
C4_UP	C4 R-sig	up	ENSG00000130935	NOL11	1	1	1
C4_UP	C4 R-sig	up	ENSG00000130939	UBE4B	1	1	1
C4_DOWN	C4 R-sig	down	ENSG00000130956	HABP4	1	1	1
C4_UP	C4 R-sig	up	ENSG00000130962	PRRG1	1	1	1
C4_DOWN	C4 R-sig	down	ENSG00000131016	AKAP12	1	1	1
C4_UP	C4 R-sig	up	ENSG00000131043	AAR2	1	1	1
C4_DOWN	C4 R-sig	down	ENSG00000131067	GGT7	1	1	1
C4_DOWN	C4 R-sig	down	ENSG00000131089	ARHGEF9	1	1	1
C4_UP	C4 R-sig	up	ENSG00000131100	ATP6V1E1	1	1	1
C4_UP	C4 R-sig	up	ENSG00000131115	ZNF227	1	1	1
C4_DOWN	C4 R-sig	down	ENSG00000131143	COX4I1	1	1	1
C4_DOWN	C4 R-sig	down	ENSG00000131149	GSE1	1	1	1
C4_DOWN	C4 R-sig	down	ENSG00000131153	GINS2	1	1	1
C4_UP	C4 R-sig	up	ENSG00000131171	SH3BGRL	1	1	1
C4_UP	C4 R-sig	up	ENSG00000131174	COX7B	1	1	1
C4_DOWN	C4 R-sig	down	ENSG00000131188	PRR7	1	1	1
C4_DOWN	C4 R-sig	down	ENSG00000131236	CAP1	1	1	1
C4_DOWN	C4 R-sig	down	ENSG00000131242	RAB11FIP4	1	1	1
C4_DOWN	C4 R-sig	down	ENSG00000131323	TRAF3	1	1	1
C4_DOWN	C4 R-sig	down	ENSG00000131368	MRPS25	1	1	1
C4_DOWN	C4 R-sig	down	ENSG00000131374	TBC1D5	1	1	1
C4_UP	C4 R-sig	up	ENSG00000131375	CAPN7	1	1	1
C4_DOWN	C4 R-sig	down	ENSG00000131386	GALNT15	1	1	1
C4_DOWN	C4 R-sig	down	ENSG00000131389	SLC6A6	1	1	1
C4_DOWN	C4 R-sig	down	ENSG00000131462	TUBG1	1	1	1
C4_UP	C4 R-sig	up	ENSG00000131467	PSME3	1	1	1
C4_DOWN	C4 R-sig	down	ENSG00000131470	PSMC3IP	1	1	1
C4_DOWN	C4 R-sig	down	ENSG00000131473	ACLY	1	1	1
C4_DOWN	C4 R-sig	down	ENSG00000131475	VPS25	1	1	1
C4_DOWN	C4 R-sig	down	ENSG00000131504	DIAPH1	1	1	1
C4_UP	C4 R-sig	up	ENSG00000131507	NDFIP1	1	1	1
C4_UP	C4 R-sig	up	ENSG00000131508	UBE2D2	1	1	1
C4_DOWN	C4 R-sig	down	ENSG00000131558	EXOC4	1	1	1
C4_DOWN	C4 R-sig	down	ENSG00000131584	ACAP3	1	1	1
C4_DOWN	C4 R-sig	down	ENSG00000131626	PPFIA1	1	1	1
C4_DOWN	C4 R-sig	down	ENSG00000131711	MAP1B	1	1	1
C4_UP	C4 R-sig	up	ENSG00000131725	WDR44	1	1	1
C4_DOWN	C4 R-sig	down	ENSG00000131747	TOP2A	1	1	1
C4_UP	C4 R-sig	up	ENSG00000131773	KHDRBS3	1	1	1
C4_DOWN	C4 R-sig	down	ENSG00000131778	CHD1L	1	1	1
C4_UP	C4 R-sig	up	ENSG00000131791	PRKAB2	1	1	1
C4_DOWN	C4 R-sig	down	ENSG00000131828	PDHA1	1	1	1
C4_UP	C4 R-sig	up	ENSG00000131845	ZNF304	1	1	1
C4_DOWN	C4 R-sig	down	ENSG00000131876	SNRPA1	1	1	1
C4_DOWN	C4 R-sig	down	ENSG00000131899	LLGL1	1	1	1
C4_DOWN	C4 R-sig	down	ENSG00000131941	RHPN2	1	1	1
C4_UP	C4 R-sig	up	ENSG00000131943	C19orf12	1	1	1
C4_UP	C4 R-sig	up	ENSG00000131966	ACTR10	1	1	1
C4_UP	C4 R-sig	up	ENSG00000131981	LGALS3	1	1	1
C4_UP	C4 R-sig	up	ENSG00000132002	DNAJB1	1	1	1
C4_DOWN	C4 R-sig	down	ENSG00000132016	BRME1	0	0	0
C4_DOWN	C4 R-sig	down	ENSG00000132024	CC2D1A	1	1	1
C4_UP	C4 R-sig	up	ENSG00000132196	HSD17B7	1	1	1
C4_UP	C4 R-sig	up	ENSG00000132286	TIMM10B	1	1	1
C4_UP	C4 R-sig	up	ENSG00000132294	EFR3A	1	1	1
C4_DOWN	C4 R-sig	down	ENSG00000132305	IMMT	1	1	1
C4_UP	C4 R-sig	up	ENSG00000132313	MRPL35	1	1	1
C4_DOWN	C4 R-sig	down	ENSG00000132326	PER2	1	1	1
C4_UP	C4 R-sig	up	ENSG00000132356	PRKAA1	1	1	1
C4_UP	C4 R-sig	up	ENSG00000132357	CARD6	1	1	1
C4_DOWN	C4 R-sig	down	ENSG00000132361	CLUH	1	1	1
C4_DOWN	C4 R-sig	down	ENSG00000132382	MYBBP1A	1	1	1
C4_DOWN	C4 R-sig	down	ENSG00000132383	RPA1	1	1	1
C4_UP	C4 R-sig	up	ENSG00000132388	UBE2G1	1	1	1
C4_DOWN	C4 R-sig	down	ENSG00000132394	EEFSEC	1	1	1
C4_DOWN	C4 R-sig	down	ENSG00000132424	PNISR	1	1	1
C4_UP	C4 R-sig	up	ENSG00000132436	FIGNL1	1	1	1
C4_UP	C4 R-sig	up	ENSG00000132471	WBP2	1	1	1
C4_DOWN	C4 R-sig	down	ENSG00000132478	UNK	1	1	1
C4_DOWN	C4 R-sig	down	ENSG00000132485	ZRANB2	1	1	1
C4_DOWN	C4 R-sig	down	ENSG00000132507	EIF5A	1	1	1
C4_UP	C4 R-sig	up	ENSG00000132541	RIDA	0	0	0
C4_UP	C4 R-sig	up	ENSG00000132549	VPS13B	1	1	1
C4_DOWN	C4 R-sig	down	ENSG00000132561	MATN2	1	1	1
C4_UP	C4 R-sig	up	ENSG00000132570	PCBD2	1	1	1
C4_DOWN	C4 R-sig	down	ENSG00000132589	FLOT2	1	1	1
C4_DOWN	C4 R-sig	down	ENSG00000132600	PRMT7	1	1	1
C4_DOWN	C4 R-sig	down	ENSG00000132612	VPS4A	1	1	1
C4_DOWN	C4 R-sig	down	ENSG00000132613	MTSS2	0	0	0
C4_UP	C4 R-sig	up	ENSG00000132664	POLR3F	1	1	1
C4_UP	C4 R-sig	up	ENSG00000132680	KHDC4	0	0	0
C4_DOWN	C4 R-sig	down	ENSG00000132688	NES	1	1	1
C4_DOWN	C4 R-sig	down	ENSG00000132716	DCAF8	1	1	1
C4_UP	C4 R-sig	up	ENSG00000132718	SYT11	1	1	1
C4_UP	C4 R-sig	up	ENSG00000132763	MMACHC	1	1	1
C4_DOWN	C4 R-sig	down	ENSG00000132780	NASP	1	1	1
C4_DOWN	C4 R-sig	down	ENSG00000132792	CTNNBL1	1	1	1
C4_UP	C4 R-sig	up	ENSG00000132801	ZSWIM3	1	1	1
C4_UP	C4 R-sig	up	ENSG00000132823	OSER1	0	1	1
C4_UP	C4 R-sig	up	ENSG00000132824	SERINC3	1	1	1
C4_DOWN	C4 R-sig	down	ENSG00000132881	CPLANE2	0	0	0
C4_UP	C4 R-sig	up	ENSG00000132912	DCTN4	1	1	1
C4_UP	C4 R-sig	up	ENSG00000132963	POMP	1	1	1
C4_DOWN	C4 R-sig	down	ENSG00000132967	HMGB1P5	0	0	0
C4_DOWN	C4 R-sig	down	ENSG00000133026	MYH10	1	1	1
C4_DOWN	C4 R-sig	down	ENSG00000133030	MPRIP	1	1	1
C4_DOWN	C4 R-sig	down	ENSG00000133048	CHI3L1	1	1	1
C4_UP	C4 R-sig	up	ENSG00000133056	PIK3C2B	1	1	1
C4_UP	C4 R-sig	up	ENSG00000133104	SPART	0	0	0
C4_UP	C4 R-sig	up	ENSG00000133112	TPT1	1	1	1
C4_DOWN	C4 R-sig	down	ENSG00000133142	TCEAL4	1	1	1
C4_DOWN	C4 R-sig	down	ENSG00000133169	BEX1	1	1	1
C4_UP	C4 R-sig	up	ENSG00000133193	VCF1	0	0	0
C4_DOWN	C4 R-sig	down	ENSG00000133195	SLC39A11	1	1	1
C4_DOWN	C4 R-sig	down	ENSG00000133243	BTBD2	1	1	1
C4_DOWN	C4 R-sig	down	ENSG00000133313	CNDP2	1	1	1
C4_UP	C4 R-sig	up	ENSG00000133318	RTN3	1	1	1
C4_UP	C4 R-sig	up	ENSG00000133393	CEP20	0	0	0
C4_UP	C4 R-sig	up	ENSG00000133398	MED10	1	1	1
C4_DOWN	C4 R-sig	down	ENSG00000133422	MORC2	1	1	1
C4_UP	C4 R-sig	up	ENSG00000133433	GSTT2B	1	1	1
C4_DOWN	C4 R-sig	down	ENSG00000133597	ADCK2	1	1	1
C4_UP	C4 R-sig	up	ENSG00000133641	RLIG1	0	0	0
C4_UP	C4 R-sig	up	ENSG00000133657	ATP13A3	1	1	1
C4_UP	C4 R-sig	up	ENSG00000133703	KRAS	1	1	1
C4_DOWN	C4 R-sig	down	ENSG00000133706	LARS1	0	0	0
C4_DOWN	C4 R-sig	down	ENSG00000133818	RRAS2	1	1	1
C4_UP	C4 R-sig	up	ENSG00000133872	SARAF	0	0	1
C4_UP	C4 R-sig	up	ENSG00000133935	ERG28	0	0	0
C4_UP	C4 R-sig	up	ENSG00000133961	NUMB	1	1	1
C4_UP	C4 R-sig	up	ENSG00000133997	MED6	1	1	1
C4_DOWN	C4 R-sig	down	ENSG00000134013	LOXL2	1	1	1
C4_DOWN	C4 R-sig	down	ENSG00000134030	CTIF	1	1	1
C4_UP	C4 R-sig	up	ENSG00000134056	KGD4	0	0	0
C4_UP	C4 R-sig	up	ENSG00000134057	CCNB1	1	1	1
C4_UP	C4 R-sig	up	ENSG00000134058	CDK7	1	1	1
C4_UP	C4 R-sig	up	ENSG00000134070	IRAK2	1	1	1
C4_UP	C4 R-sig	up	ENSG00000134108	ARL8B	1	1	1
C4_DOWN	C4 R-sig	down	ENSG00000134138	MEIS2	1	1	1
C4_UP	C4 R-sig	up	ENSG00000134152	KATNBL1	1	1	1
C4_UP	C4 R-sig	up	ENSG00000134153	EMC7	1	1	1
C4_DOWN	C4 R-sig	down	ENSG00000134184	GSTM1	1	1	1
C4_UP	C4 R-sig	up	ENSG00000134242	PTPN22	1	1	1
C4_DOWN	C4 R-sig	down	ENSG00000134247	PTGFRN	1	1	1
C4_UP	C4 R-sig	up	ENSG00000134250	NOTCH2	1	1	1
C4_UP	C4 R-sig	up	ENSG00000134255	CEPT1	1	1	1
C4_DOWN	C4 R-sig	down	ENSG00000134287	ARF3	1	1	1
C4_UP	C4 R-sig	up	ENSG00000134294	SLC38A2	1	1	1
C4_UP	C4 R-sig	up	ENSG00000134313	KIDINS220	1	1	1
C4_UP	C4 R-sig	up	ENSG00000134324	LPIN1	1	1	1
C4_DOWN	C4 R-sig	down	ENSG00000134333	LDHA	1	1	1
C4_UP	C4 R-sig	up	ENSG00000134352	IL6ST	1	1	1
C4_DOWN	C4 R-sig	down	ENSG00000134369	NAV1	1	1	1
C4_UP	C4 R-sig	up	ENSG00000134375	TIMM17A	1	1	1
C4_UP	C4 R-sig	up	ENSG00000134419	RPS15A	1	1	1
C4_DOWN	C4 R-sig	down	ENSG00000134440	NARS1	0	0	0
C4_UP	C4 R-sig	up	ENSG00000134444	RELCH	0	0	0
C4_DOWN	C4 R-sig	down	ENSG00000134452	FBH1	0	0	0
C4_DOWN	C4 R-sig	down	ENSG00000134453	RBM17	1	1	1
C4_DOWN	C4 R-sig	down	ENSG00000134516	DOCK2	1	1	1
C4_UP	C4 R-sig	up	ENSG00000134590	RTL8C	0	0	0
C4_DOWN	C4 R-sig	down	ENSG00000134597	RBMX2	1	1	1
C4_UP	C4 R-sig	up	ENSG00000134602	STK26	0	0	1
C4_DOWN	C4 R-sig	down	ENSG00000134668	SPOCD1	1	1	1
C4_DOWN	C4 R-sig	down	ENSG00000134684	YARS1	0	0	0
C4_DOWN	C4 R-sig	down	ENSG00000134697	GNL2	1	1	1
C4_DOWN	C4 R-sig	down	ENSG00000134698	AGO4	1	1	1
C4_UP	C4 R-sig	up	ENSG00000134717	BTF3L4	1	1	1
C4_UP	C4 R-sig	up	ENSG00000134744	TUT4	0	0	0
C4_UP	C4 R-sig	up	ENSG00000134769	DTNA	1	1	1
C4_UP	C4 R-sig	up	ENSG00000134779	TPGS2	1	1	1
C4_UP	C4 R-sig	up	ENSG00000134802	SLC43A3	1	1	1
C4_UP	C4 R-sig	up	ENSG00000134815	DHX34	1	1	1
C4_UP	C4 R-sig	up	ENSG00000134851	TMEM165	1	1	1
C4_UP	C4 R-sig	up	ENSG00000134852	CLOCK	1	1	1
C4_DOWN	C4 R-sig	down	ENSG00000134874	DZIP1	1	1	1
C4_DOWN	C4 R-sig	down	ENSG00000134884	ARGLU1	1	1	1
C4_DOWN	C4 R-sig	down	ENSG00000134899	ERCC5	1	1	1
C4_UP	C4 R-sig	up	ENSG00000134900	TPP2	1	1	1
C4_UP	C4 R-sig	up	ENSG00000134901	POGLUT2	0	0	0
C4_UP	C4 R-sig	up	ENSG00000134905	CARS2	1	1	1
C4_UP	C4 R-sig	up	ENSG00000134910	STT3A	1	1	1
C4_UP	C4 R-sig	up	ENSG00000134970	TMED7	1	1	1
C4_UP	C4 R-sig	up	ENSG00000134982	APC	1	1	1
C4_UP	C4 R-sig	up	ENSG00000134987	WDR36	1	1	1
C4_DOWN	C4 R-sig	down	ENSG00000134996	OSTF1	1	1	1
C4_UP	C4 R-sig	up	ENSG00000135002	RFK	1	1	1
C4_UP	C4 R-sig	up	ENSG00000135018	UBQLN1	1	1	1
C4_UP	C4 R-sig	up	ENSG00000135046	ANXA1	1	1	1
C4_UP	C4 R-sig	up	ENSG00000135048	CEMIP2	0	0	0
C4_DOWN	C4 R-sig	down	ENSG00000135052	GOLM1	1	1	1
C4_DOWN	C4 R-sig	down	ENSG00000135069	PSAT1	1	1	1
C4_UP	C4 R-sig	up	ENSG00000135070	ISCA1	1	1	1
C4_DOWN	C4 R-sig	down	ENSG00000135090	TAOK3	1	1	1
C4_UP	C4 R-sig	up	ENSG00000135111	TBX3	1	1	1
C4_UP	C4 R-sig	up	ENSG00000135164	DMTF1	1	1	1
C4_UP	C4 R-sig	up	ENSG00000135241	PNPLA8	1	1	1
C4_DOWN	C4 R-sig	down	ENSG00000135245	HILPDA	1	1	1
C4_UP	C4 R-sig	up	ENSG00000135318	NT5E	1	1	1
C4_UP	C4 R-sig	up	ENSG00000135334	AKIRIN2	1	1	1
C4_DOWN	C4 R-sig	down	ENSG00000135372	NAT10	1	1	1
C4_UP	C4 R-sig	up	ENSG00000135373	EHF	1	1	1
C4_UP	C4 R-sig	up	ENSG00000135387	CAPRIN1	1	1	1
C4_UP	C4 R-sig	up	ENSG00000135414	GDF11	1	1	1
C4_DOWN	C4 R-sig	down	ENSG00000135452	TSPAN31	1	1	1
C4_UP	C4 R-sig	up	ENSG00000135457	TFCP2	1	1	1
C4_UP	C4 R-sig	up	ENSG00000135469	COQ10A	1	1	1
C4_DOWN	C4 R-sig	down	ENSG00000135476	ESPL1	1	1	1
C4_DOWN	C4 R-sig	down	ENSG00000135486	HNRNPA1	1	1	1
C4_DOWN	C4 R-sig	down	ENSG00000135506	OS9	1	1	1
C4_UP	C4 R-sig	up	ENSG00000135535	CD164	1	1	1
C4_DOWN	C4 R-sig	down	ENSG00000135624	CCT7	1	1	1
C4_UP	C4 R-sig	up	ENSG00000135655	USP15	1	1	1
C4_UP	C4 R-sig	up	ENSG00000135677	GNS	1	1	1
C4_DOWN	C4 R-sig	down	ENSG00000135678	CPM	1	1	1
C4_UP	C4 R-sig	up	ENSG00000135679	MDM2	1	1	1
C4_DOWN	C4 R-sig	down	ENSG00000135686	KLHL36	1	1	1
C4_DOWN	C4 R-sig	down	ENSG00000135698	MPHOSPH6	1	1	1
C4_DOWN	C4 R-sig	down	ENSG00000135720	DYNC1LI2	1	1	1
C4_DOWN	C4 R-sig	down	ENSG00000135723	FHOD1	1	1	1
C4_DOWN	C4 R-sig	down	ENSG00000135766	EGLN1	1	1	1
C4_DOWN	C4 R-sig	down	ENSG00000135776	ABCB10	1	1	1
C4_DOWN	C4 R-sig	down	ENSG00000135778	NTPCR	1	1	1
C4_UP	C4 R-sig	up	ENSG00000135829	DHX9	1	1	1
C4_DOWN	C4 R-sig	down	ENSG00000135842	NIBAN1	0	0	0
C4_UP	C4 R-sig	up	ENSG00000135845	PIGC	1	1	1
C4_DOWN	C4 R-sig	down	ENSG00000135862	LAMC1	1	1	1
C4_UP	C4 R-sig	up	ENSG00000135870	RC3H1	1	1	1
C4_UP	C4 R-sig	up	ENSG00000135900	MRPL44	1	1	1
C4_UP	C4 R-sig	up	ENSG00000135919	SERPINE2	1	1	1
C4_UP	C4 R-sig	up	ENSG00000135926	TMBIM1	1	1	1
C4_UP	C4 R-sig	up	ENSG00000135932	CAB39	1	1	1
C4_UP	C4 R-sig	up	ENSG00000135956	TMEM127	1	1	1
C4_UP	C4 R-sig	up	ENSG00000135966	TGFBRAP1	1	1	1
C4_DOWN	C4 R-sig	down	ENSG00000135972	MRPS9	1	1	1
C4_UP	C4 R-sig	up	ENSG00000135999	EPC2	1	1	1
C4_UP	C4 R-sig	up	ENSG00000136003	ISCU	1	1	1
C4_DOWN	C4 R-sig	down	ENSG00000136010	ALDH1L2	1	1	1
C4_UP	C4 R-sig	up	ENSG00000136021	SCYL2	1	1	1
C4_DOWN	C4 R-sig	down	ENSG00000136026	CKAP4	1	1	1
C4_DOWN	C4 R-sig	down	ENSG00000136045	PWP1	1	1	1
C4_UP	C4 R-sig	up	ENSG00000136048	DRAM1	1	1	1
C4_UP	C4 R-sig	up	ENSG00000136051	WASHC4	0	0	0
C4_UP	C4 R-sig	up	ENSG00000136052	SLC41A2	1	1	1
C4_DOWN	C4 R-sig	down	ENSG00000136068	FLNB	1	1	1
C4_UP	C4 R-sig	up	ENSG00000136122	BORA	1	1	1
C4_UP	C4 R-sig	up	ENSG00000136152	COG3	1	1	1
C4_DOWN	C4 R-sig	down	ENSG00000136153	LMO7	1	1	1
C4_UP	C4 R-sig	up	ENSG00000136156	ITM2B	1	1	1
C4_UP	C4 R-sig	up	ENSG00000136159	NUDT15	1	1	1
C4_UP	C4 R-sig	up	ENSG00000136161	RCBTB2	1	1	1
C4_DOWN	C4 R-sig	down	ENSG00000136193	SCRN1	1	1	1
C4_UP	C4 R-sig	up	ENSG00000136205	TNS3	1	1	1
C4_DOWN	C4 R-sig	down	ENSG00000136231	IGF2BP3	1	1	1
C4_UP	C4 R-sig	up	ENSG00000136235	GPNMB	1	1	1
C4_UP	C4 R-sig	up	ENSG00000136238	RAC1	1	1	1
C4_UP	C4 R-sig	up	ENSG00000136240	KDELR2	1	1	1
C4_UP	C4 R-sig	up	ENSG00000136243	NUP42	0	0	0
C4_DOWN	C4 R-sig	down	ENSG00000136270	TBRG4	1	1	1
C4_UP	C4 R-sig	up	ENSG00000136273	HUS1	1	1	1
C4_DOWN	C4 R-sig	down	ENSG00000136279	DBNL	1	1	1
C4_DOWN	C4 R-sig	down	ENSG00000136280	CCM2	1	1	1
C4_DOWN	C4 R-sig	down	ENSG00000136319	TTC5	1	1	1
C4_DOWN	C4 R-sig	down	ENSG00000136378	ADAMTS7	1	1	1
C4_UP	C4 R-sig	up	ENSG00000136379	ABHD17C	0	1	1
C4_UP	C4 R-sig	up	ENSG00000136381	IREB2	1	1	1
C4_DOWN	C4 R-sig	down	ENSG00000136436	CALCOCO2	1	1	1
C4_UP	C4 R-sig	up	ENSG00000136450	SRSF1	1	1	1
C4_UP	C4 R-sig	up	ENSG00000136451	VEZF1	1	1	1
C4_DOWN	C4 R-sig	down	ENSG00000136492	BRIP1	1	1	1
C4_UP	C4 R-sig	up	ENSG00000136504	KAT7	1	1	1
C4_DOWN	C4 R-sig	down	ENSG00000136527	TRA2B	1	1	1
C4_UP	C4 R-sig	up	ENSG00000136536	MARCHF7	0	0	0
C4_DOWN	C4 R-sig	down	ENSG00000136542	GALNT5	1	1	1
C4_UP	C4 R-sig	up	ENSG00000136560	TANK	1	1	1
C4_UP	C4 R-sig	up	ENSG00000136603	SKIL	1	1	1
C4_DOWN	C4 R-sig	down	ENSG00000136628	EPRS1	0	0	0
C4_UP	C4 R-sig	up	ENSG00000136689	IL1RN	1	1	1
C4_UP	C4 R-sig	up	ENSG00000136695	IL36RN	1	1	1
C4_DOWN	C4 R-sig	down	ENSG00000136717	BIN1	1	1	1
C4_UP	C4 R-sig	up	ENSG00000136738	STAM	1	1	1
C4_UP	C4 R-sig	up	ENSG00000136802	LRRC8A	1	1	1
C4_UP	C4 R-sig	up	ENSG00000136810	TXN	1	1	1
C4_DOWN	C4 R-sig	down	ENSG00000136811	ODF2	1	1	1
C4_DOWN	C4 R-sig	down	ENSG00000136813	ECPAS	0	0	0
C4_DOWN	C4 R-sig	down	ENSG00000136824	SMC2	1	1	1
C4_DOWN	C4 R-sig	down	ENSG00000136830	NIBAN2	0	0	0
C4_UP	C4 R-sig	up	ENSG00000136854	STXBP1	1	1	1
C4_DOWN	C4 R-sig	down	ENSG00000136861	CDK5RAP2	1	1	1
C4_UP	C4 R-sig	up	ENSG00000136867	SLC31A2	1	1	1
C4_UP	C4 R-sig	up	ENSG00000136868	SLC31A1	1	1	1
C4_DOWN	C4 R-sig	down	ENSG00000136877	FPGS	1	1	1
C4_DOWN	C4 R-sig	down	ENSG00000136878	USP20	1	1	1
C4_UP	C4 R-sig	up	ENSG00000136891	TEX10	1	1	1
C4_UP	C4 R-sig	up	ENSG00000136897	MRPL50	1	1	1
C4_UP	C4 R-sig	up	ENSG00000136925	TSTD2	1	1	1
C4_DOWN	C4 R-sig	down	ENSG00000136930	PSMB7	1	1	1
C4_DOWN	C4 R-sig	down	ENSG00000136936	XPA	1	1	1
C4_UP	C4 R-sig	up	ENSG00000136937	NCBP1	1	1	1
C4_DOWN	C4 R-sig	down	ENSG00000136938	ANP32B	1	1	1
C4_DOWN	C4 R-sig	down	ENSG00000136940	PDCL	1	1	1
C4_DOWN	C4 R-sig	down	ENSG00000136942	RPL35	1	1	1
C4_DOWN	C4 R-sig	down	ENSG00000136950	ARPC5L	1	1	1
C4_DOWN	C4 R-sig	down	ENSG00000136960	ENPP2	1	1	1
C4_UP	C4 R-sig	up	ENSG00000136986	DERL1	1	1	1
C4_DOWN	C4 R-sig	down	ENSG00000136997	MYC	1	1	1
C4_UP	C4 R-sig	up	ENSG00000136999	CCN3	0	0	0
C4_DOWN	C4 R-sig	down	ENSG00000137070	IL11RA	1	1	1
C4_UP	C4 R-sig	up	ENSG00000137075	RNF38	1	1	1
C4_DOWN	C4 R-sig	down	ENSG00000137076	TLN1	1	1	1
C4_DOWN	C4 R-sig	down	ENSG00000137094	DNAJB5	1	1	1
C4_DOWN	C4 R-sig	down	ENSG00000137106	GRHPR	1	1	1
C4_DOWN	C4 R-sig	down	ENSG00000137124	ALDH1B1	1	1	1
C4_DOWN	C4 R-sig	down	ENSG00000137133	HINT2	1	1	1
C4_DOWN	C4 R-sig	down	ENSG00000137154	RPS6	1	1	1
C4_DOWN	C4 R-sig	down	ENSG00000137177	KIF13A	1	1	1
C4_DOWN	C4 R-sig	down	ENSG00000137200	CMTR1	0	1	1
C4_UP	C4 R-sig	up	ENSG00000137210	TMEM14B	1	1	1
C4_UP	C4 R-sig	up	ENSG00000137216	TMEM63B	1	1	1
C4_DOWN	C4 R-sig	down	ENSG00000137267	TUBB2A	1	1	1
C4_UP	C4 R-sig	up	ENSG00000137269	LRRC1	1	1	1
C4_DOWN	C4 R-sig	down	ENSG00000137288	UQCC2	0	1	1
C4_DOWN	C4 R-sig	down	ENSG00000137309	HMGA1	1	1	1
C4_DOWN	C4 R-sig	down	ENSG00000137310	TCF19	1	1	1
C4_DOWN	C4 R-sig	down	ENSG00000137312	FLOT1	1	1	1
C4_UP	C4 R-sig	up	ENSG00000137331	IER3	1	1	1
C4_UP	C4 R-sig	up	ENSG00000137337	MDC1	1	1	1
C4_UP	C4 R-sig	up	ENSG00000137364	TPMT	1	1	1
C4_UP	C4 R-sig	up	ENSG00000137449	CPEB2	1	1	1
C4_DOWN	C4 R-sig	down	ENSG00000137497	NUMA1	1	1	1
C4_UP	C4 R-sig	up	ENSG00000137500	CCDC90B	1	1	1
C4_DOWN	C4 R-sig	down	ENSG00000137507	LRRC32	1	1	1
C4_UP	C4 R-sig	up	ENSG00000137509	PRCP	1	1	1
C4_UP	C4 R-sig	up	ENSG00000137563	GGH	1	1	1
C4_UP	C4 R-sig	up	ENSG00000137575	SDCBP	1	1	1
C4_DOWN	C4 R-sig	down	ENSG00000137656	BUD13	1	1	1
C4_DOWN	C4 R-sig	down	ENSG00000137707	BTG4	1	1	1
C4_DOWN	C4 R-sig	down	ENSG00000137710	RDX	1	1	1
C4_UP	C4 R-sig	up	ENSG00000137727	ARHGAP20	1	1	1
C4_DOWN	C4 R-sig	down	ENSG00000137776	SLTM	1	1	1
C4_DOWN	C4 R-sig	down	ENSG00000137801	THBS1	1	1	1
C4_DOWN	C4 R-sig	down	ENSG00000137809	ITGA11	1	1	1
C4_DOWN	C4 R-sig	down	ENSG00000137815	RTF1	1	1	1
C4_UP	C4 R-sig	up	ENSG00000137817	PARP6	1	1	1
C4_UP	C4 R-sig	up	ENSG00000137818	RPLP1	1	1	1
C4_UP	C4 R-sig	up	ENSG00000137821	LRRC49	1	1	1
C4_DOWN	C4 R-sig	down	ENSG00000137824	RMDN3	1	1	1
C4_DOWN	C4 R-sig	down	ENSG00000137831	UACA	1	1	1
C4_DOWN	C4 R-sig	down	ENSG00000137834	SMAD6	1	1	1
C4_DOWN	C4 R-sig	down	ENSG00000137868	STRA6	1	1	1
C4_UP	C4 R-sig	up	ENSG00000137876	RSL24D1	1	1	1
C4_UP	C4 R-sig	up	ENSG00000137947	GTF2B	1	1	1
C4_UP	C4 R-sig	up	ENSG00000137955	RABGGTB	1	1	1
C4_UP	C4 R-sig	up	ENSG00000137959	IFI44L	1	1	1
C4_DOWN	C4 R-sig	down	ENSG00000138002	IFT172	1	1	1
C4_UP	C4 R-sig	up	ENSG00000138018	SELENOI	0	0	0
C4_DOWN	C4 R-sig	down	ENSG00000138031	ADCY3	1	1	1
C4_UP	C4 R-sig	up	ENSG00000138061	CYP1B1	1	1	1
C4_UP	C4 R-sig	up	ENSG00000138069	RAB1A	1	1	1
C4_UP	C4 R-sig	up	ENSG00000138074	SLC5A6	1	1	1
C4_UP	C4 R-sig	up	ENSG00000138095	LRPPRC	1	1	1
C4_DOWN	C4 R-sig	down	ENSG00000138119	MYOF	1	1	1
C4_DOWN	C4 R-sig	down	ENSG00000138135	CH25H	1	1	1
C4_UP	C4 R-sig	up	ENSG00000138138	ATAD1	1	1	1
C4_UP	C4 R-sig	up	ENSG00000138166	DUSP5	1	1	1
C4_DOWN	C4 R-sig	down	ENSG00000138182	KIF20B	1	1	1
C4_UP	C4 R-sig	up	ENSG00000138190	EXOC6	1	1	1
C4_DOWN	C4 R-sig	down	ENSG00000138193	PLCE1	1	1	1
C4_DOWN	C4 R-sig	down	ENSG00000138347	MYPN	1	1	1
C4_UP	C4 R-sig	up	ENSG00000138381	ASNSD1	1	1	1
C4_DOWN	C4 R-sig	down	ENSG00000138385	SSB	1	1	1
C4_DOWN	C4 R-sig	down	ENSG00000138398	PPIG	1	1	1
C4_UP	C4 R-sig	up	ENSG00000138399	FASTKD1	1	1	1
C4_DOWN	C4 R-sig	down	ENSG00000138411	HECW2	1	1	1
C4_UP	C4 R-sig	up	ENSG00000138413	IDH1	1	1	1
C4_DOWN	C4 R-sig	down	ENSG00000138433	CIRSR	0	0	0
C4_UP	C4 R-sig	up	ENSG00000138448	ITGAV	1	1	1
C4_UP	C4 R-sig	up	ENSG00000138459	SLC35A5	1	1	1
C4_UP	C4 R-sig	up	ENSG00000138463	SLC49A4	0	0	0
C4_DOWN	C4 R-sig	down	ENSG00000138587	MNS1	1	1	1
C4_UP	C4 R-sig	up	ENSG00000138593	SECISBP2L	1	1	1
C4_UP	C4 R-sig	up	ENSG00000138594	TMOD3	1	1	1
C4_UP	C4 R-sig	up	ENSG00000138600	SPPL2A	1	1	1
C4_UP	C4 R-sig	up	ENSG00000138613	APH1B	1	1	1
C4_UP	C4 R-sig	up	ENSG00000138614	INTS14	0	0	0
C4_DOWN	C4 R-sig	down	ENSG00000138639	ARHGAP24	1	1	1
C4_DOWN	C4 R-sig	down	ENSG00000138640	FAM13A	1	1	1
C4_DOWN	C4 R-sig	down	ENSG00000138668	HNRNPD	1	1	1
C4_UP	C4 R-sig	up	ENSG00000138674	SEC31A	1	1	1
C4_UP	C4 R-sig	up	ENSG00000138675	FGF5	1	1	1
C4_UP	C4 R-sig	up	ENSG00000138678	GPAT3	0	0	1
C4_UP	C4 R-sig	up	ENSG00000138696	BMPR1B	1	1	1
C4_DOWN	C4 R-sig	down	ENSG00000138709	LARP1B	1	1	1
C4_UP	C4 R-sig	up	ENSG00000138756	BMP2K	1	1	1
C4_UP	C4 R-sig	up	ENSG00000138768	USO1	1	1	1
C4_UP	C4 R-sig	up	ENSG00000138777	PPA2	1	1	1
C4_DOWN	C4 R-sig	down	ENSG00000138792	ENPEP	1	1	1
C4_DOWN	C4 R-sig	down	ENSG00000138796	HADH	1	1	1
C4_DOWN	C4 R-sig	down	ENSG00000138801	PAPSS1	1	1	1
C4_UP	C4 R-sig	up	ENSG00000138802	SEC24B	1	1	1
C4_UP	C4 R-sig	up	ENSG00000138821	SLC39A8	1	1	1
C4_UP	C4 R-sig	up	ENSG00000138835	RGS3	1	1	1
C4_UP	C4 R-sig	up	ENSG00000138942	RNF185	1	1	1
C4_UP	C4 R-sig	up	ENSG00000138944	SHISAL1	0	0	0
C4_UP	C4 R-sig	up	ENSG00000139083	ETV6	1	1	1
C4_UP	C4 R-sig	up	ENSG00000139112	GABARAPL1	1	1	1
C4_UP	C4 R-sig	up	ENSG00000139146	SINHCAF	0	0	0
C4_UP	C4 R-sig	up	ENSG00000139154	AEBP2	1	1	1
C4_UP	C4 R-sig	up	ENSG00000139163	ETNK1	1	1	1
C4_DOWN	C4 R-sig	down	ENSG00000139168	ZCRB1	1	1	1
C4_DOWN	C4 R-sig	down	ENSG00000139178	C1RL	1	1	1
C4_DOWN	C4 R-sig	down	ENSG00000139200	PIANP	1	1	1
C4_UP	C4 R-sig	up	ENSG00000139218	SCAF11	1	1	1
C4_UP	C4 R-sig	up	ENSG00000139233	LLPH	1	1	1
C4_UP	C4 R-sig	up	ENSG00000139266	MARCHF9	0	0	0
C4_UP	C4 R-sig	up	ENSG00000139278	GLIPR1	1	1	1
C4_UP	C4 R-sig	up	ENSG00000139289	PHLDA1	1	1	1
C4_UP	C4 R-sig	up	ENSG00000139291	TMEM19	1	1	1
C4_UP	C4 R-sig	up	ENSG00000139323	POC1B	1	1	1
C4_UP	C4 R-sig	up	ENSG00000139324	TMTC3	1	1	1
C4_UP	C4 R-sig	up	ENSG00000139329	LUM	1	1	1
C4_UP	C4 R-sig	up	ENSG00000139354	GAS2L3	1	1	1
C4_DOWN	C4 R-sig	down	ENSG00000139364	TMEM132B	1	1	1
C4_UP	C4 R-sig	up	ENSG00000139372	TDG	1	1	1
C4_DOWN	C4 R-sig	down	ENSG00000139437	TCHP	1	1	1
C4_DOWN	C4 R-sig	down	ENSG00000139613	SMARCC2	1	1	1
C4_DOWN	C4 R-sig	down	ENSG00000139641	ESYT1	1	1	1
C4_UP	C4 R-sig	up	ENSG00000139644	TMBIM6	1	1	1
C4_DOWN	C4 R-sig	down	ENSG00000139668	WDFY2	1	1	1
C4_UP	C4 R-sig	up	ENSG00000139697	SBNO1	1	1	1
C4_UP	C4 R-sig	up	ENSG00000139719	VPS33A	1	1	1
C4_UP	C4 R-sig	up	ENSG00000139722	VPS37B	1	1	1
C4_DOWN	C4 R-sig	down	ENSG00000139734	DIAPH3	1	1	1
C4_UP	C4 R-sig	up	ENSG00000139746	RBM26	1	1	1
C4_UP	C4 R-sig	up	ENSG00000139793	MBNL2	1	1	1
C4_UP	C4 R-sig	up	ENSG00000139826	ABHD13	1	1	1
C4_DOWN	C4 R-sig	down	ENSG00000139835	GRTP1	1	1	1
C4_DOWN	C4 R-sig	down	ENSG00000139842	CUL4A	1	1	1
C4_UP	C4 R-sig	up	ENSG00000139974	SLC38A6	1	1	1
C4_UP	C4 R-sig	up	ENSG00000139977	NAA30	1	1	1
C4_UP	C4 R-sig	up	ENSG00000140006	WDR89	1	1	1
C4_UP	C4 R-sig	up	ENSG00000140022	STON2	1	1	1
C4_DOWN	C4 R-sig	down	ENSG00000140044	JDP2	1	1	1
C4_DOWN	C4 R-sig	down	ENSG00000140105	WARS1	0	0	0
C4_UP	C4 R-sig	up	ENSG00000140153	WDR20	1	1	1
C4_DOWN	C4 R-sig	down	ENSG00000140259	MFAP1	1	1	1
C4_DOWN	C4 R-sig	down	ENSG00000140263	SORD	1	1	1
C4_UP	C4 R-sig	up	ENSG00000140280	LYSMD2	1	1	1
C4_UP	C4 R-sig	up	ENSG00000140307	GTF2A2	1	1	1
C4_DOWN	C4 R-sig	down	ENSG00000140332	TLE3	1	1	1
C4_DOWN	C4 R-sig	down	ENSG00000140350	ANP32A	1	1	1
C4_DOWN	C4 R-sig	down	ENSG00000140368	PSTPIP1	1	1	1
C4_DOWN	C4 R-sig	down	ENSG00000140386	SCAPER	1	1	1
C4_UP	C4 R-sig	up	ENSG00000140391	TSPAN3	1	1	1
C4_DOWN	C4 R-sig	down	ENSG00000140395	SKIC8	0	0	0
C4_DOWN	C4 R-sig	down	ENSG00000140400	MAN2C1	1	1	1
C4_DOWN	C4 R-sig	down	ENSG00000140416	TPM1	1	1	1
C4_DOWN	C4 R-sig	down	ENSG00000140450	ARRDC4	1	1	1
C4_UP	C4 R-sig	up	ENSG00000140497	SCAMP2	1	1	1
C4_DOWN	C4 R-sig	down	ENSG00000140521	POLG	1	1	1
C4_DOWN	C4 R-sig	down	ENSG00000140525	FANCI	1	1	1
C4_UP	C4 R-sig	up	ENSG00000140526	ABHD2	1	1	1
C4_DOWN	C4 R-sig	down	ENSG00000140553	UNC45A	1	1	1
C4_UP	C4 R-sig	up	ENSG00000140612	SEC11A	1	1	1
C4_DOWN	C4 R-sig	down	ENSG00000140632	GLYR1	1	1	1
C4_DOWN	C4 R-sig	down	ENSG00000140682	TGFB1I1	1	1	1
C4_DOWN	C4 R-sig	down	ENSG00000140688	RUSF1	0	0	0
C4_DOWN	C4 R-sig	down	ENSG00000140718	FTO	1	1	1
C4_DOWN	C4 R-sig	down	ENSG00000140740	UQCRC2	1	1	1
C4_UP	C4 R-sig	up	ENSG00000140750	ARHGAP17	1	1	1
C4_DOWN	C4 R-sig	down	ENSG00000140795	MYLK3	1	1	1
C4_DOWN	C4 R-sig	down	ENSG00000140829	DHX38	1	1	1
C4_DOWN	C4 R-sig	down	ENSG00000140835	CHST4	1	1	1
C4_DOWN	C4 R-sig	down	ENSG00000140848	CPNE2	1	1	1
C4_DOWN	C4 R-sig	down	ENSG00000140854	KATNB1	1	1	1
C4_UP	C4 R-sig	up	ENSG00000140876	NUDT7	1	1	1
C4_UP	C4 R-sig	up	ENSG00000140931	CMTM3	1	1	1
C4_DOWN	C4 R-sig	down	ENSG00000140939	NOL3	1	1	1
C4_UP	C4 R-sig	up	ENSG00000140941	MAP1LC3B	1	1	1
C4_DOWN	C4 R-sig	down	ENSG00000140945	CDH13	1	1	1
C4_UP	C4 R-sig	up	ENSG00000140948	ZCCHC14	1	1	1
C4_DOWN	C4 R-sig	down	ENSG00000140950	MEAK7	0	0	0
C4_DOWN	C4 R-sig	down	ENSG00000140983	RHOT2	1	1	1
C4_UP	C4 R-sig	up	ENSG00000140988	RPS2	1	1	1
C4_DOWN	C4 R-sig	down	ENSG00000140990	NDUFB10	1	1	1
C4_DOWN	C4 R-sig	down	ENSG00000140995	DEF8	1	1	1
C4_DOWN	C4 R-sig	down	ENSG00000141002	TCF25	1	1	1
C4_DOWN	C4 R-sig	down	ENSG00000141013	DRC4	0	0	0
C4_UP	C4 R-sig	up	ENSG00000141076	UTP4	0	0	1
C4_UP	C4 R-sig	up	ENSG00000141232	TOB1	1	1	1
C4_DOWN	C4 R-sig	down	ENSG00000141252	VPS53	1	1	1
C4_DOWN	C4 R-sig	down	ENSG00000141258	SGSM2	1	1	1
C4_UP	C4 R-sig	up	ENSG00000141279	NPEPPS	1	1	1
C4_DOWN	C4 R-sig	down	ENSG00000141295	SCRN2	1	1	1
C4_UP	C4 R-sig	up	ENSG00000141367	CLTC	1	1	1
C4_UP	C4 R-sig	up	ENSG00000141380	SS18	1	1	1
C4_DOWN	C4 R-sig	down	ENSG00000141385	AFG3L2	1	1	1
C4_UP	C4 R-sig	up	ENSG00000141391	PRELID3A	0	0	1
C4_UP	C4 R-sig	up	ENSG00000141424	SLC39A6	1	1	1
C4_UP	C4 R-sig	up	ENSG00000141428	RMP24	0	0	0
C4_UP	C4 R-sig	up	ENSG00000141446	ESCO1	1	1	1
C4_DOWN	C4 R-sig	down	ENSG00000141447	OSBPL1A	1	1	1
C4_UP	C4 R-sig	up	ENSG00000141452	RMC1	0	0	0
C4_DOWN	C4 R-sig	down	ENSG00000141456	PELP1	1	1	1
C4_UP	C4 R-sig	up	ENSG00000141458	NPC1	1	1	1
C4_DOWN	C4 R-sig	down	ENSG00000141503	MINK1	1	1	1
C4_DOWN	C4 R-sig	down	ENSG00000141510	TP53	1	1	1
C4_DOWN	C4 R-sig	down	ENSG00000141522	ARHGDIA	1	1	1
C4_DOWN	C4 R-sig	down	ENSG00000141526	SLC16A3	1	1	1
C4_DOWN	C4 R-sig	down	ENSG00000141543	EIF4A3	1	1	1
C4_DOWN	C4 R-sig	down	ENSG00000141552	ANAPC11	1	1	1
C4_DOWN	C4 R-sig	down	ENSG00000141556	TBCD	1	1	1
C4_DOWN	C4 R-sig	down	ENSG00000141560	FN3KRP	1	1	1
C4_DOWN	C4 R-sig	down	ENSG00000141564	RPTOR	1	1	1
C4_DOWN	C4 R-sig	down	ENSG00000141569	TRIM65	1	1	1
C4_DOWN	C4 R-sig	down	ENSG00000141577	CEP131	0	0	1
C4_DOWN	C4 R-sig	down	ENSG00000141582	CBX4	1	1	1
C4_UP	C4 R-sig	up	ENSG00000141682	PMAIP1	1	1	1
C4_UP	C4 R-sig	up	ENSG00000141699	RETREG3	0	0	0
C4_DOWN	C4 R-sig	down	ENSG00000141753	IGFBP4	1	1	1
C4_DOWN	C4 R-sig	down	ENSG00000141756	FKBP10	1	1	1
C4_DOWN	C4 R-sig	down	ENSG00000141858	SAMD1	1	1	1
C4_DOWN	C4 R-sig	down	ENSG00000141867	BRD4	1	1	1
C4_DOWN	C4 R-sig	down	ENSG00000141959	PFKL	1	1	1
C4_DOWN	C4 R-sig	down	ENSG00000141971	MVB12A	1	1	1
C4_DOWN	C4 R-sig	down	ENSG00000141979		0	0	0
C4_DOWN	C4 R-sig	down	ENSG00000141985	SH3GL1	1	1	1
C4_DOWN	C4 R-sig	down	ENSG00000142002	DPP9	1	1	1
C4_UP	C4 R-sig	up	ENSG00000142039	CCDC97	1	1	1
C4_DOWN	C4 R-sig	down	ENSG00000142156	COL6A1	1	1	1
C4_UP	C4 R-sig	up	ENSG00000142166	IFNAR1	1	1	1
C4_DOWN	C4 R-sig	down	ENSG00000142168	SOD1	1	1	1
C4_DOWN	C4 R-sig	down	ENSG00000142173	COL6A2	1	1	1
C4_DOWN	C4 R-sig	down	ENSG00000142186	SCYL1	1	1	1
C4_UP	C4 R-sig	up	ENSG00000142188	TMEM50B	1	1	1
C4_DOWN	C4 R-sig	down	ENSG00000142192	APP	1	1	1
C4_DOWN	C4 R-sig	down	ENSG00000142208	AKT1	1	1	1
C4_UP	C4 R-sig	up	ENSG00000142227	EMP3	1	1	1
C4_DOWN	C4 R-sig	down	ENSG00000142230	SAE1	1	1	1
C4_DOWN	C4 R-sig	down	ENSG00000142327	RNPEPL1	1	1	1
C4_DOWN	C4 R-sig	down	ENSG00000142347	MYO1F	1	1	1
C4_DOWN	C4 R-sig	down	ENSG00000142453	CARM1	1	1	1
C4_DOWN	C4 R-sig	down	ENSG00000142459	EVI5L	1	1	1
C4_DOWN	C4 R-sig	down	ENSG00000142507	PSMB6	1	1	1
C4_DOWN	C4 R-sig	down	ENSG00000142541	RPL13A	1	1	1
C4_DOWN	C4 R-sig	down	ENSG00000142552	RCN3	1	1	1
C4_UP	C4 R-sig	up	ENSG00000142556	ZNF614	1	1	1
C4_DOWN	C4 R-sig	down	ENSG00000142599	RERE	1	1	1
C4_DOWN	C4 R-sig	down	ENSG00000142619	PADI3	1	1	1
C4_DOWN	C4 R-sig	down	ENSG00000142621	FHAD1	1	1	1
C4_DOWN	C4 R-sig	down	ENSG00000142657	PGD	1	1	1
C4_UP	C4 R-sig	up	ENSG00000142669	SH3BGRL3	1	1	1
C4_DOWN	C4 R-sig	down	ENSG00000142676	RPL11	1	1	1
C4_DOWN	C4 R-sig	down	ENSG00000142698	C1orf94	1	1	1
C4_DOWN	C4 R-sig	down	ENSG00000142733	MAP3K6	1	1	1
C4_DOWN	C4 R-sig	down	ENSG00000142798	HSPG2	1	1	1
C4_DOWN	C4 R-sig	down	ENSG00000142864	SERBP1	1	1	1
C4_UP	C4 R-sig	up	ENSG00000142867	BCL10	1	1	1
C4_DOWN	C4 R-sig	down	ENSG00000142937	RPS8	1	1	1
C4_DOWN	C4 R-sig	down	ENSG00000142945	KIF2C	1	1	1
C4_UP	C4 R-sig	up	ENSG00000143067	ZNF697	1	1	1
C4_DOWN	C4 R-sig	down	ENSG00000143127	ITGA10	1	1	1
C4_DOWN	C4 R-sig	down	ENSG00000143149	ALDH9A1	1	1	1
C4_UP	C4 R-sig	up	ENSG00000143156	NME7	1	1	1
C4_UP	C4 R-sig	up	ENSG00000143162	CREG1	1	1	1
C4_UP	C4 R-sig	up	ENSG00000143183	TMCO1	1	1	1
C4_UP	C4 R-sig	up	ENSG00000143190	POU2F1	1	1	1
C4_UP	C4 R-sig	up	ENSG00000143198	MGST3	1	1	1
C4_DOWN	C4 R-sig	down	ENSG00000143256	PFDN2	1	1	1
C4_UP	C4 R-sig	up	ENSG00000143294	PRCC	1	1	1
C4_DOWN	C4 R-sig	down	ENSG00000143314	MRPL24	1	1	1
C4_UP	C4 R-sig	up	ENSG00000143315	PIGM	1	1	1
C4_UP	C4 R-sig	up	ENSG00000143319	ISG20L2	1	1	1
C4_DOWN	C4 R-sig	down	ENSG00000143320	CRABP2	1	1	1
C4_DOWN	C4 R-sig	down	ENSG00000143321	HDGF	1	1	1
C4_UP	C4 R-sig	up	ENSG00000143322	ABL2	1	1	1
C4_UP	C4 R-sig	up	ENSG00000143324	XPR1	1	1	1
C4_UP	C4 R-sig	up	ENSG00000143337	TOR1AIP1	1	1	1
C4_UP	C4 R-sig	up	ENSG00000143344	RGL1	1	1	1
C4_UP	C4 R-sig	up	ENSG00000143368	SF3B4	1	1	1
C4_DOWN	C4 R-sig	down	ENSG00000143374	TARS2	1	1	1
C4_UP	C4 R-sig	up	ENSG00000143376	SNX27	1	1	1
C4_DOWN	C4 R-sig	down	ENSG00000143379	SETDB1	1	1	1
C4_UP	C4 R-sig	up	ENSG00000143384	MCL1	1	1	1
C4_DOWN	C4 R-sig	down	ENSG00000143390	RFX5	1	1	1
C4_UP	C4 R-sig	up	ENSG00000143398	PIP5K1A	1	1	1
C4_DOWN	C4 R-sig	down	ENSG00000143401	ANP32E	1	1	1
C4_UP	C4 R-sig	up	ENSG00000143418	CERS2	1	1	1
C4_UP	C4 R-sig	up	ENSG00000143457	GOLPH3L	1	1	1
C4_DOWN	C4 R-sig	down	ENSG00000143476	DTL	1	1	1
C4_UP	C4 R-sig	up	ENSG00000143479	DYRK3	1	1	1
C4_DOWN	C4 R-sig	down	ENSG00000143486	EIF2D	1	1	1
C4_UP	C4 R-sig	up	ENSG00000143493	INTS7	1	1	1
C4_UP	C4 R-sig	up	ENSG00000143507	DUSP10	1	1	1
C4_DOWN	C4 R-sig	down	ENSG00000143512	HHIPL2	1	1	1
C4_DOWN	C4 R-sig	down	ENSG00000143537	ADAM15	1	1	1
C4_UP	C4 R-sig	up	ENSG00000143543	JTB	1	1	1
C4_DOWN	C4 R-sig	down	ENSG00000143545	RAB13	1	1	1
C4_DOWN	C4 R-sig	down	ENSG00000143549	TPM3	1	1	1
C4_DOWN	C4 R-sig	down	ENSG00000143554	SLC27A3	1	1	1
C4_DOWN	C4 R-sig	down	ENSG00000143603	KCNN3	1	1	1
C4_UP	C4 R-sig	up	ENSG00000143612	LTAP1	0	0	0
C4_UP	C4 R-sig	up	ENSG00000143614	GATAD2B	1	1	1
C4_DOWN	C4 R-sig	down	ENSG00000143641	GALNT2	1	1	1
C4_UP	C4 R-sig	up	ENSG00000143643	TTC13	1	1	1
C4_UP	C4 R-sig	up	ENSG00000143669	LYST	1	1	1
C4_UP	C4 R-sig	up	ENSG00000143727	ACP1	1	1	1
C4_UP	C4 R-sig	up	ENSG00000143742	SRP9	1	1	1
C4_DOWN	C4 R-sig	down	ENSG00000143751	SDE2	1	1	1
C4_UP	C4 R-sig	up	ENSG00000143753	DEGS1	1	1	1
C4_UP	C4 R-sig	up	ENSG00000143756	FBXO28	1	1	1
C4_DOWN	C4 R-sig	down	ENSG00000143774	GUK1	1	1	1
C4_DOWN	C4 R-sig	down	ENSG00000143776	CDC42BPA	1	1	1
C4_DOWN	C4 R-sig	down	ENSG00000143793	C1orf35	1	1	1
C4_UP	C4 R-sig	up	ENSG00000143797	MBOAT2	1	1	1
C4_DOWN	C4 R-sig	down	ENSG00000143799	PARP1	1	1	1
C4_DOWN	C4 R-sig	down	ENSG00000143811	PYCR2	1	1	1
C4_DOWN	C4 R-sig	down	ENSG00000143842	SOX13	1	1	1
C4_DOWN	C4 R-sig	down	ENSG00000143847	PPFIA4	1	1	1
C4_DOWN	C4 R-sig	down	ENSG00000143870	PDIA6	1	1	1
C4_DOWN	C4 R-sig	down	ENSG00000143891	GALM	1	1	1
C4_UP	C4 R-sig	up	ENSG00000143947	RPS27A	1	1	1
C4_UP	C4 R-sig	up	ENSG00000143977	SNRPG	1	1	1
C4_DOWN	C4 R-sig	down	ENSG00000144028	SNRNP200	1	1	1
C4_DOWN	C4 R-sig	down	ENSG00000144029	MRPS5	1	1	1
C4_UP	C4 R-sig	up	ENSG00000144034	TPRKB	1	1	1
C4_UP	C4 R-sig	up	ENSG00000144036	EXOC6B	1	1	1
C4_UP	C4 R-sig	up	ENSG00000144043	TEX261	1	1	1
C4_UP	C4 R-sig	up	ENSG00000144048	DUSP11	1	1	1
C4_DOWN	C4 R-sig	down	ENSG00000144061	NPHP1	1	1	1
C4_UP	C4 R-sig	up	ENSG00000144136	SLC20A1	1	1	1
C4_UP	C4 R-sig	up	ENSG00000144161	ZC3H8	1	1	1
C4_DOWN	C4 R-sig	down	ENSG00000144191	CNGA3	1	1	1
C4_DOWN	C4 R-sig	down	ENSG00000144218	AFF3	1	1	1
C4_DOWN	C4 R-sig	down	ENSG00000144224	UBXN4	1	1	1
C4_DOWN	C4 R-sig	down	ENSG00000144278	GALNT13	1	1	1
C4_DOWN	C4 R-sig	down	ENSG00000144354	CDCA7	1	1	1
C4_DOWN	C4 R-sig	down	ENSG00000144355	DLX1	1	1	1
C4_UP	C4 R-sig	up	ENSG00000144366	GULP1	1	1	1
C4_UP	C4 R-sig	up	ENSG00000144369	FAM171B	1	1	1
C4_UP	C4 R-sig	up	ENSG00000144381	HSPD1	1	1	1
C4_UP	C4 R-sig	up	ENSG00000144445	KANSL1L	1	1	1
C4_DOWN	C4 R-sig	down	ENSG00000144535	DIS3L2	1	1	1
C4_DOWN	C4 R-sig	down	ENSG00000144554	FANCD2	1	1	1
C4_UP	C4 R-sig	up	ENSG00000144560	VGLL4	1	1	1
C4_UP	C4 R-sig	up	ENSG00000144566	RAB5A	1	1	1
C4_UP	C4 R-sig	up	ENSG00000144580	CNOT9	0	0	0
C4_UP	C4 R-sig	up	ENSG00000144597	EAF1	1	1	1
C4_DOWN	C4 R-sig	down	ENSG00000144642	RBMS3	1	1	1
C4_DOWN	C4 R-sig	down	ENSG00000144645	OSBPL10	1	1	1
C4_UP	C4 R-sig	up	ENSG00000144659	SLC25A38	1	1	1
C4_DOWN	C4 R-sig	down	ENSG00000144711	IQSEC1	1	1	1
C4_UP	C4 R-sig	up	ENSG00000144744	UBA3	1	1	1
C4_UP	C4 R-sig	up	ENSG00000144746	ARL6IP5	1	1	1
C4_DOWN	C4 R-sig	down	ENSG00000144749	LRIG1	1	1	1
C4_UP	C4 R-sig	up	ENSG00000144791	LIMD1	1	1	1
C4_DOWN	C4 R-sig	down	ENSG00000144810	COL8A1	1	1	1
C4_UP	C4 R-sig	up	ENSG00000144815	NXPE3	1	1	1
C4_DOWN	C4 R-sig	down	ENSG00000144824	PHLDB2	1	1	1
C4_UP	C4 R-sig	up	ENSG00000144827	ABHD10	1	1	1
C4_UP	C4 R-sig	up	ENSG00000144895	EIF2A	1	1	1
C4_UP	C4 R-sig	up	ENSG00000145022	TCTA	1	1	1
C4_UP	C4 R-sig	up	ENSG00000145050	MANF	1	1	1
C4_DOWN	C4 R-sig	down	ENSG00000145191	EIF2B5	1	1	1
C4_DOWN	C4 R-sig	down	ENSG00000145216	FIP1L1	1	1	1
C4_UP	C4 R-sig	up	ENSG00000145246	ATP10D	1	1	1
C4_DOWN	C4 R-sig	down	ENSG00000145293	ENOPH1	1	1	1
C4_DOWN	C4 R-sig	down	ENSG00000145335	SNCA	1	1	1
C4_UP	C4 R-sig	up	ENSG00000145354	CISD2	1	1	1
C4_DOWN	C4 R-sig	down	ENSG00000145362	ANK2	1	1	1
C4_UP	C4 R-sig	up	ENSG00000145390	USP53	1	1	1
C4_UP	C4 R-sig	up	ENSG00000145391	SETD7	1	1	1
C4_DOWN	C4 R-sig	down	ENSG00000145425	RPS3A	1	1	1
C4_DOWN	C4 R-sig	down	ENSG00000145491	ROPN1L	1	1	1
C4_DOWN	C4 R-sig	down	ENSG00000145494	NDUFS6	1	1	1
C4_UP	C4 R-sig	up	ENSG00000145495	MARCHF6	0	0	0
C4_DOWN	C4 R-sig	down	ENSG00000145555	MYO10	1	1	1
C4_UP	C4 R-sig	up	ENSG00000145632	PLK2	1	1	1
C4_DOWN	C4 R-sig	down	ENSG00000145687	SSBP2	1	1	1
C4_UP	C4 R-sig	up	ENSG00000145725	PPIP5K2	1	1	1
C4_UP	C4 R-sig	up	ENSG00000145740	SLC30A5	1	1	1
C4_UP	C4 R-sig	up	ENSG00000145741	BTF3	1	1	1
C4_UP	C4 R-sig	up	ENSG00000145780	FEM1C	1	1	1
C4_UP	C4 R-sig	up	ENSG00000145782	ATG12	1	1	1
C4_UP	C4 R-sig	up	ENSG00000145794	MEGF10	1	1	1
C4_UP	C4 R-sig	up	ENSG00000145817	YIPF5	1	1	1
C4_DOWN	C4 R-sig	down	ENSG00000145819	ARHGAP26	1	1	1
C4_DOWN	C4 R-sig	down	ENSG00000145833	DDX46	1	1	1
C4_UP	C4 R-sig	up	ENSG00000145860	RNF145	1	1	1
C4_DOWN	C4 R-sig	down	ENSG00000145901	TNIP1	1	1	1
C4_DOWN	C4 R-sig	down	ENSG00000145912	NHP2	1	1	1
C4_DOWN	C4 R-sig	down	ENSG00000145919	BOD1	1	1	1
C4_DOWN	C4 R-sig	down	ENSG00000145934	TENM2	1	1	1
C4_DOWN	C4 R-sig	down	ENSG00000145945	FAM50B	1	1	1
C4_DOWN	C4 R-sig	down	ENSG00000146007	ZMAT2	1	1	1
C4_UP	C4 R-sig	up	ENSG00000146066	HIGD2A	1	1	1
C4_UP	C4 R-sig	up	ENSG00000146072	TNFRSF21	1	1	1
C4_DOWN	C4 R-sig	down	ENSG00000146197	SCUBE3	1	1	1
C4_UP	C4 R-sig	up	ENSG00000146232	NFKBIE	1	1	1
C4_UP	C4 R-sig	up	ENSG00000146242	TPBG	1	1	1
C4_DOWN	C4 R-sig	down	ENSG00000146247	PHIP	1	1	1
C4_DOWN	C4 R-sig	down	ENSG00000146263	MMS22L	1	1	1
C4_UP	C4 R-sig	up	ENSG00000146350	TBC1D32	0	1	1
C4_UP	C4 R-sig	up	ENSG00000146374	RSPO3	1	1	1
C4_UP	C4 R-sig	up	ENSG00000146386	ABRACL	1	1	1
C4_UP	C4 R-sig	up	ENSG00000146433	TMEM181	1	1	1
C4_UP	C4 R-sig	up	ENSG00000146476	DCPH1	0	0	0
C4_DOWN	C4 R-sig	down	ENSG00000146540	CHLSN	0	0	0
C4_UP	C4 R-sig	up	ENSG00000146587	RBAK	1	1	1
C4_DOWN	C4 R-sig	down	ENSG00000146648	EGFR	1	1	1
C4_DOWN	C4 R-sig	down	ENSG00000146674	IGFBP3	1	1	1
C4_UP	C4 R-sig	up	ENSG00000146676	PURB	1	1	1
C4_DOWN	C4 R-sig	down	ENSG00000146729	NIPSNAP2	0	0	0
C4_UP	C4 R-sig	up	ENSG00000146731	CCT6A	1	1	1
C4_UP	C4 R-sig	up	ENSG00000146757	ZNF92	1	1	1
C4_DOWN	C4 R-sig	down	ENSG00000146830	GIGYF1	1	1	1
C4_UP	C4 R-sig	up	ENSG00000146834	MEPCE	1	1	1
C4_DOWN	C4 R-sig	down	ENSG00000146909	NOM1	1	1	1
C4_DOWN	C4 R-sig	down	ENSG00000146918	NCAPG2	1	1	1
C4_DOWN	C4 R-sig	down	ENSG00000146950	SHROOM2	1	1	1
C4_DOWN	C4 R-sig	down	ENSG00000146963	LUC7L2	1	1	1
C4_DOWN	C4 R-sig	down	ENSG00000147010	SH3KBP1	1	1	1
C4_UP	C4 R-sig	up	ENSG00000147050	KDM6A	1	1	1
C4_DOWN	C4 R-sig	down	ENSG00000147065	MSN	1	1	1
C4_UP	C4 R-sig	up	ENSG00000147100	SLC16A2	1	1	1
C4_DOWN	C4 R-sig	down	ENSG00000147130	ZMYM3	1	1	1
C4_DOWN	C4 R-sig	down	ENSG00000147133	TAF1	1	1	1
C4_DOWN	C4 R-sig	down	ENSG00000147140	NONO	1	1	1
C4_DOWN	C4 R-sig	down	ENSG00000147274	RBMX	1	1	1
C4_UP	C4 R-sig	up	ENSG00000147383	NSDHL	1	1	1
C4_UP	C4 R-sig	up	ENSG00000147403	RPL10	1	1	1
C4_UP	C4 R-sig	up	ENSG00000147416	ATP6V1B2	1	1	1
C4_DOWN	C4 R-sig	down	ENSG00000147419	CCDC25	1	1	1
C4_DOWN	C4 R-sig	down	ENSG00000147459	DOCK5	1	1	1
C4_UP	C4 R-sig	up	ENSG00000147471	PLPBP	0	0	0
C4_DOWN	C4 R-sig	down	ENSG00000147475	ERLIN2	1	1	1
C4_UP	C4 R-sig	up	ENSG00000147535	PLPP5	0	0	1
C4_UP	C4 R-sig	up	ENSG00000147614	ATP6V0D2	1	1	1
C4_UP	C4 R-sig	up	ENSG00000147649	MTDH	1	1	1
C4_UP	C4 R-sig	up	ENSG00000147650	LRP12	1	1	1
C4_UP	C4 R-sig	up	ENSG00000147669	POLR2K	1	1	1
C4_UP	C4 R-sig	up	ENSG00000147679	UTP23	1	1	1
C4_DOWN	C4 R-sig	down	ENSG00000147684	NDUFB9	1	1	1
C4_DOWN	C4 R-sig	down	ENSG00000147852	VLDLR	1	1	1
C4_DOWN	C4 R-sig	down	ENSG00000147905	ZCCHC7	1	1	1
C4_UP	C4 R-sig	up	ENSG00000147996	ZNG1E	0	0	0
C4_UP	C4 R-sig	up	ENSG00000148019	CEP78	1	1	1
C4_UP	C4 R-sig	up	ENSG00000148082	SHC3	1	1	1
C4_UP	C4 R-sig	up	ENSG00000148143	ZNF462	1	1	1
C4_UP	C4 R-sig	up	ENSG00000148154	UGCG	1	1	1
C4_UP	C4 R-sig	up	ENSG00000148158	SNX30	1	1	1
C4_DOWN	C4 R-sig	down	ENSG00000148180	GSN	1	1	1
C4_DOWN	C4 R-sig	down	ENSG00000148218	ALAD	1	1	1
C4_DOWN	C4 R-sig	down	ENSG00000148296	SURF6	1	1	1
C4_DOWN	C4 R-sig	down	ENSG00000148300	REXO4	1	1	1
C4_DOWN	C4 R-sig	down	ENSG00000148303	RPL7A	1	1	1
C4_DOWN	C4 R-sig	down	ENSG00000148308	GTF3C5	1	1	1
C4_DOWN	C4 R-sig	down	ENSG00000148334	PTGES2	1	1	1
C4_DOWN	C4 R-sig	down	ENSG00000148335	NTMT1	1	1	1
C4_DOWN	C4 R-sig	down	ENSG00000148337	CIZ1	1	1	1
C4_DOWN	C4 R-sig	down	ENSG00000148339	SLC25A25	1	1	1
C4_DOWN	C4 R-sig	down	ENSG00000148356	LRSAM1	1	1	1
C4_DOWN	C4 R-sig	down	ENSG00000148411	NACC2	1	1	1
C4_DOWN	C4 R-sig	down	ENSG00000148468	FAM171A1	1	1	1
C4_UP	C4 R-sig	up	ENSG00000148572	NRBF2	1	1	1
C4_UP	C4 R-sig	up	ENSG00000148634	HERC4	1	1	1
C4_DOWN	C4 R-sig	down	ENSG00000148672	GLUD1	1	1	1
C4_UP	C4 R-sig	up	ENSG00000148688	RPP30	1	1	1
C4_DOWN	C4 R-sig	down	ENSG00000148690	FRA10AC1	1	1	1
C4_UP	C4 R-sig	up	ENSG00000148730	EIF4EBP2	1	1	1
C4_UP	C4 R-sig	up	ENSG00000148737	TCF7L2	1	1	1
C4_DOWN	C4 R-sig	down	ENSG00000148773	MKI67	1	1	1
C4_DOWN	C4 R-sig	down	ENSG00000148803	FUOM	1	1	1
C4_UP	C4 R-sig	up	ENSG00000148840	PPRC1	1	1	1
C4_UP	C4 R-sig	up	ENSG00000148841	ITPRIP	1	1	1
C4_UP	C4 R-sig	up	ENSG00000148842	CNNM2	1	1	1
C4_DOWN	C4 R-sig	down	ENSG00000148843	PDCD11	1	1	1
C4_DOWN	C4 R-sig	down	ENSG00000148848	ADAM12	1	1	1
C4_DOWN	C4 R-sig	down	ENSG00000148926	ADM	1	1	1
C4_UP	C4 R-sig	up	ENSG00000149084	HSD17B12	1	1	1
C4_DOWN	C4 R-sig	down	ENSG00000149090	PAMR1	1	1	1
C4_DOWN	C4 R-sig	down	ENSG00000149091	DGKZ	1	1	1
C4_UP	C4 R-sig	up	ENSG00000149100	EIF3M	1	1	1
C4_DOWN	C4 R-sig	down	ENSG00000149115	TNKS1BP1	1	1	1
C4_DOWN	C4 R-sig	down	ENSG00000149136	SSRP1	1	1	1
C4_DOWN	C4 R-sig	down	ENSG00000149177	PTPRJ	1	1	1
C4_DOWN	C4 R-sig	down	ENSG00000149179	CSTPP1	0	0	0
C4_DOWN	C4 R-sig	down	ENSG00000149182	ARFGAP2	1	1	1
C4_UP	C4 R-sig	up	ENSG00000149187	CELF1	1	1	1
C4_UP	C4 R-sig	up	ENSG00000149231	CCDC82	1	1	1
C4_DOWN	C4 R-sig	down	ENSG00000149256	TENM4	1	1	1
C4_DOWN	C4 R-sig	down	ENSG00000149257	SERPINH1	1	1	1
C4_DOWN	C4 R-sig	down	ENSG00000149260	CAPN5	1	1	1
C4_DOWN	C4 R-sig	down	ENSG00000149273	RPS3	1	1	1
C4_UP	C4 R-sig	up	ENSG00000149289	ZC3H12C	1	1	1
C4_DOWN	C4 R-sig	down	ENSG00000149294	NCAM1	1	1	1
C4_UP	C4 R-sig	up	ENSG00000149357	LAMTOR1	1	1	1
C4_DOWN	C4 R-sig	down	ENSG00000149428	HYOU1	1	1	1
C4_UP	C4 R-sig	up	ENSG00000149483	TMEM138	1	1	1
C4_UP	C4 R-sig	up	ENSG00000149485	FADS1	1	1	1
C4_DOWN	C4 R-sig	down	ENSG00000149499	EML3	1	1	1
C4_DOWN	C4 R-sig	down	ENSG00000149503	INCENP	1	1	1
C4_DOWN	C4 R-sig	down	ENSG00000149506	ZP1	1	1	1
C4_UP	C4 R-sig	up	ENSG00000149532	CPSF7	1	1	1
C4_UP	C4 R-sig	up	ENSG00000149600	COMMD7	1	1	1
C4_DOWN	C4 R-sig	down	ENSG00000149633	KIAA1755	1	1	1
C4_DOWN	C4 R-sig	down	ENSG00000149636	DSN1	1	1	1
C4_DOWN	C4 R-sig	down	ENSG00000149639	MTCL2	0	0	0
C4_UP	C4 R-sig	up	ENSG00000149658	YTHDF1	1	1	1
C4_DOWN	C4 R-sig	down	ENSG00000149781	FERMT3	1	1	1
C4_DOWN	C4 R-sig	down	ENSG00000149782	PLCB3	1	1	1
C4_UP	C4 R-sig	up	ENSG00000149792	MRPL49	1	1	1
C4_UP	C4 R-sig	up	ENSG00000149798	CDC42EP2	1	1	1
C4_UP	C4 R-sig	up	ENSG00000149806	FAU	1	1	1
C4_UP	C4 R-sig	up	ENSG00000149809	TM7SF2	1	1	1
C4_DOWN	C4 R-sig	down	ENSG00000149823	VPS51	1	1	1
C4_DOWN	C4 R-sig	down	ENSG00000149923	PPP4C	1	1	1
C4_DOWN	C4 R-sig	down	ENSG00000149925	ALDOA	1	1	1
C4_DOWN	C4 R-sig	down	ENSG00000149929	HIRIP3	1	1	1
C4_UP	C4 R-sig	up	ENSG00000149948	HMGA2	1	1	1
C4_DOWN	C4 R-sig	down	ENSG00000150093	ITGB1	1	1	1
C4_UP	C4 R-sig	up	ENSG00000150347	ARID5B	1	1	1
C4_DOWN	C4 R-sig	down	ENSG00000150403	SLC9D1	0	0	0
C4_DOWN	C4 R-sig	down	ENSG00000150477	KIAA1328	1	1	1
C4_UP	C4 R-sig	up	ENSG00000150527	MIA2	1	1	1
C4_UP	C4 R-sig	up	ENSG00000150551	LYPD1	1	1	1
C4_DOWN	C4 R-sig	down	ENSG00000150593	PDCD4	1	1	1
C4_DOWN	C4 R-sig	down	ENSG00000150636	CCDC102B	1	1	1
C4_DOWN	C4 R-sig	down	ENSG00000150672	DLG2	1	1	1
C4_DOWN	C4 R-sig	down	ENSG00000150753	CCT5	1	1	1
C4_UP	C4 R-sig	up	ENSG00000150756	ATPSCKMT	0	0	0
C4_DOWN	C4 R-sig	down	ENSG00000150760	DOCK1	1	1	1
C4_DOWN	C4 R-sig	down	ENSG00000150764	DIXDC1	1	1	1
C4_UP	C4 R-sig	up	ENSG00000150768	DLAT	1	1	1
C4_UP	C4 R-sig	up	ENSG00000150867	PIP4K2A	1	1	1
C4_DOWN	C4 R-sig	down	ENSG00000150938	CRIM1	1	1	1
C4_UP	C4 R-sig	up	ENSG00000150961	SEC24D	1	1	1
C4_DOWN	C4 R-sig	down	ENSG00000150990	DHX37	1	1	1
C4_DOWN	C4 R-sig	down	ENSG00000150995	ITPR1	1	1	1
C4_UP	C4 R-sig	up	ENSG00000151014	NOCT	0	0	1
C4_DOWN	C4 R-sig	down	ENSG00000151067	CACNA1C	1	1	1
C4_UP	C4 R-sig	up	ENSG00000151092	NGLY1	1	1	1
C4_UP	C4 R-sig	up	ENSG00000151135	TMEM263	0	0	1
C4_DOWN	C4 R-sig	down	ENSG00000151150	ANK3	1	1	1
C4_DOWN	C4 R-sig	down	ENSG00000151208	DLG5	1	1	1
C4_UP	C4 R-sig	up	ENSG00000151239	TWF1	1	1	1
C4_DOWN	C4 R-sig	down	ENSG00000151240	DIP2C	1	1	1
C4_UP	C4 R-sig	up	ENSG00000151247	EIF4E	1	1	1
C4_UP	C4 R-sig	up	ENSG00000151287	TEX30	1	1	1
C4_UP	C4 R-sig	up	ENSG00000151292	CSNK1G3	1	1	1
C4_UP	C4 R-sig	up	ENSG00000151304	SRFBP1	1	1	1
C4_DOWN	C4 R-sig	down	ENSG00000151320	AKAP6	1	1	1
C4_UP	C4 R-sig	up	ENSG00000151414	NEK7	1	1	1
C4_UP	C4 R-sig	up	ENSG00000151458	ANKRD50	1	1	1
C4_UP	C4 R-sig	up	ENSG00000151491	EPS8	1	1	1
C4_DOWN	C4 R-sig	down	ENSG00000151502	VPS26B	1	1	1
C4_DOWN	C4 R-sig	down	ENSG00000151503	NCAPD3	1	1	1
C4_DOWN	C4 R-sig	down	ENSG00000151532	VTI1A	1	1	1
C4_UP	C4 R-sig	up	ENSG00000151575	TEX9	1	1	1
C4_UP	C4 R-sig	up	ENSG00000151576	QTRT2	0	0	0
C4_UP	C4 R-sig	up	ENSG00000151617	EDNRA	1	1	1
C4_DOWN	C4 R-sig	down	ENSG00000151632	AKR1C2	1	1	1
C4_DOWN	C4 R-sig	down	ENSG00000151640	DPYSL4	1	1	1
C4_UP	C4 R-sig	up	ENSG00000151690	MFSD6	1	1	1
C4_UP	C4 R-sig	up	ENSG00000151692	RNF144A	1	1	1
C4_DOWN	C4 R-sig	down	ENSG00000151693	ASAP2	1	1	1
C4_DOWN	C4 R-sig	down	ENSG00000151725	CENPU	0	1	1
C4_DOWN	C4 R-sig	down	ENSG00000151746	BICD1	1	1	1
C4_UP	C4 R-sig	up	ENSG00000151748	SAV1	1	1	1
C4_DOWN	C4 R-sig	down	ENSG00000151779	NBAS	1	1	1
C4_DOWN	C4 R-sig	down	ENSG00000151789	ZNF385D	1	1	1
C4_UP	C4 R-sig	up	ENSG00000151806	GUF1	1	1	1
C4_DOWN	C4 R-sig	down	ENSG00000151876	FBXO4	1	1	1
C4_UP	C4 R-sig	up	ENSG00000151893	CACUL1	1	1	1
C4_UP	C4 R-sig	up	ENSG00000151923	TIAL1	1	1	1
C4_UP	C4 R-sig	up	ENSG00000151929	BAG3	1	1	1
C4_UP	C4 R-sig	up	ENSG00000152102	FAM168B	1	1	1
C4_UP	C4 R-sig	up	ENSG00000152104	PTPN14	1	1	1
C4_UP	C4 R-sig	up	ENSG00000152137	HSPB8	1	1	1
C4_UP	C4 R-sig	up	ENSG00000152193	OBI1	0	0	0
C4_DOWN	C4 R-sig	down	ENSG00000152208	GRID2	1	1	1
C4_UP	C4 R-sig	up	ENSG00000152219	ARL14EP	1	1	1
C4_DOWN	C4 R-sig	down	ENSG00000152234	ATP5F1A	0	0	0
C4_DOWN	C4 R-sig	down	ENSG00000152256	PDK1	1	1	1
C4_DOWN	C4 R-sig	down	ENSG00000152291	TGOLN2	1	1	1
C4_UP	C4 R-sig	up	ENSG00000152332	UHMK1	1	1	1
C4_UP	C4 R-sig	up	ENSG00000152409	JMY	1	1	1
C4_DOWN	C4 R-sig	down	ENSG00000152439	ZNF773	1	1	1
C4_UP	C4 R-sig	up	ENSG00000152464	RPP38	1	1	1
C4_DOWN	C4 R-sig	down	ENSG00000152465	NMT2	1	1	1
C4_UP	C4 R-sig	up	ENSG00000152484	USP12	1	1	1
C4_DOWN	C4 R-sig	down	ENSG00000152492	CCDC50	1	1	1
C4_DOWN	C4 R-sig	down	ENSG00000152556	PFKM	1	1	1
C4_UP	C4 R-sig	up	ENSG00000152558	TMEM123	1	1	1
C4_UP	C4 R-sig	up	ENSG00000152601	MBNL1	1	1	1
C4_DOWN	C4 R-sig	down	ENSG00000152642	GPD1L	1	1	1
C4_UP	C4 R-sig	up	ENSG00000152683	SLC30A6	1	1	1
C4_UP	C4 R-sig	up	ENSG00000152700	SAR1B	1	1	1
C4_UP	C4 R-sig	up	ENSG00000152749	GPR180	1	1	1
C4_DOWN	C4 R-sig	down	ENSG00000152767	FARP1	1	1	1
C4_UP	C4 R-sig	up	ENSG00000152778	IFIT5	1	1	1
C4_DOWN	C4 R-sig	down	ENSG00000152795	HNRNPDL	0	1	1
C4_DOWN	C4 R-sig	down	ENSG00000152818	UTRN	1	1	1
C4_UP	C4 R-sig	up	ENSG00000152894	PTPRK	1	1	1
C4_UP	C4 R-sig	up	ENSG00000152942	RAD17	1	1	1
C4_UP	C4 R-sig	up	ENSG00000152944	MED21	1	1	1
C4_UP	C4 R-sig	up	ENSG00000152990	ADGRA3	0	0	1
C4_DOWN	C4 R-sig	down	ENSG00000153015	CWC27	1	1	1
C4_DOWN	C4 R-sig	down	ENSG00000153044	CENPH	1	1	1
C4_UP	C4 R-sig	up	ENSG00000153066	TXNDC11	1	1	1
C4_UP	C4 R-sig	up	ENSG00000153094	BCL2L11	1	1	1
C4_DOWN	C4 R-sig	down	ENSG00000153113	CAST	1	1	1
C4_UP	C4 R-sig	up	ENSG00000153130	SCOC	1	1	1
C4_UP	C4 R-sig	up	ENSG00000153147	SMARCA5	1	1	1
C4_DOWN	C4 R-sig	down	ENSG00000153187	HNRNPU	1	1	1
C4_UP	C4 R-sig	up	ENSG00000153201	RANBP2	1	1	1
C4_UP	C4 R-sig	up	ENSG00000153207	AHCTF1	1	1	1
C4_UP	C4 R-sig	up	ENSG00000153214	TMEM87B	1	1	1
C4_DOWN	C4 R-sig	down	ENSG00000153233	PTPRR	1	1	1
C4_UP	C4 R-sig	up	ENSG00000153234	NR4A2	1	1	1
C4_UP	C4 R-sig	up	ENSG00000153250	RBMS1	1	1	1
C4_UP	C4 R-sig	up	ENSG00000153294	ADGRF4	0	0	1
C4_UP	C4 R-sig	up	ENSG00000153339	TRAPPC8	1	1	1
C4_UP	C4 R-sig	up	ENSG00000153560	UBP1	1	1	1
C4_UP	C4 R-sig	up	ENSG00000153561	RMND5A	1	1	1
C4_DOWN	C4 R-sig	down	ENSG00000153774	CFDP1	1	1	1
C4_DOWN	C4 R-sig	down	ENSG00000153815	CMIP	1	1	1
C4_DOWN	C4 R-sig	down	ENSG00000153832	FBXO36	1	1	1
C4_DOWN	C4 R-sig	down	ENSG00000153879	CEBPG	1	1	1
C4_DOWN	C4 R-sig	down	ENSG00000153904	DDAH1	1	1	1
C4_DOWN	C4 R-sig	down	ENSG00000153930	ANKFN1	1	1	1
C4_UP	C4 R-sig	up	ENSG00000153936	HS2ST1	1	1	1
C4_UP	C4 R-sig	up	ENSG00000153975	ZUP1	0	0	0
C4_DOWN	C4 R-sig	down	ENSG00000153976	HS3ST3A1	1	1	1
C4_UP	C4 R-sig	up	ENSG00000153989	NUS1	1	1	1
C4_UP	C4 R-sig	up	ENSG00000154001	PPP2R5E	1	1	1
C4_DOWN	C4 R-sig	down	ENSG00000154059	IMPACT	1	1	1
C4_UP	C4 R-sig	up	ENSG00000154114	TBCEL	1	1	1
C4_UP	C4 R-sig	up	ENSG00000154124	OTULIN	0	0	1
C4_UP	C4 R-sig	up	ENSG00000154127	UBASH3B	1	1	1
C4_UP	C4 R-sig	up	ENSG00000154146	NRGN	1	1	1
C4_UP	C4 R-sig	up	ENSG00000154174	TOMM70	0	0	0
C4_DOWN	C4 R-sig	down	ENSG00000154222	CC2D1B	1	1	1
C4_DOWN	C4 R-sig	down	ENSG00000154229	PRKCA	1	1	1
C4_DOWN	C4 R-sig	down	ENSG00000154240	CEP112	1	1	1
C4_DOWN	C4 R-sig	down	ENSG00000154305	MIA3	1	1	1
C4_DOWN	C4 R-sig	down	ENSG00000154380	ENAH	1	1	1
C4_UP	C4 R-sig	up	ENSG00000154447	SH3RF1	1	1	1
C4_UP	C4 R-sig	up	ENSG00000154582	ELOC	0	0	0
C4_UP	C4 R-sig	up	ENSG00000154589	LY96	1	1	1
C4_DOWN	C4 R-sig	down	ENSG00000154646	TMPRSS15	1	1	1
C4_DOWN	C4 R-sig	down	ENSG00000154654	NCAM2	1	1	1
C4_UP	C4 R-sig	up	ENSG00000154723	ATP5PF	0	0	0
C4_DOWN	C4 R-sig	down	ENSG00000154734	ADAMTS1	1	1	1
C4_DOWN	C4 R-sig	down	ENSG00000154760	SLFN13	1	1	1
C4_DOWN	C4 R-sig	down	ENSG00000154767	XPC	1	1	1
C4_UP	C4 R-sig	up	ENSG00000154803	FLCN	1	1	1
C4_UP	C4 R-sig	up	ENSG00000154813	DPH3	1	1	1
C4_UP	C4 R-sig	up	ENSG00000154822	PLCL2	1	1	1
C4_UP	C4 R-sig	up	ENSG00000154845	PPP4R1	1	1	1
C4_DOWN	C4 R-sig	down	ENSG00000154957	ZNF18	1	1	1
C4_UP	C4 R-sig	up	ENSG00000155034	FBXL18	1	1	1
C4_UP	C4 R-sig	up	ENSG00000155096	AZIN1	1	1	1
C4_UP	C4 R-sig	up	ENSG00000155097	ATP6V1C1	1	1	1
C4_UP	C4 R-sig	up	ENSG00000155099	PIP4P2	0	0	0
C4_DOWN	C4 R-sig	down	ENSG00000155229	MMS19	1	1	1
C4_UP	C4 R-sig	up	ENSG00000155252	PI4K2A	1	1	1
C4_UP	C4 R-sig	up	ENSG00000155304	HSPA13	1	1	1
C4_UP	C4 R-sig	up	ENSG00000155329	ZCCHC10	1	1	1
C4_DOWN	C4 R-sig	down	ENSG00000155363	MOV10	1	1	1
C4_DOWN	C4 R-sig	down	ENSG00000155366	RHOC	1	1	1
C4_UP	C4 R-sig	up	ENSG00000155368	DBI	1	1	1
C4_UP	C4 R-sig	up	ENSG00000155438	NIFK	0	1	1
C4_UP	C4 R-sig	up	ENSG00000155545	MIER3	1	1	1
C4_DOWN	C4 R-sig	down	ENSG00000155561	NUP205	1	1	1
C4_DOWN	C4 R-sig	down	ENSG00000155660	PDIA4	1	1	1
C4_UP	C4 R-sig	up	ENSG00000155744	HYCC2	0	0	0
C4_DOWN	C4 R-sig	down	ENSG00000155827	RNF20	1	1	1
C4_UP	C4 R-sig	up	ENSG00000155850	SLC26A2	1	1	1
C4_UP	C4 R-sig	up	ENSG00000155868	MED7	1	1	1
C4_DOWN	C4 R-sig	down	ENSG00000155893	PXYLP1	0	0	1
C4_DOWN	C4 R-sig	down	ENSG00000155897	ADCY8	1	1	1
C4_UP	C4 R-sig	up	ENSG00000155906	RMND1	1	1	1
C4_DOWN	C4 R-sig	down	ENSG00000155966	AFF2	1	1	1
C4_UP	C4 R-sig	up	ENSG00000155975	VPS37A	1	1	1
C4_DOWN	C4 R-sig	down	ENSG00000156011	PSD3	1	1	1
C4_UP	C4 R-sig	up	ENSG00000156026	MCU	1	1	1
C4_DOWN	C4 R-sig	down	ENSG00000156030	MIDEAS	0	0	0
C4_UP	C4 R-sig	up	ENSG00000156052	GNAQ	1	1	1
C4_UP	C4 R-sig	up	ENSG00000156103	MMP16	1	1	1
C4_DOWN	C4 R-sig	down	ENSG00000156110	ADK	1	1	1
C4_UP	C4 R-sig	up	ENSG00000156140	ADAMTS3	1	1	1
C4_UP	C4 R-sig	up	ENSG00000156162	DPY19L4	1	1	1
C4_UP	C4 R-sig	up	ENSG00000156171	DRAM2	1	1	1
C4_UP	C4 R-sig	up	ENSG00000156253	RWDD2B	1	1	1
C4_UP	C4 R-sig	up	ENSG00000156261	CCT8	1	1	1
C4_UP	C4 R-sig	up	ENSG00000156273	BACH1	1	1	1
C4_DOWN	C4 R-sig	down	ENSG00000156398	SFXN2	1	1	1
C4_UP	C4 R-sig	up	ENSG00000156411	ATP5MJ	0	0	0
C4_UP	C4 R-sig	up	ENSG00000156471	PTDSS1	1	1	1
C4_UP	C4 R-sig	up	ENSG00000156482	RPL30	1	1	1
C4_UP	C4 R-sig	up	ENSG00000156502	SUPV3L1	1	1	1
C4_UP	C4 R-sig	up	ENSG00000156504	PABIR2	0	0	0
C4_DOWN	C4 R-sig	down	ENSG00000156510	HKDC1	1	1	1
C4_DOWN	C4 R-sig	down	ENSG00000156515	HK1	1	1	1
C4_UP	C4 R-sig	up	ENSG00000156599	ZDHHC5	1	1	1
C4_UP	C4 R-sig	up	ENSG00000156642	NPTN	1	1	1
C4_DOWN	C4 R-sig	down	ENSG00000156650	KAT6B	1	1	1
C4_UP	C4 R-sig	up	ENSG00000156671	SAMD8	1	1	1
C4_DOWN	C4 R-sig	down	ENSG00000156709	AIFM1	1	1	1
C4_UP	C4 R-sig	up	ENSG00000156735	BAG4	1	1	1
C4_DOWN	C4 R-sig	down	ENSG00000156802	ATAD2	1	1	1
C4_UP	C4 R-sig	up	ENSG00000156804	FBXO32	1	1	1
C4_UP	C4 R-sig	up	ENSG00000156858	PRR14	1	1	1
C4_UP	C4 R-sig	up	ENSG00000156860	FBRS	1	1	1
C4_DOWN	C4 R-sig	down	ENSG00000156873	PHKG2	1	1	1
C4_UP	C4 R-sig	up	ENSG00000156875	SLC71A1	0	0	0
C4_DOWN	C4 R-sig	down	ENSG00000156958	GALK2	1	1	1
C4_DOWN	C4 R-sig	down	ENSG00000156970	BUB1B	1	1	1
C4_UP	C4 R-sig	up	ENSG00000156976	EIF4A2	1	1	1
C4_DOWN	C4 R-sig	down	ENSG00000156983	BRPF1	1	1	1
C4_DOWN	C4 R-sig	down	ENSG00000157020	SEC13	1	1	1
C4_UP	C4 R-sig	up	ENSG00000157045	NTAN1	1	1	1
C4_DOWN	C4 R-sig	down	ENSG00000157064	NMNAT2	1	1	1
C4_UP	C4 R-sig	up	ENSG00000157107	FCHO2	1	1	1
C4_UP	C4 R-sig	up	ENSG00000157110	RBPMS	1	1	1
C4_DOWN	C4 R-sig	down	ENSG00000157168	NRG1	1	1	1
C4_UP	C4 R-sig	up	ENSG00000157224	CLDN12	1	1	1
C4_DOWN	C4 R-sig	down	ENSG00000157227	MMP14	1	1	1
C4_UP	C4 R-sig	up	ENSG00000157259	GATAD1	1	1	1
C4_DOWN	C4 R-sig	down	ENSG00000157326	DHRS4	1	1	1
C4_DOWN	C4 R-sig	down	ENSG00000157349	DDX19B	1	1	1
C4_DOWN	C4 R-sig	down	ENSG00000157353	FCSK	0	0	0
C4_UP	C4 R-sig	up	ENSG00000157450	RNF111	1	1	1
C4_DOWN	C4 R-sig	down	ENSG00000157470	FAM81A	1	1	1
C4_DOWN	C4 R-sig	down	ENSG00000157483	MYO1E	1	1	1
C4_UP	C4 R-sig	up	ENSG00000157514	TSC22D3	1	1	1
C4_UP	C4 R-sig	up	ENSG00000157540	DYRK1A	1	1	1
C4_UP	C4 R-sig	up	ENSG00000157593	SLC35B2	1	1	1
C4_UP	C4 R-sig	up	ENSG00000157600	TMEM164	1	1	1
C4_DOWN	C4 R-sig	down	ENSG00000157601	MX1	1	1	1
C4_DOWN	C4 R-sig	down	ENSG00000157613	CREB3L1	1	1	1
C4_UP	C4 R-sig	up	ENSG00000157625	TAB3	1	1	1
C4_DOWN	C4 R-sig	down	ENSG00000157637	SLC38A10	1	1	1
C4_UP	C4 R-sig	up	ENSG00000157654	PALM2AKAP2	0	0	0
C4_UP	C4 R-sig	up	ENSG00000157680	DGKI	1	1	1
C4_UP	C4 R-sig	up	ENSG00000157741	UBN2	1	1	1
C4_UP	C4 R-sig	up	ENSG00000157764	BRAF	1	1	1
C4_DOWN	C4 R-sig	down	ENSG00000157782	CABP1	1	1	1
C4_UP	C4 R-sig	up	ENSG00000157827	FMNL2	1	1	1
C4_UP	C4 R-sig	up	ENSG00000157837	SPPL3	1	1	1
C4_DOWN	C4 R-sig	down	ENSG00000157881	PANK4	1	1	1
C4_DOWN	C4 R-sig	down	ENSG00000157911	PEX10	1	1	1
C4_UP	C4 R-sig	up	ENSG00000157916	RER1	1	1	1
C4_UP	C4 R-sig	up	ENSG00000157933	SKI	1	1	1
C4_DOWN	C4 R-sig	down	ENSG00000157985	AGAP1	1	1	1
C4_DOWN	C4 R-sig	down	ENSG00000158008	EXTL1	1	1	1
C4_DOWN	C4 R-sig	down	ENSG00000158042	MRPL17	1	1	1
C4_UP	C4 R-sig	up	ENSG00000158122	PRXL2C	0	0	0
C4_UP	C4 R-sig	up	ENSG00000158161	EYA3	1	1	1
C4_DOWN	C4 R-sig	down	ENSG00000158246	TENT5B	0	0	0
C4_UP	C4 R-sig	up	ENSG00000158290	CUL4B	1	1	1
C4_DOWN	C4 R-sig	down	ENSG00000158373	H2BC5	0	0	0
C4_DOWN	C4 R-sig	down	ENSG00000158406	H4C8	0	0	0
C4_DOWN	C4 R-sig	down	ENSG00000158417	EIF5B	1	1	1
C4_UP	C4 R-sig	up	ENSG00000158470	B4GALT5	1	1	1
C4_UP	C4 R-sig	up	ENSG00000158480	SPATA2	1	1	1
C4_DOWN	C4 R-sig	down	ENSG00000158526	TSR2	1	1	1
C4_DOWN	C4 R-sig	down	ENSG00000158545	ZC3H18	1	1	1
C4_UP	C4 R-sig	up	ENSG00000158615	PPP1R15B	1	1	1
C4_DOWN	C4 R-sig	down	ENSG00000158623	COPG2	1	1	1
C4_UP	C4 R-sig	up	ENSG00000158710	TAGLN2	1	1	1
C4_UP	C4 R-sig	up	ENSG00000158711	ELK4	1	1	1
C4_UP	C4 R-sig	up	ENSG00000158715	SLC45A3	1	1	1
C4_DOWN	C4 R-sig	down	ENSG00000158717	RNF166	1	1	1
C4_DOWN	C4 R-sig	down	ENSG00000158864	NDUFS2	1	1	1
C4_DOWN	C4 R-sig	down	ENSG00000158941	CCAR2	0	1	1
C4_UP	C4 R-sig	up	ENSG00000158985	CDC42SE2	1	1	1
C4_DOWN	C4 R-sig	down	ENSG00000159069	FBXW5	1	1	1
C4_UP	C4 R-sig	up	ENSG00000159082	SYNJ1	1	1	1
C4_DOWN	C4 R-sig	down	ENSG00000159131	GART	1	1	1
C4_UP	C4 R-sig	up	ENSG00000159140	SON	1	1	1
C4_DOWN	C4 R-sig	down	ENSG00000159167	STC1	1	1	1
C4_UP	C4 R-sig	up	ENSG00000159202	UBE2Z	1	1	1
C4_DOWN	C4 R-sig	down	ENSG00000159208	CIART	0	0	1
C4_DOWN	C4 R-sig	down	ENSG00000159210	SNF8	1	1	1
C4_DOWN	C4 R-sig	down	ENSG00000159228	CBR1	1	1	1
C4_UP	C4 R-sig	up	ENSG00000159256	MORC3	1	1	1
C4_DOWN	C4 R-sig	down	ENSG00000159259	CHAF1B	1	1	1
C4_UP	C4 R-sig	up	ENSG00000159335	PTMS	1	1	1
C4_UP	C4 R-sig	up	ENSG00000159346	ADIPOR1	1	1	1
C4_DOWN	C4 R-sig	down	ENSG00000159352	PSMD4	1	1	1
C4_DOWN	C4 R-sig	down	ENSG00000159399	HK2	1	1	1
C4_UP	C4 R-sig	up	ENSG00000159459	UBR1	1	1	1
C4_DOWN	C4 R-sig	down	ENSG00000159479	MED8	1	1	1
C4_UP	C4 R-sig	up	ENSG00000159579	RSPRY1	1	1	1
C4_DOWN	C4 R-sig	down	ENSG00000159593	NAE1	1	1	1
C4_UP	C4 R-sig	up	ENSG00000159596	TMEM69	1	1	1
C4_UP	C4 R-sig	up	ENSG00000159658	EFCAB14	1	1	1
C4_DOWN	C4 R-sig	down	ENSG00000159685	CHCHD6	1	1	1
C4_DOWN	C4 R-sig	down	ENSG00000159692	CTBP1	1	1	1
C4_UP	C4 R-sig	up	ENSG00000159720	ATP6V0D1	1	1	1
C4_DOWN	C4 R-sig	down	ENSG00000159753	CARMIL2	0	0	0
C4_DOWN	C4 R-sig	down	ENSG00000159788	RGS12	1	1	1
C4_UP	C4 R-sig	up	ENSG00000159840	ZYX	1	1	1
C4_DOWN	C4 R-sig	down	ENSG00000159842	ABR	1	1	1
C4_DOWN	C4 R-sig	down	ENSG00000159899	NPR2	1	1	1
C4_DOWN	C4 R-sig	down	ENSG00000160014	CALM3	1	1	1
C4_DOWN	C4 R-sig	down	ENSG00000160051	IQCC	1	1	1
C4_DOWN	C4 R-sig	down	ENSG00000160072	ATAD3B	1	1	1
C4_UP	C4 R-sig	up	ENSG00000160131	VMA21	1	1	1
C4_DOWN	C4 R-sig	down	ENSG00000160200	CBS	1	1	1
C4_DOWN	C4 R-sig	down	ENSG00000160208	RRP1B	1	1	1
C4_DOWN	C4 R-sig	down	ENSG00000160211	G6PD	1	1	1
C4_UP	C4 R-sig	up	ENSG00000160213	CSTB	1	1	1
C4_DOWN	C4 R-sig	down	ENSG00000160214	RRP1	1	1	1
C4_DOWN	C4 R-sig	down	ENSG00000160216	AGPAT3	1	1	1
C4_UP	C4 R-sig	up	ENSG00000160285	LSS	1	1	1
C4_DOWN	C4 R-sig	down	ENSG00000160293	VAV2	1	1	1
C4_DOWN	C4 R-sig	down	ENSG00000160294	MCM3AP	1	1	1
C4_DOWN	C4 R-sig	down	ENSG00000160299	PCNT	1	1	1
C4_DOWN	C4 R-sig	down	ENSG00000160305	DIP2A	1	1	1
C4_DOWN	C4 R-sig	down	ENSG00000160310	PRMT2	1	1	1
C4_DOWN	C4 R-sig	down	ENSG00000160360	GPSM1	1	1	1
C4_DOWN	C4 R-sig	down	ENSG00000160408	ST6GALNAC6	1	1	1
C4_DOWN	C4 R-sig	down	ENSG00000160410	SHKBP1	1	1	1
C4_DOWN	C4 R-sig	down	ENSG00000160439	RDH13	1	1	1
C4_DOWN	C4 R-sig	down	ENSG00000160447	PKN3	1	1	1
C4_DOWN	C4 R-sig	down	ENSG00000160469	BRSK1	1	1	1
C4_UP	C4 R-sig	up	ENSG00000160570	DEDD2	1	1	1
C4_UP	C4 R-sig	up	ENSG00000160584	SIK3	1	1	1
C4_DOWN	C4 R-sig	down	ENSG00000160613	PCSK7	1	1	1
C4_DOWN	C4 R-sig	down	ENSG00000160633	SAFB	1	1	1
C4_UP	C4 R-sig	up	ENSG00000160741	CRTC2	1	1	1
C4_UP	C4 R-sig	up	ENSG00000160767	ENTREP3	0	0	0
C4_UP	C4 R-sig	up	ENSG00000160785	SLC25A44	1	1	1
C4_DOWN	C4 R-sig	down	ENSG00000160789	LMNA	1	1	1
C4_DOWN	C4 R-sig	down	ENSG00000160796	NBEAL2	1	1	1
C4_DOWN	C4 R-sig	down	ENSG00000160818	GPATCH4	1	1	1
C4_DOWN	C4 R-sig	down	ENSG00000160932	LY6E	1	1	1
C4_DOWN	C4 R-sig	down	ENSG00000160949	TONSL	1	1	1
C4_DOWN	C4 R-sig	down	ENSG00000160953	PWWP3A	0	0	0
C4_DOWN	C4 R-sig	down	ENSG00000160957	RECQL4	1	1	1
C4_DOWN	C4 R-sig	down	ENSG00000160972	PPP1R16A	1	1	1
C4_DOWN	C4 R-sig	down	ENSG00000161016	RPL8	1	1	1
C4_DOWN	C4 R-sig	down	ENSG00000161203	AP2M1	1	1	1
C4_DOWN	C4 R-sig	down	ENSG00000161204	ABCF3	1	1	1
C4_DOWN	C4 R-sig	down	ENSG00000161249	DMKN	1	1	1
C4_DOWN	C4 R-sig	down	ENSG00000161526	SAP30BP	1	1	1
C4_UP	C4 R-sig	up	ENSG00000161533	ACOX1	1	1	1
C4_DOWN	C4 R-sig	down	ENSG00000161638	ITGA5	1	1	1
C4_UP	C4 R-sig	up	ENSG00000161642	ZNF385A	1	1	1
C4_DOWN	C4 R-sig	down	ENSG00000161653	NAGS	1	1	1
C4_UP	C4 R-sig	up	ENSG00000161654	LSM12	1	1	1
C4_DOWN	C4 R-sig	down	ENSG00000161791	FMNL3	1	1	1
C4_UP	C4 R-sig	up	ENSG00000161800	RACGAP1	1	1	1
C4_UP	C4 R-sig	up	ENSG00000161813	LARP4	1	1	1
C4_DOWN	C4 R-sig	down	ENSG00000161888	SPC24	1	1	1
C4_DOWN	C4 R-sig	down	ENSG00000161914	ZNF653	1	1	1
C4_DOWN	C4 R-sig	down	ENSG00000161960	EIF4A1	1	1	1
C4_DOWN	C4 R-sig	down	ENSG00000161970	RPL26	1	1	1
C4_DOWN	C4 R-sig	down	ENSG00000161996	WDR90	1	1	1
C4_DOWN	C4 R-sig	down	ENSG00000162073	PAQR4	1	1	1
C4_DOWN	C4 R-sig	down	ENSG00000162104	ADCY9	1	1	1
C4_UP	C4 R-sig	up	ENSG00000162144	CYB561A3	0	1	1
C4_DOWN	C4 R-sig	down	ENSG00000162191	UBXN1	1	1	1
C4_UP	C4 R-sig	up	ENSG00000162231	NXF1	1	1	1
C4_UP	C4 R-sig	up	ENSG00000162241	SLC25A45	1	1	1
C4_UP	C4 R-sig	up	ENSG00000162298	SYVN1	1	1	1
C4_DOWN	C4 R-sig	down	ENSG00000162302	RPS6KA4	1	1	1
C4_UP	C4 R-sig	up	ENSG00000162377	COA7	0	1	1
C4_UP	C4 R-sig	up	ENSG00000162407	PLPP3	0	0	1
C4_UP	C4 R-sig	up	ENSG00000162408	NOL9	1	1	1
C4_UP	C4 R-sig	up	ENSG00000162413	KLHL21	1	1	1
C4_DOWN	C4 R-sig	down	ENSG00000162426	SLC45A1	1	1	1
C4_DOWN	C4 R-sig	down	ENSG00000162430	SELENON	0	0	0
C4_DOWN	C4 R-sig	down	ENSG00000162433	AK4	1	1	1
C4_DOWN	C4 R-sig	down	ENSG00000162458	FBLIM1	1	1	1
C4_DOWN	C4 R-sig	down	ENSG00000162496	DHRS3	1	1	1
C4_UP	C4 R-sig	up	ENSG00000162517	PEF1	1	1	1
C4_DOWN	C4 R-sig	down	ENSG00000162520	SYNC	1	1	1
C4_UP	C4 R-sig	up	ENSG00000162545	CAMK2N1	1	1	1
C4_DOWN	C4 R-sig	down	ENSG00000162576	MXRA8	1	1	1
C4_UP	C4 R-sig	up	ENSG00000162600	OMA1	1	1	1
C4_DOWN	C4 R-sig	down	ENSG00000162607	USP1	1	1	1
C4_DOWN	C4 R-sig	down	ENSG00000162613	FUBP1	1	1	1
C4_DOWN	C4 R-sig	down	ENSG00000162614	NEXN	1	1	1
C4_UP	C4 R-sig	up	ENSG00000162623	TYW3	1	1	1
C4_UP	C4 R-sig	up	ENSG00000162627	SNX7	1	1	1
C4_DOWN	C4 R-sig	down	ENSG00000162631	NTNG1	1	1	1
C4_UP	C4 R-sig	up	ENSG00000162636	EEIG2	0	0	0
C4_UP	C4 R-sig	up	ENSG00000162694	EXTL2	1	1	1
C4_UP	C4 R-sig	up	ENSG00000162695	SLC30A7	1	1	1
C4_UP	C4 R-sig	up	ENSG00000162702	ZNF281	1	1	1
C4_DOWN	C4 R-sig	down	ENSG00000162711	NLRP3	1	1	1
C4_UP	C4 R-sig	up	ENSG00000162734	PEA15	1	1	1
C4_DOWN	C4 R-sig	down	ENSG00000162745	OLFML2B	1	1	1
C4_UP	C4 R-sig	up	ENSG00000162772	ATF3	1	1	1
C4_DOWN	C4 R-sig	down	ENSG00000162814	SPATA17	1	1	1
C4_UP	C4 R-sig	up	ENSG00000162819	BROX	1	1	1
C4_DOWN	C4 R-sig	down	ENSG00000162849	KIF26B	1	1	1
C4_UP	C4 R-sig	up	ENSG00000162852	CNST	1	1	1
C4_DOWN	C4 R-sig	down	ENSG00000162869	PPP1R21	1	1	1
C4_UP	C4 R-sig	up	ENSG00000162889	MAPKAPK2	1	1	1
C4_DOWN	C4 R-sig	down	ENSG00000162909	CAPN2	1	1	1
C4_UP	C4 R-sig	up	ENSG00000162928	PEX13	1	1	1
C4_UP	C4 R-sig	up	ENSG00000162959	MEMO1	1	1	1
C4_UP	C4 R-sig	up	ENSG00000162972	MAIP1	0	0	0
C4_UP	C4 R-sig	up	ENSG00000162980	ARL5A	1	1	1
C4_UP	C4 R-sig	up	ENSG00000162999	DUSP19	1	1	1
C4_UP	C4 R-sig	up	ENSG00000163002	NUP35	1	1	1
C4_DOWN	C4 R-sig	down	ENSG00000163029	SMC6	1	1	1
C4_UP	C4 R-sig	up	ENSG00000163041	H3-3A	0	0	0
C4_UP	C4 R-sig	up	ENSG00000163071	SPATA18	1	1	1
C4_DOWN	C4 R-sig	down	ENSG00000163093	BBS5	1	1	1
C4_UP	C4 R-sig	up	ENSG00000163104	SMARCAD1	1	1	1
C4_UP	C4 R-sig	up	ENSG00000163110	PDLIM5	1	1	1
C4_UP	C4 R-sig	up	ENSG00000163125	RPRD2	1	1	1
C4_UP	C4 R-sig	up	ENSG00000163132	MSX1	1	1	1
C4_DOWN	C4 R-sig	down	ENSG00000163159	VPS72	1	1	1
C4_DOWN	C4 R-sig	down	ENSG00000163166	IWS1	1	1	1
C4_DOWN	C4 R-sig	down	ENSG00000163171	CDC42EP3	1	1	1
C4_UP	C4 R-sig	up	ENSG00000163191	S100A11	1	1	1
C4_UP	C4 R-sig	up	ENSG00000163249	CCNYL1	1	1	1
C4_UP	C4 R-sig	up	ENSG00000163291	PAQR3	1	1	1
C4_UP	C4 R-sig	up	ENSG00000163319	MRPS18C	1	1	1
C4_UP	C4 R-sig	up	ENSG00000163320	CGGBP1	1	1	1
C4_DOWN	C4 R-sig	down	ENSG00000163344	PMVK	1	1	1
C4_UP	C4 R-sig	up	ENSG00000163349	HIPK1	1	1	1
C4_DOWN	C4 R-sig	down	ENSG00000163359	COL6A3	1	1	1
C4_UP	C4 R-sig	up	ENSG00000163374	YY1AP1	1	1	1
C4_UP	C4 R-sig	up	ENSG00000163376	KBTBD8	1	1	1
C4_UP	C4 R-sig	up	ENSG00000163389	POGLUT1	1	1	1
C4_UP	C4 R-sig	up	ENSG00000163428	LRRC58	1	1	1
C4_DOWN	C4 R-sig	down	ENSG00000163430	FSTL1	1	1	1
C4_DOWN	C4 R-sig	down	ENSG00000163431	LMOD1	1	1	1
C4_UP	C4 R-sig	up	ENSG00000163453	IGFBP7	1	1	1
C4_UP	C4 R-sig	up	ENSG00000163463	KRTCAP2	1	1	1
C4_UP	C4 R-sig	up	ENSG00000163479	SSR2	1	1	1
C4_DOWN	C4 R-sig	down	ENSG00000163516	ANKZF1	1	1	1
C4_UP	C4 R-sig	up	ENSG00000163527	STT3B	1	1	1
C4_DOWN	C4 R-sig	down	ENSG00000163531	NFASC	1	1	1
C4_UP	C4 R-sig	up	ENSG00000163535	SGO2	0	0	0
C4_UP	C4 R-sig	up	ENSG00000163565	IFI16	1	1	1
C4_UP	C4 R-sig	up	ENSG00000163577	EIF5A2	1	1	1
C4_UP	C4 R-sig	up	ENSG00000163602	RYBP	1	1	1
C4_UP	C4 R-sig	up	ENSG00000163605	PPP4R2	1	1	1
C4_UP	C4 R-sig	up	ENSG00000163608	RMP64	0	0	0
C4_UP	C4 R-sig	up	ENSG00000163635	ATXN7	1	1	1
C4_DOWN	C4 R-sig	down	ENSG00000163636	PSMD6	1	1	1
C4_DOWN	C4 R-sig	down	ENSG00000163655	GMPS	1	1	1
C4_UP	C4 R-sig	up	ENSG00000163659	TIPARP	1	1	1
C4_UP	C4 R-sig	up	ENSG00000163660	CCNL1	1	1	1
C4_UP	C4 R-sig	up	ENSG00000163681	SLMAP	1	1	1
C4_UP	C4 R-sig	up	ENSG00000163694	RBM47	1	1	1
C4_UP	C4 R-sig	up	ENSG00000163728	TTC14	1	1	1
C4_UP	C4 R-sig	up	ENSG00000163785	RYK	1	1	1
C4_DOWN	C4 R-sig	down	ENSG00000163798	SLC4A1AP	1	1	1
C4_UP	C4 R-sig	up	ENSG00000163807	KIAA1143	1	1	1
C4_DOWN	C4 R-sig	down	ENSG00000163808	KIF15	1	1	1
C4_UP	C4 R-sig	up	ENSG00000163812	ZDHHC3	1	1	1
C4_DOWN	C4 R-sig	down	ENSG00000163815	CLEC3B	1	1	1
C4_UP	C4 R-sig	up	ENSG00000163818	LZTFL1	1	1	1
C4_DOWN	C4 R-sig	down	ENSG00000163820	FYCO1	1	1	1
C4_UP	C4 R-sig	up	ENSG00000163840	DTX3L	1	1	1
C4_UP	C4 R-sig	up	ENSG00000163848	ZNF148	1	1	1
C4_UP	C4 R-sig	up	ENSG00000163867	ZMYM6	1	1	1
C4_UP	C4 R-sig	up	ENSG00000163870	TPRA1	1	1	1
C4_DOWN	C4 R-sig	down	ENSG00000163872	YEATS2	1	1	1
C4_DOWN	C4 R-sig	down	ENSG00000163902	RPN1	1	1	1
C4_DOWN	C4 R-sig	down	ENSG00000163913	IFT122	1	1	1
C4_DOWN	C4 R-sig	down	ENSG00000163930	BAP1	1	1	1
C4_DOWN	C4 R-sig	down	ENSG00000163931	TKT	1	1	1
C4_DOWN	C4 R-sig	down	ENSG00000163932	PRKCD	1	1	1
C4_UP	C4 R-sig	up	ENSG00000163939	PBRM1	1	1	1
C4_DOWN	C4 R-sig	down	ENSG00000163945	UVSSA	1	1	1
C4_UP	C4 R-sig	up	ENSG00000163947	ARHGEF3	1	1	1
C4_DOWN	C4 R-sig	down	ENSG00000163950	SLBP	1	1	1
C4_DOWN	C4 R-sig	down	ENSG00000163956	LRPAP1	1	1	1
C4_UP	C4 R-sig	up	ENSG00000163960	UBXN7	1	1	1
C4_UP	C4 R-sig	up	ENSG00000164023	SGMS2	1	1	1
C4_UP	C4 R-sig	up	ENSG00000164031	DNAJB14	1	1	1
C4_UP	C4 R-sig	up	ENSG00000164032	H2AZ1	0	0	0
C4_UP	C4 R-sig	up	ENSG00000164040	PGRMC2	1	1	1
C4_DOWN	C4 R-sig	down	ENSG00000164062	APEH	1	1	1
C4_DOWN	C4 R-sig	down	ENSG00000164068	RNF123	1	1	1
C4_UP	C4 R-sig	up	ENSG00000164073	MFSD8	1	1	1
C4_UP	C4 R-sig	up	ENSG00000164086	DUSP7	1	1	1
C4_DOWN	C4 R-sig	down	ENSG00000164087	POC1A	1	1	1
C4_DOWN	C4 R-sig	down	ENSG00000164099	PRSS12	1	1	1
C4_DOWN	C4 R-sig	down	ENSG00000164104	HMGB2	1	1	1
C4_DOWN	C4 R-sig	down	ENSG00000164105	SAP30	1	1	1
C4_UP	C4 R-sig	up	ENSG00000164111	ANXA5	1	1	1
C4_UP	C4 R-sig	up	ENSG00000164114	MAP9	1	1	1
C4_UP	C4 R-sig	up	ENSG00000164144	ARFIP1	1	1	1
C4_UP	C4 R-sig	up	ENSG00000164151	ICE1	0	0	1
C4_UP	C4 R-sig	up	ENSG00000164168	TMEM184C	1	1	1
C4_UP	C4 R-sig	up	ENSG00000164171	ITGA2	1	1	1
C4_UP	C4 R-sig	up	ENSG00000164172	MOCS2	1	1	1
C4_UP	C4 R-sig	up	ENSG00000164176	EDIL3	1	1	1
C4_UP	C4 R-sig	up	ENSG00000164190	NIPBL	1	1	1
C4_UP	C4 R-sig	up	ENSG00000164209	SLC25A46	1	1	1
C4_UP	C4 R-sig	up	ENSG00000164211	STARD4	1	1	1
C4_DOWN	C4 R-sig	down	ENSG00000164241	C5orf63	1	1	1
C4_UP	C4 R-sig	up	ENSG00000164244	PRRC1	1	1	1
C4_UP	C4 R-sig	up	ENSG00000164292	RHOBTB3	1	1	1
C4_UP	C4 R-sig	up	ENSG00000164294	GPX8	1	1	1
C4_UP	C4 R-sig	up	ENSG00000164300	SERINC5	1	1	1
C4_UP	C4 R-sig	up	ENSG00000164305	CASP3	1	1	1
C4_DOWN	C4 R-sig	down	ENSG00000164306	PRIMPOL	0	1	1
C4_UP	C4 R-sig	up	ENSG00000164308	ERAP2	1	1	1
C4_UP	C4 R-sig	up	ENSG00000164327	RICTOR	1	1	1
C4_UP	C4 R-sig	up	ENSG00000164329	TENT2	0	0	0
C4_UP	C4 R-sig	up	ENSG00000164332	UBLCP1	1	1	1
C4_UP	C4 R-sig	up	ENSG00000164338	UTP15	1	1	1
C4_UP	C4 R-sig	up	ENSG00000164342	TLR3	1	1	1
C4_UP	C4 R-sig	up	ENSG00000164347	GFM2	1	1	1
C4_DOWN	C4 R-sig	down	ENSG00000164402	SEPTIN8	0	0	0
C4_UP	C4 R-sig	up	ENSG00000164484	TMEM200A	1	1	1
C4_UP	C4 R-sig	up	ENSG00000164506	STXBP5	1	1	1
C4_UP	C4 R-sig	up	ENSG00000164535	DAGLB	1	1	1
C4_UP	C4 R-sig	up	ENSG00000164543	STK17A	1	1	1
C4_UP	C4 R-sig	up	ENSG00000164548	TRA2A	1	1	1
C4_DOWN	C4 R-sig	down	ENSG00000164574	GALNT10	1	1	1
C4_UP	C4 R-sig	up	ENSG00000164604	GPR85	1	1	1
C4_UP	C4 R-sig	up	ENSG00000164619	BMPER	1	1	1
C4_DOWN	C4 R-sig	down	ENSG00000164649	CDCA7L	1	1	1
C4_UP	C4 R-sig	up	ENSG00000164663	USP49	1	1	1
C4_UP	C4 R-sig	up	ENSG00000164675	IQUB	1	1	1
C4_DOWN	C4 R-sig	down	ENSG00000164692	COL1A2	1	1	1
C4_UP	C4 R-sig	up	ENSG00000164713	BRI3	1	1	1
C4_DOWN	C4 R-sig	down	ENSG00000164733	CTSB	1	1	1
C4_DOWN	C4 R-sig	down	ENSG00000164741	DLC1	1	1	1
C4_DOWN	C4 R-sig	down	ENSG00000164754	RAD21	1	1	1
C4_DOWN	C4 R-sig	down	ENSG00000164808	SPIDR	0	1	1
C4_UP	C4 R-sig	up	ENSG00000164815	ORC5	1	1	1
C4_DOWN	C4 R-sig	down	ENSG00000164818	DNAAF5	0	0	1
C4_UP	C4 R-sig	up	ENSG00000164823	OSGIN2	1	1	1
C4_DOWN	C4 R-sig	down	ENSG00000164850	GPER1	0	1	1
C4_DOWN	C4 R-sig	down	ENSG00000164877	MICALL2	1	1	1
C4_DOWN	C4 R-sig	down	ENSG00000164880	INTS1	1	1	1
C4_DOWN	C4 R-sig	down	ENSG00000164904	ALDH7A1	1	1	1
C4_UP	C4 R-sig	up	ENSG00000164924	YWHAZ	1	1	1
C4_DOWN	C4 R-sig	down	ENSG00000164929	BAALC	1	1	1
C4_DOWN	C4 R-sig	down	ENSG00000164932	CTHRC1	1	1	1
C4_UP	C4 R-sig	up	ENSG00000164933	SLC25A32	1	1	1
C4_UP	C4 R-sig	up	ENSG00000164938	TP53INP1	1	1	1
C4_UP	C4 R-sig	up	ENSG00000164949	GEM	1	1	1
C4_UP	C4 R-sig	up	ENSG00000164951	PDP1	1	1	1
C4_UP	C4 R-sig	up	ENSG00000164961	WASHC5	0	0	0
C4_DOWN	C4 R-sig	down	ENSG00000164970	FAM219A	1	1	1
C4_DOWN	C4 R-sig	down	ENSG00000164978	NUDT2	1	1	1
C4_UP	C4 R-sig	up	ENSG00000164983	TMEM65	1	1	1
C4_DOWN	C4 R-sig	down	ENSG00000164985	PSIP1	1	1	1
C4_DOWN	C4 R-sig	down	ENSG00000165029	ABCA1	1	1	1
C4_DOWN	C4 R-sig	down	ENSG00000165118	QNG1	0	0	0
C4_DOWN	C4 R-sig	down	ENSG00000165119	HNRNPK	1	1	1
C4_UP	C4 R-sig	up	ENSG00000165124	SVEP1	1	1	1
C4_DOWN	C4 R-sig	down	ENSG00000165138	ANKS6	1	1	1
C4_UP	C4 R-sig	up	ENSG00000165152	PGAP4	0	0	0
C4_UP	C4 R-sig	up	ENSG00000165169	DYNLT3	1	1	1
C4_UP	C4 R-sig	up	ENSG00000165240	ATP7A	1	1	1
C4_DOWN	C4 R-sig	down	ENSG00000165280	VCP	1	1	1
C4_UP	C4 R-sig	up	ENSG00000165282	PIGO	1	1	1
C4_DOWN	C4 R-sig	down	ENSG00000165283	STOML2	1	1	1
C4_UP	C4 R-sig	up	ENSG00000165322	ARHGAP12	1	1	1
C4_UP	C4 R-sig	up	ENSG00000165338	HECTD2	1	1	1
C4_UP	C4 R-sig	up	ENSG00000165355	FBXO33	1	1	1
C4_UP	C4 R-sig	up	ENSG00000165359	INTS6L	0	0	0
C4_UP	C4 R-sig	up	ENSG00000165410	CFL2	1	1	1
C4_UP	C4 R-sig	up	ENSG00000165416	SUGT1	1	1	1
C4_UP	C4 R-sig	up	ENSG00000165417	GTF2A1	1	1	1
C4_DOWN	C4 R-sig	down	ENSG00000165475	CRYL1	1	1	1
C4_UP	C4 R-sig	up	ENSG00000165494	PCF11	1	1	1
C4_DOWN	C4 R-sig	down	ENSG00000165507	DEPP1	0	0	0
C4_DOWN	C4 R-sig	down	ENSG00000165525	NEMF	1	1	1
C4_UP	C4 R-sig	up	ENSG00000165629	ATP5F1C	0	0	0
C4_DOWN	C4 R-sig	down	ENSG00000165630	PRPF18	1	1	1
C4_UP	C4 R-sig	up	ENSG00000165650	PDZD8	1	1	1
C4_UP	C4 R-sig	up	ENSG00000165672	PRDX3	1	1	1
C4_DOWN	C4 R-sig	down	ENSG00000165675	ENOX2	1	1	1
C4_DOWN	C4 R-sig	down	ENSG00000165688	PMPCA	1	1	1
C4_DOWN	C4 R-sig	down	ENSG00000165689	ENTR1	0	0	0
C4_UP	C4 R-sig	up	ENSG00000165732	DDX21	1	1	1
C4_DOWN	C4 R-sig	down	ENSG00000165733	BMS1	1	1	1
C4_DOWN	C4 R-sig	down	ENSG00000165752	STK32C	1	1	1
C4_DOWN	C4 R-sig	down	ENSG00000165757	JCAD	0	0	0
C4_UP	C4 R-sig	up	ENSG00000165782	PIP4P1	0	0	0
C4_DOWN	C4 R-sig	down	ENSG00000165801	ARHGEF40	1	1	1
C4_UP	C4 R-sig	up	ENSG00000165806	CASP7	1	1	1
C4_UP	C4 R-sig	up	ENSG00000165813	CCDC186	0	0	1
C4_DOWN	C4 R-sig	down	ENSG00000165819	METTL3	1	1	1
C4_UP	C4 R-sig	up	ENSG00000165861	ZFYVE1	1	1	1
C4_DOWN	C4 R-sig	down	ENSG00000165916	PSMC3	1	1	1
C4_UP	C4 R-sig	up	ENSG00000165997	ARL5B	1	1	1
C4_UP	C4 R-sig	up	ENSG00000166012	TAF1D	1	1	1
C4_UP	C4 R-sig	up	ENSG00000166016	ABTB2	1	1	1
C4_UP	C4 R-sig	up	ENSG00000166033	HTRA1	1	1	1
C4_UP	C4 R-sig	up	ENSG00000166046	TCP11L2	1	1	1
C4_DOWN	C4 R-sig	down	ENSG00000166123	GPT2	1	1	1
C4_UP	C4 R-sig	up	ENSG00000166128	RAB8B	1	1	1
C4_UP	C4 R-sig	up	ENSG00000166130	IKBIP	1	1	1
C4_UP	C4 R-sig	up	ENSG00000166135	HIF1AN	1	1	1
C4_DOWN	C4 R-sig	down	ENSG00000166140	ZFYVE19	1	1	1
C4_DOWN	C4 R-sig	down	ENSG00000166147	FBN1	1	1	1
C4_DOWN	C4 R-sig	down	ENSG00000166164	BRD7	1	1	1
C4_DOWN	C4 R-sig	down	ENSG00000166165	CKB	1	1	1
C4_UP	C4 R-sig	up	ENSG00000166166	TRMT61A	1	1	1
C4_DOWN	C4 R-sig	down	ENSG00000166171	DPCD	1	1	1
C4_UP	C4 R-sig	up	ENSG00000166181	API5	1	1	1
C4_DOWN	C4 R-sig	down	ENSG00000166189	HPS6	1	1	1
C4_DOWN	C4 R-sig	down	ENSG00000166197	NOLC1	1	1	1
C4_DOWN	C4 R-sig	down	ENSG00000166199	ALKBH3	1	1	1
C4_UP	C4 R-sig	up	ENSG00000166200	COPS2	1	1	1
C4_UP	C4 R-sig	up	ENSG00000166225	FRS2	1	1	1
C4_UP	C4 R-sig	up	ENSG00000166226	CCT2	1	1	1
C4_UP	C4 R-sig	up	ENSG00000166233	ARIH1	1	1	1
C4_UP	C4 R-sig	up	ENSG00000166250	CLMP	1	1	1
C4_UP	C4 R-sig	up	ENSG00000166272	WBP1L	1	1	1
C4_DOWN	C4 R-sig	down	ENSG00000166326	TRIM44	1	1	1
C4_UP	C4 R-sig	up	ENSG00000166340	TPP1	1	1	1
C4_DOWN	C4 R-sig	down	ENSG00000166341	DCHS1	1	1	1
C4_UP	C4 R-sig	up	ENSG00000166348	USP54	1	1	1
C4_UP	C4 R-sig	up	ENSG00000166401	SERPINB8	1	1	1
C4_UP	C4 R-sig	up	ENSG00000166439	RNF169	1	1	1
C4_UP	C4 R-sig	up	ENSG00000166441	RPL27A	1	1	1
C4_UP	C4 R-sig	up	ENSG00000166454	ATMIN	1	1	1
C4_UP	C4 R-sig	up	ENSG00000166471	TMEM41B	1	1	1
C4_DOWN	C4 R-sig	down	ENSG00000166477	LEO1	1	1	1
C4_DOWN	C4 R-sig	down	ENSG00000166503	HDGFL3	0	0	0
C4_UP	C4 R-sig	up	ENSG00000166507	NDST2	1	1	1
C4_DOWN	C4 R-sig	down	ENSG00000166508	MCM7	1	1	1
C4_UP	C4 R-sig	up	ENSG00000166526	ZNF3	1	1	1
C4_DOWN	C4 R-sig	down	ENSG00000166532	RIMKLB	1	1	1
C4_DOWN	C4 R-sig	down	ENSG00000166546	BEAN1	1	1	1
C4_UP	C4 R-sig	up	ENSG00000166562	SEC11C	1	1	1
C4_DOWN	C4 R-sig	down	ENSG00000166598	HSP90B1	1	1	1
C4_DOWN	C4 R-sig	down	ENSG00000166681	BEX3	0	0	0
C4_DOWN	C4 R-sig	down	ENSG00000166685	COG1	1	1	1
C4_UP	C4 R-sig	up	ENSG00000166710	B2M	1	1	1
C4_UP	C4 R-sig	up	ENSG00000166747	AP1G1	1	1	1
C4_DOWN	C4 R-sig	down	ENSG00000166750	SLFN5	1	1	1
C4_DOWN	C4 R-sig	down	ENSG00000166780	BMERB1	0	0	0
C4_UP	C4 R-sig	up	ENSG00000166783	MARF1	0	0	0
C4_DOWN	C4 R-sig	down	ENSG00000166813	KIF7	1	1	1
C4_UP	C4 R-sig	up	ENSG00000166822	TMEM170A	1	1	1
C4_DOWN	C4 R-sig	down	ENSG00000166833	NAV2	1	1	1
C4_UP	C4 R-sig	up	ENSG00000166847	DCTN5	1	1	1
C4_DOWN	C4 R-sig	down	ENSG00000166855	CLPX	1	1	1
C4_UP	C4 R-sig	up	ENSG00000166881	NEMP1	0	0	1
C4_DOWN	C4 R-sig	down	ENSG00000166887	VPS39	1	1	1
C4_DOWN	C4 R-sig	down	ENSG00000166888	STAT6	1	1	1
C4_UP	C4 R-sig	up	ENSG00000166889	PATL1	1	1	1
C4_DOWN	C4 R-sig	down	ENSG00000166897	ELFN2	1	1	1
C4_UP	C4 R-sig	up	ENSG00000166900	STX3	1	1	1
C4_UP	C4 R-sig	up	ENSG00000166908	PIP4K2C	1	1	1
C4_DOWN	C4 R-sig	down	ENSG00000166913	YWHAB	1	1	1
C4_UP	C4 R-sig	up	ENSG00000166923	GREM1	1	1	1
C4_DOWN	C4 R-sig	down	ENSG00000166924	NYAP1	1	1	1
C4_UP	C4 R-sig	up	ENSG00000166925	TSC22D4	1	1	1
C4_DOWN	C4 R-sig	down	ENSG00000166938	DIS3L	1	1	1
C4_DOWN	C4 R-sig	down	ENSG00000166963	MAP1A	1	1	1
C4_DOWN	C4 R-sig	down	ENSG00000166986	MARS1	0	0	0
C4_UP	C4 R-sig	up	ENSG00000166987	MBD6	1	1	1
C4_DOWN	C4 R-sig	down	ENSG00000167088	SNRPD1	1	1	1
C4_UP	C4 R-sig	up	ENSG00000167106	EEIG1	0	0	0
C4_DOWN	C4 R-sig	down	ENSG00000167110	GOLGA2	1	1	1
C4_DOWN	C4 R-sig	down	ENSG00000167123	CERCAM	1	1	1
C4_DOWN	C4 R-sig	down	ENSG00000167136	ENDOG	1	1	1
C4_UP	C4 R-sig	up	ENSG00000167173	C15orf39	1	1	1
C4_UP	C4 R-sig	up	ENSG00000167182	SP2	1	1	1
C4_UP	C4 R-sig	up	ENSG00000167193	CRK	1	1	1
C4_DOWN	C4 R-sig	down	ENSG00000167257	RNF214	1	1	1
C4_UP	C4 R-sig	up	ENSG00000167283	ATP5MG	0	0	0
C4_DOWN	C4 R-sig	down	ENSG00000167291	TBC1D16	1	1	1
C4_DOWN	C4 R-sig	down	ENSG00000167323	STIM1	1	1	1
C4_DOWN	C4 R-sig	down	ENSG00000167325	RRM1	1	1	1
C4_DOWN	C4 R-sig	down	ENSG00000167377	ZNF23	1	1	1
C4_UP	C4 R-sig	up	ENSG00000167378	IRGQ	1	1	1
C4_DOWN	C4 R-sig	down	ENSG00000167460	TPM4	1	1	1
C4_DOWN	C4 R-sig	down	ENSG00000167468	GPX4	1	1	1
C4_UP	C4 R-sig	up	ENSG00000167470	MIDN	1	1	1
C4_DOWN	C4 R-sig	down	ENSG00000167491	GATAD2A	1	1	1
C4_DOWN	C4 R-sig	down	ENSG00000167513	CDT1	1	1	1
C4_DOWN	C4 R-sig	down	ENSG00000167522	ANKRD11	1	1	1
C4_DOWN	C4 R-sig	down	ENSG00000167526	RPL13	1	1	1
C4_UP	C4 R-sig	up	ENSG00000167548	KMT2D	0	1	1
C4_UP	C4 R-sig	up	ENSG00000167552	TUBA1A	1	1	1
C4_DOWN	C4 R-sig	down	ENSG00000167553	TUBA1C	1	1	1
C4_UP	C4 R-sig	up	ENSG00000167566	NCKAP5L	1	1	1
C4_DOWN	C4 R-sig	down	ENSG00000167601	AXL	1	1	1
C4_DOWN	C4 R-sig	down	ENSG00000167625	ZNF526	1	1	1
C4_DOWN	C4 R-sig	down	ENSG00000167632	TRAPPC9	1	1	1
C4_UP	C4 R-sig	up	ENSG00000167635	ZNF146	1	1	1
C4_UP	C4 R-sig	up	ENSG00000167637	ZNF283	1	1	1
C4_DOWN	C4 R-sig	down	ENSG00000167658	EEF2	1	1	1
C4_DOWN	C4 R-sig	down	ENSG00000167670	CHAF1A	1	1	1
C4_DOWN	C4 R-sig	down	ENSG00000167671	UBXN6	1	1	1
C4_DOWN	C4 R-sig	down	ENSG00000167674	HDGFL2	0	0	0
C4_DOWN	C4 R-sig	down	ENSG00000167680	SEMA6B	1	1	1
C4_UP	C4 R-sig	up	ENSG00000167685	ZNF444	1	1	1
C4_DOWN	C4 R-sig	down	ENSG00000167695	TLCD3A	0	0	0
C4_DOWN	C4 R-sig	down	ENSG00000167700	SLC33A2	0	0	0
C4_DOWN	C4 R-sig	down	ENSG00000167702	KIFC2	1	1	1
C4_DOWN	C4 R-sig	down	ENSG00000167720	SRR	1	1	1
C4_DOWN	C4 R-sig	down	ENSG00000167721	TSR1	1	1	1
C4_DOWN	C4 R-sig	down	ENSG00000167778	SPRYD3	1	1	1
C4_DOWN	C4 R-sig	down	ENSG00000167792	NDUFV1	1	1	1
C4_UP	C4 R-sig	up	ENSG00000167797	CDK2AP2	1	1	1
C4_UP	C4 R-sig	up	ENSG00000167842	MIS12	1	1	1
C4_DOWN	C4 R-sig	down	ENSG00000167862	MRPL58	0	0	0
C4_DOWN	C4 R-sig	down	ENSG00000167881	SRP68	1	1	1
C4_DOWN	C4 R-sig	down	ENSG00000167900	TK1	1	1	1
C4_UP	C4 R-sig	up	ENSG00000167920	KRT10-AS1	0	0	0
C4_DOWN	C4 R-sig	down	ENSG00000167925	GHDC	1	1	1
C4_DOWN	C4 R-sig	down	ENSG00000167962	ZNF598	1	1	1
C4_DOWN	C4 R-sig	down	ENSG00000167969	ECI1	1	1	1
C4_UP	C4 R-sig	up	ENSG00000167978	SRRM2	1	1	1
C4_DOWN	C4 R-sig	down	ENSG00000167986	DDB1	1	1	1
C4_UP	C4 R-sig	up	ENSG00000167996	FTH1	1	1	1
C4_DOWN	C4 R-sig	down	ENSG00000168010	ATG16L2	1	1	1
C4_DOWN	C4 R-sig	down	ENSG00000168040	FADD	1	1	1
C4_DOWN	C4 R-sig	down	ENSG00000168056	LTBP3	1	1	1
C4_DOWN	C4 R-sig	down	ENSG00000168067	MAP4K2	1	1	1
C4_DOWN	C4 R-sig	down	ENSG00000168077	SCARA3	1	1	1
C4_DOWN	C4 R-sig	down	ENSG00000168090	COPS6	1	1	1
C4_UP	C4 R-sig	up	ENSG00000168092	PAFAH1B2	1	1	1
C4_DOWN	C4 R-sig	down	ENSG00000168140	VASN	1	1	1
C4_DOWN	C4 R-sig	down	ENSG00000168159	RNF187	1	1	1
C4_UP	C4 R-sig	up	ENSG00000168175	MAPK1IP1L	1	1	1
C4_DOWN	C4 R-sig	down	ENSG00000168209	DDIT4	1	1	1
C4_UP	C4 R-sig	up	ENSG00000168216	LMBRD1	1	1	1
C4_UP	C4 R-sig	up	ENSG00000168228	ZCCHC4	1	1	1
C4_UP	C4 R-sig	up	ENSG00000168282	MGAT2	1	1	1
C4_UP	C4 R-sig	up	ENSG00000168283	BMI1	1	1	1
C4_UP	C4 R-sig	up	ENSG00000168288	MMADHC	1	1	1
C4_DOWN	C4 R-sig	down	ENSG00000168291	PDHB	1	1	1
C4_DOWN	C4 R-sig	down	ENSG00000168298	H1-4	0	0	0
C4_UP	C4 R-sig	up	ENSG00000168306	ACOX2	1	1	1
C4_UP	C4 R-sig	up	ENSG00000168334	XIRP1	1	1	1
C4_UP	C4 R-sig	up	ENSG00000168374	ARF4	1	1	1
C4_DOWN	C4 R-sig	down	ENSG00000168393	DTYMK	1	1	1
C4_UP	C4 R-sig	up	ENSG00000168394	TAP1	1	1	1
C4_DOWN	C4 R-sig	down	ENSG00000168398	BDKRB2	1	1	1
C4_UP	C4 R-sig	up	ENSG00000168404	MLKL	1	1	1
C4_DOWN	C4 R-sig	down	ENSG00000168439	STIP1	1	1	1
C4_DOWN	C4 R-sig	down	ENSG00000168453	HR	1	1	1
C4_UP	C4 R-sig	up	ENSG00000168488	ATXN2L	1	1	1
C4_DOWN	C4 R-sig	down	ENSG00000168495	POLR3D	1	1	1
C4_DOWN	C4 R-sig	down	ENSG00000168496	FEN1	1	1	1
C4_DOWN	C4 R-sig	down	ENSG00000168502	MTCL1	0	0	1
C4_UP	C4 R-sig	up	ENSG00000168522	FNTA	1	1	1
C4_UP	C4 R-sig	up	ENSG00000168564	CDKN2AIP	1	1	1
C4_UP	C4 R-sig	up	ENSG00000168566	SNRNP48	1	1	1
C4_UP	C4 R-sig	up	ENSG00000168612	ZSWIM1	1	1	1
C4_DOWN	C4 R-sig	down	ENSG00000168615	ADAM9	1	1	1
C4_UP	C4 R-sig	up	ENSG00000168701	TMEM208	1	1	1
C4_DOWN	C4 R-sig	down	ENSG00000168710	AHCYL1	1	1	1
C4_DOWN	C4 R-sig	down	ENSG00000168724	DNAJC21	1	1	1
C4_DOWN	C4 R-sig	down	ENSG00000168734	PKIG	1	1	1
C4_DOWN	C4 R-sig	down	ENSG00000168802	CHTF8	1	1	1
C4_UP	C4 R-sig	up	ENSG00000168813	ZNF507	1	1	1
C4_UP	C4 R-sig	up	ENSG00000168827	GFM1	1	1	1
C4_DOWN	C4 R-sig	down	ENSG00000168874	ATOH8	1	1	1
C4_DOWN	C4 R-sig	down	ENSG00000168884	TNIP2	1	1	1
C4_DOWN	C4 R-sig	down	ENSG00000168887	C2orf68	1	1	1
C4_UP	C4 R-sig	up	ENSG00000168890	TMEM150A	1	1	1
C4_UP	C4 R-sig	up	ENSG00000168906	MAT2A	1	1	1
C4_DOWN	C4 R-sig	down	ENSG00000168918	INPP5D	1	1	1
C4_DOWN	C4 R-sig	down	ENSG00000168924	LETM1	1	1	1
C4_DOWN	C4 R-sig	down	ENSG00000168952	STXBP6	1	1	1
C4_UP	C4 R-sig	up	ENSG00000168958	MFF	1	1	1
C4_UP	C4 R-sig	up	ENSG00000169016	E2F6	1	1	1
C4_UP	C4 R-sig	up	ENSG00000169018	FEM1B	1	1	1
C4_UP	C4 R-sig	up	ENSG00000169019	COMMD8	1	1	1
C4_DOWN	C4 R-sig	down	ENSG00000169032	MAP2K1	1	1	1
C4_UP	C4 R-sig	up	ENSG00000169047	IRS1	1	1	1
C4_DOWN	C4 R-sig	down	ENSG00000169062	UPF3A	1	1	1
C4_UP	C4 R-sig	up	ENSG00000169087	HSPBAP1	1	1	1
C4_DOWN	C4 R-sig	down	ENSG00000169100.14_PAR_Y		0	0	0
C4_DOWN	C4 R-sig	down	ENSG00000169105	CHST14	1	1	1
C4_UP	C4 R-sig	up	ENSG00000169139	UBE2V2	1	1	1
C4_UP	C4 R-sig	up	ENSG00000169155	ZBTB43	1	1	1
C4_DOWN	C4 R-sig	down	ENSG00000169169	CPT1C	1	1	1
C4_DOWN	C4 R-sig	down	ENSG00000169189	NSMCE1	1	1	1
C4_UP	C4 R-sig	up	ENSG00000169193	CCDC126	1	1	1
C4_DOWN	C4 R-sig	down	ENSG00000169221	TBC1D10B	1	1	1
C4_DOWN	C4 R-sig	down	ENSG00000169230	PRELID1	1	1	1
C4_DOWN	C4 R-sig	down	ENSG00000169231	THBS3	1	1	1
C4_DOWN	C4 R-sig	down	ENSG00000169239	CA5B	1	1	1
C4_UP	C4 R-sig	up	ENSG00000169251	NMD3	1	1	1
C4_UP	C4 R-sig	up	ENSG00000169359	SLC33A1	1	1	1
C4_DOWN	C4 R-sig	down	ENSG00000169375	SIN3A	1	1	1
C4_UP	C4 R-sig	up	ENSG00000169432	SCN9A	1	1	1
C4_UP	C4 R-sig	up	ENSG00000169446	MMGT1	1	1	1
C4_UP	C4 R-sig	up	ENSG00000169490	TM2D2	1	1	1
C4_UP	C4 R-sig	up	ENSG00000169504	CLIC4	1	1	1
C4_UP	C4 R-sig	up	ENSG00000169567	HINT1	1	1	1
C4_DOWN	C4 R-sig	down	ENSG00000169583	CLIC3	1	1	1
C4_DOWN	C4 R-sig	down	ENSG00000169604	ANTXR1	1	1	1
C4_UP	C4 R-sig	up	ENSG00000169607	CKAP2L	1	1	1
C4_UP	C4 R-sig	up	ENSG00000169641	LUZP1	1	1	1
C4_UP	C4 R-sig	up	ENSG00000169682	SPNS1	1	1	1
C4_DOWN	C4 R-sig	down	ENSG00000169683	LRRC45	1	1	1
C4_UP	C4 R-sig	up	ENSG00000169684	CHRNA5	1	1	1
C4_DOWN	C4 R-sig	down	ENSG00000169689	CENPX	0	0	0
C4_DOWN	C4 R-sig	down	ENSG00000169696	ASPSCR1	1	1	1
C4_DOWN	C4 R-sig	down	ENSG00000169727	GPS1	1	1	1
C4_DOWN	C4 R-sig	down	ENSG00000169733	RFNG	1	1	1
C4_DOWN	C4 R-sig	down	ENSG00000169813	HNRNPF	1	1	1
C4_UP	C4 R-sig	up	ENSG00000169826	CSGALNACT2	1	1	1
C4_DOWN	C4 R-sig	down	ENSG00000169855	ROBO1	1	1	1
C4_DOWN	C4 R-sig	down	ENSG00000169862	CTNND2	1	1	1
C4_UP	C4 R-sig	up	ENSG00000169905	TOR1AIP2	1	1	1
C4_UP	C4 R-sig	up	ENSG00000169908	TM4SF1	1	1	1
C4_DOWN	C4 R-sig	down	ENSG00000169925	BRD3	1	1	1
C4_DOWN	C4 R-sig	down	ENSG00000169933	FRMPD4	1	1	1
C4_UP	C4 R-sig	up	ENSG00000169967	MAP3K2	1	1	1
C4_UP	C4 R-sig	up	ENSG00000169981	ZNF35	1	1	1
C4_DOWN	C4 R-sig	down	ENSG00000169994	MYO7B	1	1	1
C4_DOWN	C4 R-sig	down	ENSG00000170004	CHD3	1	1	1
C4_UP	C4 R-sig	up	ENSG00000170017	ALCAM	1	1	1
C4_UP	C4 R-sig	up	ENSG00000170035	UBE2E3	1	1	1
C4_DOWN	C4 R-sig	down	ENSG00000170037	CNTROB	1	1	1
C4_UP	C4 R-sig	up	ENSG00000170043	TRAPPC1	1	1	1
C4_UP	C4 R-sig	up	ENSG00000170088	TMEM192	1	1	1
C4_DOWN	C4 R-sig	down	ENSG00000170099	SERPINA6	1	1	1
C4_DOWN	C4 R-sig	down	ENSG00000170144	HNRNPA3	1	1	1
C4_UP	C4 R-sig	up	ENSG00000170145	SIK2	1	1	1
C4_UP	C4 R-sig	up	ENSG00000170185	USP38	1	1	1
C4_UP	C4 R-sig	up	ENSG00000170234	PWWP2A	1	1	1
C4_UP	C4 R-sig	up	ENSG00000170248	PDCD6IP	1	1	1
C4_DOWN	C4 R-sig	down	ENSG00000170265	ZNF282	1	1	1
C4_UP	C4 R-sig	up	ENSG00000170296	GABARAP	1	1	1
C4_UP	C4 R-sig	up	ENSG00000170340	B3GNT2	1	1	1
C4_UP	C4 R-sig	up	ENSG00000170345	FOS	1	1	1
C4_UP	C4 R-sig	up	ENSG00000170348	TMED10	1	1	1
C4_UP	C4 R-sig	up	ENSG00000170365	SMAD1	1	1	1
C4_DOWN	C4 R-sig	down	ENSG00000170379	TCAF2	0	0	1
C4_UP	C4 R-sig	up	ENSG00000170385	SLC30A1	1	1	1
C4_DOWN	C4 R-sig	down	ENSG00000170421	KRT8	1	1	1
C4_DOWN	C4 R-sig	down	ENSG00000170445	HARS1	0	0	0
C4_UP	C4 R-sig	up	ENSG00000170448	NFXL1	1	1	1
C4_DOWN	C4 R-sig	down	ENSG00000170469	SPATA24	1	1	1
C4_DOWN	C4 R-sig	down	ENSG00000170471	RALGAPB	1	1	1
C4_DOWN	C4 R-sig	down	ENSG00000170515	PA2G4	1	1	1
C4_UP	C4 R-sig	up	ENSG00000170522	ELOVL6	1	1	1
C4_DOWN	C4 R-sig	down	ENSG00000170525	PFKFB3	1	1	1
C4_UP	C4 R-sig	up	ENSG00000170537	TMC7	1	1	1
C4_UP	C4 R-sig	up	ENSG00000170540	ARL6IP1	1	1	1
C4_UP	C4 R-sig	up	ENSG00000170545	SMAGP	1	1	1
C4_DOWN	C4 R-sig	down	ENSG00000170579	DLGAP1	1	1	1
C4_UP	C4 R-sig	up	ENSG00000170581	STAT2	1	1	1
C4_DOWN	C4 R-sig	down	ENSG00000170604	IRF2BP1	1	1	1
C4_UP	C4 R-sig	up	ENSG00000170632	ARMC10	1	1	1
C4_DOWN	C4 R-sig	down	ENSG00000170667	RASA4B	0	1	1
C4_UP	C4 R-sig	up	ENSG00000170677	SOCS6	1	1	1
C4_UP	C4 R-sig	up	ENSG00000170734	POLH	1	1	1
C4_UP	C4 R-sig	up	ENSG00000170802	FOXN2	1	1	1
C4_UP	C4 R-sig	up	ENSG00000170832	USP32	1	1	1
C4_UP	C4 R-sig	up	ENSG00000170836	PPM1D	1	1	1
C4_UP	C4 R-sig	up	ENSG00000170852	KBTBD2	1	1	1
C4_UP	C4 R-sig	up	ENSG00000170855	TRIAP1	1	1	1
C4_UP	C4 R-sig	up	ENSG00000170860	LSM3	1	1	1
C4_UP	C4 R-sig	up	ENSG00000170881	RNF139	1	1	1
C4_UP	C4 R-sig	up	ENSG00000170949	ZNF160	1	1	1
C4_DOWN	C4 R-sig	down	ENSG00000170955	CAVIN3	0	0	0
C4_UP	C4 R-sig	up	ENSG00000170956	CEACAM3	1	1	1
C4_UP	C4 R-sig	up	ENSG00000171051	FPR1	1	1	1
C4_UP	C4 R-sig	up	ENSG00000171067	C11orf24	1	1	1
C4_DOWN	C4 R-sig	down	ENSG00000171105	INSR	1	1	1
C4_DOWN	C4 R-sig	down	ENSG00000171148	TADA3	1	1	1
C4_UP	C4 R-sig	up	ENSG00000171150	SOCS5	1	1	1
C4_UP	C4 R-sig	up	ENSG00000171155	C1GALT1C1	1	1	1
C4_UP	C4 R-sig	up	ENSG00000171159	BBLN	0	0	0
C4_UP	C4 R-sig	up	ENSG00000171208	NETO2	1	1	1
C4_DOWN	C4 R-sig	down	ENSG00000171241	SHCBP1	1	1	1
C4_UP	C4 R-sig	up	ENSG00000171262	FAM98B	1	1	1
C4_UP	C4 R-sig	up	ENSG00000171295	ZNF440	1	1	1
C4_DOWN	C4 R-sig	down	ENSG00000171298	GAA	1	1	1
C4_UP	C4 R-sig	up	ENSG00000171307	ZDHHC16	1	1	1
C4_UP	C4 R-sig	up	ENSG00000171310	CHST11	1	1	1
C4_DOWN	C4 R-sig	down	ENSG00000171314	PGAM1	1	1	1
C4_DOWN	C4 R-sig	down	ENSG00000171316	CHD7	1	1	1
C4_UP	C4 R-sig	up	ENSG00000171365	CLCN5	1	1	1
C4_DOWN	C4 R-sig	down	ENSG00000171388	APLN	1	1	1
C4_UP	C4 R-sig	up	ENSG00000171428	NAT1	1	1	1
C4_UP	C4 R-sig	up	ENSG00000171448	ZBTB26	1	1	1
C4_UP	C4 R-sig	up	ENSG00000171451	DSEL	1	1	1
C4_UP	C4 R-sig	up	ENSG00000171469	ZNF561	1	1	1
C4_UP	C4 R-sig	up	ENSG00000171488	LRRC8C	1	1	1
C4_UP	C4 R-sig	up	ENSG00000171522	PTGER4	1	1	1
C4_DOWN	C4 R-sig	down	ENSG00000171530	TBCA	1	1	1
C4_DOWN	C4 R-sig	down	ENSG00000171603	CLSTN1	1	1	1
C4_DOWN	C4 R-sig	down	ENSG00000171604	CXXC5	1	1	1
C4_UP	C4 R-sig	up	ENSG00000171612	SLC25A33	1	1	1
C4_UP	C4 R-sig	up	ENSG00000171617	ENC1	1	1	1
C4_UP	C4 R-sig	up	ENSG00000171634	BPTF	1	1	1
C4_DOWN	C4 R-sig	down	ENSG00000171703	TCEA2	1	1	1
C4_DOWN	C4 R-sig	down	ENSG00000171724	VAT1L	1	1	1
C4_DOWN	C4 R-sig	down	ENSG00000171793	CTPS1	1	1	1
C4_DOWN	C4 R-sig	down	ENSG00000171823	FBXL14	1	1	1
C4_DOWN	C4 R-sig	down	ENSG00000171848	RRM2	1	1	1
C4_DOWN	C4 R-sig	down	ENSG00000171853	TRAPPC12	1	1	1
C4_UP	C4 R-sig	up	ENSG00000171858	RPS21	1	1	1
C4_DOWN	C4 R-sig	down	ENSG00000171865	RNASEH1	1	1	1
C4_UP	C4 R-sig	up	ENSG00000171867	PRNP	1	1	1
C4_UP	C4 R-sig	up	ENSG00000171928	TVP23B	1	1	1
C4_UP	C4 R-sig	up	ENSG00000171940	ZNF217	1	1	1
C4_DOWN	C4 R-sig	down	ENSG00000171962	DRC3	0	0	1
C4_UP	C4 R-sig	up	ENSG00000171988	JMJD1C	1	1	1
C4_DOWN	C4 R-sig	down	ENSG00000172009	THOP1	1	1	1
C4_DOWN	C4 R-sig	down	ENSG00000172020	GAP43	1	1	1
C4_DOWN	C4 R-sig	down	ENSG00000172037	LAMB2	1	1	1
C4_DOWN	C4 R-sig	down	ENSG00000172053	QARS1	0	0	0
C4_UP	C4 R-sig	up	ENSG00000172057	ORMDL3	1	1	1
C4_DOWN	C4 R-sig	down	ENSG00000172059	KLF11	1	1	1
C4_UP	C4 R-sig	up	ENSG00000172071	EIF2AK3	1	1	1
C4_UP	C4 R-sig	up	ENSG00000172081	MOB3A	1	1	1
C4_UP	C4 R-sig	up	ENSG00000172115	CYCS	1	1	1
C4_UP	C4 R-sig	up	ENSG00000172175	MALT1	1	1	1
C4_UP	C4 R-sig	up	ENSG00000172216	CEBPB	1	1	1
C4_UP	C4 R-sig	up	ENSG00000172239	PAIP1	1	1	1
C4_UP	C4 R-sig	up	ENSG00000172269	DPAGT1	1	1	1
C4_UP	C4 R-sig	up	ENSG00000172315	TP53RK	1	1	1
C4_DOWN	C4 R-sig	down	ENSG00000172340	SUCLG2	1	1	1
C4_DOWN	C4 R-sig	down	ENSG00000172354	GNB2	1	1	1
C4_UP	C4 R-sig	up	ENSG00000172379	ARNT2	1	1	1
C4_UP	C4 R-sig	up	ENSG00000172380	GNG12	1	1	1
C4_DOWN	C4 R-sig	down	ENSG00000172432	GTPBP2	1	1	1
C4_UP	C4 R-sig	up	ENSG00000172466	ZNF24	1	1	1
C4_UP	C4 R-sig	up	ENSG00000172493	AFF1	1	1	1
C4_DOWN	C4 R-sig	down	ENSG00000172534	HCFC1	1	1	1
C4_UP	C4 R-sig	up	ENSG00000172594	SMPDL3A	1	1	1
C4_DOWN	C4 R-sig	down	ENSG00000172638	EFEMP2	1	1	1
C4_UP	C4 R-sig	up	ENSG00000172667	ZMAT3	1	1	1
C4_DOWN	C4 R-sig	down	ENSG00000172716	SLFN11	1	1	1
C4_DOWN	C4 R-sig	down	ENSG00000172725	CORO1B	1	1	1
C4_UP	C4 R-sig	up	ENSG00000172748	ZNF596	1	1	1
C4_UP	C4 R-sig	up	ENSG00000172757	CFL1	1	1	1
C4_DOWN	C4 R-sig	down	ENSG00000172775	PSME3IP1	0	0	0
C4_DOWN	C4 R-sig	down	ENSG00000172789	HOXC5	1	1	1
C4_UP	C4 R-sig	up	ENSG00000172795	DCP2	1	1	1
C4_UP	C4 R-sig	up	ENSG00000172809	RPL38	1	1	1
C4_UP	C4 R-sig	up	ENSG00000172819	RARG	1	1	1
C4_DOWN	C4 R-sig	down	ENSG00000172830	SSH3	1	1	1
C4_UP	C4 R-sig	up	ENSG00000172840	PDP2	1	1	1
C4_UP	C4 R-sig	up	ENSG00000172845	SP3	1	1	1
C4_DOWN	C4 R-sig	down	ENSG00000172890	NADSYN1	1	1	1
C4_UP	C4 R-sig	up	ENSG00000172893	DHCR7	1	1	1
C4_UP	C4 R-sig	up	ENSG00000172915	NBEA	1	1	1
C4_DOWN	C4 R-sig	down	ENSG00000172922	RNASEH2C	1	1	1
C4_UP	C4 R-sig	up	ENSG00000172936	MYD88	1	1	1
C4_DOWN	C4 R-sig	down	ENSG00000172939	OXSR1	1	1	1
C4_UP	C4 R-sig	up	ENSG00000172986	GXYLT2	1	1	1
C4_DOWN	C4 R-sig	down	ENSG00000172992	DCAKD	1	1	1
C4_DOWN	C4 R-sig	down	ENSG00000173011	TADA2B	1	1	1
C4_DOWN	C4 R-sig	down	ENSG00000173020	GRK2	0	0	0
C4_UP	C4 R-sig	up	ENSG00000173064	HECTD4	1	1	1
C4_UP	C4 R-sig	up	ENSG00000173065	FAM222B	1	1	1
C4_DOWN	C4 R-sig	down	ENSG00000173085	COQ2	1	1	1
C4_UP	C4 R-sig	up	ENSG00000173114	LRRN3	1	1	1
C4_UP	C4 R-sig	up	ENSG00000173120	KDM2A	1	1	1
C4_UP	C4 R-sig	up	ENSG00000173145	NOC3L	1	1	1
C4_DOWN	C4 R-sig	down	ENSG00000173163	COMMD1	1	1	1
C4_UP	C4 R-sig	up	ENSG00000173166	RAPH1	1	1	1
C4_DOWN	C4 R-sig	down	ENSG00000173171	MTX1	1	1	1
C4_UP	C4 R-sig	up	ENSG00000173193	PARP14	1	1	1
C4_UP	C4 R-sig	up	ENSG00000173214	SLC60A2	0	0	0
C4_UP	C4 R-sig	up	ENSG00000173218	VANGL1	1	1	1
C4_UP	C4 R-sig	up	ENSG00000173221	GLRX	1	1	1
C4_UP	C4 R-sig	up	ENSG00000173276	ZBTB21	1	1	1
C4_UP	C4 R-sig	up	ENSG00000173334	TRIB1	1	1	1
C4_UP	C4 R-sig	up	ENSG00000173409	ARV1	1	1	1
C4_UP	C4 R-sig	up	ENSG00000173436	MICOS10	0	0	0
C4_DOWN	C4 R-sig	down	ENSG00000173442	EHBP1L1	1	1	1
C4_DOWN	C4 R-sig	down	ENSG00000173457	PPP1R14B	1	1	1
C4_DOWN	C4 R-sig	down	ENSG00000173473	SMARCC1	1	1	1
C4_UP	C4 R-sig	up	ENSG00000173530	TNFRSF10D	1	1	1
C4_UP	C4 R-sig	up	ENSG00000173542	MOB1B	1	1	1
C4_DOWN	C4 R-sig	down	ENSG00000173546	CSPG4	1	1	1
C4_DOWN	C4 R-sig	down	ENSG00000173575	CHD2	1	1	1
C4_DOWN	C4 R-sig	down	ENSG00000173581	CCDC106	1	1	1
C4_UP	C4 R-sig	up	ENSG00000173598	NUDT4	1	1	1
C4_DOWN	C4 R-sig	down	ENSG00000173599	PC	1	1	1
C4_UP	C4 R-sig	up	ENSG00000173653	RCE1	1	1	1
C4_UP	C4 R-sig	up	ENSG00000173706	HEG1	1	1	1
C4_UP	C4 R-sig	up	ENSG00000173744	AGFG1	1	1	1
C4_UP	C4 R-sig	up	ENSG00000173812	EIF1	1	1	1
C4_DOWN	C4 R-sig	down	ENSG00000173821	RNF213	1	1	1
C4_UP	C4 R-sig	up	ENSG00000173846	PLK3	1	1	1
C4_UP	C4 R-sig	up	ENSG00000173852	DPY19L1	1	1	1
C4_UP	C4 R-sig	up	ENSG00000173875	ZNF791	1	1	1
C4_UP	C4 R-sig	up	ENSG00000173889	PHC3	1	1	1
C4_DOWN	C4 R-sig	down	ENSG00000173905	GOLIM4	1	1	1
C4_UP	C4 R-sig	up	ENSG00000173915	ATP5MK	0	0	0
C4_DOWN	C4 R-sig	down	ENSG00000173950	XXYLT1	1	1	1
C4_UP	C4 R-sig	up	ENSG00000174010	KLHL15	1	1	1
C4_UP	C4 R-sig	up	ENSG00000174021	GNG5	1	1	1
C4_UP	C4 R-sig	up	ENSG00000174032	SLC25A30	1	1	1
C4_UP	C4 R-sig	up	ENSG00000174106	LEMD3	1	1	1
C4_UP	C4 R-sig	up	ENSG00000174130	TLR6	1	1	1
C4_UP	C4 R-sig	up	ENSG00000174173	TRMT10C	1	1	1
C4_DOWN	C4 R-sig	down	ENSG00000174177	CTU2	1	1	1
C4_UP	C4 R-sig	up	ENSG00000174197	MGA	1	1	1
C4_UP	C4 R-sig	up	ENSG00000174227	PIGG	1	1	1
C4_DOWN	C4 R-sig	down	ENSG00000174231	PRPF8	1	1	1
C4_DOWN	C4 R-sig	down	ENSG00000174243	DDX23	1	1	1
C4_DOWN	C4 R-sig	down	ENSG00000174306	ZHX3	1	1	1
C4_UP	C4 R-sig	up	ENSG00000174307	PHLDA3	1	1	1
C4_UP	C4 R-sig	up	ENSG00000174343	CHRNA9	1	1	1
C4_DOWN	C4 R-sig	down	ENSG00000174371	EXO1	1	1	1
C4_UP	C4 R-sig	up	ENSG00000174373	RALGAPA1	1	1	1
C4_UP	C4 R-sig	up	ENSG00000174405	LIG4	1	1	1
C4_UP	C4 R-sig	up	ENSG00000174437	ATP2A2	1	1	1
C4_UP	C4 R-sig	up	ENSG00000174442	ZWILCH	1	1	1
C4_DOWN	C4 R-sig	down	ENSG00000174444	RPL4	1	1	1
C4_DOWN	C4 R-sig	down	ENSG00000174482	LINGO2	1	1	1
C4_UP	C4 R-sig	up	ENSG00000174485	DENND4A	1	1	1
C4_DOWN	C4 R-sig	down	ENSG00000174516	PELI3	1	1	1
C4_DOWN	C4 R-sig	down	ENSG00000174564	IL20RB	1	1	1
C4_UP	C4 R-sig	up	ENSG00000174574	AKIRIN1	1	1	1
C4_UP	C4 R-sig	up	ENSG00000174579	MSL2	1	1	1
C4_DOWN	C4 R-sig	down	ENSG00000174600	CMKLR1	1	1	1
C4_UP	C4 R-sig	up	ENSG00000174607	UGT8	1	1	1
C4_DOWN	C4 R-sig	down	ENSG00000174611	KY	1	1	1
C4_UP	C4 R-sig	up	ENSG00000174695	TMEM167A	1	1	1
C4_UP	C4 R-sig	up	ENSG00000174718	RESF1	0	0	0
C4_DOWN	C4 R-sig	down	ENSG00000174721	FGFBP3	1	1	1
C4_UP	C4 R-sig	up	ENSG00000174738	NR1D2	1	1	1
C4_DOWN	C4 R-sig	down	ENSG00000174744	BRMS1	1	1	1
C4_UP	C4 R-sig	up	ENSG00000174748	RPL15	1	1	1
C4_DOWN	C4 R-sig	down	ENSG00000174775	HRAS	1	1	1
C4_DOWN	C4 R-sig	down	ENSG00000174791	RIN1	1	1	1
C4_UP	C4 R-sig	up	ENSG00000174792	ODAPH	0	0	0
C4_UP	C4 R-sig	up	ENSG00000174796	THAP6	1	1	1
C4_UP	C4 R-sig	up	ENSG00000174840	PDE12	1	1	1
C4_DOWN	C4 R-sig	down	ENSG00000174851	YIF1A	1	1	1
C4_DOWN	C4 R-sig	down	ENSG00000174891	RSRC1	1	1	1
C4_UP	C4 R-sig	up	ENSG00000174903	RAB1B	1	1	1
C4_DOWN	C4 R-sig	down	ENSG00000174939	ASPHD1	1	1	1
C4_DOWN	C4 R-sig	down	ENSG00000174989	FBXW8	1	1	1
C4_DOWN	C4 R-sig	down	ENSG00000174996	KLC2	1	1	1
C4_UP	C4 R-sig	up	ENSG00000175061	SNHG29	0	0	0
C4_UP	C4 R-sig	up	ENSG00000175073	VCPIP1	1	1	1
C4_UP	C4 R-sig	up	ENSG00000175087	PDIK1L	1	1	1
C4_UP	C4 R-sig	up	ENSG00000175104	TRAF6	1	1	1
C4_UP	C4 R-sig	up	ENSG00000175105	ZNF654	1	1	1
C4_DOWN	C4 R-sig	down	ENSG00000175115	PACS1	1	1	1
C4_DOWN	C4 R-sig	down	ENSG00000175130	MARCKSL1	1	1	1
C4_DOWN	C4 R-sig	down	ENSG00000175137	SH3BP5L	1	1	1
C4_UP	C4 R-sig	up	ENSG00000175155	YPEL2	1	1	1
C4_DOWN	C4 R-sig	down	ENSG00000175166	PSMD2	1	1	1
C4_DOWN	C4 R-sig	down	ENSG00000175203	DCTN2	1	1	1
C4_UP	C4 R-sig	up	ENSG00000175215	CTDSP2	1	1	1
C4_DOWN	C4 R-sig	down	ENSG00000175221	MED16	1	1	1
C4_UP	C4 R-sig	up	ENSG00000175224	ATG13	1	1	1
C4_DOWN	C4 R-sig	down	ENSG00000175305	CCNE2	1	1	1
C4_UP	C4 R-sig	up	ENSG00000175324	LSM1	1	1	1
C4_UP	C4 R-sig	up	ENSG00000175348	TMEM9B	1	1	1
C4_DOWN	C4 R-sig	down	ENSG00000175390	EIF3F	1	1	1
C4_DOWN	C4 R-sig	down	ENSG00000175414	ARL10	1	1	1
C4_DOWN	C4 R-sig	down	ENSG00000175416	CLTB	1	1	1
C4_UP	C4 R-sig	up	ENSG00000175455	CCDC14	1	1	1
C4_DOWN	C4 R-sig	down	ENSG00000175467	SART1	1	1	1
C4_UP	C4 R-sig	up	ENSG00000175505	CLCF1	1	1	1
C4_DOWN	C4 R-sig	down	ENSG00000175513	TSGA10IP	1	0	1
C4_DOWN	C4 R-sig	down	ENSG00000175536	LIPT2	1	1	1
C4_DOWN	C4 R-sig	down	ENSG00000175550	DRAP1	1	1	1
C4_DOWN	C4 R-sig	down	ENSG00000175567	UCP2	1	1	1
C4_DOWN	C4 R-sig	down	ENSG00000175575	PAAF1	1	1	1
C4_UP	C4 R-sig	up	ENSG00000175582	RAB6A	1	1	1
C4_DOWN	C4 R-sig	down	ENSG00000175595	ERCC4	1	1	1
C4_DOWN	C4 R-sig	down	ENSG00000175600	SUGCT	0	1	1
C4_DOWN	C4 R-sig	down	ENSG00000175602	CCDC85B	1	1	1
C4_UP	C4 R-sig	up	ENSG00000175606	TMEM70	1	1	1
C4_DOWN	C4 R-sig	down	ENSG00000175634	RPS6KB2	1	1	1
C4_DOWN	C4 R-sig	down	ENSG00000175662	TOM1L2	1	1	1
C4_DOWN	C4 R-sig	down	ENSG00000175676	GOLGA8DP	1	0	0
C4_DOWN	C4 R-sig	down	ENSG00000175697	GPR156	1	1	1
C4_DOWN	C4 R-sig	down	ENSG00000175756	AURKAIP1	1	1	1
C4_DOWN	C4 R-sig	down	ENSG00000175792	RUVBL1	1	1	1
C4_UP	C4 R-sig	up	ENSG00000175826	CTDNEP1	1	1	1
C4_UP	C4 R-sig	up	ENSG00000175832	ETV4	1	1	1
C4_DOWN	C4 R-sig	down	ENSG00000175886	RPL7AP66	0	0	0
C4_DOWN	C4 R-sig	down	ENSG00000175931	UBE2O	1	1	1
C4_DOWN	C4 R-sig	down	ENSG00000176014	TUBB6	1	1	1
C4_UP	C4 R-sig	up	ENSG00000176018	LYSMD3	1	1	1
C4_DOWN	C4 R-sig	down	ENSG00000176046	NUPR1	1	1	1
C4_UP	C4 R-sig	up	ENSG00000176095	IP6K1	1	1	1
C4_UP	C4 R-sig	up	ENSG00000176105	YES1	1	1	1
C4_UP	C4 R-sig	up	ENSG00000176124	DLEU1	1	1	1
C4_UP	C4 R-sig	up	ENSG00000176142	TMEM39A	1	1	1
C4_UP	C4 R-sig	up	ENSG00000176148	TCP11L1	1	1	1
C4_DOWN	C4 R-sig	down	ENSG00000176171	BNIP3	1	1	1
C4_DOWN	C4 R-sig	down	ENSG00000176248	ANAPC2	1	1	1
C4_UP	C4 R-sig	up	ENSG00000176386	CDC26	1	1	1
C4_UP	C4 R-sig	up	ENSG00000176396	EID2	1	1	1
C4_UP	C4 R-sig	up	ENSG00000176407	KCMF1	1	1	1
C4_DOWN	C4 R-sig	down	ENSG00000176438	SYNE3	1	1	1
C4_DOWN	C4 R-sig	down	ENSG00000176490	DIRAS1	1	1	1
C4_UP	C4 R-sig	up	ENSG00000176597	B3GNT5	1	1	1
C4_DOWN	C4 R-sig	down	ENSG00000176619	LMNB2	1	1	1
C4_UP	C4 R-sig	up	ENSG00000176624	MEX3C	1	1	1
C4_DOWN	C4 R-sig	down	ENSG00000176678	FOXL1	1	1	1
C4_DOWN	C4 R-sig	down	ENSG00000176692	FOXC2	1	1	1
C4_DOWN	C4 R-sig	down	ENSG00000176715	ACSF3	1	1	1
C4_UP	C4 R-sig	up	ENSG00000176731	RBIS	0	0	0
C4_DOWN	C4 R-sig	down	ENSG00000176771	NCKAP5	1	1	1
C4_DOWN	C4 R-sig	down	ENSG00000176845	METRNL	1	1	1
C4_UP	C4 R-sig	up	ENSG00000176853	FAM91A1	1	1	1
C4_DOWN	C4 R-sig	down	ENSG00000176890	TYMS	1	1	1
C4_DOWN	C4 R-sig	down	ENSG00000176907	TCIM	0	0	0
C4_DOWN	C4 R-sig	down	ENSG00000176946	THAP4	1	1	1
C4_DOWN	C4 R-sig	down	ENSG00000176974	SHMT1	1	1	1
C4_UP	C4 R-sig	up	ENSG00000176986	SEC24C	1	1	1
C4_UP	C4 R-sig	up	ENSG00000176994	SMCR8	1	1	1
C4_UP	C4 R-sig	up	ENSG00000177000	MTHFR	1	1	1
C4_DOWN	C4 R-sig	down	ENSG00000177030	DEAF1	1	1	1
C4_UP	C4 R-sig	up	ENSG00000177034	MTX3	1	1	1
C4_UP	C4 R-sig	up	ENSG00000177054	ZDHHC13	1	1	1
C4_UP	C4 R-sig	up	ENSG00000177058	SLC38A9	1	1	1
C4_DOWN	C4 R-sig	down	ENSG00000177084	POLE	1	1	1
C4_UP	C4 R-sig	up	ENSG00000177105	RHOG	1	1	1
C4_UP	C4 R-sig	up	ENSG00000177150	FAM210A	1	1	1
C4_DOWN	C4 R-sig	down	ENSG00000177156	TALDO1	1	1	1
C4_UP	C4 R-sig	up	ENSG00000177189	RPS6KA3	1	1	1
C4_UP	C4 R-sig	up	ENSG00000177200	CHD9	1	1	1
C4_DOWN	C4 R-sig	down	ENSG00000177239	MAN1B1	1	1	1
C4_UP	C4 R-sig	up	ENSG00000177311	ZBTB38	1	1	1
C4_UP	C4 R-sig	up	ENSG00000177383	MAGEF1	1	1	1
C4_UP	C4 R-sig	up	ENSG00000177409	SAMD9L	1	1	1
C4_UP	C4 R-sig	up	ENSG00000177410	ZFAS1	1	1	1
C4_UP	C4 R-sig	up	ENSG00000177426	TGIF1	1	1	1
C4_DOWN	C4 R-sig	down	ENSG00000177453	NIM1K	0	1	1
C4_UP	C4 R-sig	up	ENSG00000177463	NR2C2	1	1	1
C4_DOWN	C4 R-sig	down	ENSG00000177469	CAVIN1	0	0	0
C4_DOWN	C4 R-sig	down	ENSG00000177479	ARIH2	1	1	1
C4_DOWN	C4 R-sig	down	ENSG00000177508	IRX3	1	1	1
C4_DOWN	C4 R-sig	down	ENSG00000177548	RABEP2	1	1	1
C4_UP	C4 R-sig	up	ENSG00000177565	TBL1XR1	1	1	1
C4_DOWN	C4 R-sig	down	ENSG00000177606	JUN	1	1	1
C4_UP	C4 R-sig	up	ENSG00000177628	GBA1	0	0	0
C4_DOWN	C4 R-sig	down	ENSG00000177646	ACAD9	1	1	1
C4_DOWN	C4 R-sig	down	ENSG00000177675	CD163L1	1	1	1
C4_UP	C4 R-sig	up	ENSG00000177683	THAP5	1	1	1
C4_DOWN	C4 R-sig	down	ENSG00000177685	CRACR2B	0	0	1
C4_DOWN	C4 R-sig	down	ENSG00000177697	CD151	1	1	1
C4_UP	C4 R-sig	up	ENSG00000177700	POLR2L	1	1	1
C4_DOWN	C4 R-sig	down	ENSG00000177706	FAM20C	1	1	1
C4_UP	C4 R-sig	up	ENSG00000177707	NECTIN3	0	0	0
C4_DOWN	C4 R-sig	down	ENSG00000177731	FLII	1	1	1
C4_UP	C4 R-sig	up	ENSG00000177757	FAM87B	0	1	1
C4_DOWN	C4 R-sig	down	ENSG00000177830	CHID1	1	1	1
C4_UP	C4 R-sig	up	ENSG00000177879	AP3S1	1	1	1
C4_UP	C4 R-sig	up	ENSG00000177888	ZBTB41	1	1	1
C4_UP	C4 R-sig	up	ENSG00000177889	UBE2N	1	1	1
C4_DOWN	C4 R-sig	down	ENSG00000177946	CENPBD1P	0	0	0
C4_UP	C4 R-sig	up	ENSG00000177954	RPS27	1	1	1
C4_DOWN	C4 R-sig	down	ENSG00000177963	RIC8A	1	1	1
C4_UP	C4 R-sig	up	ENSG00000177981	ASB8	1	1	1
C4_DOWN	C4 R-sig	down	ENSG00000178028	DMAP1	1	1	1
C4_DOWN	C4 R-sig	down	ENSG00000178031	ADAMTSL1	1	1	1
C4_DOWN	C4 R-sig	down	ENSG00000178035	IMPDH2	1	1	1
C4_UP	C4 R-sig	up	ENSG00000178074	C2orf69	1	1	1
C4_DOWN	C4 R-sig	down	ENSG00000178104	PDE4DIP	1	1	1
C4_UP	C4 R-sig	up	ENSG00000178127	NDUFV2	1	1	1
C4_UP	C4 R-sig	up	ENSG00000178177	LCORL	1	1	1
C4_DOWN	C4 R-sig	down	ENSG00000178209	PLEC	1	1	1
C4_DOWN	C4 R-sig	down	ENSG00000178234	GALNT11	1	1	1
C4_DOWN	C4 R-sig	down	ENSG00000178252	WDR6	1	1	1
C4_UP	C4 R-sig	up	ENSG00000178295	GEN1	1	1	1
C4_DOWN	C4 R-sig	down	ENSG00000178385	PLEKHM3	1	1	1
C4_UP	C4 R-sig	up	ENSG00000178502	KLHL11	1	1	1
C4_UP	C4 R-sig	up	ENSG00000178567	EPM2AIP1	1	1	1
C4_DOWN	C4 R-sig	down	ENSG00000178585	CTNNBIP1	1	1	1
C4_UP	C4 R-sig	up	ENSG00000178607	ERN1	1	1	1
C4_DOWN	C4 R-sig	down	ENSG00000178685	PARP10	1	1	1
C4_UP	C4 R-sig	up	ENSG00000178694	NSUN3	1	1	1
C4_UP	C4 R-sig	up	ENSG00000178695	KCTD12	1	1	1
C4_UP	C4 R-sig	up	ENSG00000178719	GRINA	1	1	1
C4_UP	C4 R-sig	up	ENSG00000178741	COX5A	1	1	1
C4_DOWN	C4 R-sig	down	ENSG00000178764	ZHX2	1	1	1
C4_DOWN	C4 R-sig	down	ENSG00000178773	CPNE7	1	1	1
C4_DOWN	C4 R-sig	down	ENSG00000178802	MPI	1	1	1
C4_UP	C4 R-sig	up	ENSG00000178904	DPY19L3	1	1	1
C4_UP	C4 R-sig	up	ENSG00000178917	ZNF852	0	1	1
C4_DOWN	C4 R-sig	down	ENSG00000178921	PFAS	1	1	1
C4_DOWN	C4 R-sig	down	ENSG00000178950	GAK	1	1	1
C4_UP	C4 R-sig	up	ENSG00000178951	ZBTB7A	1	1	1
C4_DOWN	C4 R-sig	down	ENSG00000178952	TUFM	1	1	1
C4_DOWN	C4 R-sig	down	ENSG00000178980	SELENOW	0	0	0
C4_DOWN	C4 R-sig	down	ENSG00000178988	MRFAP1L1	1	1	1
C4_DOWN	C4 R-sig	down	ENSG00000178996	SNX18	1	1	1
C4_DOWN	C4 R-sig	down	ENSG00000178999	AURKB	1	1	1
C4_DOWN	C4 R-sig	down	ENSG00000179010	MRFAP1	1	1	1
C4_UP	C4 R-sig	up	ENSG00000179021	C3orf38	1	1	1
C4_DOWN	C4 R-sig	down	ENSG00000179029	TMEM107	1	1	1
C4_DOWN	C4 R-sig	down	ENSG00000179051	RCC2	1	1	1
C4_DOWN	C4 R-sig	down	ENSG00000179091	CYC1	1	1	1
C4_DOWN	C4 R-sig	down	ENSG00000179115	FARSA	1	1	1
C4_UP	C4 R-sig	up	ENSG00000179134	SAMD4B	1	1	1
C4_UP	C4 R-sig	up	ENSG00000179152	TCAIM	1	1	1
C4_UP	C4 R-sig	up	ENSG00000179195	ZNF664	1	1	1
C4_DOWN	C4 R-sig	down	ENSG00000179218	CALR	1	1	1
C4_DOWN	C4 R-sig	down	ENSG00000179222	MAGED1	1	1	1
C4_DOWN	C4 R-sig	down	ENSG00000179262	RAD23A	1	1	1
C4_DOWN	C4 R-sig	down	ENSG00000179271	GADD45GIP1	1	1	1
C4_DOWN	C4 R-sig	down	ENSG00000179295	PTPN11	1	1	1
C4_DOWN	C4 R-sig	down	ENSG00000179348	GATA2	1	1	1
C4_DOWN	C4 R-sig	down	ENSG00000179364	PACS2	1	1	1
C4_UP	C4 R-sig	up	ENSG00000179454	KLHL28	1	1	1
C4_DOWN	C4 R-sig	down	ENSG00000179526	SHARPIN	1	1	1
C4_DOWN	C4 R-sig	down	ENSG00000179583	CIITA	1	1	1
C4_DOWN	C4 R-sig	down	ENSG00000179603	GRM8	1	1	1
C4_DOWN	C4 R-sig	down	ENSG00000179611	DGKZP1	0	0	0
C4_DOWN	C4 R-sig	down	ENSG00000179715	PCED1B	1	1	1
C4_UP	C4 R-sig	up	ENSG00000179820	MYADM	1	1	1
C4_DOWN	C4 R-sig	down	ENSG00000179832	MROH1	1	1	1
C4_DOWN	C4 R-sig	down	ENSG00000179912	R3HDM2	1	1	1
C4_UP	C4 R-sig	up	ENSG00000179933	C14orf119	1	1	1
C4_DOWN	C4 R-sig	down	ENSG00000179950	PUF60	1	1	1
C4_UP	C4 R-sig	up	ENSG00000180008	SOCS4	1	1	1
C4_DOWN	C4 R-sig	down	ENSG00000180098	TRNAU1AP	1	1	1
C4_DOWN	C4 R-sig	down	ENSG00000180104	EXOC3	1	1	1
C4_DOWN	C4 R-sig	down	ENSG00000180329	CCDC43	1	1	1
C4_UP	C4 R-sig	up	ENSG00000180370	PAK2	1	1	1
C4_UP	C4 R-sig	up	ENSG00000180398	MCFD2	1	1	1
C4_DOWN	C4 R-sig	down	ENSG00000180448	ARHGAP45	0	0	0
C4_DOWN	C4 R-sig	down	ENSG00000180530	NRIP1	1	1	1
C4_DOWN	C4 R-sig	down	ENSG00000180596	H2BC4	0	0	0
C4_DOWN	C4 R-sig	down	ENSG00000180626	ZNF594	1	1	1
C4_UP	C4 R-sig	up	ENSG00000180667	YOD1	1	1	1
C4_DOWN	C4 R-sig	down	ENSG00000180747	SMG1P3	0	0	0
C4_UP	C4 R-sig	up	ENSG00000180776	ZDHHC20	1	1	1
C4_DOWN	C4 R-sig	down	ENSG00000180801	ARSJ	1	1	1
C4_UP	C4 R-sig	up	ENSG00000180817	PPA1	1	1	1
C4_DOWN	C4 R-sig	down	ENSG00000180834	MAP6D1	1	1	1
C4_DOWN	C4 R-sig	down	ENSG00000180891	CUEDC1	1	1	1
C4_DOWN	C4 R-sig	down	ENSG00000180900	SCRIB	1	1	1
C4_UP	C4 R-sig	up	ENSG00000180917	CMTR2	0	1	1
C4_UP	C4 R-sig	up	ENSG00000180979	LRRC57	1	1	1
C4_UP	C4 R-sig	up	ENSG00000181004	BBS12	1	1	1
C4_UP	C4 R-sig	up	ENSG00000181019	NQO1	1	1	1
C4_UP	C4 R-sig	up	ENSG00000181026	AEN	1	1	1
C4_UP	C4 R-sig	up	ENSG00000181061	HIGD1A	1	1	1
C4_DOWN	C4 R-sig	down	ENSG00000181090	EHMT1	1	1	1
C4_UP	C4 R-sig	up	ENSG00000181104	F2R	1	1	1
C4_DOWN	C4 R-sig	down	ENSG00000181163	NPM1	1	1	1
C4_DOWN	C4 R-sig	down	ENSG00000181192	DHTKD1	1	1	1
C4_UP	C4 R-sig	up	ENSG00000181222	POLR2A	1	1	1
C4_UP	C4 R-sig	up	ENSG00000181315	ZNF322	1	1	1
C4_UP	C4 R-sig	up	ENSG00000181359	HSP90AA6P	0	0	0
C4_DOWN	C4 R-sig	down	ENSG00000181396	OGFOD3	1	1	1
C4_UP	C4 R-sig	up	ENSG00000181458	TMEM45A	1	1	1
C4_UP	C4 R-sig	up	ENSG00000181472	ZBTB2	1	1	1
C4_UP	C4 R-sig	up	ENSG00000181544	FANCB	1	1	1
C4_UP	C4 R-sig	up	ENSG00000181555	SETD2	1	1	1
C4_DOWN	C4 R-sig	down	ENSG00000181588	MEX3D	1	1	1
C4_UP	C4 R-sig	up	ENSG00000181649	PHLDA2	1	1	1
C4_UP	C4 R-sig	up	ENSG00000181704	YIPF6	1	1	1
C4_UP	C4 R-sig	up	ENSG00000181722	ZBTB20	1	1	1
C4_UP	C4 R-sig	up	ENSG00000181788	SIAH2	1	1	1
C4_DOWN	C4 R-sig	down	ENSG00000181789	COPG1	1	1	1
C4_UP	C4 R-sig	up	ENSG00000181790	ADGRB1	0	0	1
C4_DOWN	C4 R-sig	down	ENSG00000181804	SLC9A9	1	1	1
C4_UP	C4 R-sig	up	ENSG00000181827	RFX7	1	1	1
C4_DOWN	C4 R-sig	down	ENSG00000181852	RNF41	1	1	1
C4_DOWN	C4 R-sig	down	ENSG00000181982	CCDC149	1	1	1
C4_DOWN	C4 R-sig	down	ENSG00000182054	IDH2	1	1	1
C4_DOWN	C4 R-sig	down	ENSG00000182087	TMEM259	1	1	1
C4_DOWN	C4 R-sig	down	ENSG00000182095	TNRC18	1	1	1
C4_UP	C4 R-sig	up	ENSG00000182117	NOP10	1	1	1
C4_UP	C4 R-sig	up	ENSG00000182141	ZNF708	1	1	1
C4_UP	C4 R-sig	up	ENSG00000182149	IST1	1	1	1
C4_UP	C4 R-sig	up	ENSG00000182158	CREB3L2	1	1	1
C4_DOWN	C4 R-sig	down	ENSG00000182173	TSEN54	1	1	1
C4_DOWN	C4 R-sig	down	ENSG00000182185	RAD51B	1	1	1
C4_DOWN	C4 R-sig	down	ENSG00000182196	ARL6IP4	1	1	1
C4_DOWN	C4 R-sig	down	ENSG00000182199	SHMT2	1	1	1
C4_DOWN	C4 R-sig	down	ENSG00000182253	SYNM	1	1	1
C4_UP	C4 R-sig	up	ENSG00000182263	FIGN	1	1	1
C4_UP	C4 R-sig	up	ENSG00000182287	AP1S2	1	1	1
C4_UP	C4 R-sig	up	ENSG00000182400	TRAPPC6B	1	1	1
C4_DOWN	C4 R-sig	down	ENSG00000182446	NPLOC4	1	1	1
C4_DOWN	C4 R-sig	down	ENSG00000182463	TSHZ2	1	1	1
C4_DOWN	C4 R-sig	down	ENSG00000182473	EXOC7	1	1	1
C4_DOWN	C4 R-sig	down	ENSG00000182484.15_PAR_Y		0	0	0
C4_UP	C4 R-sig	up	ENSG00000182512	GLRX5	1	1	1
C4_UP	C4 R-sig	up	ENSG00000182518	VCF2	0	0	0
C4_UP	C4 R-sig	up	ENSG00000182544	SLC61A1	0	0	0
C4_UP	C4 R-sig	up	ENSG00000182551	ADI1	1	1	1
C4_DOWN	C4 R-sig	down	ENSG00000182578	CSF1R	1	1	1
C4_DOWN	C4 R-sig	down	ENSG00000182606	TRAK1	1	1	1
C4_DOWN	C4 R-sig	down	ENSG00000182621	PLCB1	1	1	1
C4_DOWN	C4 R-sig	down	ENSG00000182628	SKA2	1	1	1
C4_DOWN	C4 R-sig	down	ENSG00000182718	ANXA2	1	1	1
C4_UP	C4 R-sig	up	ENSG00000182742	HOXB4	1	1	1
C4_DOWN	C4 R-sig	down	ENSG00000182768	NGRN	1	1	1
C4_DOWN	C4 R-sig	down	ENSG00000182774	RPS17	1	1	1
C4_UP	C4 R-sig	up	ENSG00000182831	HAPSTR1	0	0	0
C4_DOWN	C4 R-sig	down	ENSG00000182870	GALNT9	1	1	1
C4_DOWN	C4 R-sig	down	ENSG00000182872	RBM10	1	1	1
C4_UP	C4 R-sig	up	ENSG00000182899	RPL35A	1	1	1
C4_UP	C4 R-sig	up	ENSG00000182903	ZNF721	1	1	1
C4_DOWN	C4 R-sig	down	ENSG00000182923	CEP63	1	1	1
C4_DOWN	C4 R-sig	down	ENSG00000182934	SRPRA	0	0	1
C4_DOWN	C4 R-sig	down	ENSG00000182944	EWSR1	1	1	1
C4_DOWN	C4 R-sig	down	ENSG00000182979	MTA1	1	1	1
C4_DOWN	C4 R-sig	down	ENSG00000183010	PYCR1	1	1	1
C4_DOWN	C4 R-sig	down	ENSG00000183020	AP2A2	1	1	1
C4_DOWN	C4 R-sig	down	ENSG00000183023	SLC8A1	1	1	1
C4_DOWN	C4 R-sig	down	ENSG00000183048	SLC25A10	1	1	1
C4_DOWN	C4 R-sig	down	ENSG00000183087	GAS6	1	1	1
C4_DOWN	C4 R-sig	down	ENSG00000183098	GPC6	1	1	1
C4_UP	C4 R-sig	up	ENSG00000183155	RABIF	1	1	1
C4_DOWN	C4 R-sig	down	ENSG00000183160	TMEM119	1	1	1
C4_UP	C4 R-sig	up	ENSG00000183172	SMDT1	0	1	1
C4_DOWN	C4 R-sig	down	ENSG00000183199	HSP90AB3P	0	0	0
C4_DOWN	C4 R-sig	down	ENSG00000183207	RUVBL2	1	1	1
C4_DOWN	C4 R-sig	down	ENSG00000183250	LINC01547	0	0	1
C4_UP	C4 R-sig	up	ENSG00000183255	PTTG1IP	1	1	1
C4_DOWN	C4 R-sig	down	ENSG00000183258	DDX41	1	1	1
C4_UP	C4 R-sig	up	ENSG00000183283	DAZAP2	1	1	1
C4_DOWN	C4 R-sig	down	ENSG00000183287	CCBE1	1	1	1
C4_UP	C4 R-sig	up	ENSG00000183291	SELENOF	0	0	0
C4_UP	C4 R-sig	up	ENSG00000183386	FHL3	1	1	1
C4_DOWN	C4 R-sig	down	ENSG00000183401	CCDC159	1	1	1
C4_DOWN	C4 R-sig	down	ENSG00000183431	SF3A3	1	1	1
C4_DOWN	C4 R-sig	down	ENSG00000183454	GRIN2A	1	1	1
C4_UP	C4 R-sig	up	ENSG00000183474	GTF2H2C	1	1	1
C4_DOWN	C4 R-sig	down	ENSG00000183479	TREX2	1	1	1
C4_DOWN	C4 R-sig	down	ENSG00000183495	EP400	1	1	1
C4_DOWN	C4 R-sig	down	ENSG00000183570	PCBP3	1	1	1
C4_DOWN	C4 R-sig	down	ENSG00000183580	FBXL7	1	1	1
C4_DOWN	C4 R-sig	down	ENSG00000183624	HMCES	0	1	1
C4_DOWN	C4 R-sig	down	ENSG00000183684	ALYREF	1	1	1
C4_DOWN	C4 R-sig	down	ENSG00000183688	RFLNB	0	0	0
C4_UP	C4 R-sig	up	ENSG00000183696	UPP1	1	1	1
C4_DOWN	C4 R-sig	down	ENSG00000183722	LHFPL6	0	0	0
C4_UP	C4 R-sig	up	ENSG00000183726	TMEM50A	1	1	1
C4_UP	C4 R-sig	up	ENSG00000183735	TBK1	1	1	1
C4_UP	C4 R-sig	up	ENSG00000183741	CBX6	1	1	1
C4_DOWN	C4 R-sig	down	ENSG00000183751	TBL3	1	1	1
C4_UP	C4 R-sig	up	ENSG00000183760	ACP7	0	0	1
C4_DOWN	C4 R-sig	down	ENSG00000183762	KREMEN1	1	1	1
C4_DOWN	C4 R-sig	down	ENSG00000183765	CHEK2	1	1	1
C4_UP	C4 R-sig	up	ENSG00000183779	ZNF703	1	1	1
C4_UP	C4 R-sig	up	ENSG00000183808	RBM12B	1	1	1
C4_DOWN	C4 R-sig	down	ENSG00000183828	NUDT14	1	1	1
C4_DOWN	C4 R-sig	down	ENSG00000183856	IQGAP3	1	1	1
C4_UP	C4 R-sig	up	ENSG00000183864	TOB2	1	1	1
C4_DOWN	C4 R-sig	down	ENSG00000183876	ARSI	1	1	1
C4_DOWN	C4 R-sig	down	ENSG00000183955	KMT5A	0	0	1
C4_DOWN	C4 R-sig	down	ENSG00000183963	SMTN	1	1	1
C4_UP	C4 R-sig	up	ENSG00000184007	PTP4A2	1	1	1
C4_DOWN	C4 R-sig	down	ENSG00000184009	ACTG1	1	1	1
C4_DOWN	C4 R-sig	down	ENSG00000184014	DENND5A	1	1	1
C4_DOWN	C4 R-sig	down	ENSG00000184047	DIABLO	1	1	1
C4_DOWN	C4 R-sig	down	ENSG00000184100	BRD7P2	0	0	0
C4_DOWN	C4 R-sig	down	ENSG00000184110	EIF3C	1	1	1
C4_DOWN	C4 R-sig	down	ENSG00000184117	NIPSNAP1	1	1	1
C4_DOWN	C4 R-sig	down	ENSG00000184164	CRELD2	1	1	1
C4_DOWN	C4 R-sig	down	ENSG00000184178	SCFD2	1	1	1
C4_UP	C4 R-sig	up	ENSG00000184182	UBE2F	1	1	1
C4_DOWN	C4 R-sig	down	ENSG00000184208	C22orf46P	0	0	0
C4_DOWN	C4 R-sig	down	ENSG00000184209	SNRNP35	1	1	1
C4_DOWN	C4 R-sig	down	ENSG00000184216	IRAK1	1	1	1
C4_DOWN	C4 R-sig	down	ENSG00000184220	CMSS1	1	1	1
C4_UP	C4 R-sig	up	ENSG00000184226	PCDH9	1	1	1
C4_UP	C4 R-sig	up	ENSG00000184232	OAF	1	1	1
C4_DOWN	C4 R-sig	down	ENSG00000184260	H2AC20	0	0	0
C4_DOWN	C4 R-sig	down	ENSG00000184270	H2AC21	0	0	0
C4_DOWN	C4 R-sig	down	ENSG00000184304	PRKD1	1	1	1
C4_UP	C4 R-sig	up	ENSG00000184307	ZDHHC23	1	1	1
C4_DOWN	C4 R-sig	down	ENSG00000184347	SLIT3	1	1	1
C4_DOWN	C4 R-sig	down	ENSG00000184357	H1-5	0	0	0
C4_DOWN	C4 R-sig	down	ENSG00000184371	CSF1	1	1	1
C4_DOWN	C4 R-sig	down	ENSG00000184428	TOP1MT	1	1	1
C4_DOWN	C4 R-sig	down	ENSG00000184445	KNTC1	1	1	1
C4_UP	C4 R-sig	up	ENSG00000184481	FOXO4	1	1	1
C4_UP	C4 R-sig	up	ENSG00000184500	PROS1	1	1	1
C4_UP	C4 R-sig	up	ENSG00000184524	CEND1	1	1	1
C4_DOWN	C4 R-sig	down	ENSG00000184640	SEPTIN9	0	0	0
C4_DOWN	C4 R-sig	down	ENSG00000184675	AMER1	1	1	1
C4_UP	C4 R-sig	up	ENSG00000184677	ZBTB40	1	1	1
C4_DOWN	C4 R-sig	down	ENSG00000184678	H2BC21	0	0	0
C4_DOWN	C4 R-sig	down	ENSG00000184708	EIF4ENIF1	1	1	1
C4_UP	C4 R-sig	up	ENSG00000184752	NDUFA12	1	1	1
C4_DOWN	C4 R-sig	down	ENSG00000184840	TMED9	1	1	1
C4_UP	C4 R-sig	up	ENSG00000184863	RBM33	1	1	1
C4_DOWN	C4 R-sig	down	ENSG00000184887	BTBD6	1	1	1
C4_DOWN	C4 R-sig	down	ENSG00000184897	H1-10	0	0	0
C4_DOWN	C4 R-sig	down	ENSG00000184900	SUMO3	1	1	1
C4_DOWN	C4 R-sig	down	ENSG00000184903	IMMP2L	1	1	1
C4_DOWN	C4 R-sig	down	ENSG00000184983	NDUFA6	1	1	1
C4_DOWN	C4 R-sig	down	ENSG00000184985	SORCS2	1	1	1
C4_UP	C4 R-sig	up	ENSG00000185009	AP3M1	1	1	1
C4_UP	C4 R-sig	up	ENSG00000185015	CA13	1	1	1
C4_DOWN	C4 R-sig	down	ENSG00000185024	BRF1	1	1	1
C4_DOWN	C4 R-sig	down	ENSG00000185033	SEMA4B	1	1	1
C4_DOWN	C4 R-sig	down	ENSG00000185049	NELFA	1	1	1
C4_UP	C4 R-sig	up	ENSG00000185088	RPS27L	1	1	1
C4_DOWN	C4 R-sig	down	ENSG00000185130	H2BC13	0	0	0
C4_DOWN	C4 R-sig	down	ENSG00000185163	DDX51	1	1	1
C4_DOWN	C4 R-sig	down	ENSG00000185164	NOMO2	1	1	1
C4_DOWN	C4 R-sig	down	ENSG00000185187	SIGIRR	1	1	1
C4_DOWN	C4 R-sig	down	ENSG00000185189	NRBP2	1	1	1
C4_DOWN	C4 R-sig	down	ENSG00000185215	TNFAIP2	1	1	1
C4_DOWN	C4 R-sig	down	ENSG00000185222	TCEAL9	0	0	0
C4_DOWN	C4 R-sig	down	ENSG00000185238	PRMT3	1	1	1
C4_UP	C4 R-sig	up	ENSG00000185262	UBALD2	1	1	1
C4_DOWN	C4 R-sig	down	ENSG00000185324	CDK10	1	1	1
C4_DOWN	C4 R-sig	down	ENSG00000185359	HGS	1	1	1
C4_DOWN	C4 R-sig	down	ENSG00000185420	SMYD3	1	1	1
C4_UP	C4 R-sig	up	ENSG00000185480	PARPBP	1	1	1
C4_DOWN	C4 R-sig	down	ENSG00000185567	AHNAK2	1	1	1
C4_DOWN	C4 R-sig	down	ENSG00000185614	INKA1	0	0	0
C4_UP	C4 R-sig	up	ENSG00000185621	LMLN	1	1	1
C4_DOWN	C4 R-sig	down	ENSG00000185624	P4HB	1	1	1
C4_DOWN	C4 R-sig	down	ENSG00000185640	KRT79	1	1	1
C4_UP	C4 R-sig	up	ENSG00000185650	ZFP36L1	1	1	1
C4_UP	C4 R-sig	up	ENSG00000185651	UBE2L3	1	1	1
C4_DOWN	C4 R-sig	down	ENSG00000185697	MYBL1	1	1	1
C4_DOWN	C4 R-sig	down	ENSG00000185722	ANKFY1	1	1	1
C4_UP	C4 R-sig	up	ENSG00000185728	YTHDF3	1	1	1
C4_UP	C4 R-sig	up	ENSG00000185745	IFIT1	1	1	1
C4_UP	C4 R-sig	up	ENSG00000185800	DMWD	1	1	1
C4_DOWN	C4 R-sig	down	ENSG00000185813	PCYT2	1	1	1
C4_DOWN	C4 R-sig	down	ENSG00000185825	BCAP31	1	1	1
C4_UP	C4 R-sig	up	ENSG00000185862	EVI2B	1	1	1
C4_UP	C4 R-sig	up	ENSG00000185875	THNSL1	1	1	1
C4_UP	C4 R-sig	up	ENSG00000185883	ATP6V0C	1	1	1
C4_UP	C4 R-sig	up	ENSG00000185896	LAMP1	1	1	1
C4_UP	C4 R-sig	up	ENSG00000185900	POMK	0	1	1
C4_UP	C4 R-sig	up	ENSG00000185946	RNPC3	1	1	1
C4_UP	C4 R-sig	up	ENSG00000185947	ZNF267	1	1	1
C4_UP	C4 R-sig	up	ENSG00000185950	IRS2	1	1	1
C4_DOWN	C4 R-sig	down	ENSG00000185963	BICD2	1	1	1
C4_DOWN	C4 R-sig	down	ENSG00000185986	SDHAP3	1	0	0
C4_DOWN	C4 R-sig	down	ENSG00000185989	RASA3	1	1	1
C4_UP	C4 R-sig	up	ENSG00000186001	LRCH3	1	1	1
C4_DOWN	C4 R-sig	down	ENSG00000186010	NDUFA13	1	1	1
C4_UP	C4 R-sig	up	ENSG00000186063	AIDA	1	1	1
C4_DOWN	C4 R-sig	down	ENSG00000186076		0	0	0
C4_DOWN	C4 R-sig	down	ENSG00000186088	GSAP	0	1	1
C4_UP	C4 R-sig	up	ENSG00000186130	ZBTB6	1	1	1
C4_UP	C4 R-sig	up	ENSG00000186132	C2orf76	1	1	1
C4_DOWN	C4 R-sig	down	ENSG00000186153	WWOX	1	1	1
C4_UP	C4 R-sig	up	ENSG00000186174	BCL9L	1	1	1
C4_UP	C4 R-sig	up	ENSG00000186184	POLR1D	1	1	1
C4_DOWN	C4 R-sig	down	ENSG00000186185	KIF18B	1	1	1
C4_UP	C4 R-sig	up	ENSG00000186230	ZNF749	1	1	1
C4_DOWN	C4 R-sig	down	ENSG00000186340	THBS2	1	1	1
C4_DOWN	C4 R-sig	down	ENSG00000186364	NUDT17	1	1	1
C4_UP	C4 R-sig	up	ENSG00000186395	KRT10	1	1	1
C4_UP	C4 R-sig	up	ENSG00000186416	NKRF	1	1	1
C4_UP	C4 R-sig	up	ENSG00000186432	KPNA4	1	1	1
C4_UP	C4 R-sig	up	ENSG00000186469	GNG2	1	1	1
C4_UP	C4 R-sig	up	ENSG00000186472	PCLO	1	1	1
C4_UP	C4 R-sig	up	ENSG00000186480	INSIG1	1	1	1
C4_DOWN	C4 R-sig	down	ENSG00000186522	SEPTIN10	0	0	0
C4_DOWN	C4 R-sig	down	ENSG00000186566	GPATCH8	1	1	1
C4_DOWN	C4 R-sig	down	ENSG00000186575	NF2	1	1	1
C4_UP	C4 R-sig	up	ENSG00000186577	SMIM29	0	0	0
C4_UP	C4 R-sig	up	ENSG00000186591	UBE2H	1	1	1
C4_DOWN	C4 R-sig	down	ENSG00000186635	ARAP1	1	1	1
C4_UP	C4 R-sig	up	ENSG00000186660	ZFP91	1	1	1
C4_DOWN	C4 R-sig	down	ENSG00000186676	EEF1GP1	0	0	0
C4_UP	C4 R-sig	up	ENSG00000186812	ZNF397	1	1	1
C4_UP	C4 R-sig	up	ENSG00000186834	HEXIM1	1	1	1
C4_DOWN	C4 R-sig	down	ENSG00000186866	POFUT2	1	1	1
C4_UP	C4 R-sig	up	ENSG00000186907	RTN4RL2	1	1	1
C4_UP	C4 R-sig	up	ENSG00000186908	ZDHHC17	1	1	1
C4_DOWN	C4 R-sig	down	ENSG00000186918	ZNF395	1	1	1
C4_UP	C4 R-sig	up	ENSG00000187079	TEAD1	1	1	1
C4_DOWN	C4 R-sig	down	ENSG00000187098	MITF	1	1	1
C4_DOWN	C4 R-sig	down	ENSG00000187109	NAP1L1	1	1	1
C4_DOWN	C4 R-sig	down	ENSG00000187134	AKR1C1	1	1	1
C4_DOWN	C4 R-sig	down	ENSG00000187147	RNF220	1	1	1
C4_UP	C4 R-sig	up	ENSG00000187187	ZNF546	1	1	1
C4_DOWN	C4 R-sig	down	ENSG00000187231	SESTD1	1	1	1
C4_DOWN	C4 R-sig	down	ENSG00000187239	FNBP1	1	1	1
C4_DOWN	C4 R-sig	down	ENSG00000187266	EPOR	1	1	1
C4_UP	C4 R-sig	up	ENSG00000187446	CHP1	1	1	1
C4_DOWN	C4 R-sig	down	ENSG00000187514	PTMA	1	1	1
C4_DOWN	C4 R-sig	down	ENSG00000187534	PRR13P5	0	0	0
C4_DOWN	C4 R-sig	down	ENSG00000187535	IFT140	1	1	1
C4_UP	C4 R-sig	up	ENSG00000187605	TET3	1	1	1
C4_DOWN	C4 R-sig	down	ENSG00000187634	SAMD11	1	1	1
C4_UP	C4 R-sig	up	ENSG00000187678	SPRY4	1	1	1
C4_DOWN	C4 R-sig	down	ENSG00000187720	THSD4	1	1	1
C4_DOWN	C4 R-sig	down	ENSG00000187735	TCEA1	1	1	1
C4_DOWN	C4 R-sig	down	ENSG00000187741	FANCA	1	1	1
C4_UP	C4 R-sig	up	ENSG00000187790	FANCM	1	1	1
C4_DOWN	C4 R-sig	down	ENSG00000187800	PEAR1	1	1	1
C4_DOWN	C4 R-sig	down	ENSG00000187837	H1-2	0	0	0
C4_DOWN	C4 R-sig	down	ENSG00000187838	PLSCR3	1	0	0
C4_DOWN	C4 R-sig	down	ENSG00000187840	EIF4EBP1	1	1	1
C4_UP	C4 R-sig	up	ENSG00000187957	DNER	1	1	1
C4_DOWN	C4 R-sig	down	ENSG00000187961	KLHL17	1	1	1
C4_UP	C4 R-sig	up	ENSG00000188021	UBQLN2	1	1	1
C4_DOWN	C4 R-sig	down	ENSG00000188026	RILPL1	1	1	1
C4_UP	C4 R-sig	up	ENSG00000188064	WNT7B	1	1	1
C4_UP	C4 R-sig	up	ENSG00000188070	ZFTA	0	0	0
C4_DOWN	C4 R-sig	down	ENSG00000188157	AGRN	1	1	1
C4_DOWN	C4 R-sig	down	ENSG00000188177	ZC3H6	1	1	1
C4_DOWN	C4 R-sig	down	ENSG00000188186	LAMTOR4	1	1	1
C4_DOWN	C4 R-sig	down	ENSG00000188191	PRKAR1B	1	1	1
C4_UP	C4 R-sig	up	ENSG00000188211	NCR3LG1	1	1	1
C4_UP	C4 R-sig	up	ENSG00000188215	DCUN1D3	1	1	1
C4_DOWN	C4 R-sig	down	ENSG00000188229	TUBB4B	1	1	1
C4_UP	C4 R-sig	up	ENSG00000188243	COMMD6	1	1	1
C4_UP	C4 R-sig	up	ENSG00000188315	C3orf62	1	1	1
C4_DOWN	C4 R-sig	down	ENSG00000188343	CIBAR1	0	0	0
C4_DOWN	C4 R-sig	down	ENSG00000188459	WASF4P	0	0	0
C4_UP	C4 R-sig	up	ENSG00000188483	IER5L	1	1	1
C4_UP	C4 R-sig	up	ENSG00000188493	ACTMAP	0	0	0
C4_DOWN	C4 R-sig	down	ENSG00000188549	CCDC9B	0	0	0
C4_UP	C4 R-sig	up	ENSG00000188603	CLN3	1	1	1
C4_DOWN	C4 R-sig	down	ENSG00000188612	SUMO2	1	1	1
C4_DOWN	C4 R-sig	down	ENSG00000188641	DPYD	1	1	1
C4_UP	C4 R-sig	up	ENSG00000188647	PTAR1	1	1	1
C4_DOWN	C4 R-sig	down	ENSG00000188677	PARVB	1	1	1
C4_UP	C4 R-sig	up	ENSG00000188706	ZDHHC9	1	1	1
C4_UP	C4 R-sig	up	ENSG00000188766	SPRED3	1	1	1
C4_UP	C4 R-sig	up	ENSG00000188786	MTF1	1	1	1
C4_DOWN	C4 R-sig	down	ENSG00000188825	LINC00910	0	1	1
C4_DOWN	C4 R-sig	down	ENSG00000188846	RPL14	1	1	1
C4_DOWN	C4 R-sig	down	ENSG00000188878	FBF1	1	1	1
C4_DOWN	C4 R-sig	down	ENSG00000188976	NOC2L	1	1	1
C4_DOWN	C4 R-sig	down	ENSG00000188986	NELFB	1	1	1
C4_DOWN	C4 R-sig	down	ENSG00000189001	SBSN	1	1	1
C4_UP	C4 R-sig	up	ENSG00000189043	COXFA4	0	0	0
C4_DOWN	C4 R-sig	down	ENSG00000189060	H1-0	0	0	0
C4_UP	C4 R-sig	up	ENSG00000189067	LITAF	1	1	1
C4_DOWN	C4 R-sig	down	ENSG00000189091	SF3B3	1	1	1
C4_UP	C4 R-sig	up	ENSG00000189114	BLOC1S3	1	1	1
C4_DOWN	C4 R-sig	down	ENSG00000189129	PLAC9	1	1	1
C4_DOWN	C4 R-sig	down	ENSG00000189171	S100A13	1	1	1
C4_UP	C4 R-sig	up	ENSG00000189223	PAX8-AS1	0	0	0
C4_DOWN	C4 R-sig	down	ENSG00000189306	RRP7A	1	1	1
C4_UP	C4 R-sig	up	ENSG00000189308	LIN54	1	1	1
C4_UP	C4 R-sig	up	ENSG00000189369	GSPT2	1	1	1
C4_UP	C4 R-sig	up	ENSG00000189376	C8orf76	1	1	1
C4_DOWN	C4 R-sig	down	ENSG00000189403	HMGB1	1	1	1
C4_UP	C4 R-sig	up	ENSG00000196072	BLOC1S2	1	1	1
C4_UP	C4 R-sig	up	ENSG00000196116	TDRD7	1	1	1
C4_DOWN	C4 R-sig	down	ENSG00000196123	MATCAP1	0	0	0
C4_DOWN	C4 R-sig	down	ENSG00000196126	HLA-DRB1	1	1	1
C4_DOWN	C4 R-sig	down	ENSG00000196139	AKR1C3	1	1	1
C4_UP	C4 R-sig	up	ENSG00000196151	WDSUB1	1	1	1
C4_DOWN	C4 R-sig	down	ENSG00000196155	PLEKHG4	1	1	1
C4_DOWN	C4 R-sig	down	ENSG00000196159	FAT4	1	1	1
C4_DOWN	C4 R-sig	down	ENSG00000196199	MPHOSPH8	1	1	1
C4_UP	C4 R-sig	up	ENSG00000196227	FAM217B	1	1	1
C4_DOWN	C4 R-sig	down	ENSG00000196230	TUBB	1	1	1
C4_UP	C4 R-sig	up	ENSG00000196233	LCOR	1	1	1
C4_UP	C4 R-sig	up	ENSG00000196236	XPNPEP3	1	1	1
C4_UP	C4 R-sig	up	ENSG00000196262	PPIA	1	1	1
C4_UP	C4 R-sig	up	ENSG00000196267	ZNF836	1	1	1
C4_UP	C4 R-sig	up	ENSG00000196290	NIF3L1	1	1	1
C4_UP	C4 R-sig	up	ENSG00000196313	POM121	1	1	1
C4_UP	C4 R-sig	up	ENSG00000196323	ZBTB44	1	1	1
C4_UP	C4 R-sig	up	ENSG00000196352	CD55	1	1	1
C4_DOWN	C4 R-sig	down	ENSG00000196363	WDR5	1	1	1
C4_DOWN	C4 R-sig	down	ENSG00000196365	LONP1	1	1	1
C4_DOWN	C4 R-sig	down	ENSG00000196367	TRRAP	1	1	1
C4_UP	C4 R-sig	up	ENSG00000196396	PTPN1	1	1	1
C4_DOWN	C4 R-sig	down	ENSG00000196411	EPHB4	1	1	1
C4_UP	C4 R-sig	up	ENSG00000196418	ZNF124	1	1	1
C4_DOWN	C4 R-sig	down	ENSG00000196419	XRCC6	1	1	1
C4_DOWN	C4 R-sig	down	ENSG00000196422	PPP1R26	1	1	1
C4_DOWN	C4 R-sig	down	ENSG00000196428	TSC22D2	1	1	1
C4_DOWN	C4 R-sig	down	ENSG00000196440	ARMCX4	1	1	1
C4_DOWN	C4 R-sig	down	ENSG00000196497	IPO4	1	1	1
C4_DOWN	C4 R-sig	down	ENSG00000196498	NCOR2	1	1	1
C4_DOWN	C4 R-sig	down	ENSG00000196504	PRPF40A	1	1	1
C4_UP	C4 R-sig	up	ENSG00000196505	GDAP2	1	1	1
C4_DOWN	C4 R-sig	down	ENSG00000196507	TCEAL3	1	1	1
C4_DOWN	C4 R-sig	down	ENSG00000196517	SLC6A9	1	1	1
C4_DOWN	C4 R-sig	down	ENSG00000196526	AFAP1	1	1	1
C4_DOWN	C4 R-sig	down	ENSG00000196531	NACA	1	1	1
C4_DOWN	C4 R-sig	down	ENSG00000196535	MYO18A	1	1	1
C4_DOWN	C4 R-sig	down	ENSG00000196576	PLXNB2	1	1	1
C4_UP	C4 R-sig	up	ENSG00000196597	ZNF782	1	1	1
C4_DOWN	C4 R-sig	down	ENSG00000196642	RABL6	1	1	1
C4_UP	C4 R-sig	up	ENSG00000196693	ZNF33B	1	1	1
C4_DOWN	C4 R-sig	down	ENSG00000196700	ZNF512B	1	1	1
C4_UP	C4 R-sig	up	ENSG00000196704	AMZ2	1	1	1
C4_UP	C4 R-sig	up	ENSG00000196712	NF1	1	1	1
C4_DOWN	C4 R-sig	down	ENSG00000196735	HLA-DQA1	1	1	1
C4_UP	C4 R-sig	up	ENSG00000196739	COL27A1	1	1	1
C4_DOWN	C4 R-sig	down	ENSG00000196747	H2AC13	0	0	0
C4_UP	C4 R-sig	up	ENSG00000196757	ZNF700	1	1	1
C4_UP	C4 R-sig	up	ENSG00000196776	CD47	1	1	1
C4_DOWN	C4 R-sig	down	ENSG00000196782	MAML3	1	1	1
C4_DOWN	C4 R-sig	down	ENSG00000196787	H2AC11	0	0	0
C4_UP	C4 R-sig	up	ENSG00000196821	ILRUN	0	0	0
C4_UP	C4 R-sig	up	ENSG00000196850	PPTC7	1	1	1
C4_DOWN	C4 R-sig	down	ENSG00000196866	H2AC7	0	0	0
C4_DOWN	C4 R-sig	down	ENSG00000196876	SCN8A	1	1	1
C4_DOWN	C4 R-sig	down	ENSG00000196923	PDLIM7	1	1	1
C4_DOWN	C4 R-sig	down	ENSG00000196924	FLNA	1	1	1
C4_UP	C4 R-sig	up	ENSG00000196937	FAM3C	1	1	1
C4_DOWN	C4 R-sig	down	ENSG00000196943	NOP9	1	1	1
C4_UP	C4 R-sig	up	ENSG00000196950	SLC39A10	1	1	1
C4_DOWN	C4 R-sig	down	ENSG00000196961	AP2A1	1	1	1
C4_DOWN	C4 R-sig	down	ENSG00000197021	EOLA2	0	0	0
C4_UP	C4 R-sig	up	ENSG00000197024	ZNF398	1	1	1
C4_DOWN	C4 R-sig	down	ENSG00000197043	ANXA6	1	1	1
C4_UP	C4 R-sig	up	ENSG00000197045	GMFB	1	1	1
C4_UP	C4 R-sig	up	ENSG00000197056	ZMYM1	1	1	1
C4_DOWN	C4 R-sig	down	ENSG00000197061	H4C3	0	0	0
C4_UP	C4 R-sig	up	ENSG00000197063	MAFG	1	1	1
C4_DOWN	C4 R-sig	down	ENSG00000197077	KIAA1671	1	1	1
C4_UP	C4 R-sig	up	ENSG00000197111	PCBP2	1	1	1
C4_DOWN	C4 R-sig	down	ENSG00000197122	SRC	1	1	1
C4_DOWN	C4 R-sig	down	ENSG00000197136	PCNX3	0	0	0
C4_DOWN	C4 R-sig	down	ENSG00000197153	H3C12	0	0	0
C4_DOWN	C4 R-sig	down	ENSG00000197157	SND1	1	1	1
C4_UP	C4 R-sig	up	ENSG00000197208	SLC22A4	1	1	1
C4_DOWN	C4 R-sig	down	ENSG00000197226	TBC1D9B	1	1	1
C4_DOWN	C4 R-sig	down	ENSG00000197256	KANK2	1	1	1
C4_DOWN	C4 R-sig	down	ENSG00000197258	EIF4BP6	0	0	0
C4_UP	C4 R-sig	up	ENSG00000197265	GTF2E2	1	1	1
C4_UP	C4 R-sig	up	ENSG00000197279	ZNF165	1	1	1
C4_UP	C4 R-sig	up	ENSG00000197312	DDI2	1	1	1
C4_DOWN	C4 R-sig	down	ENSG00000197321	SVIL	1	1	1
C4_UP	C4 R-sig	up	ENSG00000197323	TRIM33	1	1	1
C4_UP	C4 R-sig	up	ENSG00000197355	UAP1L1	1	1	1
C4_DOWN	C4 R-sig	down	ENSG00000197358	BNIP3P1	0	0	0
C4_DOWN	C4 R-sig	down	ENSG00000197386	HTT	1	1	1
C4_DOWN	C4 R-sig	down	ENSG00000197409	H3C4	0	0	0
C4_DOWN	C4 R-sig	down	ENSG00000197415	VEPH1	1	1	1
C4_DOWN	C4 R-sig	down	ENSG00000197451	HNRNPAB	1	1	1
C4_DOWN	C4 R-sig	down	ENSG00000197457	STMN3	1	1	1
C4_DOWN	C4 R-sig	down	ENSG00000197461	PDGFA	1	1	1
C4_DOWN	C4 R-sig	down	ENSG00000197467	COL13A1	1	1	1
C4_UP	C4 R-sig	up	ENSG00000197483	ZNF628	1	1	1
C4_UP	C4 R-sig	up	ENSG00000197498	RPF2	1	1	1
C4_DOWN	C4 R-sig	down	ENSG00000197530	MIB2	1	1	1
C4_DOWN	C4 R-sig	down	ENSG00000197535	MYO5A	1	1	1
C4_UP	C4 R-sig	up	ENSG00000197579	TOPORS	1	1	1
C4_UP	C4 R-sig	up	ENSG00000197601	FAR1	1	1	1
C4_UP	C4 R-sig	up	ENSG00000197608	ZNF841	1	1	1
C4_DOWN	C4 R-sig	down	ENSG00000197614	MFAP5	1	1	1
C4_UP	C4 R-sig	up	ENSG00000197619	ZNF615	1	1	1
C4_UP	C4 R-sig	up	ENSG00000197622	CDC42SE1	1	1	1
C4_UP	C4 R-sig	up	ENSG00000197635	DPP4	1	1	1
C4_DOWN	C4 R-sig	down	ENSG00000197694	SPTAN1	1	1	1
C4_DOWN	C4 R-sig	down	ENSG00000197712	FAM114A1	1	1	1
C4_UP	C4 R-sig	up	ENSG00000197714	ZNF460	1	1	1
C4_DOWN	C4 R-sig	down	ENSG00000197724	PHF2	1	1	1
C4_UP	C4 R-sig	up	ENSG00000197728	RPS26	1	1	1
C4_UP	C4 R-sig	up	ENSG00000197746	PSAP	1	1	1
C4_UP	C4 R-sig	up	ENSG00000197747	S100A10	1	1	1
C4_UP	C4 R-sig	up	ENSG00000197780	TAF13	1	1	1
C4_UP	C4 R-sig	up	ENSG00000197782	ZNF780A	1	1	1
C4_DOWN	C4 R-sig	down	ENSG00000197785	ATAD3A	1	1	1
C4_DOWN	C4 R-sig	down	ENSG00000197837	H4C16	0	0	0
C4_DOWN	C4 R-sig	down	ENSG00000197858	GPAA1	1	1	1
C4_DOWN	C4 R-sig	down	ENSG00000197879	MYO1C	1	1	1
C4_DOWN	C4 R-sig	down	ENSG00000197892	KIF13B	1	1	1
C4_DOWN	C4 R-sig	down	ENSG00000197903	H2BC12	0	0	0
C4_DOWN	C4 R-sig	down	ENSG00000197912	SPG7	1	1	1
C4_UP	C4 R-sig	up	ENSG00000197943	PLCG2	1	1	1
C4_DOWN	C4 R-sig	down	ENSG00000197948	FCHSD1	1	1	1
C4_UP	C4 R-sig	up	ENSG00000197956	S100A6	1	1	1
C4_UP	C4 R-sig	up	ENSG00000197961	ZNF121	1	1	1
C4_UP	C4 R-sig	up	ENSG00000197965	MPZL1	1	1	1
C4_UP	C4 R-sig	up	ENSG00000198001	IRAK4	1	1	1
C4_UP	C4 R-sig	up	ENSG00000198018	ENTPD7	1	1	1
C4_DOWN	C4 R-sig	down	ENSG00000198055	GRK6	1	1	1
C4_UP	C4 R-sig	up	ENSG00000198105	ZNF248	1	1	1
C4_UP	C4 R-sig	up	ENSG00000198146	ZNF770	1	1	1
C4_UP	C4 R-sig	up	ENSG00000198168	SVIP	1	1	1
C4_UP	C4 R-sig	up	ENSG00000198189	HSD17B11	1	1	1
C4_UP	C4 R-sig	up	ENSG00000198218	QRICH1	1	1	1
C4_DOWN	C4 R-sig	down	ENSG00000198231	DDX42	1	1	1
C4_DOWN	C4 R-sig	down	ENSG00000198242	RPL23A	1	1	1
C4_UP	C4 R-sig	up	ENSG00000198252	STYX	1	1	1
C4_UP	C4 R-sig	up	ENSG00000198265	HELZ	1	1	1
C4_UP	C4 R-sig	up	ENSG00000198270	TMEM116	1	1	1
C4_DOWN	C4 R-sig	down	ENSG00000198276	UCKL1	1	1	1
C4_UP	C4 R-sig	up	ENSG00000198301	SDAD1	1	1	1
C4_UP	C4 R-sig	up	ENSG00000198331	HYLS1	1	1	1
C4_DOWN	C4 R-sig	down	ENSG00000198363	ASPH	1	1	1
C4_UP	C4 R-sig	up	ENSG00000198369	SPRED2	1	1	1
C4_DOWN	C4 R-sig	down	ENSG00000198373	WWP2	1	1	1
C4_UP	C4 R-sig	up	ENSG00000198380	GFPT1	1	1	1
C4_DOWN	C4 R-sig	down	ENSG00000198408	OGA	0	0	0
C4_UP	C4 R-sig	up	ENSG00000198455	ZXDB	1	1	1
C4_UP	C4 R-sig	up	ENSG00000198466	ZNF587	1	1	1
C4_DOWN	C4 R-sig	down	ENSG00000198467	TPM2	1	1	1
C4_DOWN	C4 R-sig	down	ENSG00000198483	ANKRD35	1	1	1
C4_UP	C4 R-sig	up	ENSG00000198492	YTHDF2	1	1	1
C4_DOWN	C4 R-sig	down	ENSG00000198502	HLA-DRB5	1	1	1
C4_DOWN	C4 R-sig	down	ENSG00000198542	ITGBL1	1	1	1
C4_DOWN	C4 R-sig	down	ENSG00000198554	WDHD1	1	1	1
C4_UP	C4 R-sig	up	ENSG00000198561	CTNND1	1	1	1
C4_DOWN	C4 R-sig	down	ENSG00000198563	DDX39B	1	1	1
C4_UP	C4 R-sig	up	ENSG00000198618	PPIAP22	0	0	0
C4_UP	C4 R-sig	up	ENSG00000198624	CCDC69	1	1	1
C4_UP	C4 R-sig	up	ENSG00000198646	NCOA6	1	1	1
C4_DOWN	C4 R-sig	down	ENSG00000198648	STK39	1	1	1
C4_DOWN	C4 R-sig	down	ENSG00000198668	CALM1	1	1	1
C4_UP	C4 R-sig	up	ENSG00000198689	SLC9A6	1	1	1
C4_UP	C4 R-sig	up	ENSG00000198712	MT-CO2	0	1	1
C4_UP	C4 R-sig	up	ENSG00000198715	GLMP	0	0	1
C4_UP	C4 R-sig	up	ENSG00000198718	TOGARAM1	0	0	0
C4_UP	C4 R-sig	up	ENSG00000198727	MT-CYB	0	1	1
C4_DOWN	C4 R-sig	down	ENSG00000198732	SMOC1	1	1	1
C4_UP	C4 R-sig	up	ENSG00000198742	SMURF1	1	1	1
C4_UP	C4 R-sig	up	ENSG00000198743	SLC5A3	1	1	1
C4_UP	C4 R-sig	up	ENSG00000198744	MTCO3P12	0	0	0
C4_DOWN	C4 R-sig	down	ENSG00000198752	CDC42BPB	1	1	1
C4_DOWN	C4 R-sig	down	ENSG00000198755	RPL10A	1	1	1
C4_UP	C4 R-sig	up	ENSG00000198763	MT-ND2	0	1	1
C4_DOWN	C4 R-sig	down	ENSG00000198768	APCDD1L	1	1	1
C4_DOWN	C4 R-sig	down	ENSG00000198785	GRIN3A	1	1	1
C4_UP	C4 R-sig	up	ENSG00000198786	MT-ND5	0	1	1
C4_UP	C4 R-sig	up	ENSG00000198791	CNOT7	1	1	1
C4_UP	C4 R-sig	up	ENSG00000198792	TMEM184B	1	1	1
C4_DOWN	C4 R-sig	down	ENSG00000198793	MTOR	1	1	1
C4_UP	C4 R-sig	up	ENSG00000198795	ZNF521	1	1	1
C4_DOWN	C4 R-sig	down	ENSG00000198796	ALPK2	1	1	1
C4_UP	C4 R-sig	up	ENSG00000198799	LRIG2	1	1	1
C4_UP	C4 R-sig	up	ENSG00000198804	MT-CO1	0	1	1
C4_UP	C4 R-sig	up	ENSG00000198805	PNP	1	1	1
C4_UP	C4 R-sig	up	ENSG00000198815	FOXJ3	1	1	1
C4_UP	C4 R-sig	up	ENSG00000198818	SFT2D1	1	1	1
C4_UP	C4 R-sig	up	ENSG00000198824	CHAMP1	1	1	1
C4_UP	C4 R-sig	up	ENSG00000198826	ARHGAP11A	1	1	1
C4_DOWN	C4 R-sig	down	ENSG00000198830	HMGN2	1	1	1
C4_UP	C4 R-sig	up	ENSG00000198833	UBE2J1	1	1	1
C4_UP	C4 R-sig	up	ENSG00000198840	MT-ND3	0	1	1
C4_UP	C4 R-sig	up	ENSG00000198843	SELENOT	0	0	0
C4_DOWN	C4 R-sig	down	ENSG00000198846	TOX	1	1	1
C4_UP	C4 R-sig	up	ENSG00000198856	OSTC	1	1	1
C4_UP	C4 R-sig	up	ENSG00000198876	DCAF12	1	1	1
C4_UP	C4 R-sig	up	ENSG00000198886	MT-ND4	0	1	1
C4_DOWN	C4 R-sig	down	ENSG00000198887	SMC5	1	1	1
C4_UP	C4 R-sig	up	ENSG00000198888	MT-ND1	0	1	1
C4_UP	C4 R-sig	up	ENSG00000198894	CIPC	0	1	1
C4_UP	C4 R-sig	up	ENSG00000198898	CAPZA2	1	1	1
C4_UP	C4 R-sig	up	ENSG00000198899	MT-ATP6	0	1	1
C4_DOWN	C4 R-sig	down	ENSG00000198901	PRC1	1	1	1
C4_UP	C4 R-sig	up	ENSG00000198911	SREBF2	1	1	1
C4_UP	C4 R-sig	up	ENSG00000198914	POU3F3	1	1	1
C4_UP	C4 R-sig	up	ENSG00000198918	RPL39	1	1	1
C4_DOWN	C4 R-sig	down	ENSG00000198925	ATG9A	1	1	1
C4_DOWN	C4 R-sig	down	ENSG00000198937	CCDC167	1	1	1
C4_UP	C4 R-sig	up	ENSG00000198938	MT-CO3	0	1	1
C4_DOWN	C4 R-sig	down	ENSG00000198951	NAGA	1	1	1
C4_UP	C4 R-sig	up	ENSG00000198952	SMG5	1	1	1
C4_DOWN	C4 R-sig	down	ENSG00000198959	TGM2	1	1	1
C4_UP	C4 R-sig	up	ENSG00000198964	SGMS1	1	1	1
C4_UP	C4 R-sig	up	ENSG00000199994	RNA5SP145	0	0	0
C4_UP	C4 R-sig	up	ENSG00000200087	SNORA73B	0	0	0
C4_UP	C4 R-sig	up	ENSG00000200156	RNU5B-1	0	0	0
C4_UP	C4 R-sig	up	ENSG00000200243	RN7SKP79	0	0	0
C4_UP	C4 R-sig	up	ENSG00000200312	RN7SKP255	0	0	0
C4_UP	C4 R-sig	up	ENSG00000200320	SNORA63	1	0	0
C4_UP	C4 R-sig	up	ENSG00000200488	RN7SKP203	0	0	0
C4_UP	C4 R-sig	up	ENSG00000200785	SNORD8	1	0	0
C4_UP	C4 R-sig	up	ENSG00000200795	RNU4-1	0	0	0
C4_UP	C4 R-sig	up	ENSG00000201098	RNY1	0	0	0
C4_UP	C4 R-sig	up	ENSG00000201321	RNA5S9	0	0	0
C4_UP	C4 R-sig	up	ENSG00000201428	RN7SKP71	0	0	0
C4_UP	C4 R-sig	up	ENSG00000201793	RN7SKP9	0	0	0
C4_UP	C4 R-sig	up	ENSG00000201822	RNA5SP149	0	0	0
C4_UP	C4 R-sig	up	ENSG00000202198	7SK	0	0	0
C4_UP	C4 R-sig	up	ENSG00000202252	SNORD14C	0	0	0
C4_UP	C4 R-sig	up	ENSG00000202354	RNY3	0	0	0
C4_UP	C4 R-sig	up	ENSG00000202538	RNU4-2	0	0	0
C4_DOWN	C4 R-sig	down	ENSG00000203485	INF2	1	1	1
C4_UP	C4 R-sig	up	ENSG00000203667	COX20	1	1	1
C4_UP	C4 R-sig	up	ENSG00000203668	CHML	1	1	1
C4_UP	C4 R-sig	up	ENSG00000203805	PLPP4	0	0	1
C4_DOWN	C4 R-sig	down	ENSG00000203811	H3C14	0	0	0
C4_DOWN	C4 R-sig	down	ENSG00000203814	H2BC18	0	0	0
C4_DOWN	C4 R-sig	down	ENSG00000203852	H3C15	0	0	0
C4_DOWN	C4 R-sig	down	ENSG00000203879	GDI1	1	1	1
C4_UP	C4 R-sig	up	ENSG00000203930	LINC00632	0	1	1
C4_UP	C4 R-sig	up	ENSG00000203950	RTL8A	0	0	0
C4_UP	C4 R-sig	up	ENSG00000204070	SYS1	1	1	1
C4_DOWN	C4 R-sig	down	ENSG00000204084	INPP5B	1	1	1
C4_DOWN	C4 R-sig	down	ENSG00000204104	TRAF3IP1	1	1	1
C4_UP	C4 R-sig	up	ENSG00000204116	CHIC1	1	1	1
C4_DOWN	C4 R-sig	down	ENSG00000204120	GIGYF2	1	1	1
C4_UP	C4 R-sig	up	ENSG00000204138	PHACTR4	1	1	1
C4_DOWN	C4 R-sig	down	ENSG00000204209	DAXX	1	1	1
C4_DOWN	C4 R-sig	down	ENSG00000204219	TCEA3	1	1	1
C4_DOWN	C4 R-sig	down	ENSG00000204228	HSD17B8	1	1	1
C4_DOWN	C4 R-sig	down	ENSG00000204253	HNRNPCP2	0	0	0
C4_UP	C4 R-sig	up	ENSG00000204256	BRD2	1	1	1
C4_DOWN	C4 R-sig	down	ENSG00000204262	COL5A2	1	1	1
C4_DOWN	C4 R-sig	down	ENSG00000204264	PSMB8	1	1	1
C4_DOWN	C4 R-sig	down	ENSG00000204287	HLA-DRA	1	1	1
C4_DOWN	C4 R-sig	down	ENSG00000204291	COL15A1	1	1	1
C4_UP	C4 R-sig	up	ENSG00000204310	AGPAT1	1	1	1
C4_DOWN	C4 R-sig	down	ENSG00000204344	WHR1	0	0	0
C4_DOWN	C4 R-sig	down	ENSG00000204351	SKIC2	0	0	0
C4_DOWN	C4 R-sig	down	ENSG00000204356	NELFE	1	1	1
C4_UP	C4 R-sig	up	ENSG00000204370	SDHD	1	1	1
C4_DOWN	C4 R-sig	down	ENSG00000204381	LAYN	1	1	1
C4_UP	C4 R-sig	up	ENSG00000204386	NEU1	1	1	1
C4_DOWN	C4 R-sig	down	ENSG00000204394	VARS1	0	0	0
C4_UP	C4 R-sig	up	ENSG00000204435	CSNK2B	1	1	1
C4_DOWN	C4 R-sig	down	ENSG00000204442	NALF1	0	0	0
C4_DOWN	C4 R-sig	down	ENSG00000204463	BAG6	1	1	1
C4_DOWN	C4 R-sig	down	ENSG00000204469	PRRC2A	1	1	1
C4_UP	C4 R-sig	up	ENSG00000204516	MICB	1	1	1
C4_DOWN	C4 R-sig	down	ENSG00000204525	HLA-C	1	1	1
C4_DOWN	C4 R-sig	down	ENSG00000204536	CCHCR1	1	1	1
C4_DOWN	C4 R-sig	down	ENSG00000204560	DHX16	1	1	1
C4_UP	C4 R-sig	up	ENSG00000204564	C6orf136	1	1	1
C4_UP	C4 R-sig	up	ENSG00000204569	PPP1R10	1	1	1
C4_DOWN	C4 R-sig	down	ENSG00000204574	ABCF1	1	1	1
C4_DOWN	C4 R-sig	down	ENSG00000204590	GNL1	1	1	1
C4_DOWN	C4 R-sig	down	ENSG00000204592	HLA-E	1	1	1
C4_UP	C4 R-sig	up	ENSG00000204619	PPP1R11	1	1	1
C4_DOWN	C4 R-sig	down	ENSG00000204628	RACK1	0	0	0
C4_DOWN	C4 R-sig	down	ENSG00000204642	HLA-F	1	1	1
C4_UP	C4 R-sig	up	ENSG00000204673	AKT1S1	1	1	1
C4_UP	C4 R-sig	up	ENSG00000204682	MIR1915HG	0	0	0
C4_UP	C4 R-sig	up	ENSG00000204767	INSYN2B	0	0	0
C4_UP	C4 R-sig	up	ENSG00000204842	ATXN2	1	1	1
C4_DOWN	C4 R-sig	down	ENSG00000204843	DCTN1	1	1	1
C4_UP	C4 R-sig	up	ENSG00000204899	MZT1	1	1	1
C4_DOWN	C4 R-sig	down	ENSG00000204922	UQCC3	0	0	1
C4_UP	C4 R-sig	up	ENSG00000205060	SLC35B4	1	1	1
C4_DOWN	C4 R-sig	down	ENSG00000205084	TMEM231	1	1	1
C4_UP	C4 R-sig	up	ENSG00000205155	PSENEN	1	1	1
C4_UP	C4 R-sig	up	ENSG00000205208	C4orf46	1	1	1
C4_DOWN	C4 R-sig	down	ENSG00000205250	E2F4	1	1	1
C4_UP	C4 R-sig	up	ENSG00000205268	PDE7A	1	1	1
C4_UP	C4 R-sig	up	ENSG00000205302	SNX2	1	1	1
C4_DOWN	C4 R-sig	down	ENSG00000205323	SARNP	1	1	1
C4_UP	C4 R-sig	up	ENSG00000205339	IPO7	1	1	1
C4_UP	C4 R-sig	up	ENSG00000205352	PRR13	1	1	1
C4_DOWN	C4 R-sig	down	ENSG00000205356	TECPR1	1	1	1
C4_UP	C4 R-sig	up	ENSG00000205413	SAMD9	1	1	1
C4_UP	C4 R-sig	up	ENSG00000205423	CNEP1R1	1	1	1
C4_DOWN	C4 R-sig	down	ENSG00000205476	CCDC85C	1	1	1
C4_DOWN	C4 R-sig	down	ENSG00000205531	NAP1L4	1	1	1
C4_UP	C4 R-sig	up	ENSG00000205542	TMSB4X	1	1	1
C4_DOWN	C4 R-sig	down	ENSG00000205581	HMGN1	1	1	1
C4_DOWN	C4 R-sig	down	ENSG00000205593	DENND6B	1	1	1
C4_DOWN	C4 R-sig	down	ENSG00000205609	EIF3CL	1	1	1
C4_DOWN	C4 R-sig	down	ENSG00000205683	DPF3	1	1	1
C4_DOWN	C4 R-sig	down	ENSG00000205726	ITSN1	1	1	1
C4_UP	C4 R-sig	up	ENSG00000205730	ITPRIPL2	1	1	1
C4_UP	C4 R-sig	up	ENSG00000205765	RIMOC1	0	0	0
C4_DOWN	C4 R-sig	down	ENSG00000205791	LOH12CR2	1	1	1
C4_UP	C4 R-sig	up	ENSG00000206195	DUXAP8	0	0	0
C4_DOWN	C4 R-sig	down	ENSG00000206341	HLA-H	1	0	0
C4_DOWN	C4 R-sig	down	ENSG00000206503	HLA-A	1	1	1
C4_UP	C4 R-sig	up	ENSG00000206527	HACD2	0	0	1
C4_UP	C4 R-sig	up	ENSG00000206538	VGLL3	1	1	1
C4_UP	C4 R-sig	up	ENSG00000206562	METTL6	1	1	1
C4_UP	C4 R-sig	up	ENSG00000206573	THUMPD3-AS1	0	0	1
C4_UP	C4 R-sig	up	ENSG00000206597	SNORA57	1	0	0
C4_UP	C4 R-sig	up	ENSG00000206602	SNORD58A	1	0	0
C4_UP	C4 R-sig	up	ENSG00000206965	RNU6-5P	0	0	0
C4_UP	C4 R-sig	up	ENSG00000207165	SNORA70	1	0	0
C4_UP	C4 R-sig	up	ENSG00000207304	SNORA8	1	0	0
C4_UP	C4 R-sig	up	ENSG00000207496	SNORA7A	1	0	0
C4_UP	C4 R-sig	up	ENSG00000208892	SNORA49	1	0	0
C4_UP	C4 R-sig	up	ENSG00000209582	SNORA48	1	0	0
C4_UP	C4 R-sig	up	ENSG00000210077	MT-TV	0	0	0
C4_UP	C4 R-sig	up	ENSG00000210082	MT-RNR2	0	0	0
C4_DOWN	C4 R-sig	down	ENSG00000211450	SELENOH	0	0	0
C4_UP	C4 R-sig	up	ENSG00000211455	STK38L	1	1	1
C4_UP	C4 R-sig	up	ENSG00000211456	SACM1L	1	1	1
C4_UP	C4 R-sig	up	ENSG00000211459	MT-RNR1	0	0	0
C4_UP	C4 R-sig	up	ENSG00000211460	TSN	1	1	1
C4_UP	C4 R-sig	up	ENSG00000212232	SNORD17	1	0	0
C4_UP	C4 R-sig	up	ENSG00000212907	MT-ND4L	0	1	1
C4_UP	C4 R-sig	up	ENSG00000213064	SFT2D2	1	1	1
C4_UP	C4 R-sig	up	ENSG00000213066	CEP43	0	0	0
C4_DOWN	C4 R-sig	down	ENSG00000213068		0	0	0
C4_DOWN	C4 R-sig	down	ENSG00000213070	HMGB3P6	0	0	0
C4_UP	C4 R-sig	up	ENSG00000213079	SCAF8	1	1	1
C4_DOWN	C4 R-sig	down	ENSG00000213080		0	0	0
C4_DOWN	C4 R-sig	down	ENSG00000213085	CFAP45	0	0	1
C4_DOWN	C4 R-sig	down	ENSG00000213190	MLLT11	1	1	1
C4_DOWN	C4 R-sig	down	ENSG00000213221	DNLZ	1	1	1
C4_UP	C4 R-sig	up	ENSG00000213246	SUPT4H1	1	1	1
C4_DOWN	C4 R-sig	down	ENSG00000213261	EEF1B2P6	0	0	0
C4_UP	C4 R-sig	up	ENSG00000213380	COG8	1	1	1
C4_DOWN	C4 R-sig	down	ENSG00000213445	SIPA1	1	1	1
C4_UP	C4 R-sig	up	ENSG00000213463	SYNJ2BP	1	1	1
C4_DOWN	C4 R-sig	down	ENSG00000213465	ARL2	1	1	1
C4_DOWN	C4 R-sig	down	ENSG00000213551	DNAJC9	1	1	1
C4_DOWN	C4 R-sig	down	ENSG00000213585	VDAC1	1	1	1
C4_UP	C4 R-sig	up	ENSG00000213588	ZBTB9	1	1	1
C4_UP	C4 R-sig	up	ENSG00000213593	TMX2	1	1	1
C4_UP	C4 R-sig	up	ENSG00000213625	LEPROT	1	1	1
C4_UP	C4 R-sig	up	ENSG00000213639	PPP1CB	1	1	1
C4_UP	C4 R-sig	up	ENSG00000213676	ATF6B	1	1	1
C4_DOWN	C4 R-sig	down	ENSG00000213689	TREX1	1	1	1
C4_UP	C4 R-sig	up	ENSG00000213694	S1PR3	1	1	1
C4_UP	C4 R-sig	up	ENSG00000213699	SLC35F6	1	1	1
C4_DOWN	C4 R-sig	down	ENSG00000213701	SETP22	0	0	0
C4_DOWN	C4 R-sig	down	ENSG00000213719	CLIC1	1	1	1
C4_DOWN	C4 R-sig	down	ENSG00000213722	DDAH2	1	1	1
C4_UP	C4 R-sig	up	ENSG00000213741	RPS29	1	1	1
C4_UP	C4 R-sig	up	ENSG00000213762	ZNF134	1	1	1
C4_UP	C4 R-sig	up	ENSG00000213860	RPL21P75	0	0	0
C4_DOWN	C4 R-sig	down	ENSG00000213866	YBX1P10	0	0	0
C4_DOWN	C4 R-sig	down	ENSG00000213881	NPM1P6	0	0	0
C4_DOWN	C4 R-sig	down	ENSG00000213889	PPM1N	1	1	1
C4_DOWN	C4 R-sig	down	ENSG00000213923	CSNK1E	1	1	1
C4_UP	C4 R-sig	up	ENSG00000213949	ITGA1	1	1	1
C4_DOWN	C4 R-sig	down	ENSG00000213977	TAX1BP3	1	1	1
C4_DOWN	C4 R-sig	down	ENSG00000214022	REPIN1	1	1	1
C4_DOWN	C4 R-sig	down	ENSG00000214026	MRPL23	1	1	1
C4_UP	C4 R-sig	up	ENSG00000214046	SMIM7	1	1	1
C4_DOWN	C4 R-sig	down	ENSG00000214063	TSPAN4	1	1	1
C4_DOWN	C4 R-sig	down	ENSG00000214135	SDHAP4	0	0	0
C4_UP	C4 R-sig	up	ENSG00000214160	ALG3	1	1	1
C4_DOWN	C4 R-sig	down	ENSG00000214182	PTMAP5	0	0	0
C4_UP	C4 R-sig	up	ENSG00000214194	SMIM30	0	0	0
C4_DOWN	C4 R-sig	down	ENSG00000214253	FIS1	1	1	1
C4_DOWN	C4 R-sig	down	ENSG00000214331	PDPR2P	0	0	0
C4_DOWN	C4 R-sig	down	ENSG00000214357	NEURL1B	1	1	1
C4_DOWN	C4 R-sig	down	ENSG00000214435	AS3MT	1	1	1
C4_DOWN	C4 R-sig	down	ENSG00000214455	RCN1P2	0	0	0
C4_DOWN	C4 R-sig	down	ENSG00000214517	PPME1	1	1	1
C4_DOWN	C4 R-sig	down	ENSG00000214706	IFRD2	1	1	1
C4_DOWN	C4 R-sig	down	ENSG00000214753	HNRNPUL2	1	1	1
C4_UP	C4 R-sig	up	ENSG00000214756	CSKMT	0	0	0
C4_DOWN	C4 R-sig	down	ENSG00000214807	NPM1P31	0	0	0
C4_DOWN	C4 R-sig	down	ENSG00000214832	UPF3AP2	0	0	0
C4_DOWN	C4 R-sig	down	ENSG00000214869	TPM3P4	0	0	0
C4_DOWN	C4 R-sig	down	ENSG00000215021	PHB2	1	1	1
C4_DOWN	C4 R-sig	down	ENSG00000215030	RPL13P12	0	0	0
C4_DOWN	C4 R-sig	down	ENSG00000215086	NPM1P24	0	0	0
C4_UP	C4 R-sig	up	ENSG00000215114	UBXN2B	1	1	1
C4_UP	C4 R-sig	up	ENSG00000215251	FASTKD5	1	1	1
C4_DOWN	C4 R-sig	down	ENSG00000215305	VPS16	1	1	1
C4_DOWN	C4 R-sig	down	ENSG00000215817	ZC3H11B	0	0	0
C4_DOWN	C4 R-sig	down	ENSG00000215837	SDHAP2	1	0	0
C4_DOWN	C4 R-sig	down	ENSG00000215861		0	0	0
C4_UP	C4 R-sig	up	ENSG00000216937	CCDC7	1	1	1
C4_UP	C4 R-sig	up	ENSG00000217094	PPIAP31	0	0	0
C4_UP	C4 R-sig	up	ENSG00000217128	FNIP1	1	1	1
C4_DOWN	C4 R-sig	down	ENSG00000218283	MORF4L1P1	0	0	0
C4_DOWN	C4 R-sig	down	ENSG00000218336	TENM3	1	1	1
C4_DOWN	C4 R-sig	down	ENSG00000218510	LINC00339	1	1	1
C4_UP	C4 R-sig	up	ENSG00000219200	RNASEK	1	1	1
C4_DOWN	C4 R-sig	down	ENSG00000219201		0	0	0
C4_UP	C4 R-sig	up	ENSG00000219507	FTH1P8	0	0	0
C4_DOWN	C4 R-sig	down	ENSG00000219642	BMPR1AP1	0	0	0
C4_UP	C4 R-sig	up	ENSG00000221491	SNORA2C	0	0	0
C4_DOWN	C4 R-sig	down	ENSG00000221817	PPP3CB-AS1	0	0	0
C4_DOWN	C4 R-sig	down	ENSG00000221818	EBF2	1	1	1
C4_UP	C4 R-sig	up	ENSG00000221823	PPP3R1	1	1	1
C4_DOWN	C4 R-sig	down	ENSG00000221829	FANCG	1	1	1
C4_DOWN	C4 R-sig	down	ENSG00000221866	PLXNA4	1	1	1
C4_UP	C4 R-sig	up	ENSG00000221890	NPTXR	1	1	1
C4_UP	C4 R-sig	up	ENSG00000221909	FAM200A	1	1	1
C4_UP	C4 R-sig	up	ENSG00000221914	PPP2R2A	1	1	1
C4_UP	C4 R-sig	up	ENSG00000221944	TIGD1	1	1	1
C4_DOWN	C4 R-sig	down	ENSG00000221963	APOL6	1	1	1
C4_UP	C4 R-sig	up	ENSG00000221968	FADS3	1	1	1
C4_UP	C4 R-sig	up	ENSG00000221983	UBA52	1	1	1
C4_UP	C4 R-sig	up	ENSG00000222041	CYTOR	0	0	0
C4_UP	C4 R-sig	up	ENSG00000222328	RNU2-2	0	0	0
C4_UP	C4 R-sig	up	ENSG00000222489	SNORA79B	0	0	0
C4_UP	C4 R-sig	up	ENSG00000222744	RN7SKP166	0	0	0
C4_DOWN	C4 R-sig	down	ENSG00000223485	LINC01615	0	0	1
C4_UP	C4 R-sig	up	ENSG00000223496	EXOSC6	1	1	1
C4_DOWN	C4 R-sig	down	ENSG00000223770	CACNA2D1-AS1	0	0	0
C4_DOWN	C4 R-sig	down	ENSG00000223865	HLA-DPB1	1	1	1
C4_DOWN	C4 R-sig	down	ENSG00000224126	UBE2SP2	0	0	0
C4_DOWN	C4 R-sig	down	ENSG00000224208	ZCRB1P1	0	0	0
C4_UP	C4 R-sig	up	ENSG00000224470	ATXN1L	1	1	1
C4_UP	C4 R-sig	up	ENSG00000224531	SMIM13	1	1	1
C4_DOWN	C4 R-sig	down	ENSG00000224578	HNRNPA1L3	0	0	0
C4_UP	C4 R-sig	up	ENSG00000224631	RPS27AP16	0	0	0
C4_UP	C4 R-sig	up	ENSG00000224660	SH3BP5-AS1	1	1	1
C4_DOWN	C4 R-sig	down	ENSG00000224861	YBX1P1	0	0	0
C4_DOWN	C4 R-sig	down	ENSG00000225031	EIF4BP7	0	0	0
C4_UP	C4 R-sig	up	ENSG00000225190	PLEKHM1	1	1	1
C4_DOWN	C4 R-sig	down	ENSG00000225193	RPS12P26	0	0	0
C4_DOWN	C4 R-sig	down	ENSG00000225339	SMIM29-AS1	0	0	0
C4_DOWN	C4 R-sig	down	ENSG00000225544	MPPE1P2	0	0	0
C4_UP	C4 R-sig	up	ENSG00000225630	MTND2P28	0	0	0
C4_DOWN	C4 R-sig	down	ENSG00000226026	RWDD3-DT	0	0	0
C4_DOWN	C4 R-sig	down	ENSG00000226137	BAIAP2-DT	0	0	0
C4_DOWN	C4 R-sig	down	ENSG00000226328	NUP50-DT	0	0	0
C4_DOWN	C4 R-sig	down	ENSG00000226711	FAM66C	1	1	1
C4_UP	C4 R-sig	up	ENSG00000226715	LINC01709	0	0	0
C4_DOWN	C4 R-sig	down	ENSG00000226752	CUTALP	0	0	0
C4_UP	C4 R-sig	up	ENSG00000226950	DANCR	1	0	0
C4_DOWN	C4 R-sig	down	ENSG00000227014	FKBP14-AS1	0	0	0
C4_DOWN	C4 R-sig	down	ENSG00000227057	WDR46	1	1	1
C4_DOWN	C4 R-sig	down	ENSG00000227339	THRAP3P1	0	0	0
C4_DOWN	C4 R-sig	down	ENSG00000227471	AKR1B15	1	1	1
C4_DOWN	C4 R-sig	down	ENSG00000227482		0	0	0
C4_UP	C4 R-sig	up	ENSG00000227496		0	0	0
C4_DOWN	C4 R-sig	down	ENSG00000227946	INO80D-AS1	0	0	0
C4_UP	C4 R-sig	up	ENSG00000227964	LINC01429	0	0	1
C4_DOWN	C4 R-sig	down	ENSG00000227969	NPM1P22	0	0	0
C4_DOWN	C4 R-sig	down	ENSG00000228219	NPM1P30	0	0	0
C4_UP	C4 R-sig	up	ENSG00000228253	MT-ATP8	0	1	1
C4_UP	C4 R-sig	up	ENSG00000228436	RRAGC-DT	0	0	0
C4_UP	C4 R-sig	up	ENSG00000228474	OST4	1	1	1
C4_UP	C4 R-sig	up	ENSG00000228509		0	0	0
C4_DOWN	C4 R-sig	down	ENSG00000228570	NUTM2E	0	1	1
C4_DOWN	C4 R-sig	down	ENSG00000228612	HK2P1	0	0	0
C4_DOWN	C4 R-sig	down	ENSG00000228716	DHFR	1	1	1
C4_UP	C4 R-sig	up	ENSG00000228782	MRPL45P2	1	0	0
C4_UP	C4 R-sig	up	ENSG00000228929	RPS13P2	0	0	0
C4_DOWN	C4 R-sig	down	ENSG00000229036	VDAC1P8	0	0	0
C4_UP	C4 R-sig	up	ENSG00000229056	HECW2-AS1	0	0	0
C4_UP	C4 R-sig	up	ENSG00000229117	RPL41	1	1	1
C4_DOWN	C4 R-sig	down	ENSG00000229212		0	0	0
C4_DOWN	C4 R-sig	down	ENSG00000229638	RPL4P4	0	0	0
C4_DOWN	C4 R-sig	down	ENSG00000230124	ACBD6	1	1	1
C4_UP	C4 R-sig	up	ENSG00000230204	FTH1P5	0	0	0
C4_DOWN	C4 R-sig	down	ENSG00000230257	NFE4	0	1	1
C4_DOWN	C4 R-sig	down	ENSG00000230409	TCEA1P2	0	0	0
C4_DOWN	C4 R-sig	down	ENSG00000230417	LINC00856	1	1	1
C4_UP	C4 R-sig	up	ENSG00000230551		0	0	0
C4_DOWN	C4 R-sig	down	ENSG00000230659		0	0	0
C4_DOWN	C4 R-sig	down	ENSG00000231290	APCDD1L-DT	0	0	0
C4_DOWN	C4 R-sig	down	ENSG00000231500	RPS18	1	1	1
C4_DOWN	C4 R-sig	down	ENSG00000231528	FAM225A	1	1	1
C4_UP	C4 R-sig	up	ENSG00000231721	LINC-PINT	0	1	1
C4_DOWN	C4 R-sig	down	ENSG00000231744		0	0	0
C4_DOWN	C4 R-sig	down	ENSG00000231991	ANXA2P2	1	0	0
C4_DOWN	C4 R-sig	down	ENSG00000232004	CAP1P2	0	0	0
C4_UP	C4 R-sig	up	ENSG00000232112	TMA7	1	1	1
C4_DOWN	C4 R-sig	down	ENSG00000232320	MXRA7P1	0	0	0
C4_DOWN	C4 R-sig	down	ENSG00000232472	EEF1B2P3	0	0	0
C4_UP	C4 R-sig	up	ENSG00000232679	LINC01705	0	0	0
C4_UP	C4 R-sig	up	ENSG00000232742	RHOQP2	0	0	0
C4_DOWN	C4 R-sig	down	ENSG00000232931	LINC00342	0	1	1
C4_DOWN	C4 R-sig	down	ENSG00000233117	LINC00702	0	1	1
C4_DOWN	C4 R-sig	down	ENSG00000233178		0	0	0
C4_UP	C4 R-sig	up	ENSG00000233276	GPX1	1	1	1
C4_DOWN	C4 R-sig	down	ENSG00000233608	TWIST2	1	1	1
C4_DOWN	C4 R-sig	down	ENSG00000233822	H2BC15	0	0	0
C4_DOWN	C4 R-sig	down	ENSG00000233830	EIF4HP1	0	0	0
C4_UP	C4 R-sig	up	ENSG00000233927	RPS28	1	1	1
C4_UP	C4 R-sig	up	ENSG00000233966	UBE2SP1	0	0	0
C4_DOWN	C4 R-sig	down	ENSG00000234129	HCCS-DT	0	0	0
C4_DOWN	C4 R-sig	down	ENSG00000234297	PSIP1P1	0	0	0
C4_DOWN	C4 R-sig	down	ENSG00000234322	ST13P18	0	0	0
C4_DOWN	C4 R-sig	down	ENSG00000234337		0	0	0
C4_UP	C4 R-sig	up	ENSG00000234545	FAM133B	1	1	1
C4_UP	C4 R-sig	up	ENSG00000234589	RPL13AP24	0	0	0
C4_DOWN	C4 R-sig	down	ENSG00000234616	JRK	1	0	1
C4_UP	C4 R-sig	up	ENSG00000234741	GAS5	1	0	0
C4_DOWN	C4 R-sig	down	ENSG00000234745	HLA-B	1	1	1
C4_UP	C4 R-sig	up	ENSG00000234851	RPL23AP42	0	0	0
C4_DOWN	C4 R-sig	down	ENSG00000234961		0	0	0
C4_DOWN	C4 R-sig	down	ENSG00000235001	EIF4A1P2	0	0	0
C4_UP	C4 R-sig	up	ENSG00000235060	VDAC1P4	0	0	0
C4_DOWN	C4 R-sig	down	ENSG00000235173	HGH1	0	0	1
C4_DOWN	C4 R-sig	down	ENSG00000235225	RPL31P17	0	0	0
C4_UP	C4 R-sig	up	ENSG00000235408	SNORA71B	1	0	0
C4_UP	C4 R-sig	up	ENSG00000235437	LINC01278	0	0	0
C4_UP	C4 R-sig	up	ENSG00000235489	DBF4P1	0	0	0
C4_UP	C4 R-sig	up	ENSG00000235587	GAPDHP65	0	0	0
C4_UP	C4 R-sig	up	ENSG00000235636	NUS1P1	0	0	0
C4_DOWN	C4 R-sig	down	ENSG00000235674	LDHAP2	0	0	0
C4_DOWN	C4 R-sig	down	ENSG00000235847	LDHAP7	0	0	0
C4_DOWN	C4 R-sig	down	ENSG00000236039	LINC02889	0	0	0
C4_DOWN	C4 R-sig	down	ENSG00000236090	LDHAP3	0	0	0
C4_DOWN	C4 R-sig	down	ENSG00000236104	ZBTB22	1	1	1
C4_DOWN	C4 R-sig	down	ENSG00000236144	TMEM147-AS1	0	0	1
C4_UP	C4 R-sig	up	ENSG00000236287	ZBED5	1	1	1
C4_UP	C4 R-sig	up	ENSG00000236444	UBE2L5	0	0	0
C4_DOWN	C4 R-sig	down	ENSG00000236552	RPL13AP5	1	0	0
C4_DOWN	C4 R-sig	down	ENSG00000236762	RPL19P16	0	0	0
C4_UP	C4 R-sig	up	ENSG00000236790	LINC00299	1	1	1
C4_UP	C4 R-sig	up	ENSG00000237036	ZEB1-AS1	1	0	1
C4_DOWN	C4 R-sig	down	ENSG00000237172	B3GNT9	1	1	1
C4_DOWN	C4 R-sig	down	ENSG00000237441	RGL2	1	1	1
C4_DOWN	C4 R-sig	down	ENSG00000237649	KIFC1	1	1	1
C4_UP	C4 R-sig	up	ENSG00000237749	RPS27P9	0	0	0
C4_UP	C4 R-sig	up	ENSG00000237765	FAM200B	1	1	1
C4_UP	C4 R-sig	up	ENSG00000238035		0	0	0
C4_DOWN	C4 R-sig	down	ENSG00000238197	PAXBP1-AS1	1	1	1
C4_UP	C4 R-sig	up	ENSG00000238622	SNORD97	1	0	0
C4_UP	C4 R-sig	up	ENSG00000238741	SCARNA7	1	0	0
C4_UP	C4 R-sig	up	ENSG00000238917	SNORD10	1	0	0
C4_DOWN	C4 R-sig	down	ENSG00000239264	TXNDC5	1	1	1
C4_UP	C4 R-sig	up	ENSG00000239305	RNF103	1	1	1
C4_UP	C4 R-sig	up	ENSG00000239306	RBM14	1	1	1
C4_DOWN	C4 R-sig	down	ENSG00000239672	NME1	1	1	1
C4_DOWN	C4 R-sig	down	ENSG00000239900	ADSL	1	1	1
C4_UP	C4 R-sig	up	ENSG00000240184	PCDHGC3	1	1	1
C4_UP	C4 R-sig	up	ENSG00000240342	RPS2P5	0	0	0
C4_UP	C4 R-sig	up	ENSG00000240476	LINC00973	0	1	1
C4_DOWN	C4 R-sig	down	ENSG00000240682	ISY1	1	1	1
C4_DOWN	C4 R-sig	down	ENSG00000240694	PNMA2	1	1	1
C4_DOWN	C4 R-sig	down	ENSG00000240747	KRABD1	0	0	0
C4_UP	C4 R-sig	up	ENSG00000240849	PEDS1	0	0	0
C4_UP	C4 R-sig	up	ENSG00000240869	RN7SL128P	0	0	0
C4_DOWN	C4 R-sig	down	ENSG00000241015	TPM3P9	1	0	0
C4_DOWN	C4 R-sig	down	ENSG00000241343	RPL36A	1	1	1
C4_UP	C4 R-sig	up	ENSG00000241399	CD302	1	1	1
C4_UP	C4 R-sig	up	ENSG00000241468	ATP5MF	0	0	0
C4_DOWN	C4 R-sig	down	ENSG00000241506	PSMC1P1	0	0	0
C4_UP	C4 R-sig	up	ENSG00000241529	RN7SL767P	0	0	0
C4_DOWN	C4 R-sig	down	ENSG00000241741	RPL7AP30	0	0	0
C4_DOWN	C4 R-sig	down	ENSG00000241749	RPSAP52	1	0	0
C4_UP	C4 R-sig	up	ENSG00000241837	ATP5PO	0	0	0
C4_DOWN	C4 R-sig	down	ENSG00000241889	CTDNEP1P1	0	0	0
C4_DOWN	C4 R-sig	down	ENSG00000241935	HOGA1	1	1	1
C4_DOWN	C4 R-sig	down	ENSG00000241973	PI4KA	1	1	1
C4_DOWN	C4 R-sig	down	ENSG00000242114	MTFP1	1	1	1
C4_UP	C4 R-sig	up	ENSG00000242125	SNHG3	1	0	0
C4_UP	C4 R-sig	up	ENSG00000242265	PEG10	1	1	1
C4_DOWN	C4 R-sig	down	ENSG00000242498	ARPIN	0	0	1
C4_UP	C4 R-sig	up	ENSG00000242588		0	0	0
C4_UP	C4 R-sig	up	ENSG00000242616	GNG10	1	1	1
C4_UP	C4 R-sig	up	ENSG00000242689	CNTF	1	1	1
C4_UP	C4 R-sig	up	ENSG00000243147	MRPL33	1	1	1
C4_DOWN	C4 R-sig	down	ENSG00000243156	MICAL3	1	1	1
C4_UP	C4 R-sig	up	ENSG00000243302		0	0	0
C4_UP	C4 R-sig	up	ENSG00000243317	STMP1	0	0	0
C4_UP	C4 R-sig	up	ENSG00000243335	KCTD7	1	1	1
C4_UP	C4 R-sig	up	ENSG00000243716	NPIPB5	0	1	1
C4_DOWN	C4 R-sig	down	ENSG00000243725	TTC4	1	1	1
C4_UP	C4 R-sig	up	ENSG00000243766	HOTTIP	1	1	1
C4_UP	C4 R-sig	up	ENSG00000243927	MRPS6	1	1	1
C4_DOWN	C4 R-sig	down	ENSG00000243943	ZNF512	1	1	1
C4_DOWN	C4 R-sig	down	ENSG00000243974	VTI1BP1	0	0	0
C4_DOWN	C4 R-sig	down	ENSG00000243989	ACY1	1	1	1
C4_UP	C4 R-sig	up	ENSG00000244038	DDOST	1	1	1
C4_DOWN	C4 R-sig	down	ENSG00000244115	DNAJC25-GNG10	1	1	1
C4_DOWN	C4 R-sig	down	ENSG00000244398	RPL36AP37	0	0	0
C4_UP	C4 R-sig	up	ENSG00000244462	RBM12	1	1	1
C4_UP	C4 R-sig	up	ENSG00000244509	APOBEC3C	1	1	1
C4_UP	C4 R-sig	up	ENSG00000244687	UBE2V1	1	1	1
C4_UP	C4 R-sig	up	ENSG00000244733		0	0	0
C4_UP	C4 R-sig	up	ENSG00000244754	N4BP2L2	1	1	1
C4_UP	C4 R-sig	up	ENSG00000245025	RHOBTB2-AS1	0	0	0
C4_UP	C4 R-sig	up	ENSG00000245146	MALINC1	0	0	0
C4_DOWN	C4 R-sig	down	ENSG00000245293	CYP2U1-AS1	0	0	0
C4_DOWN	C4 R-sig	down	ENSG00000245317	MRNIP-DT	0	0	0
C4_DOWN	C4 R-sig	down	ENSG00000245498	MSANTD2-AS1	0	0	0
C4_UP	C4 R-sig	up	ENSG00000245532	NEAT1	1	1	1
C4_DOWN	C4 R-sig	down	ENSG00000247095	MIR210HG	1	1	1
C4_UP	C4 R-sig	up	ENSG00000247556	OIP5-AS1	1	0	0
C4_DOWN	C4 R-sig	down	ENSG00000247572	CKMT2-AS1	0	1	1
C4_DOWN	C4 R-sig	down	ENSG00000247596	TWF2	1	1	1
C4_UP	C4 R-sig	up	ENSG00000247627	MTND4P12	0	0	0
C4_UP	C4 R-sig	up	ENSG00000248008	NRAV	0	0	1
C4_UP	C4 R-sig	up	ENSG00000248049	UBA6-DT	0	0	0
C4_DOWN	C4 R-sig	down	ENSG00000248098	BCKDHA	1	1	1
C4_DOWN	C4 R-sig	down	ENSG00000248113	PTPN11P5	0	0	0
C4_DOWN	C4 R-sig	down	ENSG00000248290	TNXA	1	0	0
C4_DOWN	C4 R-sig	down	ENSG00000248333	CDK11B	1	1	1
C4_UP	C4 R-sig	up	ENSG00000248527	MTATP6P1	0	0	0
C4_DOWN	C4 R-sig	down	ENSG00000248932	COPB2-DT	0	0	0
C4_DOWN	C4 R-sig	down	ENSG00000248964		0	0	0
C4_DOWN	C4 R-sig	down	ENSG00000249115	HAUS5	1	1	1
C4_DOWN	C4 R-sig	down	ENSG00000249306	LINC01411	0	0	1
C4_DOWN	C4 R-sig	down	ENSG00000249353	NPM1P27	0	0	0
C4_DOWN	C4 R-sig	down	ENSG00000249565	SERBP1P5	0	0	0
C4_UP	C4 R-sig	up	ENSG00000249624	IFNAR2-IL10RB	0	0	0
C4_DOWN	C4 R-sig	down	ENSG00000249669	CARMN	0	0	1
C4_UP	C4 R-sig	up	ENSG00000249992	TMEM158	1	1	1
C4_UP	C4 R-sig	up	ENSG00000250129	NEK11-AS1	0	0	0
C4_DOWN	C4 R-sig	down	ENSG00000250539	KRT8P33	0	0	0
C4_UP	C4 R-sig	up	ENSG00000251562	MALAT1	1	1	1
C4_DOWN	C4 R-sig	down	ENSG00000251595	ABCA11P	1	0	0
C4_DOWN	C4 R-sig	down	ENSG00000251667	BRCC3P1	0	0	0
C4_UP	C4 R-sig	up	ENSG00000251705	RNA5-8SP6	0	0	0
C4_UP	C4 R-sig	up	ENSG00000251791	SCARNA6	1	0	0
C4_UP	C4 R-sig	up	ENSG00000253051	SNORA31B	0	0	0
C4_DOWN	C4 R-sig	down	ENSG00000253161	LINC01605	0	0	1
C4_DOWN	C4 R-sig	down	ENSG00000253210	DENND3-AS1	0	0	0
C4_DOWN	C4 R-sig	down	ENSG00000253304	TMEM200B	1	1	1
C4_DOWN	C4 R-sig	down	ENSG00000253305	PCDHGB6	1	1	1
C4_UP	C4 R-sig	up	ENSG00000253352	TUG1	1	1	1
C4_DOWN	C4 R-sig	down	ENSG00000253537	PCDHGA7	1	1	1
C4_UP	C4 R-sig	up	ENSG00000253626	EIF5AL1	1	1	1
C4_DOWN	C4 R-sig	down	ENSG00000253716	MINCR	0	0	1
C4_DOWN	C4 R-sig	down	ENSG00000253729	PRKDC	1	1	1
C4_DOWN	C4 R-sig	down	ENSG00000253741	LNCOC1	0	0	0
C4_UP	C4 R-sig	up	ENSG00000254206	NPIPB11	0	1	1
C4_DOWN	C4 R-sig	down	ENSG00000254332	TPM4P3	0	0	0
C4_UP	C4 R-sig	up	ENSG00000254341	SNORD87	1	0	0
C4_DOWN	C4 R-sig	down	ENSG00000254505	CHMP4A	1	1	1
C4_DOWN	C4 R-sig	down	ENSG00000254618	TMED10P1	1	0	0
C4_DOWN	C4 R-sig	down	ENSG00000254681	PKD1P5	0	0	0
C4_DOWN	C4 R-sig	down	ENSG00000254759	NAP1L1P1	0	0	0
C4_DOWN	C4 R-sig	down	ENSG00000254772	EEF1G	1	1	1
C4_UP	C4 R-sig	up	ENSG00000254837	LIPT2-AS1	0	0	0
C4_DOWN	C4 R-sig	down	ENSG00000254986	DPP3	1	1	1
C4_DOWN	C4 R-sig	down	ENSG00000255073	ZFP91-CNTF	1	1	1
C4_UP	C4 R-sig	up	ENSG00000255112	CHMP1B	1	1	1
C4_DOWN	C4 R-sig	down	ENSG00000255121	CENATAC-DT	0	0	0
C4_DOWN	C4 R-sig	down	ENSG00000255135	EMSY-DT	0	0	0
C4_DOWN	C4 R-sig	down	ENSG00000255345	TENM4-AS1	0	0	0
C4_DOWN	C4 R-sig	down	ENSG00000255491		0	0	0
C4_UP	C4 R-sig	up	ENSG00000255717	SNHG1	1	0	0
C4_DOWN	C4 R-sig	down	ENSG00000255874	PRECSIT	0	0	0
C4_DOWN	C4 R-sig	down	ENSG00000256043	CTSO	1	1	1
C4_UP	C4 R-sig	up	ENSG00000256053	COA8	0	0	0
C4_DOWN	C4 R-sig	down	ENSG00000256124	LINC01152	0	1	1
C4_UP	C4 R-sig	up	ENSG00000256223	ZNF10	1	1	1
C4_UP	C4 R-sig	up	ENSG00000256235	SMIM3	1	1	1
C4_DOWN	C4 R-sig	down	ENSG00000256269	HMBS	1	1	1
C4_UP	C4 R-sig	up	ENSG00000256537	SMIM10L1	0	0	1
C4_DOWN	C4 R-sig	down	ENSG00000256546	LINC02985	0	0	0
C4_DOWN	C4 R-sig	down	ENSG00000256663		0	0	0
C4_UP	C4 R-sig	up	ENSG00000257093	DENND11	0	0	0
C4_UP	C4 R-sig	up	ENSG00000257103	LSM14A	1	1	1
C4_DOWN	C4 R-sig	down	ENSG00000257126	FOXG1-AS1	0	0	1
C4_DOWN	C4 R-sig	down	ENSG00000257199		0	0	0
C4_UP	C4 R-sig	up	ENSG00000257267	ZNF271P	0	0	0
C4_UP	C4 R-sig	up	ENSG00000257621	PSMA3-AS1	0	0	1
C4_UP	C4 R-sig	up	ENSG00000257702	LBX2-AS1	1	1	1
C4_DOWN	C4 R-sig	down	ENSG00000257767		0	0	0
C4_UP	C4 R-sig	up	ENSG00000258017	TUBA1B-AS1	0	0	0
C4_UP	C4 R-sig	up	ENSG00000258102	MAP1LC3B2	1	1	1
C4_UP	C4 R-sig	up	ENSG00000258183	LINC02392	0	0	0
C4_DOWN	C4 R-sig	down	ENSG00000258186	SLC7A5P2	1	0	0
C4_UP	C4 R-sig	up	ENSG00000258289	CHURC1	1	1	1
C4_DOWN	C4 R-sig	down	ENSG00000258315	BACC1	0	0	0
C4_DOWN	C4 R-sig	down	ENSG00000258366	RTEL1	1	1	1
C4_DOWN	C4 R-sig	down	ENSG00000258441	LINC00641	1	0	0
C4_DOWN	C4 R-sig	down	ENSG00000258457	AJUBA-DT	0	0	0
C4_DOWN	C4 R-sig	down	ENSG00000258555	SPECC1L-ADORA2A	0	1	1
C4_DOWN	C4 R-sig	down	ENSG00000258717		0	0	0
C4_DOWN	C4 R-sig	down	ENSG00000258818	RNASE4	1	1	1
C4_DOWN	C4 R-sig	down	ENSG00000258947	TUBB3	1	1	1
C4_DOWN	C4 R-sig	down	ENSG00000259001		0	0	0
C4_DOWN	C4 R-sig	down	ENSG00000259020		0	0	0
C4_UP	C4 R-sig	up	ENSG00000259207	ITGB3	1	1	1
C4_DOWN	C4 R-sig	down	ENSG00000259291	ZNF710-AS1	0	0	0
C4_DOWN	C4 R-sig	down	ENSG00000259330	INAFM2	0	0	1
C4_DOWN	C4 R-sig	down	ENSG00000259363		0	0	0
C4_UP	C4 R-sig	up	ENSG00000259623		0	0	0
C4_DOWN	C4 R-sig	down	ENSG00000259753		0	0	0
C4_DOWN	C4 R-sig	down	ENSG00000259781	HMGB1P6	0	0	0
C4_UP	C4 R-sig	up	ENSG00000259976		0	0	0
C4_UP	C4 R-sig	up	ENSG00000260032	NORAD	0	0	0
C4_DOWN	C4 R-sig	down	ENSG00000260063		0	0	0
C4_UP	C4 R-sig	up	ENSG00000260196		0	0	0
C4_UP	C4 R-sig	up	ENSG00000260342		0	0	0
C4_DOWN	C4 R-sig	down	ENSG00000260412		0	0	0
C4_UP	C4 R-sig	up	ENSG00000260417		0	0	0
C4_DOWN	C4 R-sig	down	ENSG00000260442	ATP2A1-AS1	0	0	1
C4_DOWN	C4 R-sig	down	ENSG00000260578		0	0	0
C4_UP	C4 R-sig	up	ENSG00000260630	SNAI3-AS1	1	1	1
C4_UP	C4 R-sig	up	ENSG00000260877		0	0	0
C4_DOWN	C4 R-sig	down	ENSG00000260914		0	0	0
C4_DOWN	C4 R-sig	down	ENSG00000260917		0	0	0
C4_UP	C4 R-sig	up	ENSG00000260920		0	0	0
C4_DOWN	C4 R-sig	down	ENSG00000261150	EPPK1	1	1	1
C4_DOWN	C4 R-sig	down	ENSG00000261236	BOP1	1	1	1
C4_UP	C4 R-sig	up	ENSG00000261286	ATP2C2-AS1	0	0	0
C4_UP	C4 R-sig	up	ENSG00000261324		0	0	0
C4_UP	C4 R-sig	up	ENSG00000261512		0	0	0
C4_UP	C4 R-sig	up	ENSG00000261740	BOLA2-SMG1P6	0	0	0
C4_DOWN	C4 R-sig	down	ENSG00000261819		0	0	0
C4_DOWN	C4 R-sig	down	ENSG00000262454	MIR193BHG	0	0	1
C4_UP	C4 R-sig	up	ENSG00000262664	OVCA2	1	1	1
C4_DOWN	C4 R-sig	down	ENSG00000262814	MRPL12	1	1	1
C4_UP	C4 R-sig	up	ENSG00000262919	CCNQ	0	0	0
C4_DOWN	C4 R-sig	down	ENSG00000263004	AKAP1-DT	0	0	0
C4_UP	C4 R-sig	up	ENSG00000263244		0	0	0
C4_UP	C4 R-sig	up	ENSG00000263327	TAPT1-AS1	1	1	1
C4_DOWN	C4 R-sig	down	ENSG00000263443		0	0	0
C4_UP	C4 R-sig	up	ENSG00000263465	SRSF8	1	0	1
C4_DOWN	C4 R-sig	down	ENSG00000263528	IKBKE	1	1	1
C4_UP	C4 R-sig	up	ENSG00000263731	LINC03149	0	0	0
C4_UP	C4 R-sig	up	ENSG00000263740	RN7SL4P	0	0	0
C4_DOWN	C4 R-sig	down	ENSG00000263843	MIF4GD-DT	0	0	0
C4_UP	C4 R-sig	up	ENSG00000263934	SNORD3A	0	0	0
C4_DOWN	C4 R-sig	down	ENSG00000264301	LINC01444	0	0	1
C4_UP	C4 R-sig	up	ENSG00000264462	MIR3648-2	0	0	0
C4_UP	C4 R-sig	up	ENSG00000264522	OTUD7B	1	1	1
C4_UP	C4 R-sig	up	ENSG00000265078	RN7SL664P	0	0	0
C4_DOWN	C4 R-sig	down	ENSG00000265688	MILIP	0	0	0
C4_UP	C4 R-sig	up	ENSG00000265735	RN7SL5P	0	0	0
C4_UP	C4 R-sig	up	ENSG00000265808	SEC22B	1	0	1
C4_DOWN	C4 R-sig	down	ENSG00000265972	TXNIP	1	1	1
C4_DOWN	C4 R-sig	down	ENSG00000266208	GJD3-AS1	0	0	0
C4_UP	C4 R-sig	up	ENSG00000266412	NCOA4	1	1	1
C4_DOWN	C4 R-sig	down	ENSG00000266441	ARHGAP28-AS1	0	0	0
C4_DOWN	C4 R-sig	down	ENSG00000266967	AARSD1	1	1	1
C4_DOWN	C4 R-sig	down	ENSG00000267058		0	0	0
C4_DOWN	C4 R-sig	down	ENSG00000267059		0	0	0
C4_DOWN	C4 R-sig	down	ENSG00000267073		0	0	0
C4_DOWN	C4 R-sig	down	ENSG00000267120		0	0	0
C4_DOWN	C4 R-sig	down	ENSG00000267213	DPY19L3-DT	0	0	0
C4_UP	C4 R-sig	up	ENSG00000267270	PARD6G-AS1	1	0	1
C4_UP	C4 R-sig	up	ENSG00000267458		0	0	0
C4_UP	C4 R-sig	up	ENSG00000267519	MIR23AHG	0	0	0
C4_DOWN	C4 R-sig	down	ENSG00000267858	MZF1-AS1	0	0	1
C4_UP	C4 R-sig	up	ENSG00000267940		0	0	0
C4_UP	C4 R-sig	up	ENSG00000268089	GABRQ	1	1	1
C4_UP	C4 R-sig	up	ENSG00000268205	LNC-WAL	0	0	0
C4_DOWN	C4 R-sig	down	ENSG00000268465		0	0	0
C4_DOWN	C4 R-sig	down	ENSG00000268516	ZNF8-DT	0	0	0
C4_UP	C4 R-sig	up	ENSG00000268573		0	0	0
C4_DOWN	C4 R-sig	down	ENSG00000269190	FBXO17	1	1	1
C4_UP	C4 R-sig	up	ENSG00000269343	ZNF587B	1	1	1
C4_DOWN	C4 R-sig	down	ENSG00000269378	ITGB1P1	0	0	0
C4_UP	C4 R-sig	up	ENSG00000269556	TMEM185A	1	1	1
C4_DOWN	C4 R-sig	down	ENSG00000269918		0	0	0
C4_UP	C4 R-sig	up	ENSG00000269968	GAPDH-AS1	0	0	0
C4_DOWN	C4 R-sig	down	ENSG00000270022		0	0	0
C4_DOWN	C4 R-sig	down	ENSG00000270074		0	0	0
C4_UP	C4 R-sig	up	ENSG00000270103		0	0	0
C4_DOWN	C4 R-sig	down	ENSG00000270647	TAF15	1	1	1
C4_DOWN	C4 R-sig	down	ENSG00000270866		0	0	0
C4_DOWN	C4 R-sig	down	ENSG00000270882	H4C14	0	0	0
C4_DOWN	C4 R-sig	down	ENSG00000270959	LPP-AS2	1	1	1
C4_DOWN	C4 R-sig	down	ENSG00000270977		0	0	0
C4_UP	C4 R-sig	up	ENSG00000271643	PDCD6IP-DT	0	0	0
C4_UP	C4 R-sig	up	ENSG00000271672	DUXAP8	0	0	0
C4_DOWN	C4 R-sig	down	ENSG00000271780		0	0	0
C4_UP	C4 R-sig	up	ENSG00000271862		0	0	0
C4_DOWN	C4 R-sig	down	ENSG00000271943	TPM4P2	0	0	0
C4_DOWN	C4 R-sig	down	ENSG00000272092		0	0	0
C4_DOWN	C4 R-sig	down	ENSG00000272325	NUDT3	1	1	1
C4_DOWN	C4 R-sig	down	ENSG00000272333	KMT2B	0	1	1
C4_UP	C4 R-sig	up	ENSG00000272391	POM121C	1	1	1
C4_DOWN	C4 R-sig	down	ENSG00000272620	AFAP1-AS1	1	1	1
C4_DOWN	C4 R-sig	down	ENSG00000272674	PCDHB16	1	1	1
C4_DOWN	C4 R-sig	down	ENSG00000272734	ADIRF-AS1	0	0	0
C4_UP	C4 R-sig	up	ENSG00000272886	DCP1A	1	1	1
C4_DOWN	C4 R-sig	down	ENSG00000272909		0	0	0
C4_DOWN	C4 R-sig	down	ENSG00000272944		0	0	0
C4_UP	C4 R-sig	up	ENSG00000273088		0	0	0
C4_DOWN	C4 R-sig	down	ENSG00000273167		0	0	0
C4_UP	C4 R-sig	up	ENSG00000273217		0	0	0
C4_UP	C4 R-sig	up	ENSG00000273373		0	0	0
C4_DOWN	C4 R-sig	down	ENSG00000273604	EPOP	0	0	0
C4_DOWN	C4 R-sig	down	ENSG00000273654		0	0	0
C4_UP	C4 R-sig	up	ENSG00000273679		0	0	0
C4_DOWN	C4 R-sig	down	ENSG00000273703	H2BC14	0	0	0
C4_DOWN	C4 R-sig	down	ENSG00000273749	CYFIP1	1	1	1
C4_DOWN	C4 R-sig	down	ENSG00000273784		0	0	0
C4_DOWN	C4 R-sig	down	ENSG00000273802	H2BC8	0	0	0
C4_DOWN	C4 R-sig	down	ENSG00000273828		0	0	0
C4_DOWN	C4 R-sig	down	ENSG00000273899	NOL12	1	1	1
C4_UP	C4 R-sig	up	ENSG00000273933		0	0	0
C4_DOWN	C4 R-sig	down	ENSG00000273983	H3C8	0	0	0
C4_DOWN	C4 R-sig	down	ENSG00000274049	INO80B-WBP1	1	0	1
C4_UP	C4 R-sig	up	ENSG00000274070	CASTOR2	0	0	0
C4_DOWN	C4 R-sig	down	ENSG00000274220		0	0	0
C4_UP	C4 R-sig	up	ENSG00000274266	SNORA73A	0	0	0
C4_DOWN	C4 R-sig	down	ENSG00000274276		0	0	0
C4_DOWN	C4 R-sig	down	ENSG00000274290	H2BC6	0	0	0
C4_UP	C4 R-sig	up	ENSG00000274605	PCCA-DT	0	0	0
C4_DOWN	C4 R-sig	down	ENSG00000274641	H2BC17	0	0	0
C4_DOWN	C4 R-sig	down	ENSG00000274997	H2AC12	0	0	0
C4_DOWN	C4 R-sig	down	ENSG00000275023	MLLT6	1	1	1
C4_UP	C4 R-sig	up	ENSG00000275066	SYNRG	1	1	1
C4_DOWN	C4 R-sig	down	ENSG00000275074	NUDT18	1	1	1
C4_DOWN	C4 R-sig	down	ENSG00000275126	H4C13	0	0	0
C4_DOWN	C4 R-sig	down	ENSG00000275131	PDE4DIPP2	0	0	0
C4_DOWN	C4 R-sig	down	ENSG00000275160	RPL7AP45	0	0	0
C4_DOWN	C4 R-sig	down	ENSG00000275221	H2AC15	0	0	0
C4_UP	C4 R-sig	up	ENSG00000275318		0	0	0
C4_DOWN	C4 R-sig	down	ENSG00000275379	H3C11	0	0	0
C4_DOWN	C4 R-sig	down	ENSG00000275700	AATF	1	1	1
C4_DOWN	C4 R-sig	down	ENSG00000275713	H2BC9	0	0	0
C4_DOWN	C4 R-sig	down	ENSG00000275714	H3C1	0	0	0
C4_DOWN	C4 R-sig	down	ENSG00000275835	TUBGCP5	1	1	1
C4_UP	C4 R-sig	up	ENSG00000275994	SNORA24	1	0	0
C4_UP	C4 R-sig	up	ENSG00000276023	DUSP14	1	1	1
C4_UP	C4 R-sig	up	ENSG00000276027	RNU12	1	1	1
C4_DOWN	C4 R-sig	down	ENSG00000276043	UHRF1	1	0	1
C4_DOWN	C4 R-sig	down	ENSG00000276141	WHAMMP3	1	0	0
C4_UP	C4 R-sig	up	ENSG00000276334		0	0	0
C4_DOWN	C4 R-sig	down	ENSG00000276368	H2AC14	0	0	0
C4_DOWN	C4 R-sig	down	ENSG00000276410	H2BC3	0	0	0
C4_DOWN	C4 R-sig	down	ENSG00000276529		0	0	0
C4_UP	C4 R-sig	up	ENSG00000276788	SNORD26	1	0	0
C4_DOWN	C4 R-sig	down	ENSG00000276903	H2AC16	0	0	0
C4_DOWN	C4 R-sig	down	ENSG00000276966	H4C5	0	0	0
C4_UP	C4 R-sig	up	ENSG00000277027	RMRP	1	1	1
C4_DOWN	C4 R-sig	down	ENSG00000277053	GTF2IP1	1	0	0
C4_DOWN	C4 R-sig	down	ENSG00000277075	H2AC8	0	0	0
C4_DOWN	C4 R-sig	down	ENSG00000277117		0	0	0
C4_UP	C4 R-sig	up	ENSG00000277149	TYW1B	1	0	1
C4_DOWN	C4 R-sig	down	ENSG00000277157	H4C4	0	0	0
C4_UP	C4 R-sig	up	ENSG00000277209	RPPH1	1	1	1
C4_DOWN	C4 R-sig	down	ENSG00000277224	H2BC7	0	0	0
C4_UP	C4 R-sig	up	ENSG00000277258	PCGF2	1	1	1
C4_UP	C4 R-sig	up	ENSG00000277534		0	0	0
C4_DOWN	C4 R-sig	down	ENSG00000277654	NOP35P1	0	0	0
C4_DOWN	C4 R-sig	down	ENSG00000277775	H3C7	0	0	0
C4_UP	C4 R-sig	up	ENSG00000277925		0	0	0
C4_UP	C4 R-sig	up	ENSG00000278249	SCARNA2	1	1	1
C4_DOWN	C4 R-sig	down	ENSG00000278259	MYO19	1	1	1
C4_DOWN	C4 R-sig	down	ENSG00000278266		0	0	0
C4_UP	C4 R-sig	up	ENSG00000278385		0	0	0
C4_DOWN	C4 R-sig	down	ENSG00000278463	H2AC4	0	0	0
C4_DOWN	C4 R-sig	down	ENSG00000278535	DHRS11	1	1	1
C4_DOWN	C4 R-sig	down	ENSG00000278540	ACACA	1	1	1
C4_DOWN	C4 R-sig	down	ENSG00000278588	H2BC10	0	0	0
C4_DOWN	C4 R-sig	down	ENSG00000278615	C11orf98	0	0	1
C4_DOWN	C4 R-sig	down	ENSG00000278637	H4C1	0	0	0
C4_DOWN	C4 R-sig	down	ENSG00000278677	H2AC17	0	0	0
C4_DOWN	C4 R-sig	down	ENSG00000278705	H4C2	0	0	0
C4_DOWN	C4 R-sig	down	ENSG00000278768	BACE1-AS	1	0	1
C4_DOWN	C4 R-sig	down	ENSG00000278771	RN7SL3	0	0	0
C4_DOWN	C4 R-sig	down	ENSG00000278970	HEIH	1	0	0
C4_DOWN	C4 R-sig	down	ENSG00000279069		0	0	0
C4_UP	C4 R-sig	up	ENSG00000279078	SND1-IT1	1	0	1
C4_UP	C4 R-sig	up	ENSG00000279088		0	0	0
C4_UP	C4 R-sig	up	ENSG00000279133		0	0	0
C4_UP	C4 R-sig	up	ENSG00000279175		0	0	0
C4_UP	C4 R-sig	up	ENSG00000279207		0	0	0
C4_DOWN	C4 R-sig	down	ENSG00000279253		0	0	0
C4_UP	C4 R-sig	up	ENSG00000279392		0	0	0
C4_UP	C4 R-sig	up	ENSG00000279406		0	0	0
C4_UP	C4 R-sig	up	ENSG00000279407		0	0	0
C4_DOWN	C4 R-sig	down	ENSG00000279457	WASH9P	0	0	0
C4_DOWN	C4 R-sig	down	ENSG00000279692		0	0	0
C4_DOWN	C4 R-sig	down	ENSG00000279881		0	0	0
C4_UP	C4 R-sig	up	ENSG00000280047		0	0	0
C4_DOWN	C4 R-sig	down	ENSG00000280071		0	0	0
C4_DOWN	C4 R-sig	down	ENSG00000280120		0	0	0
C4_DOWN	C4 R-sig	down	ENSG00000280132		0	0	0
C4_UP	C4 R-sig	up	ENSG00000280219		0	0	0
C4_DOWN	C4 R-sig	down	ENSG00000280241		0	0	0
C4_DOWN	C4 R-sig	down	ENSG00000280604		0	0	0
C4_DOWN	C4 R-sig	down	ENSG00000281376		0	0	0
C4_UP	C4 R-sig	up	ENSG00000281649	EBLN3P	0	0	0
C4_DOWN	C4 R-sig	down	ENSG00000282278		0	0	0
C4_DOWN	C4 R-sig	down	ENSG00000282458	WASH5P	1	0	0
C4_DOWN	C4 R-sig	down	ENSG00000282885		0	0	0
C4_DOWN	C4 R-sig	down	ENSG00000283041		0	0	0
C4_UP	C4 R-sig	up	ENSG00000283103		0	0	0
C4_UP	C4 R-sig	up	ENSG00000283199	C13orf46	0	0	0
C4_UP	C4 R-sig	up	ENSG00000283321		0	0	0
C4_UP	C4 R-sig	up	ENSG00000284024	MSANTD7	0	0	0
C4_UP	C4 R-sig	up	ENSG00000284747		0	0	0
C4_DOWN	C4 R-sig	down	ENSG00000284776		0	0	0
C4_DOWN	C4 R-sig	down	ENSG00000284879	NCAL1	0	0	0
C4_UP	C4 R-sig	up	ENSG00000285230	RALY-AS1	0	0	1
C4_DOWN	C4 R-sig	down	ENSG00000285238		0	0	0
C4_UP	C4 R-sig	up	ENSG00000285437	POLR2J3	1	1	1
C4_UP	C4 R-sig	up	ENSG00000285517	LINC00941	0	1	1
C4_DOWN	C4 R-sig	down	ENSG00000285793	ANAPC1P2	0	0	0
C4_DOWN	C4 R-sig	down	ENSG00000285815	GET1-SH3BGR	0	0	0
C4_DOWN	C4 R-sig	down	ENSG00000285991		0	0	0
C4_DOWN	C4 R-sig	down	ENSG00000286112	KYAT1	0	0	0
C4_DOWN	C4 R-sig	down	ENSG00000286129		0	0	0
C4_UP	C4 R-sig	up	ENSG00000286140	DERPC	0	0	0
C4_DOWN	C4 R-sig	down	ENSG00000286190		0	0	0
C4_DOWN	C4 R-sig	down	ENSG00000286264		0	0	0
C4_DOWN	C4 R-sig	down	ENSG00000286522	H3C2	0	0	0
C4_DOWN	C4 R-sig	down	ENSG00000286724		0	0	0
C4_DOWN	C4 R-sig	down	ENSG00000286760		0	0	0
C4_DOWN	C4 R-sig	down	ENSG00000286905		0	0	0
C4_DOWN	C4 R-sig	down	ENSG00000287080	H3C3	0	0	0
C4_DOWN	C4 R-sig	down	ENSG00000287263		0	0	0
C4_UP	C4 R-sig	up	ENSG00000287856		0	0	0
C4_DOWN	C4 R-sig	down	ENSG00000287886		0	0	0
C4_DOWN	C4 R-sig	down	ENSG00000288701	PRRC2B	1	1	1
C4_DOWN	C4 R-sig	down	ENSG00000288710		0	0	0
C4_DOWN	C4 R-sig	down	ENSG00000288721		0	0	0
C4_DOWN	C4 R-sig	down	ENSG00000288741		0	0	0
C4_DOWN	C4 R-sig	down	ENSG00000288825	H2AC18	0	0	0
C4_DOWN	C4 R-sig	down	ENSG00000288827		0	0	0
C4_UP	C4 R-sig	up	ENSG00000288899		0	0	0
C4_UP	C4 R-sig	up	ENSG00000288908		0	0	0
C4_UP	C4 R-sig	up	ENSG00000288995		0	0	0
C4_UP	C4 R-sig	up	ENSG00000289238		0	0	0
C4_DOWN	C4 R-sig	down	ENSG00000289275		0	0	0
C4_UP	C4 R-sig	up	ENSG00000289353		0	0	0
C4_UP	C4 R-sig	up	ENSG00000289365		0	0	0
C4_DOWN	C4 R-sig	down	ENSG00000289469		0	0	0
C4_UP	C4 R-sig	up	ENSG00000289523		0	0	0
C4_DOWN	C4 R-sig	down	ENSG00000289562		0	0	0
C4_DOWN	C4 R-sig	down	ENSG00000289586		0	0	0
C4_UP	C4 R-sig	up	ENSG00000289848		0	0	0
C4_DOWN	C4 R-sig	down	ENSG00000289971		0	0	0
C4_DOWN	C4 R-sig	down	ENSG00000290226		0	0	0
C4_DOWN	C4 R-sig	down	ENSG00000290318		0	0	0
C4_UP	C4 R-sig	up	ENSG00000290391		0	0	0
C4_UP	C4 R-sig	up	ENSG00000290425	PI4KAP1	1	0	0
C4_DOWN	C4 R-sig	down	ENSG00000290523		0	0	0
C4_DOWN	C4 R-sig	down	ENSG00000290536		0	0	0
C4_UP	C4 R-sig	up	ENSG00000290717	ZNF658B	1	0	0
C4_UP	C4 R-sig	up	ENSG00000290746	CA5BP1	1	0	0
C4_DOWN	C4 R-sig	down	ENSG00000290796		0	0	0
C4_DOWN	C4 R-sig	down	ENSG00000290846		0	0	0
C4_UP	C4 R-sig	up	ENSG00000290871	GTF2IP1	1	0	0
C4_DOWN	C4 R-sig	down	ENSG00000290879		0	0	0
C4_DOWN	C4 R-sig	down	ENSG00000290948		0	0	0
C4_DOWN	C4 R-sig	down	ENSG00000290994		0	0	0
C4_UP	C4 R-sig	up	ENSG00000291080	ZNF252P	1	0	0
C4_UP	C4 R-sig	up	ENSG00000291093	SVIL-AS1	0	0	1
C4_DOWN	C4 R-sig	down	ENSG00000291185		0	0	0
C5_DOWN	C5 R-sig	down	ENSG00000001036	FUCA2	1	1	1
C5_UP	C5 R-sig	up	ENSG00000001630	CYP51A1	1	1	1
C5_DOWN	C5 R-sig	down	ENSG00000002746	HECW1	1	1	1
C5_UP	C5 R-sig	up	ENSG00000003056	M6PR	1	1	1
C5_UP	C5 R-sig	up	ENSG00000003393	ALS2	1	1	1
C5_DOWN	C5 R-sig	down	ENSG00000003436	TFPI	1	1	1
C5_DOWN	C5 R-sig	down	ENSG00000004399	PLXND1	1	1	1
C5_DOWN	C5 R-sig	down	ENSG00000004455	AK2	1	1	1
C5_DOWN	C5 R-sig	down	ENSG00000004487	KDM1A	1	1	1
C5_DOWN	C5 R-sig	down	ENSG00000004660	CAMKK1	1	1	1
C5_UP	C5 R-sig	up	ENSG00000004766	VPS50	0	0	1
C5_DOWN	C5 R-sig	down	ENSG00000004776	HSPB6	1	1	1
C5_DOWN	C5 R-sig	down	ENSG00000005022	SLC25A5	1	1	1
C5_DOWN	C5 R-sig	down	ENSG00000005448	WDR54	1	1	1
C5_UP	C5 R-sig	up	ENSG00000005469	CROT	1	1	1
C5_DOWN	C5 R-sig	down	ENSG00000005810	MYCBP2	1	1	1
C5_DOWN	C5 R-sig	down	ENSG00000005884	ITGA3	1	1	1
C5_UP	C5 R-sig	up	ENSG00000006007	GDE1	1	1	1
C5_DOWN	C5 R-sig	down	ENSG00000006125	AP2B1	1	1	1
C5_DOWN	C5 R-sig	down	ENSG00000006534	ALDH3B1	1	1	1
C5_DOWN	C5 R-sig	down	ENSG00000007202	BLTP2	0	0	0
C5_DOWN	C5 R-sig	down	ENSG00000008441	NFIX	1	1	1
C5_DOWN	C5 R-sig	down	ENSG00000008710	PKD1	1	1	1
C5_UP	C5 R-sig	up	ENSG00000009830	POMT2	1	1	1
C5_UP	C5 R-sig	up	ENSG00000010072	SPRTN	1	1	1
C5_UP	C5 R-sig	up	ENSG00000011198	ABHD5	1	1	1
C5_UP	C5 R-sig	up	ENSG00000011260	UTP18	1	1	1
C5_DOWN	C5 R-sig	down	ENSG00000011295	TTC19	1	1	1
C5_UP	C5 R-sig	up	ENSG00000011422	PLAUR	1	1	1
C5_UP	C5 R-sig	up	ENSG00000013441	CLK1	1	1	1
C5_DOWN	C5 R-sig	down	ENSG00000014824	SLC30A9	1	1	1
C5_DOWN	C5 R-sig	down	ENSG00000018625	ATP1A2	1	1	1
C5_DOWN	C5 R-sig	down	ENSG00000019549	SNAI2	1	1	1
C5_DOWN	C5 R-sig	down	ENSG00000019582	CD74	1	1	1
C5_UP	C5 R-sig	up	ENSG00000022277	RTF2	0	0	0
C5_UP	C5 R-sig	up	ENSG00000023572	GLRX2	1	1	1
C5_DOWN	C5 R-sig	down	ENSG00000023697	DERA	1	1	1
C5_UP	C5 R-sig	up	ENSG00000023902	PLEKHO1	1	1	1
C5_DOWN	C5 R-sig	down	ENSG00000025772	TOMM34	1	1	1
C5_DOWN	C5 R-sig	down	ENSG00000026025	VIM	1	1	1
C5_UP	C5 R-sig	up	ENSG00000026103	FAS	1	1	1
C5_DOWN	C5 R-sig	down	ENSG00000026559	KCNG1	1	1	1
C5_DOWN	C5 R-sig	down	ENSG00000029153	BMAL2	0	0	0
C5_UP	C5 R-sig	up	ENSG00000030582	GRN	1	1	1
C5_UP	C5 R-sig	up	ENSG00000031003	FAM13B	1	1	1
C5_UP	C5 R-sig	up	ENSG00000033170	FUT8	1	1	1
C5_UP	C5 R-sig	up	ENSG00000034152	MAP2K3	1	1	1
C5_UP	C5 R-sig	up	ENSG00000035403	VCL	1	1	1
C5_DOWN	C5 R-sig	down	ENSG00000035928	RFC1	1	1	1
C5_DOWN	C5 R-sig	down	ENSG00000038382	TRIO	1	1	1
C5_UP	C5 R-sig	up	ENSG00000038427	VCAN	1	1	1
C5_DOWN	C5 R-sig	down	ENSG00000039560	RAI14	1	1	1
C5_UP	C5 R-sig	up	ENSG00000040633	PHF23	1	1	1
C5_UP	C5 R-sig	up	ENSG00000041353	RAB27B	1	1	1
C5_UP	C5 R-sig	up	ENSG00000041802	LSG1	1	1	1
C5_DOWN	C5 R-sig	down	ENSG00000041982	TNC	1	1	1
C5_DOWN	C5 R-sig	down	ENSG00000042088	TDP1	1	1	1
C5_UP	C5 R-sig	up	ENSG00000042445	RETSAT	1	1	1
C5_DOWN	C5 R-sig	down	ENSG00000043514	TRIT1	1	1	1
C5_DOWN	C5 R-sig	down	ENSG00000044115	CTNNA1	1	1	1
C5_UP	C5 R-sig	up	ENSG00000047056	WDR37	1	1	1
C5_UP	C5 R-sig	up	ENSG00000047315	POLR2B	1	1	1
C5_DOWN	C5 R-sig	down	ENSG00000047849	MAP4	1	1	1
C5_DOWN	C5 R-sig	down	ENSG00000048707	VPS13D	1	1	1
C5_DOWN	C5 R-sig	down	ENSG00000048828	FAM120A	1	1	1
C5_UP	C5 R-sig	up	ENSG00000049130	KITLG	1	1	1
C5_DOWN	C5 R-sig	down	ENSG00000049239	H6PD	1	1	1
C5_DOWN	C5 R-sig	down	ENSG00000049249	TNFRSF9	1	1	1
C5_DOWN	C5 R-sig	down	ENSG00000049323	LTBP1	1	1	1
C5_UP	C5 R-sig	up	ENSG00000050405	LIMA1	1	1	1
C5_UP	C5 R-sig	up	ENSG00000050820	BCAR1	1	1	1
C5_UP	C5 R-sig	up	ENSG00000052749	RRP12	1	1	1
C5_UP	C5 R-sig	up	ENSG00000052802	MSMO1	1	1	1
C5_UP	C5 R-sig	up	ENSG00000052841	TTC17	1	1	1
C5_DOWN	C5 R-sig	down	ENSG00000053254	FOXN3	1	1	1
C5_DOWN	C5 R-sig	down	ENSG00000053371	AKR7A2	1	1	1
C5_DOWN	C5 R-sig	down	ENSG00000053747	LAMA3	1	1	1
C5_UP	C5 R-sig	up	ENSG00000053770	AP5M1	1	1	1
C5_UP	C5 R-sig	up	ENSG00000054116	TRAPPC3	1	1	1
C5_DOWN	C5 R-sig	down	ENSG00000054277	OPN3	1	1	1
C5_DOWN	C5 R-sig	down	ENSG00000054356	PTPRN	1	1	1
C5_DOWN	C5 R-sig	down	ENSG00000054654	SYNE2	1	1	1
C5_DOWN	C5 R-sig	down	ENSG00000054965	FAM168A	1	1	1
C5_UP	C5 R-sig	up	ENSG00000055044	NOP58	1	1	1
C5_UP	C5 R-sig	up	ENSG00000055483	USP36	1	1	1
C5_UP	C5 R-sig	up	ENSG00000056097	ZFR	1	1	1
C5_UP	C5 R-sig	up	ENSG00000057252	SOAT1	1	1	1
C5_UP	C5 R-sig	up	ENSG00000058262	SEC61A1	1	1	1
C5_DOWN	C5 R-sig	down	ENSG00000058668	ATP2B4	1	1	1
C5_DOWN	C5 R-sig	down	ENSG00000059145	UNKL	1	1	1
C5_UP	C5 R-sig	up	ENSG00000060339	CCAR1	1	1	1
C5_UP	C5 R-sig	up	ENSG00000060491	OGFR	1	1	1
C5_DOWN	C5 R-sig	down	ENSG00000060656	PTPRU	1	1	1
C5_DOWN	C5 R-sig	down	ENSG00000060982	BCAT1	1	1	1
C5_DOWN	C5 R-sig	down	ENSG00000061337	LZTS1	1	1	1
C5_DOWN	C5 R-sig	down	ENSG00000061676	NCKAP1	1	1	1
C5_UP	C5 R-sig	up	ENSG00000061936	SFSWAP	1	1	1
C5_DOWN	C5 R-sig	down	ENSG00000062822	POLD1	1	1	1
C5_DOWN	C5 R-sig	down	ENSG00000063601	MTMR1	1	1	1
C5_DOWN	C5 R-sig	down	ENSG00000063854	HAGH	1	1	1
C5_DOWN	C5 R-sig	down	ENSG00000064205	CCN5	0	0	0
C5_DOWN	C5 R-sig	down	ENSG00000064393	HIPK2	1	1	1
C5_UP	C5 R-sig	up	ENSG00000064601	CTSA	1	1	1
C5_UP	C5 R-sig	up	ENSG00000064666	CNN2	1	1	1
C5_DOWN	C5 R-sig	down	ENSG00000064961	HMG20B	1	1	1
C5_DOWN	C5 R-sig	down	ENSG00000065060	BLTP3A	0	0	0
C5_DOWN	C5 R-sig	down	ENSG00000065150	IPO5	1	1	1
C5_UP	C5 R-sig	up	ENSG00000065526	SPEN	1	1	1
C5_DOWN	C5 R-sig	down	ENSG00000065534	MYLK	1	1	1
C5_DOWN	C5 R-sig	down	ENSG00000065882	TBC1D1	1	1	1
C5_DOWN	C5 R-sig	down	ENSG00000065911	MTHFD2	1	1	1
C5_DOWN	C5 R-sig	down	ENSG00000065923	SLC9A7	1	1	1
C5_UP	C5 R-sig	up	ENSG00000065989	PDE4A	1	1	1
C5_DOWN	C5 R-sig	down	ENSG00000066279	ASPM	1	1	1
C5_UP	C5 R-sig	up	ENSG00000066422	ZBTB11	1	1	1
C5_DOWN	C5 R-sig	down	ENSG00000066926	FECH	1	1	1
C5_DOWN	C5 R-sig	down	ENSG00000066933	MYO9A	1	1	1
C5_DOWN	C5 R-sig	down	ENSG00000067057	PFKP	1	1	1
C5_UP	C5 R-sig	up	ENSG00000067064	IDI1	1	1	1
C5_DOWN	C5 R-sig	down	ENSG00000067704	IARS2	1	1	1
C5_DOWN	C5 R-sig	down	ENSG00000067992	PDK3	1	1	1
C5_DOWN	C5 R-sig	down	ENSG00000068438	FTSJ1	1	1	1
C5_DOWN	C5 R-sig	down	ENSG00000068784	SRBD1	1	1	1
C5_DOWN	C5 R-sig	down	ENSG00000068796	KIF2A	1	1	1
C5_DOWN	C5 R-sig	down	ENSG00000069275	NUCKS1	1	1	1
C5_DOWN	C5 R-sig	down	ENSG00000069424	KCNAB2	1	1	1
C5_UP	C5 R-sig	up	ENSG00000069849	ATP1B3	1	1	1
C5_DOWN	C5 R-sig	down	ENSG00000069869	NEDD4	1	1	1
C5_DOWN	C5 R-sig	down	ENSG00000069998	HDHD5	0	0	0
C5_DOWN	C5 R-sig	down	ENSG00000070371	CLTCL1	1	1	1
C5_UP	C5 R-sig	up	ENSG00000070614	NDST1	1	1	1
C5_DOWN	C5 R-sig	down	ENSG00000070669	ASNS	1	1	1
C5_UP	C5 R-sig	up	ENSG00000070961	ATP2B1	1	1	1
C5_UP	C5 R-sig	up	ENSG00000071054	MAP4K4	1	1	1
C5_DOWN	C5 R-sig	down	ENSG00000071242	RPS6KA2	1	1	1
C5_DOWN	C5 R-sig	down	ENSG00000071794	HLTF	1	1	1
C5_DOWN	C5 R-sig	down	ENSG00000072062	PRKACA	1	1	1
C5_DOWN	C5 R-sig	down	ENSG00000072310	SREBF1	1	1	1
C5_DOWN	C5 R-sig	down	ENSG00000072682	P4HA2	1	1	1
C5_UP	C5 R-sig	up	ENSG00000072736	NFATC3	1	1	1
C5_UP	C5 R-sig	up	ENSG00000072840	EVC	1	1	1
C5_DOWN	C5 R-sig	down	ENSG00000073712	FERMT2	1	1	1
C5_DOWN	C5 R-sig	down	ENSG00000073792	IGF2BP2	1	1	1
C5_DOWN	C5 R-sig	down	ENSG00000074047	GLI2	1	1	1
C5_DOWN	C5 R-sig	down	ENSG00000074181	NOTCH3	1	1	1
C5_DOWN	C5 R-sig	down	ENSG00000074410	CA12	1	1	1
C5_DOWN	C5 R-sig	down	ENSG00000074800	ENO1	1	1	1
C5_DOWN	C5 R-sig	down	ENSG00000074855	ANO8	1	1	1
C5_DOWN	C5 R-sig	down	ENSG00000075213	SEMA3A	1	1	1
C5_DOWN	C5 R-sig	down	ENSG00000075426	FOSL2	1	1	1
C5_DOWN	C5 R-sig	down	ENSG00000075539	FRYL	1	1	1
C5_DOWN	C5 R-sig	down	ENSG00000075624	ACTB	1	1	1
C5_DOWN	C5 R-sig	down	ENSG00000075702	WDR62	1	1	1
C5_UP	C5 R-sig	up	ENSG00000075785	RAB7A	1	1	1
C5_DOWN	C5 R-sig	down	ENSG00000076003	MCM6	1	1	1
C5_DOWN	C5 R-sig	down	ENSG00000076513	ANKRD13A	1	1	1
C5_DOWN	C5 R-sig	down	ENSG00000076770	MBNL3	1	1	1
C5_DOWN	C5 R-sig	down	ENSG00000077092	RARB	1	1	1
C5_DOWN	C5 R-sig	down	ENSG00000077097	TOP2B	1	1	1
C5_DOWN	C5 R-sig	down	ENSG00000077514	POLD3	1	1	1
C5_DOWN	C5 R-sig	down	ENSG00000078369	GNB1	1	1	1
C5_DOWN	C5 R-sig	down	ENSG00000079150	FKBP7	1	1	1
C5_UP	C5 R-sig	up	ENSG00000079263	SP140	1	1	1
C5_DOWN	C5 R-sig	down	ENSG00000079308	TNS1	1	1	1
C5_UP	C5 R-sig	up	ENSG00000079459	FDFT1	1	1	1
C5_DOWN	C5 R-sig	down	ENSG00000079739	PGM1	1	1	1
C5_DOWN	C5 R-sig	down	ENSG00000079805	DNM2	1	1	1
C5_DOWN	C5 R-sig	down	ENSG00000079931	MOXD1	1	1	1
C5_UP	C5 R-sig	up	ENSG00000080819	CPOX	1	1	1
C5_UP	C5 R-sig	up	ENSG00000080824	HSP90AA1	1	1	1
C5_DOWN	C5 R-sig	down	ENSG00000081041	CXCL2	1	1	1
C5_DOWN	C5 R-sig	down	ENSG00000082153	BZW1	1	1	1
C5_UP	C5 R-sig	up	ENSG00000083223	TUT7	0	0	0
C5_DOWN	C5 R-sig	down	ENSG00000083444	PLOD1	1	1	1
C5_UP	C5 R-sig	up	ENSG00000083828	ZNF586	1	1	1
C5_UP	C5 R-sig	up	ENSG00000083896	YTHDC1	1	1	1
C5_DOWN	C5 R-sig	down	ENSG00000084070	SMAP2	1	1	1
C5_UP	C5 R-sig	up	ENSG00000084073	ZMPSTE24	1	1	1
C5_DOWN	C5 R-sig	down	ENSG00000084112	SSH1	1	1	1
C5_UP	C5 R-sig	up	ENSG00000084652	TXLNA	1	1	1
C5_DOWN	C5 R-sig	down	ENSG00000084693	AGBL5	1	1	1
C5_UP	C5 R-sig	up	ENSG00000084733	RAB10	1	1	1
C5_DOWN	C5 R-sig	down	ENSG00000084754	HADHA	1	1	1
C5_UP	C5 R-sig	up	ENSG00000085063	CD59	1	1	1
C5_UP	C5 R-sig	up	ENSG00000085733	CTTN	1	1	1
C5_DOWN	C5 R-sig	down	ENSG00000085788	DDHD2	1	1	1
C5_UP	C5 R-sig	up	ENSG00000085872	CHERP	1	1	1
C5_UP	C5 R-sig	up	ENSG00000085978	ATG16L1	1	1	1
C5_UP	C5 R-sig	up	ENSG00000086061	DNAJA1	1	1	1
C5_DOWN	C5 R-sig	down	ENSG00000086062	B4GALT1	1	1	1
C5_DOWN	C5 R-sig	down	ENSG00000086758	HUWE1	1	1	1
C5_DOWN	C5 R-sig	down	ENSG00000087008	ACOX3	1	1	1
C5_UP	C5 R-sig	up	ENSG00000087074	PPP1R15A	1	1	1
C5_UP	C5 R-sig	up	ENSG00000087086	FTL	1	1	1
C5_DOWN	C5 R-sig	down	ENSG00000087245	MMP2	1	1	1
C5_DOWN	C5 R-sig	down	ENSG00000087266	SH3BP2	1	1	1
C5_UP	C5 R-sig	up	ENSG00000087303	NID2	1	1	1
C5_DOWN	C5 R-sig	down	ENSG00000088179	PTPN4	1	1	1
C5_DOWN	C5 R-sig	down	ENSG00000088538	DOCK3	1	1	1
C5_UP	C5 R-sig	up	ENSG00000088832	FKBP1A	1	1	1
C5_UP	C5 R-sig	up	ENSG00000088986	DYNLL1	1	1	1
C5_DOWN	C5 R-sig	down	ENSG00000089009	RPL6	1	1	1
C5_DOWN	C5 R-sig	down	ENSG00000089053	ANAPC5	1	1	1
C5_UP	C5 R-sig	up	ENSG00000089248	ERP29	1	1	1
C5_DOWN	C5 R-sig	down	ENSG00000089597	GANAB	1	1	1
C5_DOWN	C5 R-sig	down	ENSG00000090006	LTBP4	1	1	1
C5_DOWN	C5 R-sig	down	ENSG00000090339	ICAM1	1	1	1
C5_UP	C5 R-sig	up	ENSG00000090432	MUL1	1	1	1
C5_DOWN	C5 R-sig	down	ENSG00000090861	AARS1	0	0	0
C5_DOWN	C5 R-sig	down	ENSG00000090863	GLG1	1	1	1
C5_UP	C5 R-sig	up	ENSG00000091164	TXNL1	1	1	1
C5_DOWN	C5 R-sig	down	ENSG00000091436	MAP3K20	0	0	0
C5_UP	C5 R-sig	up	ENSG00000091527	CDV3	1	1	1
C5_DOWN	C5 R-sig	down	ENSG00000091542	ALKBH5	1	1	1
C5_DOWN	C5 R-sig	down	ENSG00000091879	ANGPT2	1	1	1
C5_DOWN	C5 R-sig	down	ENSG00000091986	CCDC80	1	1	1
C5_DOWN	C5 R-sig	down	ENSG00000092020	PPP2R3C	1	1	1
C5_UP	C5 R-sig	up	ENSG00000092068	SLC7A8	1	1	1
C5_UP	C5 R-sig	up	ENSG00000092439	TRPM7	1	1	1
C5_DOWN	C5 R-sig	down	ENSG00000092470	WDR76	1	1	1
C5_DOWN	C5 R-sig	down	ENSG00000092621	PHGDH	1	1	1
C5_UP	C5 R-sig	up	ENSG00000093000	NUP50	1	1	1
C5_DOWN	C5 R-sig	down	ENSG00000093009	CDC45	1	1	1
C5_DOWN	C5 R-sig	down	ENSG00000094804	CDC6	1	1	1
C5_DOWN	C5 R-sig	down	ENSG00000094916	CBX5	1	1	1
C5_DOWN	C5 R-sig	down	ENSG00000095002	MSH2	1	1	1
C5_UP	C5 R-sig	up	ENSG00000095015	MAP3K1	1	1	1
C5_UP	C5 R-sig	up	ENSG00000095139	ARCN1	1	1	1
C5_DOWN	C5 R-sig	down	ENSG00000095574	IKZF5	1	1	1
C5_UP	C5 R-sig	up	ENSG00000095752	IL11	1	1	1
C5_DOWN	C5 R-sig	down	ENSG00000096063	SRPK1	1	1	1
C5_UP	C5 R-sig	up	ENSG00000096070	BRPF3	1	1	1
C5_UP	C5 R-sig	up	ENSG00000096384	HSP90AB1	1	1	1
C5_DOWN	C5 R-sig	down	ENSG00000096433	ITPR3	1	1	1
C5_UP	C5 R-sig	up	ENSG00000096717	SIRT1	1	1	1
C5_DOWN	C5 R-sig	down	ENSG00000097007	ABL1	1	1	1
C5_UP	C5 R-sig	up	ENSG00000099194	SCD	1	1	1
C5_UP	C5 R-sig	up	ENSG00000099250	NRP1	1	1	1
C5_DOWN	C5 R-sig	down	ENSG00000099260	PALMD	1	1	1
C5_UP	C5 R-sig	up	ENSG00000099290	WASHC2A	0	0	0
C5_UP	C5 R-sig	up	ENSG00000099381	SETD1A	1	1	1
C5_UP	C5 R-sig	up	ENSG00000099804	CDC34	1	1	1
C5_DOWN	C5 R-sig	down	ENSG00000099917	MED15	1	1	1
C5_UP	C5 R-sig	up	ENSG00000099940	SNAP29	1	1	1
C5_UP	C5 R-sig	up	ENSG00000099968	BCL2L13	1	1	1
C5_DOWN	C5 R-sig	down	ENSG00000099991	CABIN1	1	1	1
C5_UP	C5 R-sig	up	ENSG00000100058	CRYBB2P1	1	0	0
C5_DOWN	C5 R-sig	down	ENSG00000100097	LGALS1	1	1	1
C5_DOWN	C5 R-sig	down	ENSG00000100101		0	0	0
C5_UP	C5 R-sig	up	ENSG00000100142	POLR2F	1	1	1
C5_UP	C5 R-sig	up	ENSG00000100201	DDX17	1	1	1
C5_UP	C5 R-sig	up	ENSG00000100225	FBXO7	1	1	1
C5_DOWN	C5 R-sig	down	ENSG00000100239	PPP6R2	1	1	1
C5_DOWN	C5 R-sig	down	ENSG00000100242	SUN2	1	1	1
C5_DOWN	C5 R-sig	down	ENSG00000100243	CYB5R3	1	1	1
C5_DOWN	C5 R-sig	down	ENSG00000100258	LMF2	1	1	1
C5_UP	C5 R-sig	up	ENSG00000100266	PACSIN2	1	1	1
C5_DOWN	C5 R-sig	down	ENSG00000100297	MCM5	1	1	1
C5_DOWN	C5 R-sig	down	ENSG00000100316	RPL3	1	1	1
C5_DOWN	C5 R-sig	down	ENSG00000100320	RBFOX2	1	1	1
C5_UP	C5 R-sig	up	ENSG00000100380	ST13	1	1	1
C5_DOWN	C5 R-sig	down	ENSG00000100403	ZC3H7B	1	1	1
C5_DOWN	C5 R-sig	down	ENSG00000100412	ACO2	1	1	1
C5_UP	C5 R-sig	up	ENSG00000100413	POLR3H	1	1	1
C5_UP	C5 R-sig	up	ENSG00000100416	TRMU	1	1	1
C5_DOWN	C5 R-sig	down	ENSG00000100504	PYGL	1	1	1
C5_DOWN	C5 R-sig	down	ENSG00000100505	TRIM9	1	1	1
C5_UP	C5 R-sig	up	ENSG00000100583	SAMD15	1	1	1
C5_UP	C5 R-sig	up	ENSG00000100591	AHSA1	1	1	1
C5_UP	C5 R-sig	up	ENSG00000100612	DHRS7	1	1	1
C5_DOWN	C5 R-sig	down	ENSG00000100644	HIF1A	1	1	1
C5_UP	C5 R-sig	up	ENSG00000100664	EIF5	1	1	1
C5_DOWN	C5 R-sig	down	ENSG00000100697	DICER1	1	1	1
C5_DOWN	C5 R-sig	down	ENSG00000100714	MTHFD1	1	1	1
C5_UP	C5 R-sig	up	ENSG00000100796	PPP4R3A	0	0	1
C5_UP	C5 R-sig	up	ENSG00000100823	APEX1	1	1	1
C5_UP	C5 R-sig	up	ENSG00000100836	PABPN1	1	1	1
C5_UP	C5 R-sig	up	ENSG00000100852	ARHGAP5	1	1	1
C5_DOWN	C5 R-sig	down	ENSG00000100865	CINP	1	1	1
C5_DOWN	C5 R-sig	down	ENSG00000100889	PCK2	1	1	1
C5_UP	C5 R-sig	up	ENSG00000100941	PNN	1	1	1
C5_DOWN	C5 R-sig	down	ENSG00000100968	NFATC4	1	1	1
C5_DOWN	C5 R-sig	down	ENSG00000100979	PLTP	1	1	1
C5_DOWN	C5 R-sig	down	ENSG00000100994	PYGB	1	1	1
C5_DOWN	C5 R-sig	down	ENSG00000101057	MYBL2	1	1	1
C5_UP	C5 R-sig	up	ENSG00000101084	RAB5IF	0	0	0
C5_UP	C5 R-sig	up	ENSG00000101146	RAE1	1	1	1
C5_DOWN	C5 R-sig	down	ENSG00000101346	POFUT1	1	1	1
C5_UP	C5 R-sig	up	ENSG00000101347	SAMHD1	1	1	1
C5_DOWN	C5 R-sig	down	ENSG00000101400	SNTA1	1	1	1
C5_DOWN	C5 R-sig	down	ENSG00000101412	E2F1	1	1	1
C5_DOWN	C5 R-sig	down	ENSG00000101444	AHCY	1	1	1
C5_UP	C5 R-sig	up	ENSG00000101680	LAMA1	1	1	1
C5_DOWN	C5 R-sig	down	ENSG00000101751	POLI	1	1	1
C5_DOWN	C5 R-sig	down	ENSG00000101752	MIB1	1	1	1
C5_DOWN	C5 R-sig	down	ENSG00000101782	RIOK3	1	1	1
C5_DOWN	C5 R-sig	down	ENSG00000101849	TBL1X	1	1	1
C5_DOWN	C5 R-sig	down	ENSG00000101868	POLA1	1	1	1
C5_UP	C5 R-sig	up	ENSG00000101871	MID1	1	1	1
C5_DOWN	C5 R-sig	down	ENSG00000101911	PRPS2	1	1	1
C5_DOWN	C5 R-sig	down	ENSG00000101938	CHRDL1	1	1	1
C5_DOWN	C5 R-sig	down	ENSG00000101974	ATP11C	1	1	1
C5_DOWN	C5 R-sig	down	ENSG00000102038	SMARCA1	1	1	1
C5_DOWN	C5 R-sig	down	ENSG00000102144	PGK1	1	1	1
C5_DOWN	C5 R-sig	down	ENSG00000102172	SMS	1	1	1
C5_DOWN	C5 R-sig	down	ENSG00000102174	PHEX	1	1	1
C5_DOWN	C5 R-sig	down	ENSG00000102181	CD99L2	1	1	1
C5_DOWN	C5 R-sig	down	ENSG00000102317	RBM3	1	1	1
C5_DOWN	C5 R-sig	down	ENSG00000102359	SRPX2	1	1	1
C5_UP	C5 R-sig	up	ENSG00000102393	GLA	1	1	1
C5_DOWN	C5 R-sig	down	ENSG00000102452	NALCN	1	1	1
C5_UP	C5 R-sig	up	ENSG00000102580	DNAJC3	1	1	1
C5_DOWN	C5 R-sig	down	ENSG00000102780	DGKH	1	1	1
C5_UP	C5 R-sig	up	ENSG00000102804	TSC22D1	1	1	1
C5_DOWN	C5 R-sig	down	ENSG00000102882	MAPK3	1	1	1
C5_DOWN	C5 R-sig	down	ENSG00000102893	PHKB	1	1	1
C5_UP	C5 R-sig	up	ENSG00000102898	NUTF2	1	1	1
C5_UP	C5 R-sig	up	ENSG00000102908	NFAT5	1	1	1
C5_DOWN	C5 R-sig	down	ENSG00000102910	LONP2	1	1	1
C5_UP	C5 R-sig	up	ENSG00000102974	CTCF	1	1	1
C5_UP	C5 R-sig	up	ENSG00000103018	CYB5B	1	1	1
C5_UP	C5 R-sig	up	ENSG00000103042	SLC38A7	1	1	1
C5_DOWN	C5 R-sig	down	ENSG00000103202	NME4	1	1	1
C5_DOWN	C5 R-sig	down	ENSG00000103222	ABCC1	1	1	1
C5_UP	C5 R-sig	up	ENSG00000103248	MTHFSD	1	1	1
C5_DOWN	C5 R-sig	down	ENSG00000103257	SLC7A5	1	1	1
C5_DOWN	C5 R-sig	down	ENSG00000103335	PIEZO1	1	1	1
C5_UP	C5 R-sig	up	ENSG00000103342	GSPT1	1	1	1
C5_UP	C5 R-sig	up	ENSG00000103429	BFAR	1	1	1
C5_DOWN	C5 R-sig	down	ENSG00000103494	RPGRIP1L	1	1	1
C5_DOWN	C5 R-sig	down	ENSG00000103507	BCKDK	1	1	1
C5_UP	C5 R-sig	up	ENSG00000103549	RNF40	1	1	1
C5_UP	C5 R-sig	up	ENSG00000103653	CSK	1	1	1
C5_DOWN	C5 R-sig	down	ENSG00000103657	HERC1	1	1	1
C5_UP	C5 R-sig	up	ENSG00000103855	CD276	1	1	1
C5_UP	C5 R-sig	up	ENSG00000103888	CEMIP	0	0	1
C5_DOWN	C5 R-sig	down	ENSG00000103942	HOMER2	1	1	1
C5_UP	C5 R-sig	up	ENSG00000104131	EIF3J	1	1	1
C5_DOWN	C5 R-sig	down	ENSG00000104331	BPNT2	0	0	0
C5_DOWN	C5 R-sig	down	ENSG00000104375	STK3	1	1	1
C5_DOWN	C5 R-sig	down	ENSG00000104415	CCN4	0	0	0
C5_DOWN	C5 R-sig	down	ENSG00000104419	NDRG1	1	1	1
C5_DOWN	C5 R-sig	down	ENSG00000104517	UBR5	1	1	1
C5_UP	C5 R-sig	up	ENSG00000104549	SQLE	1	1	1
C5_DOWN	C5 R-sig	down	ENSG00000104626	ERI1	1	1	1
C5_UP	C5 R-sig	up	ENSG00000104635	SLC39A14	1	1	1
C5_UP	C5 R-sig	up	ENSG00000104691	UBXN8	1	0	1
C5_DOWN	C5 R-sig	down	ENSG00000104738	MCM4	1	1	1
C5_DOWN	C5 R-sig	down	ENSG00000104756	KCTD9	1	1	1
C5_DOWN	C5 R-sig	down	ENSG00000104765	BNIP3L	1	1	1
C5_UP	C5 R-sig	up	ENSG00000104783	KCNN4	1	1	1
C5_DOWN	C5 R-sig	down	ENSG00000104812	GYS1	1	1	1
C5_DOWN	C5 R-sig	down	ENSG00000104824	HNRNPL	1	1	1
C5_DOWN	C5 R-sig	down	ENSG00000104884	ERCC2	1	1	1
C5_DOWN	C5 R-sig	down	ENSG00000104889	RNASEH2A	1	1	1
C5_DOWN	C5 R-sig	down	ENSG00000104964	TLE5	0	0	0
C5_DOWN	C5 R-sig	down	ENSG00000105011	ASF1B	1	1	1
C5_UP	C5 R-sig	up	ENSG00000105058	FAM32A	1	1	1
C5_UP	C5 R-sig	up	ENSG00000105127	AKAP8	1	1	1
C5_DOWN	C5 R-sig	down	ENSG00000105220	GPI	1	1	1
C5_DOWN	C5 R-sig	down	ENSG00000105245	NUMBL	1	1	1
C5_DOWN	C5 R-sig	down	ENSG00000105246	EBI3	1	1	1
C5_DOWN	C5 R-sig	down	ENSG00000105281	SLC1A5	1	1	1
C5_UP	C5 R-sig	up	ENSG00000105298	CACTIN	1	1	1
C5_UP	C5 R-sig	up	ENSG00000105355	PLIN3	1	1	1
C5_UP	C5 R-sig	up	ENSG00000105372	RPS19	1	1	1
C5_DOWN	C5 R-sig	down	ENSG00000105373	NOP53	0	0	0
C5_UP	C5 R-sig	up	ENSG00000105401	CDC37	1	1	1
C5_DOWN	C5 R-sig	down	ENSG00000105426	PTPRS	1	1	1
C5_DOWN	C5 R-sig	down	ENSG00000105429	MEGF8	1	1	1
C5_UP	C5 R-sig	up	ENSG00000105497	ZNF175	1	1	1
C5_DOWN	C5 R-sig	down	ENSG00000105520	PLPPR2	0	0	1
C5_UP	C5 R-sig	up	ENSG00000105705	SUGP1	1	1	1
C5_UP	C5 R-sig	up	ENSG00000105722	ERF	1	1	1
C5_UP	C5 R-sig	up	ENSG00000105732	ZNF574	1	1	1
C5_UP	C5 R-sig	up	ENSG00000105821	DNAJC2	1	1	1
C5_UP	C5 R-sig	up	ENSG00000105825	TFPI2	1	1	1
C5_DOWN	C5 R-sig	down	ENSG00000105835	NAMPT	1	1	1
C5_UP	C5 R-sig	up	ENSG00000105855	ITGB8	1	1	1
C5_UP	C5 R-sig	up	ENSG00000105939	ZC3HAV1	1	1	1
C5_DOWN	C5 R-sig	down	ENSG00000105953	OGDH	1	1	1
C5_DOWN	C5 R-sig	down	ENSG00000105976	MET	1	1	1
C5_UP	C5 R-sig	up	ENSG00000105993	DNAJB6	1	1	1
C5_DOWN	C5 R-sig	down	ENSG00000106034	CPED1	1	1	1
C5_DOWN	C5 R-sig	down	ENSG00000106049	HIBADH	1	1	1
C5_DOWN	C5 R-sig	down	ENSG00000106105	GARS1	0	0	0
C5_UP	C5 R-sig	up	ENSG00000106211	HSPB1	1	1	1
C5_UP	C5 R-sig	up	ENSG00000106244	PDAP1	1	1	1
C5_DOWN	C5 R-sig	down	ENSG00000106290	TAF6	1	1	1
C5_UP	C5 R-sig	up	ENSG00000106299	WASL	1	1	1
C5_DOWN	C5 R-sig	down	ENSG00000106348	IMPDH1	1	1	1
C5_DOWN	C5 R-sig	down	ENSG00000106462	EZH2	1	1	1
C5_DOWN	C5 R-sig	down	ENSG00000106484	MEST	1	1	1
C5_DOWN	C5 R-sig	down	ENSG00000106628	POLD2	1	1	1
C5_DOWN	C5 R-sig	down	ENSG00000106771	TMEM245	1	1	1
C5_DOWN	C5 R-sig	down	ENSG00000106772	PRUNE2	1	1	1
C5_DOWN	C5 R-sig	down	ENSG00000106789	CORO2A	1	1	1
C5_DOWN	C5 R-sig	down	ENSG00000106829	TLE4	1	1	1
C5_UP	C5 R-sig	up	ENSG00000106852	LHX6	1	1	1
C5_DOWN	C5 R-sig	down	ENSG00000106853	PTGR1	1	1	1
C5_DOWN	C5 R-sig	down	ENSG00000106868	SUSD1	1	1	1
C5_DOWN	C5 R-sig	down	ENSG00000106948	AKNA	1	1	1
C5_UP	C5 R-sig	up	ENSG00000106993	CDC37L1	1	1	1
C5_DOWN	C5 R-sig	down	ENSG00000107159	CA9	1	1	1
C5_UP	C5 R-sig	up	ENSG00000107372	ZFAND5	1	1	1
C5_UP	C5 R-sig	up	ENSG00000107554	DNMBP	1	1	1
C5_UP	C5 R-sig	up	ENSG00000107581	EIF3A	1	1	1
C5_DOWN	C5 R-sig	down	ENSG00000107625	DDX50	1	1	1
C5_DOWN	C5 R-sig	down	ENSG00000107672	NSMCE4A	1	1	1
C5_DOWN	C5 R-sig	down	ENSG00000107731	UNC5B	1	1	1
C5_DOWN	C5 R-sig	down	ENSG00000107796	ACTA2	1	1	1
C5_UP	C5 R-sig	up	ENSG00000107815	TWNK	0	0	0
C5_DOWN	C5 R-sig	down	ENSG00000107862	GBF1	1	1	1
C5_UP	C5 R-sig	up	ENSG00000107951	MTPAP	1	1	1
C5_DOWN	C5 R-sig	down	ENSG00000107957	SH3PXD2A	1	1	1
C5_DOWN	C5 R-sig	down	ENSG00000107959	PITRM1	1	1	1
C5_DOWN	C5 R-sig	down	ENSG00000108039	XPNPEP1	1	1	1
C5_DOWN	C5 R-sig	down	ENSG00000108055	SMC3	1	1	1
C5_UP	C5 R-sig	up	ENSG00000108091	CCDC6	1	1	1
C5_UP	C5 R-sig	up	ENSG00000108106	UBE2S	1	1	1
C5_UP	C5 R-sig	up	ENSG00000108179	PPIF	1	1	1
C5_UP	C5 R-sig	up	ENSG00000108256	NUFIP2	1	1	1
C5_UP	C5 R-sig	up	ENSG00000108342	CSF3	1	1	1
C5_DOWN	C5 R-sig	down	ENSG00000108389	MTMR4	1	1	1
C5_DOWN	C5 R-sig	down	ENSG00000108469	RECQL5	1	1	1
C5_DOWN	C5 R-sig	down	ENSG00000108509	CAMTA2	1	1	1
C5_UP	C5 R-sig	up	ENSG00000108510	MED13	1	1	1
C5_UP	C5 R-sig	up	ENSG00000108523	RNF167	1	1	1
C5_DOWN	C5 R-sig	down	ENSG00000108582	CPD	1	1	1
C5_UP	C5 R-sig	up	ENSG00000108654	DDX5	1	1	1
C5_UP	C5 R-sig	up	ENSG00000108773	KAT2A	1	1	1
C5_UP	C5 R-sig	up	ENSG00000108819	PPP1R9B	1	1	1
C5_DOWN	C5 R-sig	down	ENSG00000108821	COL1A1	1	1	1
C5_UP	C5 R-sig	up	ENSG00000108848	LUC7L3	1	1	1
C5_DOWN	C5 R-sig	down	ENSG00000108852	MPP2	1	1	1
C5_DOWN	C5 R-sig	down	ENSG00000108924	HLF	1	1	1
C5_UP	C5 R-sig	up	ENSG00000109084	TMEM97	1	1	1
C5_UP	C5 R-sig	up	ENSG00000109099	PMP22	1	1	1
C5_DOWN	C5 R-sig	down	ENSG00000109107	ALDOC	1	1	1
C5_UP	C5 R-sig	up	ENSG00000109606	DHX15	1	1	1
C5_DOWN	C5 R-sig	down	ENSG00000109685	NSD2	0	0	0
C5_DOWN	C5 R-sig	down	ENSG00000109756	RAPGEF2	1	1	1
C5_UP	C5 R-sig	up	ENSG00000109794	FAM149A	1	1	1
C5_UP	C5 R-sig	up	ENSG00000109819	PPARGC1A	1	1	1
C5_DOWN	C5 R-sig	down	ENSG00000109846	CRYAB	1	1	1
C5_UP	C5 R-sig	up	ENSG00000109919	MTCH2	1	1	1
C5_UP	C5 R-sig	up	ENSG00000109971	HSPA8	1	1	1
C5_UP	C5 R-sig	up	ENSG00000110047	EHD1	1	1	1
C5_UP	C5 R-sig	up	ENSG00000110048	OSBP	1	1	1
C5_DOWN	C5 R-sig	down	ENSG00000110063	DCPS	1	1	1
C5_DOWN	C5 R-sig	down	ENSG00000110076	NRXN2	1	1	1
C5_UP	C5 R-sig	up	ENSG00000110092	CCND1	1	1	1
C5_DOWN	C5 R-sig	down	ENSG00000110237	ARHGEF17	1	1	1
C5_DOWN	C5 R-sig	down	ENSG00000110315	RNF141	1	1	1
C5_DOWN	C5 R-sig	down	ENSG00000110321	EIF4G2	1	1	1
C5_DOWN	C5 R-sig	down	ENSG00000110328	GALNT18	1	1	1
C5_DOWN	C5 R-sig	down	ENSG00000110427	KIAA1549L	1	1	1
C5_DOWN	C5 R-sig	down	ENSG00000110619	CARS1	0	0	0
C5_DOWN	C5 R-sig	down	ENSG00000110651	CD81	1	1	1
C5_UP	C5 R-sig	up	ENSG00000110713	NUP98	1	1	1
C5_UP	C5 R-sig	up	ENSG00000110768	GTF2H1	1	1	1
C5_DOWN	C5 R-sig	down	ENSG00000110880	CORO1C	1	1	1
C5_DOWN	C5 R-sig	down	ENSG00000110931	CAMKK2	1	1	1
C5_UP	C5 R-sig	up	ENSG00000111110	PPM1H	1	1	1
C5_DOWN	C5 R-sig	down	ENSG00000111271	ACAD10	1	1	1
C5_UP	C5 R-sig	up	ENSG00000111305	GSG1	1	1	1
C5_UP	C5 R-sig	up	ENSG00000111335	OAS2	1	1	1
C5_DOWN	C5 R-sig	down	ENSG00000111358	GTF2H3	1	1	1
C5_UP	C5 R-sig	up	ENSG00000111412	SPRING1	0	0	0
C5_DOWN	C5 R-sig	down	ENSG00000111450	STX2	1	1	1
C5_UP	C5 R-sig	up	ENSG00000111641	NOP2	1	1	1
C5_DOWN	C5 R-sig	down	ENSG00000111665	CDCA3	1	1	1
C5_DOWN	C5 R-sig	down	ENSG00000111667	USP5	1	1	1
C5_DOWN	C5 R-sig	down	ENSG00000111669	TPI1	1	1	1
C5_DOWN	C5 R-sig	down	ENSG00000111674	ENO2	1	1	1
C5_DOWN	C5 R-sig	down	ENSG00000111716	LDHB	1	1	1
C5_DOWN	C5 R-sig	down	ENSG00000111728	ST8SIA1	1	1	1
C5_UP	C5 R-sig	up	ENSG00000111817	DSE	1	1	1
C5_DOWN	C5 R-sig	down	ENSG00000111879	FAM184A	1	1	1
C5_UP	C5 R-sig	up	ENSG00000111961	SASH1	1	1	1
C5_DOWN	C5 R-sig	down	ENSG00000112029	FBXO5	1	1	1
C5_DOWN	C5 R-sig	down	ENSG00000112118	MCM3	1	1	1
C5_DOWN	C5 R-sig	down	ENSG00000112144	CILK1	0	0	0
C5_UP	C5 R-sig	up	ENSG00000112200	ZNF451	1	1	1
C5_UP	C5 R-sig	up	ENSG00000112208	BAG2	1	1	1
C5_DOWN	C5 R-sig	down	ENSG00000112297	CRYBG1	0	0	0
C5_DOWN	C5 R-sig	down	ENSG00000112308	C6orf62	1	1	1
C5_UP	C5 R-sig	up	ENSG00000112335	SNX3	1	1	1
C5_UP	C5 R-sig	up	ENSG00000112343	TRIM38	1	1	1
C5_DOWN	C5 R-sig	down	ENSG00000112379	ARFGEF3	0	0	1
C5_UP	C5 R-sig	up	ENSG00000112511	PHF1	1	1	1
C5_UP	C5 R-sig	up	ENSG00000112658	SRF	1	1	1
C5_DOWN	C5 R-sig	down	ENSG00000112715	VEGFA	1	1	1
C5_DOWN	C5 R-sig	down	ENSG00000112902	SEMA5A	1	1	1
C5_UP	C5 R-sig	up	ENSG00000112972	HMGCS1	1	1	1
C5_DOWN	C5 R-sig	down	ENSG00000113083	LOX	1	1	1
C5_UP	C5 R-sig	up	ENSG00000113161	HMGCR	1	1	1
C5_UP	C5 R-sig	up	ENSG00000113194	FAF2	1	1	1
C5_UP	C5 R-sig	up	ENSG00000113240	CLK4	1	1	1
C5_UP	C5 R-sig	up	ENSG00000113263	ITK	1	1	1
C5_UP	C5 R-sig	up	ENSG00000113282	CLINT1	1	1	1
C5_UP	C5 R-sig	up	ENSG00000113312	TTC1	1	1	1
C5_DOWN	C5 R-sig	down	ENSG00000113369	ARRDC3	1	1	1
C5_DOWN	C5 R-sig	down	ENSG00000113389	NPR3	1	1	1
C5_DOWN	C5 R-sig	down	ENSG00000113391	ARB2A	0	0	0
C5_UP	C5 R-sig	up	ENSG00000113460	BRIX1	1	1	1
C5_UP	C5 R-sig	up	ENSG00000113552	GNPDA1	1	1	1
C5_DOWN	C5 R-sig	down	ENSG00000113569	NUP155	1	1	1
C5_DOWN	C5 R-sig	down	ENSG00000113719	ERGIC1	1	1	1
C5_DOWN	C5 R-sig	down	ENSG00000113721	PDGFRB	1	1	1
C5_UP	C5 R-sig	up	ENSG00000113732	ATP6V0E1	1	1	1
C5_UP	C5 R-sig	up	ENSG00000113742	CPEB4	1	1	1
C5_DOWN	C5 R-sig	down	ENSG00000114023	FAM162A	1	1	1
C5_UP	C5 R-sig	up	ENSG00000114030	KPNA1	1	1	1
C5_DOWN	C5 R-sig	down	ENSG00000114120	SLC25A36	1	1	1
C5_DOWN	C5 R-sig	down	ENSG00000114268	PFKFB4	1	1	1
C5_DOWN	C5 R-sig	down	ENSG00000114353	GNAI2	1	1	1
C5_DOWN	C5 R-sig	down	ENSG00000114450	GNB4	1	1	1
C5_DOWN	C5 R-sig	down	ENSG00000114480	GBE1	1	1	1
C5_DOWN	C5 R-sig	down	ENSG00000114554	PLXNA1	1	1	1
C5_UP	C5 R-sig	up	ENSG00000114770	ABCC5	1	1	1
C5_UP	C5 R-sig	up	ENSG00000115053	NCL	1	1	1
C5_UP	C5 R-sig	up	ENSG00000115183	TANC1	1	1	1
C5_UP	C5 R-sig	up	ENSG00000115211	EIF2B4	1	1	1
C5_UP	C5 R-sig	up	ENSG00000115307	AUP1	1	1	1
C5_DOWN	C5 R-sig	down	ENSG00000115318	LOXL3	1	1	1
C5_DOWN	C5 R-sig	down	ENSG00000115355	CCDC88A	1	1	1
C5_UP	C5 R-sig	up	ENSG00000115363	EVA1A	1	1	1
C5_DOWN	C5 R-sig	down	ENSG00000115365	LANCL1	1	1	1
C5_DOWN	C5 R-sig	down	ENSG00000115414	FN1	1	1	1
C5_DOWN	C5 R-sig	down	ENSG00000115464	USP34	1	1	1
C5_UP	C5 R-sig	up	ENSG00000115514	TXNDC9	1	1	1
C5_UP	C5 R-sig	up	ENSG00000115524	SF3B1	1	1	1
C5_UP	C5 R-sig	up	ENSG00000115539	PDCL3	1	1	1
C5_UP	C5 R-sig	up	ENSG00000115652	UXS1	1	1	1
C5_DOWN	C5 R-sig	down	ENSG00000115657	ABCB6	1	1	1
C5_DOWN	C5 R-sig	down	ENSG00000115760	BIRC6	1	1	1
C5_UP	C5 R-sig	up	ENSG00000115816	CEBPZ	1	1	1
C5_DOWN	C5 R-sig	down	ENSG00000115866	DARS1	0	0	0
C5_DOWN	C5 R-sig	down	ENSG00000115902	SLC1A4	1	1	1
C5_UP	C5 R-sig	up	ENSG00000115947	ORC4	1	1	1
C5_UP	C5 R-sig	up	ENSG00000115963	RND3	1	1	1
C5_UP	C5 R-sig	up	ENSG00000116030	SUMO1	1	1	1
C5_DOWN	C5 R-sig	down	ENSG00000116120	FARSB	1	1	1
C5_UP	C5 R-sig	up	ENSG00000116133	DHCR24	1	1	1
C5_UP	C5 R-sig	up	ENSG00000116161	CACYBP	1	1	1
C5_DOWN	C5 R-sig	down	ENSG00000116183	PAPPA2	1	1	1
C5_DOWN	C5 R-sig	down	ENSG00000116199	FAM20B	1	1	1
C5_DOWN	C5 R-sig	down	ENSG00000116212	LRRC42	1	1	1
C5_UP	C5 R-sig	up	ENSG00000116251	RPL22	1	1	1
C5_DOWN	C5 R-sig	down	ENSG00000116285	ERRFI1	1	1	1
C5_DOWN	C5 R-sig	down	ENSG00000116353	MECR	1	1	1
C5_UP	C5 R-sig	up	ENSG00000116455	WDR77	1	1	1
C5_UP	C5 R-sig	up	ENSG00000116560	SFPQ	1	1	1
C5_DOWN	C5 R-sig	down	ENSG00000116641	DOCK7	1	1	1
C5_DOWN	C5 R-sig	down	ENSG00000116678	LEPR	1	1	1
C5_UP	C5 R-sig	up	ENSG00000116729	WLS	1	1	1
C5_UP	C5 R-sig	up	ENSG00000116741	RGS2	1	1	1
C5_DOWN	C5 R-sig	down	ENSG00000116761	CTH	1	1	1
C5_DOWN	C5 R-sig	down	ENSG00000116852	KIF21B	1	1	1
C5_DOWN	C5 R-sig	down	ENSG00000116857	TMEM9	1	1	1
C5_UP	C5 R-sig	up	ENSG00000116871	MAP7D1	1	1	1
C5_UP	C5 R-sig	up	ENSG00000116954	RRAGC	1	1	1
C5_DOWN	C5 R-sig	down	ENSG00000116984	MTR	1	1	1
C5_UP	C5 R-sig	up	ENSG00000116991	SIPA1L2	1	1	1
C5_DOWN	C5 R-sig	down	ENSG00000117016	RIMS3	1	1	1
C5_DOWN	C5 R-sig	down	ENSG00000117153	KLHL12	1	1	1
C5_DOWN	C5 R-sig	down	ENSG00000117298	ECE1	1	1	1
C5_DOWN	C5 R-sig	down	ENSG00000117308	GALE	1	1	1
C5_DOWN	C5 R-sig	down	ENSG00000117318	ID3	1	1	1
C5_DOWN	C5 R-sig	down	ENSG00000117394	SLC2A1	1	1	1
C5_DOWN	C5 R-sig	down	ENSG00000117407	ARTN	1	1	1
C5_UP	C5 R-sig	up	ENSG00000117410	ATP6V0B	1	1	1
C5_UP	C5 R-sig	up	ENSG00000117523	PRRC2C	1	1	1
C5_UP	C5 R-sig	up	ENSG00000117597	UTP25	0	0	0
C5_UP	C5 R-sig	up	ENSG00000117616	RSRP1	0	0	1
C5_DOWN	C5 R-sig	down	ENSG00000117632	STMN1	1	1	1
C5_UP	C5 R-sig	up	ENSG00000117877	POLR1G	0	0	0
C5_UP	C5 R-sig	up	ENSG00000117984	CTSD	1	1	1
C5_DOWN	C5 R-sig	down	ENSG00000118197	DDX59	1	1	1
C5_DOWN	C5 R-sig	down	ENSG00000118217	ATF6	1	1	1
C5_UP	C5 R-sig	up	ENSG00000118242	MREG	1	1	1
C5_DOWN	C5 R-sig	down	ENSG00000118263	KLF7	1	1	1
C5_UP	C5 R-sig	up	ENSG00000118523	CCN2	0	0	0
C5_UP	C5 R-sig	up	ENSG00000118785	SPP1	1	1	1
C5_UP	C5 R-sig	up	ENSG00000118855	MFSD1	1	1	1
C5_UP	C5 R-sig	up	ENSG00000118900	UBN1	1	1	1
C5_DOWN	C5 R-sig	down	ENSG00000118922	KLF12	1	1	1
C5_UP	C5 R-sig	up	ENSG00000118946	PCDH17	1	1	1
C5_UP	C5 R-sig	up	ENSG00000119013	NDUFB3	1	1	1
C5_DOWN	C5 R-sig	down	ENSG00000119326	CTNNAL1	1	1	1
C5_UP	C5 R-sig	up	ENSG00000119335	SET	1	1	1
C5_DOWN	C5 R-sig	down	ENSG00000119408	NEK6	1	1	1
C5_DOWN	C5 R-sig	down	ENSG00000119471	HSDL2	1	1	1
C5_DOWN	C5 R-sig	down	ENSG00000119487	MAPKAP1	1	1	1
C5_UP	C5 R-sig	up	ENSG00000119508	NR4A3	1	1	1
C5_DOWN	C5 R-sig	down	ENSG00000119522	DENND1A	1	1	1
C5_DOWN	C5 R-sig	down	ENSG00000119661	DNAL1	1	1	1
C5_UP	C5 R-sig	up	ENSG00000119669	IRF2BPL	1	1	1
C5_DOWN	C5 R-sig	down	ENSG00000119681	LTBP2	1	1	1
C5_DOWN	C5 R-sig	down	ENSG00000119684	MLH3	1	1	1
C5_UP	C5 R-sig	up	ENSG00000119707	RBM25	1	1	1
C5_UP	C5 R-sig	up	ENSG00000119812	FAM98A	1	1	1
C5_DOWN	C5 R-sig	down	ENSG00000119938	PPP1R3C	1	1	1
C5_DOWN	C5 R-sig	down	ENSG00000119943	PYROXD2	1	1	1
C5_DOWN	C5 R-sig	down	ENSG00000119950	MXI1	1	1	1
C5_DOWN	C5 R-sig	down	ENSG00000119969	HELLS	1	1	1
C5_DOWN	C5 R-sig	down	ENSG00000120156	TEK	1	1	1
C5_DOWN	C5 R-sig	down	ENSG00000120254	MTHFD1L	1	1	1
C5_DOWN	C5 R-sig	down	ENSG00000120328	PCDHB12	1	1	1
C5_UP	C5 R-sig	up	ENSG00000120549	KIAA1217	1	1	1
C5_DOWN	C5 R-sig	down	ENSG00000120693	SMAD9	1	1	1
C5_UP	C5 R-sig	up	ENSG00000120694	HSPH1	1	1	1
C5_DOWN	C5 R-sig	down	ENSG00000120699	EXOSC8	1	1	1
C5_UP	C5 R-sig	up	ENSG00000120705	ETF1	1	1	1
C5_DOWN	C5 R-sig	down	ENSG00000120708	TGFBI	1	1	1
C5_UP	C5 R-sig	up	ENSG00000120742	SERP1	1	1	1
C5_UP	C5 R-sig	up	ENSG00000120875	DUSP4	1	1	1
C5_UP	C5 R-sig	up	ENSG00000120885	CLU	1	1	1
C5_DOWN	C5 R-sig	down	ENSG00000120896	SORBS3	1	1	1
C5_UP	C5 R-sig	up	ENSG00000120942	UBIAD1	1	1	1
C5_UP	C5 R-sig	up	ENSG00000121039	RDH10	1	1	1
C5_UP	C5 R-sig	up	ENSG00000121390	PSPC1	1	1	1
C5_UP	C5 R-sig	up	ENSG00000121486	TRMT1L	1	1	1
C5_DOWN	C5 R-sig	down	ENSG00000121671	CRY2	1	1	1
C5_DOWN	C5 R-sig	down	ENSG00000121691	CAT	1	1	1
C5_DOWN	C5 R-sig	down	ENSG00000121774	KHDRBS1	1	1	1
C5_DOWN	C5 R-sig	down	ENSG00000122034	GTF3A	1	1	1
C5_DOWN	C5 R-sig	down	ENSG00000122126	OCRL	1	1	1
C5_DOWN	C5 R-sig	down	ENSG00000122367	LDB3	1	1	1
C5_UP	C5 R-sig	up	ENSG00000122378	PRXL2A	0	0	0
C5_DOWN	C5 R-sig	down	ENSG00000122406	RPL5	1	1	1
C5_UP	C5 R-sig	up	ENSG00000122482	ZNF644	1	1	1
C5_UP	C5 R-sig	up	ENSG00000122591	HYCC1	0	0	0
C5_DOWN	C5 R-sig	down	ENSG00000122642	FKBP9	1	1	1
C5_UP	C5 R-sig	up	ENSG00000122705	CLTA	1	1	1
C5_UP	C5 R-sig	up	ENSG00000122778	KIAA1549	1	1	1
C5_UP	C5 R-sig	up	ENSG00000122861	PLAU	1	1	1
C5_DOWN	C5 R-sig	down	ENSG00000122870	BICC1	1	1	1
C5_DOWN	C5 R-sig	down	ENSG00000122877	EGR2	1	1	1
C5_DOWN	C5 R-sig	down	ENSG00000122884	P4HA1	1	1	1
C5_DOWN	C5 R-sig	down	ENSG00000122966	CIT	1	1	1
C5_DOWN	C5 R-sig	down	ENSG00000122971	ACADS	1	1	1
C5_DOWN	C5 R-sig	down	ENSG00000123095	BHLHE41	1	1	1
C5_DOWN	C5 R-sig	down	ENSG00000123096	SSPN	1	1	1
C5_DOWN	C5 R-sig	down	ENSG00000123143	PKN1	1	1	1
C5_UP	C5 R-sig	up	ENSG00000123146	ADGRE5	0	0	1
C5_DOWN	C5 R-sig	down	ENSG00000123213	NLN	1	1	1
C5_UP	C5 R-sig	up	ENSG00000123358	NR4A1	1	1	1
C5_DOWN	C5 R-sig	down	ENSG00000123374	CDK2	1	1	1
C5_DOWN	C5 R-sig	down	ENSG00000123384	LRP1	1	1	1
C5_DOWN	C5 R-sig	down	ENSG00000123416	TUBA1B	1	1	1
C5_DOWN	C5 R-sig	down	ENSG00000123472	ATPAF1	1	1	1
C5_UP	C5 R-sig	up	ENSG00000123505	AMD1	1	1	1
C5_UP	C5 R-sig	up	ENSG00000123545	NDUFAF4	1	1	1
C5_UP	C5 R-sig	up	ENSG00000123562	MORF4L2	1	1	1
C5_UP	C5 R-sig	up	ENSG00000123595	RAB9A	1	1	1
C5_UP	C5 R-sig	up	ENSG00000123700	KCNJ2	1	1	1
C5_DOWN	C5 R-sig	down	ENSG00000123737	EXOSC9	1	1	1
C5_UP	C5 R-sig	up	ENSG00000123975	CKS2	1	1	1
C5_UP	C5 R-sig	up	ENSG00000123983	ACSL3	1	1	1
C5_DOWN	C5 R-sig	down	ENSG00000124120	TTPAL	1	1	1
C5_UP	C5 R-sig	up	ENSG00000124151	NCOA3	1	1	1
C5_UP	C5 R-sig	up	ENSG00000124164	VAPB	1	1	1
C5_DOWN	C5 R-sig	down	ENSG00000124181	PLCG1	1	1	1
C5_DOWN	C5 R-sig	down	ENSG00000124191	TOX2	1	1	1
C5_UP	C5 R-sig	up	ENSG00000124198	ARFGEF2	1	1	1
C5_UP	C5 R-sig	up	ENSG00000124201	ZNFX1	1	1	1
C5_DOWN	C5 R-sig	down	ENSG00000124222	STX16	1	1	1
C5_UP	C5 R-sig	up	ENSG00000124225	PMEPA1	1	1	1
C5_UP	C5 R-sig	up	ENSG00000124226	RNF114	1	1	1
C5_UP	C5 R-sig	up	ENSG00000124228	DDX27	1	1	1
C5_UP	C5 R-sig	up	ENSG00000124357	NAGK	1	1	1
C5_DOWN	C5 R-sig	down	ENSG00000124486	USP9X	1	1	1
C5_DOWN	C5 R-sig	down	ENSG00000124570	SERPINB6	1	1	1
C5_DOWN	C5 R-sig	down	ENSG00000124575	H1-3	0	0	0
C5_DOWN	C5 R-sig	down	ENSG00000124610	H1-1	0	0	0
C5_DOWN	C5 R-sig	down	ENSG00000124635	H2BC11	0	0	0
C5_UP	C5 R-sig	up	ENSG00000124762	CDKN1A	1	1	1
C5_UP	C5 R-sig	up	ENSG00000124766	SOX4	1	1	1
C5_UP	C5 R-sig	up	ENSG00000124783	SSR1	1	1	1
C5_DOWN	C5 R-sig	down	ENSG00000124785	NRN1	1	1	1
C5_DOWN	C5 R-sig	down	ENSG00000124942	AHNAK	1	1	1
C5_UP	C5 R-sig	up	ENSG00000125037	EMC3	1	1	1
C5_DOWN	C5 R-sig	down	ENSG00000125107	CNOT1	1	1	1
C5_DOWN	C5 R-sig	down	ENSG00000125124	BBS2	1	1	1
C5_DOWN	C5 R-sig	down	ENSG00000125148	MT2A	1	1	1
C5_DOWN	C5 R-sig	down	ENSG00000125247	TMTC4	1	1	1
C5_DOWN	C5 R-sig	down	ENSG00000125249	RAP2A	1	1	1
C5_DOWN	C5 R-sig	down	ENSG00000125257	ABCC4	1	1	1
C5_UP	C5 R-sig	up	ENSG00000125266	EFNB2	1	1	1
C5_UP	C5 R-sig	up	ENSG00000125347	IRF1	1	1	1
C5_DOWN	C5 R-sig	down	ENSG00000125534	PPDPF	1	1	1
C5_DOWN	C5 R-sig	down	ENSG00000125629	INSIG2	1	1	1
C5_UP	C5 R-sig	up	ENSG00000125650	PSPN	1	1	1
C5_UP	C5 R-sig	up	ENSG00000125651	GTF2F1	1	1	1
C5_UP	C5 R-sig	up	ENSG00000125657	TNFSF9	1	1	1
C5_UP	C5 R-sig	up	ENSG00000125952	MAX	1	1	1
C5_DOWN	C5 R-sig	down	ENSG00000125954	CHURC1-FNTB	1	1	1
C5_DOWN	C5 R-sig	down	ENSG00000125968	ID1	1	1	1
C5_UP	C5 R-sig	up	ENSG00000126217	MCF2L	1	1	1
C5_DOWN	C5 R-sig	down	ENSG00000126261	UBA2	1	1	1
C5_UP	C5 R-sig	up	ENSG00000126267	COX6B1	1	1	1
C5_DOWN	C5 R-sig	down	ENSG00000126457	PRMT1	1	1	1
C5_DOWN	C5 R-sig	down	ENSG00000126602	TRAP1	1	1	1
C5_DOWN	C5 R-sig	down	ENSG00000126803	HSPA2	1	1	1
C5_UP	C5 R-sig	up	ENSG00000126804	ZBTB1	1	1	1
C5_UP	C5 R-sig	up	ENSG00000126903	SLC10A3	1	1	1
C5_UP	C5 R-sig	up	ENSG00000126947	ARMCX1	1	1	1
C5_UP	C5 R-sig	up	ENSG00000127022	CANX	1	1	1
C5_UP	C5 R-sig	up	ENSG00000127334	DYRK2	1	1	1
C5_DOWN	C5 R-sig	down	ENSG00000127418	FGFRL1	1	1	1
C5_DOWN	C5 R-sig	down	ENSG00000127564	PKMYT1	1	1	1
C5_DOWN	C5 R-sig	down	ENSG00000127663	KDM4B	1	1	1
C5_UP	C5 R-sig	up	ENSG00000127774	EMC6	1	1	1
C5_UP	C5 R-sig	up	ENSG00000127920	GNG11	1	1	1
C5_UP	C5 R-sig	up	ENSG00000127948	POR	1	1	1
C5_UP	C5 R-sig	up	ENSG00000127989	MTERF1	0	0	1
C5_DOWN	C5 R-sig	down	ENSG00000128050	PAICS	1	1	1
C5_UP	C5 R-sig	up	ENSG00000128052	KDR	1	1	1
C5_DOWN	C5 R-sig	down	ENSG00000128185	DGCR6L	1	1	1
C5_DOWN	C5 R-sig	down	ENSG00000128272	ATF4	1	1	1
C5_DOWN	C5 R-sig	down	ENSG00000128283	CDC42EP1	1	1	1
C5_UP	C5 R-sig	up	ENSG00000128340	RAC2	1	1	1
C5_DOWN	C5 R-sig	down	ENSG00000128510	CPA4	1	1	1
C5_UP	C5 R-sig	up	ENSG00000128524	ATP6V1F	1	1	1
C5_DOWN	C5 R-sig	down	ENSG00000128567	PODXL	1	1	1
C5_DOWN	C5 R-sig	down	ENSG00000128573	FOXP2	1	1	1
C5_UP	C5 R-sig	up	ENSG00000128590	DNAJB9	1	1	1
C5_DOWN	C5 R-sig	down	ENSG00000128609	NDUFA5	1	1	1
C5_DOWN	C5 R-sig	down	ENSG00000128731	HERC2	1	1	1
C5_DOWN	C5 R-sig	down	ENSG00000128829	EIF2AK4	1	1	1
C5_UP	C5 R-sig	up	ENSG00000128944	KNSTRN	1	1	1
C5_UP	C5 R-sig	up	ENSG00000128989	ARPP19	1	1	1
C5_DOWN	C5 R-sig	down	ENSG00000129038	LOXL1	1	1	1
C5_DOWN	C5 R-sig	down	ENSG00000129116	PALLD	1	1	1
C5_DOWN	C5 R-sig	down	ENSG00000129226	CD68	1	1	1
C5_UP	C5 R-sig	up	ENSG00000129315	CCNT1	1	1	1
C5_UP	C5 R-sig	up	ENSG00000129347	KRI1	1	1	1
C5_UP	C5 R-sig	up	ENSG00000129460	NGDN	1	1	1
C5_DOWN	C5 R-sig	down	ENSG00000129691	ASH2L	1	1	1
C5_UP	C5 R-sig	up	ENSG00000130164	LDLR	1	1	1
C5_UP	C5 R-sig	up	ENSG00000130175	PRKCSH	1	1	1
C5_UP	C5 R-sig	up	ENSG00000130254	SAFB2	1	1	1
C5_DOWN	C5 R-sig	down	ENSG00000130414	NDUFA10	1	1	1
C5_UP	C5 R-sig	up	ENSG00000130449	ZSWIM6	1	1	1
C5_DOWN	C5 R-sig	down	ENSG00000130529	TRPM4	1	1	1
C5_DOWN	C5 R-sig	down	ENSG00000130635	COL5A1	1	1	1
C5_DOWN	C5 R-sig	down	ENSG00000130638	ATXN10	1	1	1
C5_DOWN	C5 R-sig	down	ENSG00000130640	TUBGCP2	1	1	1
C5_UP	C5 R-sig	up	ENSG00000130749	ZC3H4	1	1	1
C5_DOWN	C5 R-sig	down	ENSG00000130766	SESN2	1	1	1
C5_DOWN	C5 R-sig	down	ENSG00000130821	SLC6A8	1	1	1
C5_UP	C5 R-sig	up	ENSG00000130939	UBE4B	1	1	1
C5_UP	C5 R-sig	up	ENSG00000130962	PRRG1	1	1	1
C5_UP	C5 R-sig	up	ENSG00000131051	RBM39	1	1	1
C5_DOWN	C5 R-sig	down	ENSG00000131089	ARHGEF9	1	1	1
C5_UP	C5 R-sig	up	ENSG00000131100	ATP6V1E1	1	1	1
C5_DOWN	C5 R-sig	down	ENSG00000131323	TRAF3	1	1	1
C5_UP	C5 R-sig	up	ENSG00000131370	SH3BP5	1	1	1
C5_DOWN	C5 R-sig	down	ENSG00000131374	TBC1D5	1	1	1
C5_DOWN	C5 R-sig	down	ENSG00000131386	GALNT15	1	1	1
C5_DOWN	C5 R-sig	down	ENSG00000131389	SLC6A6	1	1	1
C5_UP	C5 R-sig	up	ENSG00000131459	GFPT2	1	1	1
C5_DOWN	C5 R-sig	down	ENSG00000131558	EXOC4	1	1	1
C5_DOWN	C5 R-sig	down	ENSG00000131747	TOP2A	1	1	1
C5_DOWN	C5 R-sig	down	ENSG00000131788	PIAS3	1	1	1
C5_DOWN	C5 R-sig	down	ENSG00000131876	SNRPA1	1	1	1
C5_DOWN	C5 R-sig	down	ENSG00000131899	LLGL1	1	1	1
C5_UP	C5 R-sig	up	ENSG00000132002	DNAJB1	1	1	1
C5_DOWN	C5 R-sig	down	ENSG00000132170	PPARG	1	1	1
C5_UP	C5 R-sig	up	ENSG00000132196	HSD17B7	1	1	1
C5_UP	C5 R-sig	up	ENSG00000132274	TRIM22	1	1	1
C5_DOWN	C5 R-sig	down	ENSG00000132326	PER2	1	1	1
C5_UP	C5 R-sig	up	ENSG00000132357	CARD6	1	1	1
C5_UP	C5 R-sig	up	ENSG00000132467	UTP3	1	1	1
C5_UP	C5 R-sig	up	ENSG00000132471	WBP2	1	1	1
C5_UP	C5 R-sig	up	ENSG00000132522	GPS2	1	1	1
C5_DOWN	C5 R-sig	down	ENSG00000132670	PTPRA	1	1	1
C5_UP	C5 R-sig	up	ENSG00000132718	SYT11	1	1	1
C5_UP	C5 R-sig	up	ENSG00000132823	OSER1	0	1	1
C5_DOWN	C5 R-sig	down	ENSG00000132953	XPO4	1	1	1
C5_UP	C5 R-sig	up	ENSG00000133104	SPART	0	0	0
C5_DOWN	C5 R-sig	down	ENSG00000133243	BTBD2	1	1	1
C5_UP	C5 R-sig	up	ENSG00000133665	DYDC2	1	1	1
C5_DOWN	C5 R-sig	down	ENSG00000133706	LARS1	0	0	0
C5_UP	C5 R-sig	up	ENSG00000133789	SWAP70	1	1	1
C5_UP	C5 R-sig	up	ENSG00000133872	SARAF	0	0	1
C5_UP	C5 R-sig	up	ENSG00000133895	MEN1	1	1	1
C5_UP	C5 R-sig	up	ENSG00000133935	ERG28	0	0	0
C5_UP	C5 R-sig	up	ENSG00000133961	NUMB	1	1	1
C5_UP	C5 R-sig	up	ENSG00000133997	MED6	1	1	1
C5_DOWN	C5 R-sig	down	ENSG00000134013	LOXL2	1	1	1
C5_UP	C5 R-sig	up	ENSG00000134049	IER3IP1	1	1	1
C5_UP	C5 R-sig	up	ENSG00000134057	CCNB1	1	1	1
C5_UP	C5 R-sig	up	ENSG00000134108	ARL8B	1	1	1
C5_DOWN	C5 R-sig	down	ENSG00000134138	MEIS2	1	1	1
C5_UP	C5 R-sig	up	ENSG00000134153	EMC7	1	1	1
C5_UP	C5 R-sig	up	ENSG00000134186	PRPF38B	1	1	1
C5_DOWN	C5 R-sig	down	ENSG00000134247	PTGFRN	1	1	1
C5_DOWN	C5 R-sig	down	ENSG00000134308	YWHAQ	1	1	1
C5_UP	C5 R-sig	up	ENSG00000134313	KIDINS220	1	1	1
C5_UP	C5 R-sig	up	ENSG00000134324	LPIN1	1	1	1
C5_DOWN	C5 R-sig	down	ENSG00000134333	LDHA	1	1	1
C5_UP	C5 R-sig	up	ENSG00000134352	IL6ST	1	1	1
C5_DOWN	C5 R-sig	down	ENSG00000134369	NAV1	1	1	1
C5_DOWN	C5 R-sig	down	ENSG00000134516	DOCK2	1	1	1
C5_DOWN	C5 R-sig	down	ENSG00000134590	RTL8C	0	0	0
C5_DOWN	C5 R-sig	down	ENSG00000134684	YARS1	0	0	0
C5_UP	C5 R-sig	up	ENSG00000134884	ARGLU1	1	1	1
C5_DOWN	C5 R-sig	down	ENSG00000134954	ETS1	1	1	1
C5_DOWN	C5 R-sig	down	ENSG00000134996	OSTF1	1	1	1
C5_UP	C5 R-sig	up	ENSG00000135046	ANXA1	1	1	1
C5_UP	C5 R-sig	up	ENSG00000135047	CTSL	0	1	1
C5_UP	C5 R-sig	up	ENSG00000135052	GOLM1	1	1	1
C5_DOWN	C5 R-sig	down	ENSG00000135069	PSAT1	1	1	1
C5_DOWN	C5 R-sig	down	ENSG00000135245	HILPDA	1	1	1
C5_DOWN	C5 R-sig	down	ENSG00000135452	TSPAN31	1	1	1
C5_UP	C5 R-sig	up	ENSG00000135535	CD164	1	1	1
C5_DOWN	C5 R-sig	down	ENSG00000135624	CCT7	1	1	1
C5_UP	C5 R-sig	up	ENSG00000135679	MDM2	1	1	1
C5_DOWN	C5 R-sig	down	ENSG00000135686	KLHL36	1	1	1
C5_DOWN	C5 R-sig	down	ENSG00000135766	EGLN1	1	1	1
C5_UP	C5 R-sig	up	ENSG00000135829	DHX9	1	1	1
C5_DOWN	C5 R-sig	down	ENSG00000135842	NIBAN1	0	0	0
C5_DOWN	C5 R-sig	down	ENSG00000135862	LAMC1	1	1	1
C5_DOWN	C5 R-sig	down	ENSG00000135905	DOCK10	1	1	1
C5_UP	C5 R-sig	up	ENSG00000135924	DNAJB2	1	1	1
C5_UP	C5 R-sig	up	ENSG00000135956	TMEM127	1	1	1
C5_UP	C5 R-sig	up	ENSG00000135968	GCC2	1	1	1
C5_UP	C5 R-sig	up	ENSG00000136003	ISCU	1	1	1
C5_DOWN	C5 R-sig	down	ENSG00000136010	ALDH1L2	1	1	1
C5_DOWN	C5 R-sig	down	ENSG00000136068	FLNB	1	1	1
C5_UP	C5 R-sig	up	ENSG00000136108	CKAP2	1	1	1
C5_DOWN	C5 R-sig	down	ENSG00000136231	IGF2BP3	1	1	1
C5_DOWN	C5 R-sig	down	ENSG00000136378	ADAMTS7	1	1	1
C5_UP	C5 R-sig	up	ENSG00000136379	ABHD17C	0	1	1
C5_UP	C5 R-sig	up	ENSG00000136450	SRSF1	1	1	1
C5_UP	C5 R-sig	up	ENSG00000136478	TEX2	1	1	1
C5_UP	C5 R-sig	up	ENSG00000136603	SKIL	1	1	1
C5_DOWN	C5 R-sig	down	ENSG00000136628	EPRS1	0	0	0
C5_UP	C5 R-sig	up	ENSG00000136689	IL1RN	1	1	1
C5_UP	C5 R-sig	up	ENSG00000136802	LRRC8A	1	1	1
C5_DOWN	C5 R-sig	down	ENSG00000136813	ECPAS	0	0	0
C5_DOWN	C5 R-sig	down	ENSG00000136824	SMC2	1	1	1
C5_UP	C5 R-sig	up	ENSG00000136888	ATP6V1G1	1	1	1
C5_DOWN	C5 R-sig	down	ENSG00000136960	ENPP2	1	1	1
C5_UP	C5 R-sig	up	ENSG00000136999	CCN3	0	0	0
C5_DOWN	C5 R-sig	down	ENSG00000137076	TLN1	1	1	1
C5_DOWN	C5 R-sig	down	ENSG00000137166	FOXP4	1	1	1
C5_DOWN	C5 R-sig	down	ENSG00000137309	HMGA1	1	1	1
C5_DOWN	C5 R-sig	down	ENSG00000137310	TCF19	1	1	1
C5_UP	C5 R-sig	up	ENSG00000137494	ANKRD42	1	1	1
C5_UP	C5 R-sig	up	ENSG00000137575	SDCBP	1	1	1
C5_DOWN	C5 R-sig	down	ENSG00000137764	MAP2K5	1	1	1
C5_DOWN	C5 R-sig	down	ENSG00000137770	CTDSPL2	1	1	1
C5_DOWN	C5 R-sig	down	ENSG00000137801	THBS1	1	1	1
C5_DOWN	C5 R-sig	down	ENSG00000137809	ITGA11	1	1	1
C5_DOWN	C5 R-sig	down	ENSG00000137831	UACA	1	1	1
C5_DOWN	C5 R-sig	down	ENSG00000137834	SMAD6	1	1	1
C5_UP	C5 R-sig	up	ENSG00000137955	RABGGTB	1	1	1
C5_DOWN	C5 R-sig	down	ENSG00000138002	IFT172	1	1	1
C5_DOWN	C5 R-sig	down	ENSG00000138071	ACTR2	1	1	1
C5_DOWN	C5 R-sig	down	ENSG00000138085	ATRAID	1	1	1
C5_DOWN	C5 R-sig	down	ENSG00000138119	MYOF	1	1	1
C5_UP	C5 R-sig	up	ENSG00000138166	DUSP5	1	1	1
C5_DOWN	C5 R-sig	down	ENSG00000138182	KIF20B	1	1	1
C5_DOWN	C5 R-sig	down	ENSG00000138356	AOX1	1	1	1
C5_UP	C5 R-sig	up	ENSG00000138398	PPIG	1	1	1
C5_UP	C5 R-sig	up	ENSG00000138413	IDH1	1	1	1
C5_UP	C5 R-sig	up	ENSG00000138434	ITPRID2	0	0	0
C5_DOWN	C5 R-sig	down	ENSG00000138443	ABI2	1	1	1
C5_UP	C5 R-sig	up	ENSG00000138459	SLC35A5	1	1	1
C5_UP	C5 R-sig	up	ENSG00000138678	GPAT3	0	0	1
C5_DOWN	C5 R-sig	down	ENSG00000138764	CCNG2	1	1	1
C5_UP	C5 R-sig	up	ENSG00000138835	RGS3	1	1	1
C5_DOWN	C5 R-sig	down	ENSG00000139173	TMEM117	1	1	1
C5_DOWN	C5 R-sig	down	ENSG00000139209	SLC38A4	1	1	1
C5_UP	C5 R-sig	up	ENSG00000139233	LLPH	1	1	1
C5_UP	C5 R-sig	up	ENSG00000139289	PHLDA1	1	1	1
C5_DOWN	C5 R-sig	down	ENSG00000139433	GLTP	1	1	1
C5_DOWN	C5 R-sig	down	ENSG00000139514	SLC7A1	1	1	1
C5_DOWN	C5 R-sig	down	ENSG00000139613	SMARCC2	1	1	1
C5_DOWN	C5 R-sig	down	ENSG00000139734	DIAPH3	1	1	1
C5_UP	C5 R-sig	up	ENSG00000139746	RBM26	1	1	1
C5_DOWN	C5 R-sig	down	ENSG00000139842	CUL4A	1	1	1
C5_DOWN	C5 R-sig	down	ENSG00000139926	FRMD6	1	1	1
C5_UP	C5 R-sig	up	ENSG00000139977	NAA30	1	1	1
C5_DOWN	C5 R-sig	down	ENSG00000140105	WARS1	0	0	0
C5_UP	C5 R-sig	up	ENSG00000140259	MFAP1	1	1	1
C5_UP	C5 R-sig	up	ENSG00000140264	SERF2	1	1	1
C5_UP	C5 R-sig	up	ENSG00000140323	DISP2	1	1	1
C5_UP	C5 R-sig	up	ENSG00000140367	UBE2Q2	1	1	1
C5_DOWN	C5 R-sig	down	ENSG00000140374	ETFA	1	1	1
C5_DOWN	C5 R-sig	down	ENSG00000140450	ARRDC4	1	1	1
C5_DOWN	C5 R-sig	down	ENSG00000140525	FANCI	1	1	1
C5_DOWN	C5 R-sig	down	ENSG00000140534	TICRR	1	1	1
C5_DOWN	C5 R-sig	down	ENSG00000140563	MCTP2	1	1	1
C5_DOWN	C5 R-sig	down	ENSG00000140682	TGFB1I1	1	1	1
C5_DOWN	C5 R-sig	down	ENSG00000140688	RUSF1	0	0	0
C5_DOWN	C5 R-sig	down	ENSG00000140718	FTO	1	1	1
C5_DOWN	C5 R-sig	down	ENSG00000140740	UQCRC2	1	1	1
C5_UP	C5 R-sig	up	ENSG00000140829	DHX38	1	1	1
C5_DOWN	C5 R-sig	down	ENSG00000140835	CHST4	1	1	1
C5_DOWN	C5 R-sig	down	ENSG00000140939	NOL3	1	1	1
C5_UP	C5 R-sig	up	ENSG00000140941	MAP1LC3B	1	1	1
C5_DOWN	C5 R-sig	down	ENSG00000140945	CDH13	1	1	1
C5_UP	C5 R-sig	up	ENSG00000140948	ZCCHC14	1	1	1
C5_UP	C5 R-sig	up	ENSG00000141219	MTNAP1	0	0	0
C5_UP	C5 R-sig	up	ENSG00000141232	TOB1	1	1	1
C5_DOWN	C5 R-sig	down	ENSG00000141252	VPS53	1	1	1
C5_DOWN	C5 R-sig	down	ENSG00000141258	SGSM2	1	1	1
C5_DOWN	C5 R-sig	down	ENSG00000141295	SCRN2	1	1	1
C5_DOWN	C5 R-sig	down	ENSG00000141376	BCAS3	1	1	1
C5_UP	C5 R-sig	up	ENSG00000141378	PTRH2	1	1	1
C5_UP	C5 R-sig	up	ENSG00000141452	RMC1	0	0	0
C5_UP	C5 R-sig	up	ENSG00000141458	NPC1	1	1	1
C5_DOWN	C5 R-sig	down	ENSG00000141510	TP53	1	1	1
C5_DOWN	C5 R-sig	down	ENSG00000141526	SLC16A3	1	1	1
C5_DOWN	C5 R-sig	down	ENSG00000141556	TBCD	1	1	1
C5_DOWN	C5 R-sig	down	ENSG00000141627	DYM	1	1	1
C5_DOWN	C5 R-sig	down	ENSG00000141905	NFIC	1	1	1
C5_DOWN	C5 R-sig	down	ENSG00000141959	PFKL	1	1	1
C5_UP	C5 R-sig	up	ENSG00000141965	FEM1A	1	1	1
C5_UP	C5 R-sig	up	ENSG00000142039	CCDC97	1	1	1
C5_DOWN	C5 R-sig	down	ENSG00000142156	COL6A1	1	1	1
C5_DOWN	C5 R-sig	down	ENSG00000142173	COL6A2	1	1	1
C5_DOWN	C5 R-sig	down	ENSG00000142208	AKT1	1	1	1
C5_DOWN	C5 R-sig	down	ENSG00000142327	RNPEPL1	1	1	1
C5_UP	C5 R-sig	up	ENSG00000142396	ERVK3-1	0	0	1
C5_DOWN	C5 R-sig	down	ENSG00000142453	CARM1	1	1	1
C5_DOWN	C5 R-sig	down	ENSG00000142459	EVI5L	1	1	1
C5_DOWN	C5 R-sig	down	ENSG00000142507	PSMB6	1	1	1
C5_UP	C5 R-sig	up	ENSG00000142544	CTU1	1	1	1
C5_UP	C5 R-sig	up	ENSG00000142634	EFHD2	1	1	1
C5_DOWN	C5 R-sig	down	ENSG00000142698	C1orf94	1	1	1
C5_DOWN	C5 R-sig	down	ENSG00000142733	MAP3K6	1	1	1
C5_DOWN	C5 R-sig	down	ENSG00000142798	HSPG2	1	1	1
C5_DOWN	C5 R-sig	down	ENSG00000142937	RPS8	1	1	1
C5_UP	C5 R-sig	up	ENSG00000143157	POGK	1	1	1
C5_UP	C5 R-sig	up	ENSG00000143183	TMCO1	1	1	1
C5_UP	C5 R-sig	up	ENSG00000143294	PRCC	1	1	1
C5_DOWN	C5 R-sig	down	ENSG00000143320	CRABP2	1	1	1
C5_UP	C5 R-sig	up	ENSG00000143384	MCL1	1	1	1
C5_UP	C5 R-sig	up	ENSG00000143479	DYRK3	1	1	1
C5_UP	C5 R-sig	up	ENSG00000143507	DUSP10	1	1	1
C5_DOWN	C5 R-sig	down	ENSG00000143512	HHIPL2	1	1	1
C5_DOWN	C5 R-sig	down	ENSG00000143515	ATP8B2	1	1	1
C5_UP	C5 R-sig	up	ENSG00000143543	JTB	1	1	1
C5_UP	C5 R-sig	up	ENSG00000143545	RAB13	1	1	1
C5_DOWN	C5 R-sig	down	ENSG00000143554	SLC27A3	1	1	1
C5_DOWN	C5 R-sig	down	ENSG00000143776	CDC42BPA	1	1	1
C5_DOWN	C5 R-sig	down	ENSG00000143847	PPFIA4	1	1	1
C5_DOWN	C5 R-sig	down	ENSG00000143952	VPS54	1	1	1
C5_UP	C5 R-sig	up	ENSG00000144136	SLC20A1	1	1	1
C5_DOWN	C5 R-sig	down	ENSG00000144218	AFF3	1	1	1
C5_DOWN	C5 R-sig	down	ENSG00000144278	GALNT13	1	1	1
C5_DOWN	C5 R-sig	down	ENSG00000144320	LNPK	0	0	0
C5_DOWN	C5 R-sig	down	ENSG00000144354	CDCA7	1	1	1
C5_UP	C5 R-sig	up	ENSG00000144369	FAM171B	1	1	1
C5_DOWN	C5 R-sig	down	ENSG00000144554	FANCD2	1	1	1
C5_UP	C5 R-sig	up	ENSG00000144560	VGLL4	1	1	1
C5_DOWN	C5 R-sig	down	ENSG00000144642	RBMS3	1	1	1
C5_DOWN	C5 R-sig	down	ENSG00000144645	OSBPL10	1	1	1
C5_UP	C5 R-sig	up	ENSG00000144674	GOLGA4	1	1	1
C5_DOWN	C5 R-sig	down	ENSG00000144677	CTDSPL	1	1	1
C5_DOWN	C5 R-sig	down	ENSG00000144681	STAC	1	1	1
C5_DOWN	C5 R-sig	down	ENSG00000144741	SLC25A26	1	1	1
C5_DOWN	C5 R-sig	down	ENSG00000144749	LRIG1	1	1	1
C5_DOWN	C5 R-sig	down	ENSG00000144810	COL8A1	1	1	1
C5_DOWN	C5 R-sig	down	ENSG00000144824	PHLDB2	1	1	1
C5_UP	C5 R-sig	up	ENSG00000144867	SRPRB	1	1	1
C5_DOWN	C5 R-sig	down	ENSG00000145012	LPP	1	1	1
C5_UP	C5 R-sig	up	ENSG00000145022	TCTA	1	1	1
C5_UP	C5 R-sig	up	ENSG00000145050	MANF	1	1	1
C5_UP	C5 R-sig	up	ENSG00000145220	LYAR	1	1	1
C5_UP	C5 R-sig	up	ENSG00000145247	OCIAD2	1	1	1
C5_DOWN	C5 R-sig	down	ENSG00000145362	ANK2	1	1	1
C5_DOWN	C5 R-sig	down	ENSG00000145425	RPS3A	1	1	1
C5_DOWN	C5 R-sig	down	ENSG00000145431	PDGFC	1	1	1
C5_DOWN	C5 R-sig	down	ENSG00000145555	MYO10	1	1	1
C5_DOWN	C5 R-sig	down	ENSG00000145623	OSMR	1	1	1
C5_DOWN	C5 R-sig	down	ENSG00000145687	SSBP2	1	1	1
C5_DOWN	C5 R-sig	down	ENSG00000145730	PAM	1	1	1
C5_UP	C5 R-sig	up	ENSG00000145734	BDP1	1	1	1
C5_DOWN	C5 R-sig	down	ENSG00000145743	FBXL17	1	1	1
C5_DOWN	C5 R-sig	down	ENSG00000145868	FBXO38	1	1	1
C5_DOWN	C5 R-sig	down	ENSG00000145934	TENM2	1	1	1
C5_UP	C5 R-sig	up	ENSG00000145990	GFOD1	1	1	1
C5_UP	C5 R-sig	up	ENSG00000146007	ZMAT2	1	1	1
C5_UP	C5 R-sig	up	ENSG00000146072	TNFRSF21	1	1	1
C5_UP	C5 R-sig	up	ENSG00000146112	PPP1R18	1	1	1
C5_DOWN	C5 R-sig	down	ENSG00000146197	SCUBE3	1	1	1
C5_DOWN	C5 R-sig	down	ENSG00000146263	MMS22L	1	1	1
C5_DOWN	C5 R-sig	down	ENSG00000146278	PNRC1	1	1	1
C5_UP	C5 R-sig	up	ENSG00000146386	ABRACL	1	1	1
C5_DOWN	C5 R-sig	down	ENSG00000146592	CREB5	1	1	1
C5_DOWN	C5 R-sig	down	ENSG00000146648	EGFR	1	1	1
C5_DOWN	C5 R-sig	down	ENSG00000146674	IGFBP3	1	1	1
C5_UP	C5 R-sig	up	ENSG00000146676	PURB	1	1	1
C5_DOWN	C5 R-sig	down	ENSG00000146729	NIPSNAP2	0	0	0
C5_UP	C5 R-sig	up	ENSG00000146826	TRAPPC14	0	0	0
C5_DOWN	C5 R-sig	down	ENSG00000146918	NCAPG2	1	1	1
C5_DOWN	C5 R-sig	down	ENSG00000146950	SHROOM2	1	1	1
C5_UP	C5 R-sig	up	ENSG00000147140	NONO	1	1	1
C5_DOWN	C5 R-sig	down	ENSG00000147274	RBMX	1	1	1
C5_UP	C5 R-sig	up	ENSG00000147383	NSDHL	1	1	1
C5_UP	C5 R-sig	up	ENSG00000147416	ATP6V1B2	1	1	1
C5_DOWN	C5 R-sig	down	ENSG00000147459	DOCK5	1	1	1
C5_DOWN	C5 R-sig	down	ENSG00000147475	ERLIN2	1	1	1
C5_DOWN	C5 R-sig	down	ENSG00000147852	VLDLR	1	1	1
C5_DOWN	C5 R-sig	down	ENSG00000147862	NFIB	1	1	1
C5_DOWN	C5 R-sig	down	ENSG00000147955	SIGMAR1	1	1	1
C5_UP	C5 R-sig	up	ENSG00000148082	SHC3	1	1	1
C5_UP	C5 R-sig	up	ENSG00000148153	INIP	1	1	1
C5_DOWN	C5 R-sig	down	ENSG00000148303	RPL7A	1	1	1
C5_UP	C5 R-sig	up	ENSG00000148337	CIZ1	1	1	1
C5_DOWN	C5 R-sig	down	ENSG00000148700	ADD3	1	1	1
C5_DOWN	C5 R-sig	down	ENSG00000148773	MKI67	1	1	1
C5_DOWN	C5 R-sig	down	ENSG00000148803	FUOM	1	1	1
C5_UP	C5 R-sig	up	ENSG00000148840	PPRC1	1	1	1
C5_UP	C5 R-sig	up	ENSG00000148841	ITPRIP	1	1	1
C5_DOWN	C5 R-sig	down	ENSG00000148848	ADAM12	1	1	1
C5_DOWN	C5 R-sig	down	ENSG00000148926	ADM	1	1	1
C5_UP	C5 R-sig	up	ENSG00000149084	HSD17B12	1	1	1
C5_DOWN	C5 R-sig	down	ENSG00000149090	PAMR1	1	1	1
C5_DOWN	C5 R-sig	down	ENSG00000149177	PTPRJ	1	1	1
C5_DOWN	C5 R-sig	down	ENSG00000149179	CSTPP1	0	0	0
C5_DOWN	C5 R-sig	down	ENSG00000149256	TENM4	1	1	1
C5_DOWN	C5 R-sig	down	ENSG00000149273	RPS3	1	1	1
C5_UP	C5 R-sig	up	ENSG00000149357	LAMTOR1	1	1	1
C5_DOWN	C5 R-sig	down	ENSG00000149499	EML3	1	1	1
C5_DOWN	C5 R-sig	down	ENSG00000149506	ZP1	1	1	1
C5_UP	C5 R-sig	up	ENSG00000149532	CPSF7	1	1	1
C5_DOWN	C5 R-sig	down	ENSG00000149577	SIDT2	1	1	1
C5_DOWN	C5 R-sig	down	ENSG00000149636	DSN1	1	1	1
C5_UP	C5 R-sig	up	ENSG00000149658	YTHDF1	1	1	1
C5_UP	C5 R-sig	up	ENSG00000149806	FAU	1	1	1
C5_UP	C5 R-sig	up	ENSG00000149809	TM7SF2	1	1	1
C5_DOWN	C5 R-sig	down	ENSG00000149925	ALDOA	1	1	1
C5_UP	C5 R-sig	up	ENSG00000149930	TAOK2	1	1	1
C5_DOWN	C5 R-sig	down	ENSG00000150093	ITGB1	1	1	1
C5_DOWN	C5 R-sig	down	ENSG00000150403	SLC9D1	0	0	0
C5_UP	C5 R-sig	up	ENSG00000150551	LYPD1	1	1	1
C5_DOWN	C5 R-sig	down	ENSG00000150593	PDCD4	1	1	1
C5_DOWN	C5 R-sig	down	ENSG00000150938	CRIM1	1	1	1
C5_DOWN	C5 R-sig	down	ENSG00000151012	SLC7A11	1	1	1
C5_UP	C5 R-sig	up	ENSG00000151014	NOCT	0	0	1
C5_DOWN	C5 R-sig	down	ENSG00000151150	ANK3	1	1	1
C5_UP	C5 R-sig	up	ENSG00000151247	EIF4E	1	1	1
C5_DOWN	C5 R-sig	down	ENSG00000151287	TEX30	1	1	1
C5_UP	C5 R-sig	up	ENSG00000151458	ANKRD50	1	1	1
C5_UP	C5 R-sig	up	ENSG00000151461	UPF2	1	1	1
C5_DOWN	C5 R-sig	down	ENSG00000151532	VTI1A	1	1	1
C5_DOWN	C5 R-sig	down	ENSG00000151632	AKR1C2	1	1	1
C5_DOWN	C5 R-sig	down	ENSG00000151640	DPYSL4	1	1	1
C5_DOWN	C5 R-sig	down	ENSG00000151725	CENPU	0	1	1
C5_DOWN	C5 R-sig	down	ENSG00000151779	NBAS	1	1	1
C5_UP	C5 R-sig	up	ENSG00000151893	CACUL1	1	1	1
C5_DOWN	C5 R-sig	down	ENSG00000151914	DST	1	1	1
C5_UP	C5 R-sig	up	ENSG00000151929	BAG3	1	1	1
C5_DOWN	C5 R-sig	down	ENSG00000152127	MGAT5	1	1	1
C5_UP	C5 R-sig	up	ENSG00000152137	HSPB8	1	1	1
C5_UP	C5 R-sig	up	ENSG00000152193	OBI1	0	0	0
C5_DOWN	C5 R-sig	down	ENSG00000152234	ATP5F1A	0	0	0
C5_DOWN	C5 R-sig	down	ENSG00000152256	PDK1	1	1	1
C5_UP	C5 R-sig	up	ENSG00000152443	ZNF776	1	1	1
C5_DOWN	C5 R-sig	down	ENSG00000152642	GPD1L	1	1	1
C5_DOWN	C5 R-sig	down	ENSG00000152661	GJA1	1	1	1
C5_UP	C5 R-sig	up	ENSG00000152749	GPR180	1	1	1
C5_DOWN	C5 R-sig	down	ENSG00000152818	UTRN	1	1	1
C5_DOWN	C5 R-sig	down	ENSG00000152952	PLOD2	1	1	1
C5_DOWN	C5 R-sig	down	ENSG00000153015	CWC27	1	1	1
C5_DOWN	C5 R-sig	down	ENSG00000153044	CENPH	1	1	1
C5_DOWN	C5 R-sig	down	ENSG00000153071	DAB2	1	1	1
C5_DOWN	C5 R-sig	down	ENSG00000153113	CAST	1	1	1
C5_UP	C5 R-sig	up	ENSG00000153165	RGPD3	1	1	1
C5_UP	C5 R-sig	up	ENSG00000153214	TMEM87B	1	1	1
C5_UP	C5 R-sig	up	ENSG00000153339	TRAPPC8	1	1	1
C5_UP	C5 R-sig	up	ENSG00000153395	LPCAT1	1	1	1
C5_UP	C5 R-sig	up	ENSG00000153560	UBP1	1	1	1
C5_DOWN	C5 R-sig	down	ENSG00000153815	CMIP	1	1	1
C5_DOWN	C5 R-sig	down	ENSG00000153832	FBXO36	1	1	1
C5_UP	C5 R-sig	up	ENSG00000153914	SREK1	1	1	1
C5_DOWN	C5 R-sig	down	ENSG00000153930	ANKFN1	1	1	1
C5_DOWN	C5 R-sig	down	ENSG00000153956	CACNA2D1	1	1	1
C5_DOWN	C5 R-sig	down	ENSG00000153976	HS3ST3A1	1	1	1
C5_DOWN	C5 R-sig	down	ENSG00000154175	ABI3BP	1	1	1
C5_DOWN	C5 R-sig	down	ENSG00000154229	PRKCA	1	1	1
C5_DOWN	C5 R-sig	down	ENSG00000154646	TMPRSS15	1	1	1
C5_DOWN	C5 R-sig	down	ENSG00000154654	NCAM2	1	1	1
C5_DOWN	C5 R-sig	down	ENSG00000154719	MRPL39	1	1	1
C5_UP	C5 R-sig	up	ENSG00000154803	FLCN	1	1	1
C5_UP	C5 R-sig	up	ENSG00000154822	PLCL2	1	1	1
C5_UP	C5 R-sig	up	ENSG00000154832	CXXC1	1	1	1
C5_UP	C5 R-sig	up	ENSG00000155097	ATP6V1C1	1	1	1
C5_DOWN	C5 R-sig	down	ENSG00000155111	CDK19	1	1	1
C5_DOWN	C5 R-sig	down	ENSG00000155189	AGPAT5	1	1	1
C5_DOWN	C5 R-sig	down	ENSG00000155229	MMS19	1	1	1
C5_UP	C5 R-sig	up	ENSG00000155368	DBI	1	1	1
C5_UP	C5 R-sig	up	ENSG00000155438	NIFK	0	1	1
C5_UP	C5 R-sig	up	ENSG00000155506	LARP1	1	1	1
C5_UP	C5 R-sig	up	ENSG00000155846	PPARGC1B	1	1	1
C5_DOWN	C5 R-sig	down	ENSG00000155897	ADCY8	1	1	1
C5_DOWN	C5 R-sig	down	ENSG00000156011	PSD3	1	1	1
C5_DOWN	C5 R-sig	down	ENSG00000156030	MIDEAS	0	0	0
C5_UP	C5 R-sig	up	ENSG00000156232	WHAMM	1	1	1
C5_UP	C5 R-sig	up	ENSG00000156304	SCAF4	1	1	1
C5_UP	C5 R-sig	up	ENSG00000156471	PTDSS1	1	1	1
C5_DOWN	C5 R-sig	down	ENSG00000156510	HKDC1	1	1	1
C5_DOWN	C5 R-sig	down	ENSG00000156535	CD109	1	1	1
C5_UP	C5 R-sig	up	ENSG00000156599	ZDHHC5	1	1	1
C5_UP	C5 R-sig	up	ENSG00000156697	UTP14A	1	1	1
C5_DOWN	C5 R-sig	down	ENSG00000156802	ATAD2	1	1	1
C5_UP	C5 R-sig	up	ENSG00000156804	FBXO32	1	1	1
C5_UP	C5 R-sig	up	ENSG00000156875	SLC71A1	0	0	0
C5_UP	C5 R-sig	up	ENSG00000156976	EIF4A2	1	1	1
C5_DOWN	C5 R-sig	down	ENSG00000157064	NMNAT2	1	1	1
C5_DOWN	C5 R-sig	down	ENSG00000157106	SMG1	1	1	1
C5_DOWN	C5 R-sig	down	ENSG00000157168	NRG1	1	1	1
C5_DOWN	C5 R-sig	down	ENSG00000157500	APPL1	1	1	1
C5_UP	C5 R-sig	up	ENSG00000157540	DYRK1A	1	1	1
C5_DOWN	C5 R-sig	down	ENSG00000157578	LCA5L	1	1	1
C5_DOWN	C5 R-sig	down	ENSG00000157613	CREB3L1	1	1	1
C5_UP	C5 R-sig	up	ENSG00000157654	PALM2AKAP2	0	0	0
C5_DOWN	C5 R-sig	down	ENSG00000157693	TMEM268	0	0	0
C5_DOWN	C5 R-sig	down	ENSG00000157782	CABP1	1	1	1
C5_UP	C5 R-sig	up	ENSG00000157827	FMNL2	1	1	1
C5_UP	C5 R-sig	up	ENSG00000157933	SKI	1	1	1
C5_DOWN	C5 R-sig	down	ENSG00000157985	AGAP1	1	1	1
C5_DOWN	C5 R-sig	down	ENSG00000158008	EXTL1	1	1	1
C5_DOWN	C5 R-sig	down	ENSG00000158373	H2BC5	0	0	0
C5_DOWN	C5 R-sig	down	ENSG00000158406	H4C8	0	0	0
C5_UP	C5 R-sig	up	ENSG00000158470	B4GALT5	1	1	1
C5_UP	C5 R-sig	up	ENSG00000158482	SNX29P1	1	0	0
C5_DOWN	C5 R-sig	down	ENSG00000158623	COPG2	1	1	1
C5_UP	C5 R-sig	up	ENSG00000159079	CFAP298	0	0	0
C5_UP	C5 R-sig	up	ENSG00000159164	SV2A	1	1	1
C5_DOWN	C5 R-sig	down	ENSG00000159167	STC1	1	1	1
C5_UP	C5 R-sig	up	ENSG00000159335	PTMS	1	1	1
C5_DOWN	C5 R-sig	down	ENSG00000159399	HK2	1	1	1
C5_UP	C5 R-sig	up	ENSG00000159720	ATP6V0D1	1	1	1
C5_UP	C5 R-sig	up	ENSG00000159840	ZYX	1	1	1
C5_DOWN	C5 R-sig	down	ENSG00000160200	CBS	1	1	1
C5_UP	C5 R-sig	up	ENSG00000160213	CSTB	1	1	1
C5_UP	C5 R-sig	up	ENSG00000160214	RRP1	1	1	1
C5_UP	C5 R-sig	up	ENSG00000160256	SLX9	0	0	0
C5_UP	C5 R-sig	up	ENSG00000160285	LSS	1	1	1
C5_DOWN	C5 R-sig	down	ENSG00000160360	GPSM1	1	1	1
C5_DOWN	C5 R-sig	down	ENSG00000160410	SHKBP1	1	1	1
C5_DOWN	C5 R-sig	down	ENSG00000160445	ZER1	1	1	1
C5_UP	C5 R-sig	up	ENSG00000160633	SAFB	1	1	1
C5_UP	C5 R-sig	up	ENSG00000160785	SLC25A44	1	1	1
C5_UP	C5 R-sig	up	ENSG00000160789	LMNA	1	1	1
C5_DOWN	C5 R-sig	down	ENSG00000160796	NBEAL2	1	1	1
C5_UP	C5 R-sig	up	ENSG00000160818	GPATCH4	1	1	1
C5_UP	C5 R-sig	up	ENSG00000160877	NACC1	1	1	1
C5_UP	C5 R-sig	up	ENSG00000160888	IER2	1	1	1
C5_UP	C5 R-sig	up	ENSG00000161011	SQSTM1	1	1	1
C5_DOWN	C5 R-sig	down	ENSG00000161040	FBXL13	1	1	1
C5_DOWN	C5 R-sig	down	ENSG00000161638	ITGA5	1	1	1
C5_UP	C5 R-sig	up	ENSG00000161813	LARP4	1	1	1
C5_DOWN	C5 R-sig	down	ENSG00000161970	RPL26	1	1	1
C5_DOWN	C5 R-sig	down	ENSG00000161996	WDR90	1	1	1
C5_UP	C5 R-sig	up	ENSG00000162231	NXF1	1	1	1
C5_UP	C5 R-sig	up	ENSG00000162413	KLHL21	1	1	1
C5_DOWN	C5 R-sig	down	ENSG00000162430	SELENON	0	0	0
C5_DOWN	C5 R-sig	down	ENSG00000162433	AK4	1	1	1
C5_DOWN	C5 R-sig	down	ENSG00000162441	LZIC	1	1	1
C5_UP	C5 R-sig	up	ENSG00000162545	CAMK2N1	1	1	1
C5_UP	C5 R-sig	up	ENSG00000162614	NEXN	1	1	1
C5_DOWN	C5 R-sig	down	ENSG00000162631	NTNG1	1	1	1
C5_DOWN	C5 R-sig	down	ENSG00000162733	DDR2	1	1	1
C5_UP	C5 R-sig	up	ENSG00000162734	PEA15	1	1	1
C5_UP	C5 R-sig	up	ENSG00000162772	ATF3	1	1	1
C5_UP	C5 R-sig	up	ENSG00000162783	IER5	1	1	1
C5_DOWN	C5 R-sig	down	ENSG00000162849	KIF26B	1	1	1
C5_DOWN	C5 R-sig	down	ENSG00000163029	SMC6	1	1	1
C5_DOWN	C5 R-sig	down	ENSG00000163171	CDC42EP3	1	1	1
C5_UP	C5 R-sig	up	ENSG00000163291	PAQR3	1	1	1
C5_UP	C5 R-sig	up	ENSG00000163319	MRPS18C	1	1	1
C5_DOWN	C5 R-sig	down	ENSG00000163359	COL6A3	1	1	1
C5_DOWN	C5 R-sig	down	ENSG00000163430	FSTL1	1	1	1
C5_DOWN	C5 R-sig	down	ENSG00000163431	LMOD1	1	1	1
C5_DOWN	C5 R-sig	down	ENSG00000163531	NFASC	1	1	1
C5_UP	C5 R-sig	up	ENSG00000163539	CLASP2	1	1	1
C5_UP	C5 R-sig	up	ENSG00000163558	PRKCI	1	1	1
C5_DOWN	C5 R-sig	down	ENSG00000163584	RPL22L1	1	1	1
C5_DOWN	C5 R-sig	down	ENSG00000163634	THOC7	1	1	1
C5_DOWN	C5 R-sig	down	ENSG00000163655	GMPS	1	1	1
C5_DOWN	C5 R-sig	down	ENSG00000163682	RPL9	1	1	1
C5_DOWN	C5 R-sig	down	ENSG00000163683	SMIM14	1	1	1
C5_UP	C5 R-sig	up	ENSG00000163694	RBM47	1	1	1
C5_DOWN	C5 R-sig	down	ENSG00000163697	APBB2	1	1	1
C5_UP	C5 R-sig	up	ENSG00000163728	TTC14	1	1	1
C5_DOWN	C5 R-sig	down	ENSG00000163755	HPS3	1	1	1
C5_DOWN	C5 R-sig	down	ENSG00000163808	KIF15	1	1	1
C5_UP	C5 R-sig	up	ENSG00000163811	WDR43	1	1	1
C5_DOWN	C5 R-sig	down	ENSG00000163815	CLEC3B	1	1	1
C5_UP	C5 R-sig	up	ENSG00000163870	TPRA1	1	1	1
C5_DOWN	C5 R-sig	down	ENSG00000163872	YEATS2	1	1	1
C5_UP	C5 R-sig	up	ENSG00000163874	ZC3H12A	1	1	1
C5_UP	C5 R-sig	up	ENSG00000163877	SNIP1	1	1	1
C5_DOWN	C5 R-sig	down	ENSG00000163913	IFT122	1	1	1
C5_DOWN	C5 R-sig	down	ENSG00000163946	TASOR	0	0	0
C5_UP	C5 R-sig	up	ENSG00000163947	ARHGEF3	1	1	1
C5_UP	C5 R-sig	up	ENSG00000163961	RNF168	1	1	1
C5_DOWN	C5 R-sig	down	ENSG00000164068	RNF123	1	1	1
C5_DOWN	C5 R-sig	down	ENSG00000164096	ARLN	0	0	0
C5_DOWN	C5 R-sig	down	ENSG00000164099	PRSS12	1	1	1
C5_DOWN	C5 R-sig	down	ENSG00000164104	HMGB2	1	1	1
C5_UP	C5 R-sig	up	ENSG00000164111	ANXA5	1	1	1
C5_UP	C5 R-sig	up	ENSG00000164168	TMEM184C	1	1	1
C5_UP	C5 R-sig	up	ENSG00000164171	ITGA2	1	1	1
C5_UP	C5 R-sig	up	ENSG00000164172	MOCS2	1	1	1
C5_DOWN	C5 R-sig	down	ENSG00000164253	WDR41	1	1	1
C5_UP	C5 R-sig	up	ENSG00000164338	UTP15	1	1	1
C5_DOWN	C5 R-sig	down	ENSG00000164466	SFXN1	1	1	1
C5_UP	C5 R-sig	up	ENSG00000164484	TMEM200A	1	1	1
C5_UP	C5 R-sig	up	ENSG00000164604	GPR85	1	1	1
C5_UP	C5 R-sig	up	ENSG00000164609	SLU7	1	1	1
C5_UP	C5 R-sig	up	ENSG00000164619	BMPER	1	1	1
C5_DOWN	C5 R-sig	down	ENSG00000164649	CDCA7L	1	1	1
C5_DOWN	C5 R-sig	down	ENSG00000164692	COL1A2	1	1	1
C5_DOWN	C5 R-sig	down	ENSG00000164741	DLC1	1	1	1
C5_DOWN	C5 R-sig	down	ENSG00000164754	RAD21	1	1	1
C5_DOWN	C5 R-sig	down	ENSG00000164880	INTS1	1	1	1
C5_UP	C5 R-sig	up	ENSG00000164889	SLC4A2	1	1	1
C5_DOWN	C5 R-sig	down	ENSG00000164929	BAALC	1	1	1
C5_UP	C5 R-sig	up	ENSG00000164938	TP53INP1	1	1	1
C5_UP	C5 R-sig	up	ENSG00000164949	GEM	1	1	1
C5_UP	C5 R-sig	up	ENSG00000164951	PDP1	1	1	1
C5_DOWN	C5 R-sig	down	ENSG00000164970	FAM219A	1	1	1
C5_DOWN	C5 R-sig	down	ENSG00000164985	PSIP1	1	1	1
C5_DOWN	C5 R-sig	down	ENSG00000165029	ABCA1	1	1	1
C5_UP	C5 R-sig	up	ENSG00000165124	SVEP1	1	1	1
C5_DOWN	C5 R-sig	down	ENSG00000165280	VCP	1	1	1
C5_UP	C5 R-sig	up	ENSG00000165355	FBXO33	1	1	1
C5_DOWN	C5 R-sig	down	ENSG00000165475	CRYL1	1	1	1
C5_UP	C5 R-sig	up	ENSG00000165494	PCF11	1	1	1
C5_UP	C5 R-sig	up	ENSG00000165502	RPL36AL	1	1	1
C5_DOWN	C5 R-sig	down	ENSG00000165507	DEPP1	0	0	0
C5_DOWN	C5 R-sig	down	ENSG00000165512	ZNF22	1	1	1
C5_UP	C5 R-sig	up	ENSG00000165606	DRGX	1	1	1
C5_UP	C5 R-sig	up	ENSG00000165632	TAF3	1	1	1
C5_UP	C5 R-sig	up	ENSG00000165699	TSC1	1	1	1
C5_UP	C5 R-sig	up	ENSG00000165732	DDX21	1	1	1
C5_DOWN	C5 R-sig	down	ENSG00000165752	STK32C	1	1	1
C5_UP	C5 R-sig	up	ENSG00000165782	PIP4P1	0	0	0
C5_DOWN	C5 R-sig	down	ENSG00000165802	NSMF	1	1	1
C5_UP	C5 R-sig	up	ENSG00000165804	ZNF219	1	1	1
C5_UP	C5 R-sig	up	ENSG00000165806	CASP7	1	1	1
C5_UP	C5 R-sig	up	ENSG00000165813	CCDC186	0	0	1
C5_UP	C5 R-sig	up	ENSG00000165886	UBTD1	1	1	1
C5_UP	C5 R-sig	up	ENSG00000166016	ABTB2	1	1	1
C5_UP	C5 R-sig	up	ENSG00000166025	AMOTL1	1	1	1
C5_UP	C5 R-sig	up	ENSG00000166033	HTRA1	1	1	1
C5_DOWN	C5 R-sig	down	ENSG00000166073	GPR176	1	1	1
C5_DOWN	C5 R-sig	down	ENSG00000166123	GPT2	1	1	1
C5_DOWN	C5 R-sig	down	ENSG00000166147	FBN1	1	1	1
C5_UP	C5 R-sig	up	ENSG00000166200	COPS2	1	1	1
C5_UP	C5 R-sig	up	ENSG00000166250	CLMP	1	1	1
C5_UP	C5 R-sig	up	ENSG00000166272	WBP1L	1	1	1
C5_UP	C5 R-sig	up	ENSG00000166348	USP54	1	1	1
C5_DOWN	C5 R-sig	down	ENSG00000166484	MAPK7	1	1	1
C5_DOWN	C5 R-sig	down	ENSG00000166503	HDGFL3	0	0	0
C5_DOWN	C5 R-sig	down	ENSG00000166508	MCM7	1	1	1
C5_DOWN	C5 R-sig	down	ENSG00000166532	RIMKLB	1	1	1
C5_UP	C5 R-sig	up	ENSG00000166562	SEC11C	1	1	1
C5_UP	C5 R-sig	up	ENSG00000166592	RRAD	1	1	1
C5_DOWN	C5 R-sig	down	ENSG00000166750	SLFN5	1	1	1
C5_DOWN	C5 R-sig	down	ENSG00000166788	SAAL1	1	1	1
C5_UP	C5 R-sig	up	ENSG00000166848	TERF2IP	1	1	1
C5_DOWN	C5 R-sig	down	ENSG00000166897	ELFN2	1	1	1
C5_UP	C5 R-sig	up	ENSG00000166900	STX3	1	1	1
C5_UP	C5 R-sig	up	ENSG00000166963	MAP1A	1	1	1
C5_DOWN	C5 R-sig	down	ENSG00000166971	AKTIP	1	1	1
C5_DOWN	C5 R-sig	down	ENSG00000166986	MARS1	0	0	0
C5_DOWN	C5 R-sig	down	ENSG00000167004	PDIA3	1	1	1
C5_DOWN	C5 R-sig	down	ENSG00000167123	CERCAM	1	1	1
C5_UP	C5 R-sig	up	ENSG00000167131	DNAAF19	0	0	0
C5_UP	C5 R-sig	up	ENSG00000167193	CRK	1	1	1
C5_DOWN	C5 R-sig	down	ENSG00000167291	TBC1D16	1	1	1
C5_DOWN	C5 R-sig	down	ENSG00000167325	RRM1	1	1	1
C5_DOWN	C5 R-sig	down	ENSG00000167377	ZNF23	1	1	1
C5_UP	C5 R-sig	up	ENSG00000167378	IRGQ	1	1	1
C5_DOWN	C5 R-sig	down	ENSG00000167397	VKORC1	1	1	1
C5_UP	C5 R-sig	up	ENSG00000167552	TUBA1A	1	1	1
C5_DOWN	C5 R-sig	down	ENSG00000167553	TUBA1C	1	1	1
C5_UP	C5 R-sig	up	ENSG00000167566	NCKAP5L	1	1	1
C5_DOWN	C5 R-sig	down	ENSG00000167601	AXL	1	1	1
C5_UP	C5 R-sig	up	ENSG00000167635	ZNF146	1	1	1
C5_DOWN	C5 R-sig	down	ENSG00000167645	YIF1B	1	1	1
C5_UP	C5 R-sig	up	ENSG00000167657	DAPK3	1	1	1
C5_DOWN	C5 R-sig	down	ENSG00000167695	TLCD3A	0	0	0
C5_DOWN	C5 R-sig	down	ENSG00000167720	SRR	1	1	1
C5_UP	C5 R-sig	up	ENSG00000167774		0	0	0
C5_DOWN	C5 R-sig	down	ENSG00000167792	NDUFV1	1	1	1
C5_DOWN	C5 R-sig	down	ENSG00000167900	TK1	1	1	1
C5_DOWN	C5 R-sig	down	ENSG00000167977	KCTD5	1	1	1
C5_UP	C5 R-sig	up	ENSG00000167994	RAB3IL1	1	1	1
C5_UP	C5 R-sig	up	ENSG00000167996	FTH1	1	1	1
C5_DOWN	C5 R-sig	down	ENSG00000168056	LTBP3	1	1	1
C5_DOWN	C5 R-sig	down	ENSG00000168078	PBK	1	1	1
C5_DOWN	C5 R-sig	down	ENSG00000168137	SETD5	1	1	1
C5_DOWN	C5 R-sig	down	ENSG00000168172	HOOK3	1	1	1
C5_DOWN	C5 R-sig	down	ENSG00000168209	DDIT4	1	1	1
C5_DOWN	C5 R-sig	down	ENSG00000168214	RBPJ	1	1	1
C5_UP	C5 R-sig	up	ENSG00000168282	MGAT2	1	1	1
C5_DOWN	C5 R-sig	down	ENSG00000168298	H1-4	0	0	0
C5_UP	C5 R-sig	up	ENSG00000168374	ARF4	1	1	1
C5_DOWN	C5 R-sig	down	ENSG00000168398	BDKRB2	1	1	1
C5_UP	C5 R-sig	up	ENSG00000168566	SNRNP48	1	1	1
C5_UP	C5 R-sig	up	ENSG00000168610	STAT3	1	1	1
C5_DOWN	C5 R-sig	down	ENSG00000168615	ADAM9	1	1	1
C5_UP	C5 R-sig	up	ENSG00000168724	DNAJC21	1	1	1
C5_DOWN	C5 R-sig	down	ENSG00000168734	PKIG	1	1	1
C5_DOWN	C5 R-sig	down	ENSG00000168887	C2orf68	1	1	1
C5_DOWN	C5 R-sig	down	ENSG00000168944	CEP120	1	1	1
C5_DOWN	C5 R-sig	down	ENSG00000168952	STXBP6	1	1	1
C5_DOWN	C5 R-sig	down	ENSG00000169032	MAP2K1	1	1	1
C5_UP	C5 R-sig	up	ENSG00000169045	HNRNPH1	1	1	1
C5_UP	C5 R-sig	up	ENSG00000169155	ZBTB43	1	1	1
C5_DOWN	C5 R-sig	down	ENSG00000169180	XPO6	1	1	1
C5_DOWN	C5 R-sig	down	ENSG00000169189	NSMCE1	1	1	1
C5_DOWN	C5 R-sig	down	ENSG00000169499	PLEKHA2	1	1	1
C5_DOWN	C5 R-sig	down	ENSG00000169504	CLIC4	1	1	1
C5_DOWN	C5 R-sig	down	ENSG00000169519	METTL15	1	1	1
C5_DOWN	C5 R-sig	down	ENSG00000169594	BNC1	1	1	1
C5_UP	C5 R-sig	up	ENSG00000169598	DFFB	1	1	1
C5_DOWN	C5 R-sig	down	ENSG00000169604	ANTXR1	1	1	1
C5_UP	C5 R-sig	up	ENSG00000169641	LUZP1	1	1	1
C5_UP	C5 R-sig	up	ENSG00000169710	FASN	1	1	1
C5_DOWN	C5 R-sig	down	ENSG00000169715	MT1E	1	1	1
C5_DOWN	C5 R-sig	down	ENSG00000169764	UGP2	1	1	1
C5_UP	C5 R-sig	up	ENSG00000169813	HNRNPF	1	1	1
C5_DOWN	C5 R-sig	down	ENSG00000169855	ROBO1	1	1	1
C5_UP	C5 R-sig	up	ENSG00000169905	TOR1AIP2	1	1	1
C5_DOWN	C5 R-sig	down	ENSG00000169994	MYO7B	1	1	1
C5_DOWN	C5 R-sig	down	ENSG00000170035	UBE2E3	1	1	1
C5_UP	C5 R-sig	up	ENSG00000170088	TMEM192	1	1	1
C5_UP	C5 R-sig	up	ENSG00000170122	FOXD4	1	1	1
C5_UP	C5 R-sig	up	ENSG00000170315	UBB	1	1	1
C5_DOWN	C5 R-sig	down	ENSG00000170379	TCAF2	0	0	1
C5_DOWN	C5 R-sig	down	ENSG00000170471	RALGAPB	1	1	1
C5_UP	C5 R-sig	up	ENSG00000170540	ARL6IP1	1	1	1
C5_UP	C5 R-sig	up	ENSG00000170581	STAT2	1	1	1
C5_UP	C5 R-sig	up	ENSG00000170606	HSPA4	1	1	1
C5_UP	C5 R-sig	up	ENSG00000170855	TRIAP1	1	1	1
C5_DOWN	C5 R-sig	down	ENSG00000170921	TANC2	1	1	1
C5_DOWN	C5 R-sig	down	ENSG00000171033	PKIA	1	1	1
C5_DOWN	C5 R-sig	down	ENSG00000171097	KYAT1	0	0	0
C5_UP	C5 R-sig	up	ENSG00000171206	TRIM8	1	1	1
C5_UP	C5 R-sig	up	ENSG00000171208	NETO2	1	1	1
C5_UP	C5 R-sig	up	ENSG00000171310	CHST11	1	1	1
C5_DOWN	C5 R-sig	down	ENSG00000171314	PGAM1	1	1	1
C5_UP	C5 R-sig	up	ENSG00000171368	TPPP	1	1	1
C5_DOWN	C5 R-sig	down	ENSG00000171388	APLN	1	1	1
C5_UP	C5 R-sig	up	ENSG00000171448	ZBTB26	1	1	1
C5_UP	C5 R-sig	up	ENSG00000171617	ENC1	1	1	1
C5_DOWN	C5 R-sig	down	ENSG00000171723	GPHN	1	1	1
C5_UP	C5 R-sig	up	ENSG00000171729	TMEM51	1	1	1
C5_DOWN	C5 R-sig	down	ENSG00000171848	RRM2	1	1	1
C5_UP	C5 R-sig	up	ENSG00000171860	C3AR1	1	1	1
C5_DOWN	C5 R-sig	down	ENSG00000171862	PTEN	1	1	1
C5_DOWN	C5 R-sig	down	ENSG00000171863	RPS7	1	1	1
C5_DOWN	C5 R-sig	down	ENSG00000172009	THOP1	1	1	1
C5_DOWN	C5 R-sig	down	ENSG00000172061	LRRC15	1	1	1
C5_UP	C5 R-sig	up	ENSG00000172071	EIF2AK3	1	1	1
C5_DOWN	C5 R-sig	down	ENSG00000172086	KRCC1	1	1	1
C5_UP	C5 R-sig	up	ENSG00000172115	CYCS	1	1	1
C5_UP	C5 R-sig	up	ENSG00000172216	CEBPB	1	1	1
C5_DOWN	C5 R-sig	down	ENSG00000172260	NEGR1	1	1	1
C5_DOWN	C5 R-sig	down	ENSG00000172340	SUCLG2	1	1	1
C5_UP	C5 R-sig	up	ENSG00000172409	CLP1	1	1	1
C5_DOWN	C5 R-sig	down	ENSG00000172432	GTPBP2	1	1	1
C5_UP	C5 R-sig	up	ENSG00000172466	ZNF24	1	1	1
C5_UP	C5 R-sig	up	ENSG00000172667	ZMAT3	1	1	1
C5_UP	C5 R-sig	up	ENSG00000172757	CFL1	1	1	1
C5_UP	C5 R-sig	up	ENSG00000172819	RARG	1	1	1
C5_UP	C5 R-sig	up	ENSG00000172840	PDP2	1	1	1
C5_DOWN	C5 R-sig	down	ENSG00000172890	NADSYN1	1	1	1
C5_UP	C5 R-sig	up	ENSG00000172893	DHCR7	1	1	1
C5_DOWN	C5 R-sig	down	ENSG00000172939	OXSR1	1	1	1
C5_DOWN	C5 R-sig	down	ENSG00000172965	MIR4435-2HG	0	0	1
C5_UP	C5 R-sig	up	ENSG00000173193	PARP14	1	1	1
C5_DOWN	C5 R-sig	down	ENSG00000173281	PPP1R3B	1	1	1
C5_UP	C5 R-sig	up	ENSG00000173465	ZNRD2	0	0	0
C5_UP	C5 R-sig	up	ENSG00000173530	TNFRSF10D	1	1	1
C5_UP	C5 R-sig	up	ENSG00000173545	ZNF622	1	1	1
C5_UP	C5 R-sig	up	ENSG00000173559	NABP1	1	1	1
C5_DOWN	C5 R-sig	down	ENSG00000173575	CHD2	1	1	1
C5_DOWN	C5 R-sig	down	ENSG00000173581	CCDC106	1	1	1
C5_UP	C5 R-sig	up	ENSG00000173621	LRFN4	1	1	1
C5_UP	C5 R-sig	up	ENSG00000173812	EIF1	1	1	1
C5_DOWN	C5 R-sig	down	ENSG00000173821	RNF213	1	1	1
C5_UP	C5 R-sig	up	ENSG00000173846	PLK3	1	1	1
C5_DOWN	C5 R-sig	down	ENSG00000173950	XXYLT1	1	1	1
C5_UP	C5 R-sig	up	ENSG00000174010	KLHL15	1	1	1
C5_UP	C5 R-sig	up	ENSG00000174032	SLC25A30	1	1	1
C5_UP	C5 R-sig	up	ENSG00000174197	MGA	1	1	1
C5_DOWN	C5 R-sig	down	ENSG00000174231	PRPF8	1	1	1
C5_UP	C5 R-sig	up	ENSG00000174307	PHLDA3	1	1	1
C5_DOWN	C5 R-sig	down	ENSG00000174371	EXO1	1	1	1
C5_UP	C5 R-sig	up	ENSG00000174405	LIG4	1	1	1
C5_UP	C5 R-sig	up	ENSG00000174437	ATP2A2	1	1	1
C5_DOWN	C5 R-sig	down	ENSG00000174444	RPL4	1	1	1
C5_DOWN	C5 R-sig	down	ENSG00000174564	IL20RB	1	1	1
C5_UP	C5 R-sig	up	ENSG00000174695	TMEM167A	1	1	1
C5_UP	C5 R-sig	up	ENSG00000174744	BRMS1	1	1	1
C5_DOWN	C5 R-sig	down	ENSG00000174748	RPL15	1	1	1
C5_DOWN	C5 R-sig	down	ENSG00000174780	SRP72	1	1	1
C5_DOWN	C5 R-sig	down	ENSG00000174791	RIN1	1	1	1
C5_UP	C5 R-sig	up	ENSG00000175040	CHST2	1	1	1
C5_DOWN	C5 R-sig	down	ENSG00000175115	PACS1	1	1	1
C5_DOWN	C5 R-sig	down	ENSG00000175203	DCTN2	1	1	1
C5_UP	C5 R-sig	up	ENSG00000175348	TMEM9B	1	1	1
C5_UP	C5 R-sig	up	ENSG00000175376	EIF1AD	1	1	1
C5_DOWN	C5 R-sig	down	ENSG00000175390	EIF3F	1	1	1
C5_DOWN	C5 R-sig	down	ENSG00000175395	ZNF25	1	1	1
C5_UP	C5 R-sig	up	ENSG00000175556	LONRF3	1	1	1
C5_UP	C5 R-sig	up	ENSG00000175582	RAB6A	1	1	1
C5_DOWN	C5 R-sig	down	ENSG00000175697	GPR156	1	1	1
C5_DOWN	C5 R-sig	down	ENSG00000176014	TUBB6	1	1	1
C5_DOWN	C5 R-sig	down	ENSG00000176171	BNIP3	1	1	1
C5_DOWN	C5 R-sig	down	ENSG00000176438	SYNE3	1	1	1
C5_DOWN	C5 R-sig	down	ENSG00000176490	DIRAS1	1	1	1
C5_DOWN	C5 R-sig	down	ENSG00000176678	FOXL1	1	1	1
C5_DOWN	C5 R-sig	down	ENSG00000176692	FOXC2	1	1	1
C5_DOWN	C5 R-sig	down	ENSG00000176907	TCIM	0	0	0
C5_UP	C5 R-sig	up	ENSG00000176994	SMCR8	1	1	1
C5_DOWN	C5 R-sig	down	ENSG00000176998	HCG4	1	0	0
C5_DOWN	C5 R-sig	down	ENSG00000177084	POLE	1	1	1
C5_DOWN	C5 R-sig	down	ENSG00000177119	ANO6	1	1	1
C5_DOWN	C5 R-sig	down	ENSG00000177156	TALDO1	1	1	1
C5_UP	C5 R-sig	up	ENSG00000177311	ZBTB38	1	1	1
C5_UP	C5 R-sig	up	ENSG00000177426	TGIF1	1	1	1
C5_DOWN	C5 R-sig	down	ENSG00000177453	NIM1K	0	1	1
C5_UP	C5 R-sig	up	ENSG00000177548	RABEP2	1	1	1
C5_UP	C5 R-sig	up	ENSG00000177613	CSTF2T	1	1	1
C5_UP	C5 R-sig	up	ENSG00000177628	GBA1	0	0	0
C5_DOWN	C5 R-sig	down	ENSG00000177685	CRACR2B	0	0	1
C5_DOWN	C5 R-sig	down	ENSG00000177694	NAALADL2	1	1	1
C5_DOWN	C5 R-sig	down	ENSG00000178031	ADAMTSL1	1	1	1
C5_DOWN	C5 R-sig	down	ENSG00000178035	IMPDH2	1	1	1
C5_DOWN	C5 R-sig	down	ENSG00000178104	PDE4DIP	1	1	1
C5_DOWN	C5 R-sig	down	ENSG00000178202	POGLUT3	0	0	0
C5_DOWN	C5 R-sig	down	ENSG00000178531	CTXN1	1	1	1
C5_UP	C5 R-sig	up	ENSG00000178537	SLC25A20	1	1	1
C5_UP	C5 R-sig	up	ENSG00000178607	ERN1	1	1	1
C5_DOWN	C5 R-sig	down	ENSG00000178690	DYNAP	1	1	1
C5_DOWN	C5 R-sig	down	ENSG00000178764	ZHX2	1	1	1
C5_DOWN	C5 R-sig	down	ENSG00000178802	MPI	1	1	1
C5_DOWN	C5 R-sig	down	ENSG00000178878	APOLD1	1	1	1
C5_UP	C5 R-sig	up	ENSG00000178913	TAF7	1	1	1
C5_DOWN	C5 R-sig	down	ENSG00000178980	SELENOW	0	0	0
C5_UP	C5 R-sig	up	ENSG00000178988	MRFAP1L1	1	1	1
C5_DOWN	C5 R-sig	down	ENSG00000178996	SNX18	1	1	1
C5_UP	C5 R-sig	up	ENSG00000179010	MRFAP1	1	1	1
C5_UP	C5 R-sig	up	ENSG00000179041	RRS1	1	1	1
C5_UP	C5 R-sig	up	ENSG00000179119	SPTY2D1	1	1	1
C5_UP	C5 R-sig	up	ENSG00000179218	CALR	1	1	1
C5_DOWN	C5 R-sig	down	ENSG00000179222	MAGED1	1	1	1
C5_DOWN	C5 R-sig	down	ENSG00000179295	PTPN11	1	1	1
C5_DOWN	C5 R-sig	down	ENSG00000179348	GATA2	1	1	1
C5_UP	C5 R-sig	up	ENSG00000179889	PDXDC1	1	1	1
C5_DOWN	C5 R-sig	down	ENSG00000179912	R3HDM2	1	1	1
C5_UP	C5 R-sig	up	ENSG00000180015		0	0	0
C5_DOWN	C5 R-sig	down	ENSG00000180098	TRNAU1AP	1	1	1
C5_UP	C5 R-sig	up	ENSG00000180198	RCC1	1	1	1
C5_DOWN	C5 R-sig	down	ENSG00000180304	OAZ2	1	1	1
C5_UP	C5 R-sig	up	ENSG00000180376	CCDC66	1	1	1
C5_DOWN	C5 R-sig	down	ENSG00000180530	NRIP1	1	1	1
C5_DOWN	C5 R-sig	down	ENSG00000180596	H2BC4	0	0	0
C5_DOWN	C5 R-sig	down	ENSG00000180628	PCGF5	1	1	1
C5_DOWN	C5 R-sig	down	ENSG00000180801	ARSJ	1	1	1
C5_UP	C5 R-sig	up	ENSG00000181026	AEN	1	1	1
C5_UP	C5 R-sig	up	ENSG00000181163	NPM1	1	1	1
C5_DOWN	C5 R-sig	down	ENSG00000181192	DHTKD1	1	1	1
C5_UP	C5 R-sig	up	ENSG00000181222	POLR2A	1	1	1
C5_DOWN	C5 R-sig	down	ENSG00000181458	TMEM45A	1	1	1
C5_UP	C5 R-sig	up	ENSG00000181472	ZBTB2	1	1	1
C5_DOWN	C5 R-sig	down	ENSG00000181588	MEX3D	1	1	1
C5_UP	C5 R-sig	up	ENSG00000181649	PHLDA2	1	1	1
C5_UP	C5 R-sig	up	ENSG00000181704	YIPF6	1	1	1
C5_DOWN	C5 R-sig	down	ENSG00000181744	DIPK2A	0	0	0
C5_DOWN	C5 R-sig	down	ENSG00000181852	RNF41	1	1	1
C5_DOWN	C5 R-sig	down	ENSG00000182054	IDH2	1	1	1
C5_UP	C5 R-sig	up	ENSG00000182117	NOP10	1	1	1
C5_UP	C5 R-sig	up	ENSG00000182149	IST1	1	1	1
C5_DOWN	C5 R-sig	down	ENSG00000182199	SHMT2	1	1	1
C5_UP	C5 R-sig	up	ENSG00000182308	DCAF4L1	1	1	1
C5_UP	C5 R-sig	up	ENSG00000182551	ADI1	1	1	1
C5_DOWN	C5 R-sig	down	ENSG00000182621	PLCB1	1	1	1
C5_DOWN	C5 R-sig	down	ENSG00000182628	SKA2	1	1	1
C5_UP	C5 R-sig	up	ENSG00000182648	RNF32-DT	0	0	0
C5_DOWN	C5 R-sig	down	ENSG00000182670	TTC3	1	1	1
C5_DOWN	C5 R-sig	down	ENSG00000182718	ANXA2	1	1	1
C5_DOWN	C5 R-sig	down	ENSG00000182774	RPS17	1	1	1
C5_UP	C5 R-sig	up	ENSG00000182902	SLC25A18	1	1	1
C5_DOWN	C5 R-sig	down	ENSG00000182923	CEP63	1	1	1
C5_DOWN	C5 R-sig	down	ENSG00000182934	SRPRA	0	0	1
C5_DOWN	C5 R-sig	down	ENSG00000183020	AP2A2	1	1	1
C5_DOWN	C5 R-sig	down	ENSG00000183023	SLC8A1	1	1	1
C5_DOWN	C5 R-sig	down	ENSG00000183098	GPC6	1	1	1
C5_DOWN	C5 R-sig	down	ENSG00000183160	TMEM119	1	1	1
C5_UP	C5 R-sig	up	ENSG00000183161	FANCF	1	1	1
C5_DOWN	C5 R-sig	down	ENSG00000183287	CCBE1	1	1	1
C5_DOWN	C5 R-sig	down	ENSG00000183479	TREX2	1	1	1
C5_DOWN	C5 R-sig	down	ENSG00000183495	EP400	1	1	1
C5_DOWN	C5 R-sig	down	ENSG00000183570	PCBP3	1	1	1
C5_DOWN	C5 R-sig	down	ENSG00000183580	FBXL7	1	1	1
C5_UP	C5 R-sig	up	ENSG00000183696	UPP1	1	1	1
C5_UP	C5 R-sig	up	ENSG00000183741	CBX6	1	1	1
C5_UP	C5 R-sig	up	ENSG00000183779	ZNF703	1	1	1
C5_DOWN	C5 R-sig	down	ENSG00000183856	IQGAP3	1	1	1
C5_DOWN	C5 R-sig	down	ENSG00000184014	DENND5A	1	1	1
C5_UP	C5 R-sig	up	ENSG00000184232	OAF	1	1	1
C5_UP	C5 R-sig	up	ENSG00000184254	ALDH1A3	1	1	1
C5_DOWN	C5 R-sig	down	ENSG00000184260	H2AC20	0	0	0
C5_DOWN	C5 R-sig	down	ENSG00000184270	H2AC21	0	0	0
C5_DOWN	C5 R-sig	down	ENSG00000184347	SLIT3	1	1	1
C5_DOWN	C5 R-sig	down	ENSG00000184349	EFNA5	1	1	1
C5_DOWN	C5 R-sig	down	ENSG00000184357	H1-5	0	0	0
C5_DOWN	C5 R-sig	down	ENSG00000184445	KNTC1	1	1	1
C5_UP	C5 R-sig	up	ENSG00000184481	FOXO4	1	1	1
C5_DOWN	C5 R-sig	down	ENSG00000184575	XPOT	1	1	1
C5_DOWN	C5 R-sig	down	ENSG00000184640	SEPTIN9	0	0	0
C5_UP	C5 R-sig	up	ENSG00000184677	ZBTB40	1	1	1
C5_DOWN	C5 R-sig	down	ENSG00000184678	H2BC21	0	0	0
C5_DOWN	C5 R-sig	down	ENSG00000184743	ATL3	1	1	1
C5_UP	C5 R-sig	up	ENSG00000184863	RBM33	1	1	1
C5_DOWN	C5 R-sig	down	ENSG00000184897	H1-10	0	0	0
C5_DOWN	C5 R-sig	down	ENSG00000184903	IMMP2L	1	1	1
C5_DOWN	C5 R-sig	down	ENSG00000185033	SEMA4B	1	1	1
C5_DOWN	C5 R-sig	down	ENSG00000185130	H2BC13	0	0	0
C5_DOWN	C5 R-sig	down	ENSG00000185189	NRBP2	1	1	1
C5_UP	C5 R-sig	up	ENSG00000185339	TCN2	1	1	1
C5_UP	C5 R-sig	up	ENSG00000185340	GAS2L1	1	1	1
C5_DOWN	C5 R-sig	down	ENSG00000185567	AHNAK2	1	1	1
C5_UP	C5 R-sig	up	ENSG00000185728	YTHDF3	1	1	1
C5_UP	C5 R-sig	up	ENSG00000185745	IFIT1	1	1	1
C5_UP	C5 R-sig	up	ENSG00000185800	DMWD	1	1	1
C5_UP	C5 R-sig	up	ENSG00000185896	LAMP1	1	1	1
C5_UP	C5 R-sig	up	ENSG00000185950	IRS2	1	1	1
C5_DOWN	C5 R-sig	down	ENSG00000186063	AIDA	1	1	1
C5_DOWN	C5 R-sig	down	ENSG00000186088	GSAP	0	1	1
C5_UP	C5 R-sig	up	ENSG00000186174	BCL9L	1	1	1
C5_DOWN	C5 R-sig	down	ENSG00000186364	NUDT17	1	1	1
C5_UP	C5 R-sig	up	ENSG00000186472	PCLO	1	1	1
C5_UP	C5 R-sig	up	ENSG00000186480	INSIG1	1	1	1
C5_UP	C5 R-sig	up	ENSG00000186577	SMIM29	0	0	0
C5_UP	C5 R-sig	up	ENSG00000186591	UBE2H	1	1	1
C5_UP	C5 R-sig	up	ENSG00000186594	MIR22HG	1	1	1
C5_UP	C5 R-sig	up	ENSG00000186834	HEXIM1	1	1	1
C5_DOWN	C5 R-sig	down	ENSG00000186918	ZNF395	1	1	1
C5_UP	C5 R-sig	up	ENSG00000187051	RPS19BP1	1	1	1
C5_DOWN	C5 R-sig	down	ENSG00000187109	NAP1L1	1	1	1
C5_DOWN	C5 R-sig	down	ENSG00000187134	AKR1C1	1	1	1
C5_DOWN	C5 R-sig	down	ENSG00000187634	SAMD11	1	1	1
C5_DOWN	C5 R-sig	down	ENSG00000187720	THSD4	1	1	1
C5_DOWN	C5 R-sig	down	ENSG00000187735	TCEA1	1	1	1
C5_DOWN	C5 R-sig	down	ENSG00000187741	FANCA	1	1	1
C5_DOWN	C5 R-sig	down	ENSG00000187837	H1-2	0	0	0
C5_DOWN	C5 R-sig	down	ENSG00000187838	PLSCR3	1	0	0
C5_DOWN	C5 R-sig	down	ENSG00000187840	EIF4EBP1	1	1	1
C5_UP	C5 R-sig	up	ENSG00000188042	ARL4C	1	1	1
C5_UP	C5 R-sig	up	ENSG00000188070	ZFTA	0	0	0
C5_DOWN	C5 R-sig	down	ENSG00000188157	AGRN	1	1	1
C5_UP	C5 R-sig	up	ENSG00000188167	TMPPE	1	1	1
C5_DOWN	C5 R-sig	down	ENSG00000188191	PRKAR1B	1	1	1
C5_UP	C5 R-sig	up	ENSG00000188211	NCR3LG1	1	1	1
C5_UP	C5 R-sig	up	ENSG00000188215	DCUN1D3	1	1	1
C5_UP	C5 R-sig	up	ENSG00000188295	ZNF669	1	1	1
C5_DOWN	C5 R-sig	down	ENSG00000188343	CIBAR1	0	0	0
C5_DOWN	C5 R-sig	down	ENSG00000188641	DPYD	1	1	1
C5_UP	C5 R-sig	up	ENSG00000188659	SAXO2	0	0	1
C5_UP	C5 R-sig	up	ENSG00000188786	MTF1	1	1	1
C5_DOWN	C5 R-sig	down	ENSG00000188846	RPL14	1	1	1
C5_UP	C5 R-sig	up	ENSG00000189014	SHLD2P3	0	0	0
C5_DOWN	C5 R-sig	down	ENSG00000189091	SF3B3	1	1	1
C5_UP	C5 R-sig	up	ENSG00000189223	PAX8-AS1	0	0	0
C5_UP	C5 R-sig	up	ENSG00000189241	TSPYL1	1	1	1
C5_DOWN	C5 R-sig	down	ENSG00000196139	AKR1C3	1	1	1
C5_DOWN	C5 R-sig	down	ENSG00000196159	FAT4	1	1	1
C5_DOWN	C5 R-sig	down	ENSG00000196230	TUBB	1	1	1
C5_UP	C5 R-sig	up	ENSG00000196235	SUPT5H	1	1	1
C5_UP	C5 R-sig	up	ENSG00000196262	PPIA	1	1	1
C5_DOWN	C5 R-sig	down	ENSG00000196305	IARS1	0	0	0
C5_DOWN	C5 R-sig	down	ENSG00000196365	LONP1	1	1	1
C5_DOWN	C5 R-sig	down	ENSG00000196367	TRRAP	1	1	1
C5_DOWN	C5 R-sig	down	ENSG00000196419	XRCC6	1	1	1
C5_UP	C5 R-sig	up	ENSG00000196453	ZNF777	1	1	1
C5_DOWN	C5 R-sig	down	ENSG00000196517	SLC6A9	1	1	1
C5_DOWN	C5 R-sig	down	ENSG00000196526	AFAP1	1	1	1
C5_DOWN	C5 R-sig	down	ENSG00000196549	MME	1	1	1
C5_DOWN	C5 R-sig	down	ENSG00000196659	IFT70B	0	0	0
C5_DOWN	C5 R-sig	down	ENSG00000196735	HLA-DQA1	1	1	1
C5_DOWN	C5 R-sig	down	ENSG00000196747	H2AC13	0	0	0
C5_DOWN	C5 R-sig	down	ENSG00000196787	H2AC11	0	0	0
C5_DOWN	C5 R-sig	down	ENSG00000196810	CTBP1-DT	0	0	0
C5_DOWN	C5 R-sig	down	ENSG00000196866	H2AC7	0	0	0
C5_UP	C5 R-sig	up	ENSG00000196878	LAMB3	1	1	1
C5_DOWN	C5 R-sig	down	ENSG00000196923	PDLIM7	1	1	1
C5_DOWN	C5 R-sig	down	ENSG00000196924	FLNA	1	1	1
C5_UP	C5 R-sig	up	ENSG00000196937	FAM3C	1	1	1
C5_UP	C5 R-sig	up	ENSG00000196950	SLC39A10	1	1	1
C5_DOWN	C5 R-sig	down	ENSG00000196961	AP2A1	1	1	1
C5_DOWN	C5 R-sig	down	ENSG00000196968	POFUT4	0	0	0
C5_UP	C5 R-sig	up	ENSG00000197024	ZNF398	1	1	1
C5_DOWN	C5 R-sig	down	ENSG00000197043	ANXA6	1	1	1
C5_DOWN	C5 R-sig	down	ENSG00000197061	H4C3	0	0	0
C5_UP	C5 R-sig	up	ENSG00000197063	MAFG	1	1	1
C5_DOWN	C5 R-sig	down	ENSG00000197153	H3C12	0	0	0
C5_UP	C5 R-sig	up	ENSG00000197180	ATP6AP1-DT	0	0	0
C5_UP	C5 R-sig	up	ENSG00000197191	CYSRT1	0	0	1
C5_DOWN	C5 R-sig	down	ENSG00000197358	BNIP3P1	0	0	0
C5_DOWN	C5 R-sig	down	ENSG00000197386	HTT	1	1	1
C5_DOWN	C5 R-sig	down	ENSG00000197409	H3C4	0	0	0
C5_DOWN	C5 R-sig	down	ENSG00000197415	VEPH1	1	1	1
C5_DOWN	C5 R-sig	down	ENSG00000197535	MYO5A	1	1	1
C5_DOWN	C5 R-sig	down	ENSG00000197594	ENPP1	1	1	1
C5_DOWN	C5 R-sig	down	ENSG00000197614	MFAP5	1	1	1
C5_UP	C5 R-sig	up	ENSG00000197622	CDC42SE1	1	1	1
C5_DOWN	C5 R-sig	down	ENSG00000197712	FAM114A1	1	1	1
C5_UP	C5 R-sig	up	ENSG00000197746	PSAP	1	1	1
C5_DOWN	C5 R-sig	down	ENSG00000197879	MYO1C	1	1	1
C5_DOWN	C5 R-sig	down	ENSG00000197903	H2BC12	0	0	0
C5_DOWN	C5 R-sig	down	ENSG00000197912	SPG7	1	1	1
C5_DOWN	C5 R-sig	down	ENSG00000197930	ERO1A	0	0	1
C5_UP	C5 R-sig	up	ENSG00000197956	S100A6	1	1	1
C5_UP	C5 R-sig	up	ENSG00000197961	ZNF121	1	1	1
C5_UP	C5 R-sig	up	ENSG00000197976	AKAP17A	1	1	1
C5_DOWN	C5 R-sig	down	ENSG00000198015	MRPL42	1	1	1
C5_UP	C5 R-sig	up	ENSG00000198018	ENTPD7	1	1	1
C5_DOWN	C5 R-sig	down	ENSG00000198034	RPS4X	1	1	1
C5_UP	C5 R-sig	up	ENSG00000198042	MAK16	1	1	1
C5_UP	C5 R-sig	up	ENSG00000198157	HMGN5	1	1	1
C5_UP	C5 R-sig	up	ENSG00000198160	MIER1	1	1	1
C5_UP	C5 R-sig	up	ENSG00000198189	HSD17B11	1	1	1
C5_UP	C5 R-sig	up	ENSG00000198331	HYLS1	1	1	1
C5_UP	C5 R-sig	up	ENSG00000198356	GET3	0	0	0
C5_DOWN	C5 R-sig	down	ENSG00000198363	ASPH	1	1	1
C5_UP	C5 R-sig	up	ENSG00000198369	SPRED2	1	1	1
C5_DOWN	C5 R-sig	down	ENSG00000198408	OGA	0	0	0
C5_UP	C5 R-sig	up	ENSG00000198467	TPM2	1	1	1
C5_UP	C5 R-sig	up	ENSG00000198492	YTHDF2	1	1	1
C5_DOWN	C5 R-sig	down	ENSG00000198554	WDHD1	1	1	1
C5_DOWN	C5 R-sig	down	ENSG00000198563	DDX39B	1	1	1
C5_UP	C5 R-sig	up	ENSG00000198576	ARC	1	1	1
C5_DOWN	C5 R-sig	down	ENSG00000198589	LRBA	1	1	1
C5_DOWN	C5 R-sig	down	ENSG00000198625	MDM4	1	1	1
C5_DOWN	C5 R-sig	down	ENSG00000198648	STK39	1	1	1
C5_DOWN	C5 R-sig	down	ENSG00000198668	CALM1	1	1	1
C5_DOWN	C5 R-sig	down	ENSG00000198707	CEP290	1	1	1
C5_DOWN	C5 R-sig	down	ENSG00000198721	ECI2	1	1	1
C5_UP	C5 R-sig	up	ENSG00000198728	LDB1	1	1	1
C5_DOWN	C5 R-sig	down	ENSG00000198752	CDC42BPB	1	1	1
C5_DOWN	C5 R-sig	down	ENSG00000198755	RPL10A	1	1	1
C5_DOWN	C5 R-sig	down	ENSG00000198768	APCDD1L	1	1	1
C5_DOWN	C5 R-sig	down	ENSG00000198793	MTOR	1	1	1
C5_DOWN	C5 R-sig	down	ENSG00000198796	ALPK2	1	1	1
C5_UP	C5 R-sig	up	ENSG00000198805	PNP	1	1	1
C5_UP	C5 R-sig	up	ENSG00000198843	SELENOT	0	0	0
C5_UP	C5 R-sig	up	ENSG00000198856	OSTC	1	1	1
C5_DOWN	C5 R-sig	down	ENSG00000198860	TSEN15	1	1	1
C5_DOWN	C5 R-sig	down	ENSG00000198862	LTN1	1	1	1
C5_UP	C5 R-sig	up	ENSG00000198900	TOP1	1	1	1
C5_DOWN	C5 R-sig	down	ENSG00000198925	ATG9A	1	1	1
C5_DOWN	C5 R-sig	down	ENSG00000198951	NAGA	1	1	1
C5_UP	C5 R-sig	up	ENSG00000198952	SMG5	1	1	1
C5_UP	C5 R-sig	up	ENSG00000198954	KIFBP	0	0	0
C5_DOWN	C5 R-sig	down	ENSG00000198961	PJA2	1	1	1
C5_UP	C5 R-sig	up	ENSG00000198964	SGMS1	1	1	1
C5_UP	C5 R-sig	up	ENSG00000200312	RN7SKP255	0	0	0
C5_UP	C5 R-sig	up	ENSG00000202198	7SK	0	0	0
C5_UP	C5 R-sig	up	ENSG00000203805	PLPP4	0	0	1
C5_DOWN	C5 R-sig	down	ENSG00000203811	H3C14	0	0	0
C5_DOWN	C5 R-sig	down	ENSG00000203814	H2BC18	0	0	0
C5_DOWN	C5 R-sig	down	ENSG00000204084	INPP5B	1	1	1
C5_UP	C5 R-sig	up	ENSG00000204120	GIGYF2	1	1	1
C5_DOWN	C5 R-sig	down	ENSG00000204217	BMPR2	1	1	1
C5_DOWN	C5 R-sig	down	ENSG00000204228	HSD17B8	1	1	1
C5_DOWN	C5 R-sig	down	ENSG00000204253	HNRNPCP2	0	0	0
C5_UP	C5 R-sig	up	ENSG00000204256	BRD2	1	1	1
C5_UP	C5 R-sig	up	ENSG00000204371	EHMT2	1	1	1
C5_UP	C5 R-sig	up	ENSG00000204386	NEU1	1	1	1
C5_UP	C5 R-sig	up	ENSG00000204388	HSPA1B	1	1	1
C5_DOWN	C5 R-sig	down	ENSG00000204394	VARS1	0	0	0
C5_DOWN	C5 R-sig	down	ENSG00000204406	MBD5	1	1	1
C5_DOWN	C5 R-sig	down	ENSG00000204469	PRRC2A	1	1	1
C5_DOWN	C5 R-sig	down	ENSG00000204536	CCHCR1	1	1	1
C5_UP	C5 R-sig	up	ENSG00000204569	PPP1R10	1	1	1
C5_UP	C5 R-sig	up	ENSG00000204574	ABCF1	1	1	1
C5_UP	C5 R-sig	up	ENSG00000204619	PPP1R11	1	1	1
C5_DOWN	C5 R-sig	down	ENSG00000204628	RACK1	0	0	0
C5_UP	C5 R-sig	up	ENSG00000204673	AKT1S1	1	1	1
C5_UP	C5 R-sig	up	ENSG00000205302	SNX2	1	1	1
C5_DOWN	C5 R-sig	down	ENSG00000205791	LOH12CR2	1	1	1
C5_UP	C5 R-sig	up	ENSG00000205903	ZNF316	0	0	1
C5_UP	C5 R-sig	up	ENSG00000206195	DUXAP8	0	0	0
C5_DOWN	C5 R-sig	down	ENSG00000206418	RAB12	1	1	1
C5_DOWN	C5 R-sig	down	ENSG00000206503	HLA-A	1	1	1
C5_UP	C5 R-sig	up	ENSG00000206652	RNU1-1	0	0	0
C5_UP	C5 R-sig	up	ENSG00000211455	STK38L	1	1	1
C5_DOWN	C5 R-sig	down	ENSG00000213068		0	0	0
C5_DOWN	C5 R-sig	down	ENSG00000213080		0	0	0
C5_UP	C5 R-sig	up	ENSG00000213144	PDAP1P1	0	0	0
C5_UP	C5 R-sig	up	ENSG00000213246	SUPT4H1	1	1	1
C5_DOWN	C5 R-sig	down	ENSG00000213281	NRAS	1	1	1
C5_UP	C5 R-sig	up	ENSG00000213463	SYNJ2BP	1	1	1
C5_DOWN	C5 R-sig	down	ENSG00000213585	VDAC1	1	1	1
C5_UP	C5 R-sig	up	ENSG00000213694	S1PR3	1	1	1
C5_DOWN	C5 R-sig	down	ENSG00000213763	ACTBP2	0	0	0
C5_DOWN	C5 R-sig	down	ENSG00000213977	TAX1BP3	1	1	1
C5_DOWN	C5 R-sig	down	ENSG00000214026	MRPL23	1	1	1
C5_UP	C5 R-sig	up	ENSG00000214160	ALG3	1	1	1
C5_UP	C5 R-sig	up	ENSG00000214265		0	0	0
C5_DOWN	C5 R-sig	down	ENSG00000214357	NEURL1B	1	1	1
C5_DOWN	C5 R-sig	down	ENSG00000214435	AS3MT	1	1	1
C5_DOWN	C5 R-sig	down	ENSG00000214753	HNRNPUL2	1	1	1
C5_DOWN	C5 R-sig	down	ENSG00000214756	CSKMT	0	0	0
C5_DOWN	C5 R-sig	down	ENSG00000215030	RPL13P12	0	0	0
C5_UP	C5 R-sig	up	ENSG00000215769	ARHGAP27P1-BPTFP1-KPNA2P3	0	0	0
C5_DOWN	C5 R-sig	down	ENSG00000215817	ZC3H11B	0	0	0
C5_UP	C5 R-sig	up	ENSG00000216490	IFI30	1	1	1
C5_UP	C5 R-sig	up	ENSG00000217128	FNIP1	1	1	1
C5_UP	C5 R-sig	up	ENSG00000218175		0	0	0
C5_DOWN	C5 R-sig	down	ENSG00000218336	TENM3	1	1	1
C5_DOWN	C5 R-sig	down	ENSG00000218510	LINC00339	1	1	1
C5_DOWN	C5 R-sig	down	ENSG00000221818	EBF2	1	1	1
C5_UP	C5 R-sig	up	ENSG00000221983	UBA52	1	1	1
C5_UP	C5 R-sig	up	ENSG00000223496	EXOSC6	1	1	1
C5_DOWN	C5 R-sig	down	ENSG00000223770	CACNA2D1-AS1	0	0	0
C5_UP	C5 R-sig	up	ENSG00000224470	ATXN1L	1	1	1
C5_DOWN	C5 R-sig	down	ENSG00000226328	NUP50-DT	0	0	0
C5_DOWN	C5 R-sig	down	ENSG00000226752	CUTALP	0	0	0
C5_DOWN	C5 R-sig	down	ENSG00000227471	AKR1B15	1	1	1
C5_DOWN	C5 R-sig	down	ENSG00000228716	DHFR	1	1	1
C5_DOWN	C5 R-sig	down	ENSG00000230257	NFE4	0	1	1
C5_DOWN	C5 R-sig	down	ENSG00000230417	LINC00856	1	1	1
C5_DOWN	C5 R-sig	down	ENSG00000231500	RPS18	1	1	1
C5_DOWN	C5 R-sig	down	ENSG00000233178		0	0	0
C5_DOWN	C5 R-sig	down	ENSG00000233491	CDHR17P	0	0	0
C5_DOWN	C5 R-sig	down	ENSG00000233822	H2BC15	0	0	0
C5_UP	C5 R-sig	up	ENSG00000234127	TRIM26	1	1	1
C5_DOWN	C5 R-sig	down	ENSG00000234520	HRAT17	0	0	1
C5_UP	C5 R-sig	up	ENSG00000234545	FAM133B	1	1	1
C5_DOWN	C5 R-sig	down	ENSG00000234616	JRK	1	0	1
C5_DOWN	C5 R-sig	down	ENSG00000234745	HLA-B	1	1	1
C5_DOWN	C5 R-sig	down	ENSG00000235674	LDHAP2	0	0	0
C5_DOWN	C5 R-sig	down	ENSG00000235706	DICER1-AS1	1	1	1
C5_DOWN	C5 R-sig	down	ENSG00000236104	ZBTB22	1	1	1
C5_DOWN	C5 R-sig	down	ENSG00000236144	TMEM147-AS1	0	0	1
C5_UP	C5 R-sig	up	ENSG00000236552	RPL13AP5	1	0	0
C5_DOWN	C5 R-sig	down	ENSG00000236824	BCYRN1	1	1	1
C5_DOWN	C5 R-sig	down	ENSG00000237172	B3GNT9	1	1	1
C5_UP	C5 R-sig	up	ENSG00000238132	GOLM2P1	0	0	0
C5_UP	C5 R-sig	up	ENSG00000238917	SNORD10	1	0	0
C5_DOWN	C5 R-sig	down	ENSG00000239264	TXNDC5	1	1	1
C5_UP	C5 R-sig	up	ENSG00000239305	RNF103	1	1	1
C5_DOWN	C5 R-sig	down	ENSG00000239830	RPS4XP22	0	0	0
C5_UP	C5 R-sig	up	ENSG00000239857	GET4	1	1	1
C5_UP	C5 R-sig	up	ENSG00000240184	PCDHGC3	1	1	1
C5_UP	C5 R-sig	up	ENSG00000240489	SETP14	0	0	0
C5_DOWN	C5 R-sig	down	ENSG00000241749	RPSAP52	1	0	0
C5_UP	C5 R-sig	up	ENSG00000241764	CBLL1-AS1	0	0	0
C5_UP	C5 R-sig	up	ENSG00000241839	PLEKHO2	1	1	1
C5_UP	C5 R-sig	up	ENSG00000241860		0	0	0
C5_UP	C5 R-sig	up	ENSG00000241945	PWP2	1	1	1
C5_DOWN	C5 R-sig	down	ENSG00000241973	PI4KA	1	1	1
C5_UP	C5 R-sig	up	ENSG00000242028	HYPK	1	1	1
C5_DOWN	C5 R-sig	down	ENSG00000242114	MTFP1	1	1	1
C5_UP	C5 R-sig	up	ENSG00000242802	AP5Z1	1	1	1
C5_UP	C5 R-sig	up	ENSG00000243071	RPL21P98	0	0	0
C5_DOWN	C5 R-sig	down	ENSG00000243156	MICAL3	1	1	1
C5_DOWN	C5 R-sig	down	ENSG00000243978	RTL9	0	0	0
C5_DOWN	C5 R-sig	down	ENSG00000244115	DNAJC25-GNG10	1	1	1
C5_DOWN	C5 R-sig	down	ENSG00000245526	MIR9-2HG	0	0	0
C5_UP	C5 R-sig	up	ENSG00000245532	NEAT1	1	1	1
C5_UP	C5 R-sig	up	ENSG00000247033		0	0	0
C5_DOWN	C5 R-sig	down	ENSG00000247095	MIR210HG	1	1	1
C5_UP	C5 R-sig	up	ENSG00000248008	NRAV	0	0	1
C5_DOWN	C5 R-sig	down	ENSG00000248098	BCKDHA	1	1	1
C5_UP	C5 R-sig	up	ENSG00000248593	DSTNP2	1	0	0
C5_DOWN	C5 R-sig	down	ENSG00000249306	LINC01411	0	0	1
C5_DOWN	C5 R-sig	down	ENSG00000249550	LINC01234	0	0	1
C5_UP	C5 R-sig	up	ENSG00000249915	PDCD6	1	1	1
C5_UP	C5 R-sig	up	ENSG00000250264		0	0	0
C5_UP	C5 R-sig	up	ENSG00000250510	GPR162	1	1	1
C5_UP	C5 R-sig	up	ENSG00000251562	MALAT1	1	1	1
C5_DOWN	C5 R-sig	down	ENSG00000251595	ABCA11P	1	0	0
C5_DOWN	C5 R-sig	down	ENSG00000251602	MTA1-DT	0	0	0
C5_DOWN	C5 R-sig	down	ENSG00000253729	PRKDC	1	1	1
C5_DOWN	C5 R-sig	down	ENSG00000253741	LNCOC1	0	0	0
C5_UP	C5 R-sig	up	ENSG00000253816	GUSBP14	0	0	0
C5_DOWN	C5 R-sig	down	ENSG00000253982	CLN8-AS1	0	0	0
C5_DOWN	C5 R-sig	down	ENSG00000254681	PKD1P5	0	0	0
C5_UP	C5 R-sig	up	ENSG00000254692		0	0	0
C5_DOWN	C5 R-sig	down	ENSG00000254772	EEF1G	1	1	1
C5_DOWN	C5 R-sig	down	ENSG00000255135	EMSY-DT	0	0	0
C5_UP	C5 R-sig	up	ENSG00000255224		0	0	0
C5_DOWN	C5 R-sig	down	ENSG00000255491		0	0	0
C5_DOWN	C5 R-sig	down	ENSG00000255874	PRECSIT	0	0	0
C5_DOWN	C5 R-sig	down	ENSG00000256043	CTSO	1	1	1
C5_UP	C5 R-sig	up	ENSG00000257267	ZNF271P	0	0	0
C5_DOWN	C5 R-sig	down	ENSG00000257315	ZBED6	1	1	1
C5_UP	C5 R-sig	up	ENSG00000257390		0	0	0
C5_UP	C5 R-sig	up	ENSG00000257621	PSMA3-AS1	0	0	1
C5_UP	C5 R-sig	up	ENSG00000258102	MAP1LC3B2	1	1	1
C5_UP	C5 R-sig	up	ENSG00000258289	CHURC1	1	1	1
C5_DOWN	C5 R-sig	down	ENSG00000258441	LINC00641	1	0	0
C5_UP	C5 R-sig	up	ENSG00000258526		0	0	0
C5_UP	C5 R-sig	up	ENSG00000258588	TRIM6-TRIM34	1	1	1
C5_UP	C5 R-sig	up	ENSG00000258644	SYNJ2BP-COX16	1	0	1
C5_UP	C5 R-sig	up	ENSG00000258655	ARHGAP5-AS1	1	1	1
C5_UP	C5 R-sig	up	ENSG00000258947	TUBB3	1	1	1
C5_UP	C5 R-sig	up	ENSG00000259001		0	0	0
C5_DOWN	C5 R-sig	down	ENSG00000259102	SMARCE1P3	0	0	0
C5_DOWN	C5 R-sig	down	ENSG00000259753		0	0	0
C5_DOWN	C5 R-sig	down	ENSG00000259768	ZFHX3-AS1	0	0	0
C5_DOWN	C5 R-sig	down	ENSG00000259976		0	0	0
C5_DOWN	C5 R-sig	down	ENSG00000260398		0	0	0
C5_DOWN	C5 R-sig	down	ENSG00000260578		0	0	0
C5_UP	C5 R-sig	up	ENSG00000260855		0	0	0
C5_DOWN	C5 R-sig	down	ENSG00000260917		0	0	0
C5_DOWN	C5 R-sig	down	ENSG00000261512		0	0	0
C5_UP	C5 R-sig	up	ENSG00000261915		0	0	0
C5_DOWN	C5 R-sig	down	ENSG00000262454	MIR193BHG	0	0	1
C5_DOWN	C5 R-sig	down	ENSG00000262814	MRPL12	1	1	1
C5_UP	C5 R-sig	up	ENSG00000263020		0	0	0
C5_DOWN	C5 R-sig	down	ENSG00000263244		0	0	0
C5_UP	C5 R-sig	up	ENSG00000264364	DYNLL2	1	1	1
C5_UP	C5 R-sig	up	ENSG00000264522	OTUD7B	1	1	1
C5_UP	C5 R-sig	up	ENSG00000265808	SEC22B	1	0	1
C5_DOWN	C5 R-sig	down	ENSG00000265972	TXNIP	1	1	1
C5_UP	C5 R-sig	up	ENSG00000266094	RASSF5	1	1	1
C5_UP	C5 R-sig	up	ENSG00000266412	NCOA4	1	1	1
C5_DOWN	C5 R-sig	down	ENSG00000267073		0	0	0
C5_DOWN	C5 R-sig	down	ENSG00000267120		0	0	0
C5_UP	C5 R-sig	up	ENSG00000267261		0	0	0
C5_UP	C5 R-sig	up	ENSG00000267519	MIR23AHG	0	0	0
C5_UP	C5 R-sig	up	ENSG00000267520		0	0	0
C5_UP	C5 R-sig	up	ENSG00000268043	NBPF12	0	1	1
C5_UP	C5 R-sig	up	ENSG00000268193		0	0	0
C5_DOWN	C5 R-sig	down	ENSG00000268941	LINC01711	0	0	0
C5_UP	C5 R-sig	up	ENSG00000269019	HOMER3-AS1	0	0	0
C5_UP	C5 R-sig	up	ENSG00000269343	ZNF587B	1	1	1
C5_UP	C5 R-sig	up	ENSG00000269858	EGLN2	1	1	1
C5_UP	C5 R-sig	up	ENSG00000269937		0	0	0
C5_UP	C5 R-sig	up	ENSG00000270181	BIVM-ERCC5	1	1	1
C5_UP	C5 R-sig	up	ENSG00000270316	BORCS7-ASMT	0	0	1
C5_DOWN	C5 R-sig	down	ENSG00000270866		0	0	0
C5_UP	C5 R-sig	up	ENSG00000271121	NUDT4P2	0	0	0
C5_DOWN	C5 R-sig	down	ENSG00000271383	NBPF19	0	0	1
C5_DOWN	C5 R-sig	down	ENSG00000271672	DUXAP8	0	0	0
C5_DOWN	C5 R-sig	down	ENSG00000272150	NBPF25P	0	0	0
C5_DOWN	C5 R-sig	down	ENSG00000272674	PCDHB16	1	1	1
C5_DOWN	C5 R-sig	down	ENSG00000272909		0	0	0
C5_DOWN	C5 R-sig	down	ENSG00000273217		0	0	0
C5_DOWN	C5 R-sig	down	ENSG00000273703	H2BC14	0	0	0
C5_DOWN	C5 R-sig	down	ENSG00000273749	CYFIP1	1	1	1
C5_DOWN	C5 R-sig	down	ENSG00000273784		0	0	0
C5_DOWN	C5 R-sig	down	ENSG00000273802	H2BC8	0	0	0
C5_DOWN	C5 R-sig	down	ENSG00000273983	H3C8	0	0	0
C5_UP	C5 R-sig	up	ENSG00000274012	RN7SL2	0	0	0
C5_UP	C5 R-sig	up	ENSG00000274266	SNORA73A	0	0	0
C5_DOWN	C5 R-sig	down	ENSG00000274276		0	0	0
C5_DOWN	C5 R-sig	down	ENSG00000274290	H2BC6	0	0	0
C5_DOWN	C5 R-sig	down	ENSG00000274641	H2BC17	0	0	0
C5_DOWN	C5 R-sig	down	ENSG00000274997	H2AC12	0	0	0
C5_DOWN	C5 R-sig	down	ENSG00000275126	H4C13	0	0	0
C5_DOWN	C5 R-sig	down	ENSG00000275131	PDE4DIPP2	0	0	0
C5_DOWN	C5 R-sig	down	ENSG00000275160	RPL7AP45	0	0	0
C5_DOWN	C5 R-sig	down	ENSG00000275221	H2AC15	0	0	0
C5_DOWN	C5 R-sig	down	ENSG00000275379	H3C11	0	0	0
C5_UP	C5 R-sig	up	ENSG00000275700	AATF	1	1	1
C5_DOWN	C5 R-sig	down	ENSG00000275713	H2BC9	0	0	0
C5_DOWN	C5 R-sig	down	ENSG00000275714	H3C1	0	0	0
C5_UP	C5 R-sig	up	ENSG00000275740	RBM27-POU4F3	0	0	0
C5_DOWN	C5 R-sig	down	ENSG00000275835	TUBGCP5	1	1	1
C5_UP	C5 R-sig	up	ENSG00000275882	IKBKGP1	0	0	0
C5_UP	C5 R-sig	up	ENSG00000276168	RN7SL1	0	0	0
C5_DOWN	C5 R-sig	down	ENSG00000276368	H2AC14	0	0	0
C5_DOWN	C5 R-sig	down	ENSG00000276410	H2BC3	0	0	0
C5_DOWN	C5 R-sig	down	ENSG00000276903	H2AC16	0	0	0
C5_DOWN	C5 R-sig	down	ENSG00000276966	H4C5	0	0	0
C5_DOWN	C5 R-sig	down	ENSG00000277075	H2AC8	0	0	0
C5_DOWN	C5 R-sig	down	ENSG00000277157	H4C4	0	0	0
C5_DOWN	C5 R-sig	down	ENSG00000277224	H2BC7	0	0	0
C5_DOWN	C5 R-sig	down	ENSG00000277443	MARCKS	1	1	1
C5_UP	C5 R-sig	up	ENSG00000277462	ZNF670	1	1	1
C5_DOWN	C5 R-sig	down	ENSG00000277775	H3C7	0	0	0
C5_DOWN	C5 R-sig	down	ENSG00000278463	H2AC4	0	0	0
C5_DOWN	C5 R-sig	down	ENSG00000278588	H2BC10	0	0	0
C5_DOWN	C5 R-sig	down	ENSG00000278677	H2AC17	0	0	0
C5_DOWN	C5 R-sig	down	ENSG00000278705	H4C2	0	0	0
C5_UP	C5 R-sig	up	ENSG00000278771	RN7SL3	0	0	0
C5_DOWN	C5 R-sig	down	ENSG00000279838		0	0	0
C5_DOWN	C5 R-sig	down	ENSG00000280120		0	0	0
C5_DOWN	C5 R-sig	down	ENSG00000280132		0	0	0
C5_UP	C5 R-sig	up	ENSG00000280498	SNORA16A	1	0	0
C5_DOWN	C5 R-sig	down	ENSG00000282278		0	0	0
C5_UP	C5 R-sig	up	ENSG00000284024	MSANTD7	0	0	0
C5_DOWN	C5 R-sig	down	ENSG00000285793	ANAPC1P2	0	0	0
C5_DOWN	C5 R-sig	down	ENSG00000285976		0	0	0
C5_DOWN	C5 R-sig	down	ENSG00000286112	KYAT1	0	0	0
C5_UP	C5 R-sig	up	ENSG00000286165		0	0	0
C5_DOWN	C5 R-sig	down	ENSG00000286522	H3C2	0	0	0
C5_DOWN	C5 R-sig	down	ENSG00000286825		0	0	0
C5_DOWN	C5 R-sig	down	ENSG00000287024		0	0	0
C5_DOWN	C5 R-sig	down	ENSG00000287080	H3C3	0	0	0
C5_UP	C5 R-sig	up	ENSG00000287542	HERC3	1	1	1
C5_DOWN	C5 R-sig	down	ENSG00000287774		0	0	0
C5_DOWN	C5 R-sig	down	ENSG00000288573		0	0	0
C5_DOWN	C5 R-sig	down	ENSG00000288701	PRRC2B	1	1	1
C5_UP	C5 R-sig	up	ENSG00000288725		0	0	0
C5_DOWN	C5 R-sig	down	ENSG00000288741		0	0	0
C5_DOWN	C5 R-sig	down	ENSG00000288825	H2AC18	0	0	0
C5_UP	C5 R-sig	up	ENSG00000289044		0	0	0
C5_DOWN	C5 R-sig	down	ENSG00000289275		0	0	0
C5_UP	C5 R-sig	up	ENSG00000289346		0	0	0
C5_DOWN	C5 R-sig	down	ENSG00000289502		0	0	0
C5_DOWN	C5 R-sig	down	ENSG00000289586		0	0	0
C5_UP	C5 R-sig	up	ENSG00000289685		0	0	0
C5_UP	C5 R-sig	up	ENSG00000290183		0	0	0
C5_UP	C5 R-sig	up	ENSG00000290893	PCDHB17P	0	0	0
C5_DOWN	C5 R-sig	down	ENSG00000291105		0	0	0
C5_DOWN	C5 R-sig	down	ENSG00000291149		0	0	0
C5_STABLE_DOWN	C5 stable	down	ENSG00000276903.2	H2AC16	0	0	0
C5_STABLE_DOWN	C5 stable	down	ENSG00000287080.2	H3C3	0	0	0
C5_STABLE_DOWN	C5 stable	down	ENSG00000070669.17	ASNS	1	1	1
C5_STABLE_DOWN	C5 stable	down	ENSG00000275713.3	H2BC9	0	0	0
C5_STABLE_DOWN	C5 stable	down	ENSG00000276368.2	H2AC14	0	0	0
C5_STABLE_DOWN	C5 stable	down	ENSG00000196866.3	H2AC7	0	0	0
C5_STABLE_UP	C5 stable	up	ENSG00000080824.19	HSP90AA1	1	1	1
C5_STABLE_DOWN	C5 stable	down	ENSG00000176171.12	BNIP3	1	1	1
C5_STABLE_DOWN	C5 stable	down	ENSG00000106105.15	GARS1	0	0	0
C5_STABLE_DOWN	C5 stable	down	ENSG00000253729.9	PRKDC	1	1	1
C5_STABLE_DOWN	C5 stable	down	ENSG00000120254.16	MTHFD1L	1	1	1
C5_STABLE_DOWN	C5 stable	down	ENSG00000187837.4	H1-2	0	0	0
C5_STABLE_DOWN	C5 stable	down	ENSG00000277224.3	H2BC7	0	0	0
C5_STABLE_DOWN	C5 stable	down	ENSG00000278588.2	H2BC10	0	0	0
C5_STABLE_DOWN	C5 stable	down	ENSG00000129038.16	LOXL1	1	1	1
C5_STABLE_DOWN	C5 stable	down	ENSG00000135069.14	PSAT1	1	1	1
C5_STABLE_DOWN	C5 stable	down	ENSG00000005884.18	ITGA3	1	1	1
C5_STABLE_UP	C5 stable	up	ENSG00000115963.14	RND3	1	1	1
C5_STABLE_DOWN	C5 stable	down	ENSG00000184357.5	H1-5	0	0	0
C5_STABLE_DOWN	C5 stable	down	ENSG00000165029.17	ABCA1	1	1	1
C5_STABLE_DOWN	C5 stable	down	ENSG00000277075.3	H2AC8	0	0	0
C5_STABLE_UP	C5 stable	up	ENSG00000113161.17	HMGCR	1	1	1
C5_STABLE_UP	C5 stable	up	ENSG00000112972.15	HMGCS1	1	1	1
C5_STABLE_UP	C5 stable	up	ENSG00000104549.12	SQLE	1	1	1
C5_STABLE_DOWN	C5 stable	down	ENSG00000274641.2	H2BC17	0	0	0
C5_STABLE_DOWN	C5 stable	down	ENSG00000111674.9	ENO2	1	1	1
C5_STABLE_DOWN	C5 stable	down	ENSG00000124635.9	H2BC11	0	0	0
C5_STABLE_DOWN	C5 stable	down	ENSG00000154646.9	TMPRSS15	1	1	1
C5_STABLE_DOWN	C5 stable	down	ENSG00000274997.2	H2AC12	0	0	0
C5_STABLE_DOWN	C5 stable	down	ENSG00000265972.6	TXNIP	1	1	1
C5_STABLE_UP	C5 stable	up	ENSG00000086061.16	DNAJA1	1	1	1
C5_STABLE_DOWN	C5 stable	down	ENSG00000124575.7	H1-3	0	0	0
C5_STABLE_DOWN	C5 stable	down	ENSG00000204628.12	RACK1	0	0	0
C5_STABLE_DOWN	C5 stable	down	ENSG00000185130.6	H2BC13	0	0	0
C5_STABLE_UP	C5 stable	up	ENSG00000100201.23	DDX17	1	1	1
C5_STABLE_DOWN	C5 stable	down	ENSG00000065911.13	MTHFD2	1	1	1
C5_STABLE_UP	C5 stable	up	ENSG00000151929.10	BAG3	1	1	1
C5_STABLE_DOWN	C5 stable	down	ENSG00000103257.9	SLC7A5	1	1	1
C5_STABLE_UP	C5 stable	up	ENSG00000109971.14	HSPA8	1	1	1
C5_STABLE_DOWN	C5 stable	down	ENSG00000074800.16	ENO1	1	1	1
C5_STABLE_DOWN	C5 stable	down	ENSG00000074410.14	CA12	1	1	1
C5_STABLE_UP	C5 stable	up	ENSG00000164951.16	PDP1	1	1	1
C5_STABLE_UP	C5 stable	up	ENSG00000135679.27	MDM2	1	1	1
C5_STABLE_DOWN	C5 stable	down	ENSG00000196961.13	AP2A1	1	1	1
C5_STABLE_UP	C5 stable	up	ENSG00000116133.13	DHCR24	1	1	1
C5_STABLE_DOWN	C5 stable	down	ENSG00000273983.2	H3C8	0	0	0
C5_STABLE_DOWN	C5 stable	down	ENSG00000180596.8	H2BC4	0	0	0
C5_STABLE_DOWN	C5 stable	down	ENSG00000120708.17	TGFBI	1	1	1
C5_STABLE_DOWN	C5 stable	down	ENSG00000134013.16	LOXL2	1	1	1
C5_STABLE_DOWN	C5 stable	down	ENSG00000286522.2	H3C2	0	0	0
C5_STABLE_DOWN	C5 stable	down	ENSG00000157613.11	CREB3L1	1	1	1
C5_STABLE_DOWN	C5 stable	down	ENSG00000134333.15	LDHA	1	1	1
C5_STABLE_DOWN	C5 stable	down	ENSG00000168209.6	DDIT4	1	1	1
C5_STABLE_DOWN	C5 stable	down	ENSG00000152256.14	PDK1	1	1	1
C5_STABLE_DOWN	C5 stable	down	ENSG00000186918.14	ZNF395	1	1	1
C5_STABLE_DOWN	C5 stable	down	ENSG00000114480.13	GBE1	1	1	1
C5_STABLE_DOWN	C5 stable	down	ENSG00000136628.18	EPRS1	0	0	0
C5_STABLE_DOWN	C5 stable	down	ENSG00000158373.9	H2BC5	0	0	0
C5_STABLE_DOWN	C5 stable	down	ENSG00000149179.14	CSTPP1	0	0	0
C5_STABLE_DOWN	C5 stable	down	ENSG00000173821.20	RNF213	1	1	1
C5_STABLE_DOWN	C5 stable	down	ENSG00000041982.17	TNC	1	1	1
C5_STABLE_DOWN	C5 stable	down	ENSG00000102144.15	PGK1	1	1	1
C5_STABLE_DOWN	C5 stable	down	ENSG00000278463.2	H2AC4	0	0	0
C5_STABLE_DOWN	C5 stable	down	ENSG00000049323.16	LTBP1	1	1	1
C5_STABLE_DOWN	C5 stable	down	ENSG00000162433.15	AK4	1	1	1
C5_STABLE_DOWN	C5 stable	down	ENSG00000091879.14	ANGPT2	1	1	1
C5_STABLE_DOWN	C5 stable	down	ENSG00000115414.21	FN1	1	1	1
C5_STABLE_DOWN	C5 stable	down	ENSG00000142798.20	HSPG2	1	1	1
C5_STABLE_DOWN	C5 stable	down	ENSG00000140525.20	FANCI	1	1	1
C5_STABLE_DOWN	C5 stable	down	ENSG00000198768.11	APCDD1L	1	1	1
C5_STABLE_DOWN	C5 stable	down	ENSG00000100101.15		0	0	0
C5_STABLE_DOWN	C5 stable	down	ENSG00000168298.7	H1-4	0	0	0
C5_STABLE_DOWN	C5 stable	down	ENSG00000196787.4	H2AC11	0	0	0
C5_STABLE_UP	C5 stable	up	ENSG00000064601.21	CTSA	1	1	1
C5_STABLE_DOWN	C5 stable	down	ENSG00000136068.16	FLNB	1	1	1
C5_STABLE_DOWN	C5 stable	down	ENSG00000196747.5	H2AC13	0	0	0
C5_STABLE_DOWN	C5 stable	down	ENSG00000141526.18	SLC16A3	1	1	1
C5_STABLE_DOWN	C5 stable	down	ENSG00000008710.20	PKD1	1	1	1
C5_STABLE_DOWN	C5 stable	down	ENSG00000109107.14	ALDOC	1	1	1
C5_STABLE_DOWN	C5 stable	down	ENSG00000134369.16	NAV1	1	1	1
C5_STABLE_DOWN	C5 stable	down	ENSG00000136010.14	ALDH1L2	1	1	1
C5_STABLE_UP	C5 stable	up	ENSG00000155368.18	DBI	1	1	1
C5_STABLE_UP	C5 stable	up	ENSG00000118785.15	SPP1	1	1	1
C5_STABLE_UP	C5 stable	up	ENSG00000079459.13	FDFT1	1	1	1
C5_STABLE_DOWN	C5 stable	down	ENSG00000136813.15	ECPAS	0	0	0
C5_STABLE_DOWN	C5 stable	down	ENSG00000137076.22	TLN1	1	1	1
C5_STABLE_UP	C5 stable	up	ENSG00000171617.15	ENC1	1	1	1
C5_STABLE_UP	C5 stable	up	ENSG00000217128.13	FNIP1	1	1	1
C5_STABLE_DOWN	C5 stable	down	ENSG00000120693.14	SMAD9	1	1	1
C5_STABLE_UP	C5 stable	up	ENSG00000003056.8	M6PR	1	1	1
C5_STABLE_DOWN	C5 stable	down	ENSG00000076003.5	MCM6	1	1	1
C5_STABLE_DOWN	C5 stable	down	ENSG00000124942.14	AHNAK	1	1	1
C5_STABLE_DOWN	C5 stable	down	ENSG00000003436.16	TFPI	1	1	1
C5_STABLE_DOWN	C5 stable	down	ENSG00000196159.14	FAT4	1	1	1
C5_STABLE_DOWN	C5 stable	down	ENSG00000203814.7	H2BC18	0	0	0
C5_STABLE_DOWN	C5 stable	down	ENSG00000276410.4	H2BC3	0	0	0
C5_STABLE_DOWN	C5 stable	down	ENSG00000197061.5	H4C3	0	0	0
C5_STABLE_UP	C5 stable	up	ENSG00000186480.13	INSIG1	1	1	1
C5_STABLE_DOWN	C5 stable	down	ENSG00000166147.15	FBN1	1	1	1
C5_STABLE_DOWN	C5 stable	down	ENSG00000159167.12	STC1	1	1	1
C5_STABLE_UP	C5 stable	up	ENSG00000127022.16	CANX	1	1	1
C5_STABLE_DOWN	C5 stable	down	ENSG00000107731.12	UNC5B	1	1	1
C5_STABLE_DOWN	C5 stable	down	ENSG00000103507.14	BCKDK	1	1	1
C5_STABLE_DOWN	C5 stable	down	ENSG00000108389.10	MTMR4	1	1	1
C5_STABLE_DOWN	C5 stable	down	ENSG00000065534.20	MYLK	1	1	1
C5_STABLE_UP	C5 stable	up	ENSG00000114030.13	KPNA1	1	1	1
C5_STABLE_DOWN	C5 stable	down	ENSG00000116641.18	DOCK7	1	1	1
C5_STABLE_DOWN	C5 stable	down	ENSG00000140450.9	ARRDC4	1	1	1
C5_STABLE_DOWN	C5 stable	down	ENSG00000277775.2	H3C7	0	0	0
C5_STABLE_DOWN	C5 stable	down	ENSG00000197153.5	H3C12	0	0	0
C5_STABLE_DOWN	C5 stable	down	ENSG00000196305.19	IARS1	0	0	0
C5_STABLE_DOWN	C5 stable	down	ENSG00000054654.20	SYNE2	1	1	1
C5_STABLE_UP	C5 stable	up	ENSG00000052802.13	MSMO1	1	1	1
C5_STABLE_DOWN	C5 stable	down	ENSG00000135862.6	LAMC1	1	1	1
C5_STABLE_DOWN	C5 stable	down	ENSG00000122966.17	CIT	1	1	1
C5_STABLE_UP	C5 stable	up	ENSG00000162413.17	KLHL21	1	1	1
C5_STABLE_DOWN	C5 stable	down	ENSG00000114268.12	PFKFB4	1	1	1
C5_STABLE_DOWN	C5 stable	down	ENSG00000196367.15	TRRAP	1	1	1
C5_STABLE_DOWN	C5 stable	down	ENSG00000115866.11	DARS1	0	0	0
C5_STABLE_DOWN	C5 stable	down	ENSG00000185567.7	AHNAK2	1	1	1
C5_STABLE_DOWN	C5 stable	down	ENSG00000163359.17	COL6A3	1	1	1
C5_STABLE_UP	C5 stable	up	ENSG00000013441.17	CLK1	1	1	1
C5_STABLE_UP	C5 stable	up	ENSG00000164171.11	ITGA2	1	1	1
C5_STABLE_UP	C5 stable	up	ENSG00000146112.12	PPP1R18	1	1	1
C5_STABLE_UP	C5 stable	up	ENSG00000110092.4	CCND1	1	1	1
C5_STABLE_DOWN	C5 stable	down	ENSG00000113389.16	NPR3	1	1	1
C5_STABLE_DOWN	C5 stable	down	ENSG00000184260.6	H2AC20	0	0	0
C5_STABLE_UP	C5 stable	up	ENSG00000127920.6	GNG11	1	1	1
C5_STABLE_UP	C5 stable	up	ENSG00000088986.11	DYNLL1	1	1	1
C5_STABLE_DOWN	C5 stable	down	ENSG00000277157.2	H4C4	0	0	0
C5_STABLE_UP	C5 stable	up	ENSG00000099290.17	WASHC2A	0	0	0
C5_STABLE_DOWN	C5 stable	down	ENSG00000233822.6	H2BC15	0	0	0
C5_STABLE_UP	C5 stable	up	ENSG00000204386.12	NEU1	1	1	1
C5_STABLE_DOWN	C5 stable	down	ENSG00000140945.17	CDH13	1	1	1
C5_STABLE_DOWN	C5 stable	down	ENSG00000128283.7	CDC42EP1	1	1	1
C5_STABLE_DOWN	C5 stable	down	ENSG00000117632.23	STMN1	1	1	1
C5_STABLE_DOWN	C5 stable	down	ENSG00000144749.14	LRIG1	1	1	1
C5_STABLE_DOWN	C5 stable	down	ENSG00000140718.21	FTO	1	1	1
C5_STABLE_UP	C5 stable	up	ENSG00000159335.18	PTMS	1	1	1
C5_STABLE_DOWN	C5 stable	down	ENSG00000060982.15	BCAT1	1	1	1
C5_STABLE_DOWN	C5 stable	down	ENSG00000107159.14	CA9	1	1	1
C5_STABLE_DOWN	C5 stable	down	ENSG00000166508.18	MCM7	1	1	1
C5_STABLE_UP	C5 stable	up	ENSG00000135535.17	CD164	1	1	1
C5_STABLE_DOWN	C5 stable	down	ENSG00000128050.9	PAICS	1	1	1
C5_STABLE_UP	C5 stable	up	ENSG00000251562.10	MALAT1	1	1	1
C5_STABLE_DOWN	C5 stable	down	ENSG00000075624.17	ACTB	1	1	1
C5_STABLE_UP	C5 stable	up	ENSG00000030582.18	GRN	1	1	1
C5_STABLE_DOWN	C5 stable	down	ENSG00000187735.15	TCEA1	1	1	1
C5_STABLE_DOWN	C5 stable	down	ENSG00000154229.12	PRKCA	1	1	1
C5_STABLE_DOWN	C5 stable	down	ENSG00000100243.22	CYB5R3	1	1	1
C5_STABLE_UP	C5 stable	up	ENSG00000031003.11	FAM13B	1	1	1
C5_STABLE_DOWN	C5 stable	down	ENSG00000278677.2	H2AC17	0	0	0
C5_STABLE_DOWN	C5 stable	down	ENSG00000166123.14	GPT2	1	1	1
C5_STABLE_DOWN	C5 stable	down	ENSG00000101752.13	MIB1	1	1	1
C5_STABLE_DOWN	C5 stable	down	ENSG00000163872.16	YEATS2	1	1	1
C5_STABLE_DOWN	C5 stable	down	ENSG00000248098.12	BCKDHA	1	1	1
C5_STABLE_DOWN	C5 stable	down	ENSG00000104964.15	TLE5	0	0	0
C5_STABLE_UP	C5 stable	up	ENSG00000134108.14	ARL8B	1	1	1
C5_STABLE_DOWN	C5 stable	down	ENSG00000108821.14	COL1A1	1	1	1
C5_STABLE_DOWN	C5 stable	down	ENSG00000197930.13	ERO1A	0	0	1
C5_STABLE_DOWN	C5 stable	down	ENSG00000165507.9	DEPP1	0	0	0
C5_STABLE_UP	C5 stable	up	ENSG00000103888.17	CEMIP	0	0	1
C5_STABLE_DOWN	C5 stable	down	ENSG00000087266.17	SH3BP2	1	1	1
C5_STABLE_DOWN	C5 stable	down	ENSG00000058668.16	ATP2B4	1	1	1
C5_STABLE_DOWN	C5 stable	down	ENSG00000198363.18	ASPH	1	1	1
C5_STABLE_DOWN	C5 stable	down	ENSG00000074181.9	NOTCH3	1	1	1
C5_STABLE_DOWN	C5 stable	down	ENSG00000065150.21	IPO5	1	1	1
C5_STABLE_DOWN	C5 stable	down	ENSG00000154654.15	NCAM2	1	1	1
C5_STABLE_UP	C5 stable	up	ENSG00000130164.14	LDLR	1	1	1
C5_STABLE_DOWN	C5 stable	down	ENSG00000150403.18	SLC9D1	0	0	0
C5_STABLE_DOWN	C5 stable	down	ENSG00000111669.15	TPI1	1	1	1
C5_STABLE_UP	C5 stable	up	ENSG00000198805.13	PNP	1	1	1
C5_STABLE_DOWN	C5 stable	down	ENSG00000004399.13	PLXND1	1	1	1
C5_STABLE_DOWN	C5 stable	down	ENSG00000144218.21	AFF3	1	1	1
C5_STABLE_DOWN	C5 stable	down	ENSG00000276966.3	H4C5	0	0	0
C5_STABLE_UP	C5 stable	up	ENSG00000144136.11	SLC20A1	1	1	1
C5_STABLE_DOWN	C5 stable	down	ENSG00000147852.17	VLDLR	1	1	1
C5_STABLE_DOWN	C5 stable	down	ENSG00000089597.18	GANAB	1	1	1
C5_STABLE_DOWN	C5 stable	down	ENSG00000198589.15	LRBA	1	1	1
C5_STABLE_UP	C5 stable	up	ENSG00000120875.9	DUSP4	1	1	1
C5_STABLE_DOWN	C5 stable	down	ENSG00000105976.16	MET	1	1	1
C5_STABLE_DOWN	C5 stable	down	ENSG00000140105.18	WARS1	0	0	0
C5_STABLE_UP	C5 stable	up	ENSG00000067064.13	IDI1	1	1	1
C5_STABLE_DOWN	C5 stable	down	ENSG00000124610.5	H1-1	0	0	0
C5_STABLE_DOWN	C5 stable	down	ENSG00000162430.18	SELENON	0	0	0
C5_STABLE_DOWN	C5 stable	down	ENSG00000079739.17	PGM1	1	1	1
C5_STABLE_UP	C5 stable	up	ENSG00000166900.17	STX3	1	1	1
C5_STABLE_UP	C5 stable	up	ENSG00000133935.7	ERG28	0	0	0
C5_STABLE_DOWN	C5 stable	down	ENSG00000142173.17	COL6A2	1	1	1
C5_STABLE_DOWN	C5 stable	down	ENSG00000104419.17	NDRG1	1	1	1
C5_STABLE_UP	C5 stable	up	ENSG00000110768.12	GTF2H1	1	1	1
C5_STABLE_DOWN	C5 stable	down	ENSG00000047849.22	MAP4	1	1	1
C5_STABLE_DOWN	C5 stable	down	ENSG00000182054.10	IDH2	1	1	1
C5_STABLE_DOWN	C5 stable	down	ENSG00000116183.11	PAPPA2	1	1	1
C5_STABLE_DOWN	C5 stable	down	ENSG00000197879.17	MYO1C	1	1	1
C5_STABLE_UP	C5 stable	up	ENSG00000143479.18	DYRK3	1	1	1
C5_STABLE_DOWN	C5 stable	down	ENSG00000067057.19	PFKP	1	1	1
C5_STABLE_DOWN	C5 stable	down	ENSG00000117394.24	SLC2A1	1	1	1
C5_STABLE_UP	C5 stable	up	ENSG00000124762.14	CDKN1A	1	1	1
C5_STABLE_UP	C5 stable	up	ENSG00000120694.20	HSPH1	1	1	1
C5_STABLE_UP	C5 stable	up	ENSG00000165502.7	RPL36AL	1	1	1
C5_STABLE_UP	C5 stable	up	ENSG00000166033.13	HTRA1	1	1	1
C5_STABLE_UP	C5 stable	up	ENSG00000108256.9	NUFIP2	1	1	1
C5_STABLE_DOWN	C5 stable	down	ENSG00000146648.21	EGFR	1	1	1
C5_STABLE_DOWN	C5 stable	down	ENSG00000197903.8	H2BC12	0	0	0
C5_STABLE_UP	C5 stable	up	ENSG00000101871.17	MID1	1	1	1
C5_STABLE_UP	C5 stable	up	ENSG00000204388.7	HSPA1B	1	1	1
C5_STABLE_DOWN	C5 stable	down	ENSG00000100714.18	MTHFD1	1	1	1
C5_STABLE_DOWN	C5 stable	down	ENSG00000086062.13	B4GALT1	1	1	1
C5_STABLE_UP	C5 stable	up	ENSG00000186174.13	BCL9L	1	1	1
C5_STABLE_DOWN	C5 stable	down	ENSG00000131389.18	SLC6A6	1	1	1
C5_STABLE_UP	C5 stable	up	ENSG00000134352.21	IL6ST	1	1	1
C5_STABLE_DOWN	C5 stable	down	ENSG00000184014.9	DENND5A	1	1	1
C5_STABLE_UP	C5 stable	up	ENSG00000177628.16	GBA1	0	0	0
C5_STABLE_DOWN	C5 stable	down	ENSG00000187741.16	FANCA	1	1	1
C5_STABLE_UP	C5 stable	up	ENSG00000160213.9	CSTB	1	1	1
C5_STABLE_DOWN	C5 stable	down	ENSG00000197535.16	MYO5A	1	1	1
C5_STABLE_DOWN	C5 stable	down	ENSG00000101057.16	MYBL2	1	1	1
C5_STABLE_UP	C5 stable	up	ENSG00000182551.14	ADI1	1	1	1
C5_STABLE_DOWN	C5 stable	down	ENSG00000150093.20	ITGB1	1	1	1
C5_STABLE_UP	C5 stable	up	ENSG00000196235.14	SUPT5H	1	1	1
C5_STABLE_UP	C5 stable	up	ENSG00000132522.16	GPS2	1	1	1
C5_STABLE_DOWN	C5 stable	down	ENSG00000204469.13	PRRC2A	1	1	1
C5_STABLE_UP	C5 stable	up	ENSG00000122861.16	PLAU	1	1	1
C5_STABLE_DOWN	C5 stable	down	ENSG00000101868.13	POLA1	1	1	1
C5_STABLE_DOWN	C5 stable	down	ENSG00000113369.9	ARRDC3	1	1	1
C5_STABLE_DOWN	C5 stable	down	ENSG00000142733.18	MAP3K6	1	1	1
C5_STABLE_DOWN	C5 stable	down	ENSG00000112144.16	CILK1	0	0	0
C5_STABLE_DOWN	C5 stable	down	ENSG00000139514.13	SLC7A1	1	1	1
C5_STABLE_UP	C5 stable	up	ENSG00000138459.9	SLC35A5	1	1	1
C5_STABLE_DOWN	C5 stable	down	ENSG00000105835.13	NAMPT	1	1	1
C5_STABLE_UP	C5 stable	up	ENSG00000137575.12	SDCBP	1	1	1
C5_STABLE_DOWN	C5 stable	down	ENSG00000094916.16	CBX5	1	1	1
C5_STABLE_DOWN	C5 stable	down	ENSG00000151012.13	SLC7A11	1	1	1
C5_STABLE_DOWN	C5 stable	down	ENSG00000123416.15	TUBA1B	1	1	1
C5_STABLE_UP	C5 stable	up	ENSG00000070961.17	ATP2B1	1	1	1
C5_STABLE_DOWN	C5 stable	down	ENSG00000184640.20	SEPTIN9	0	0	0
C5_STABLE_UP	C5 stable	up	ENSG00000092068.21	SLC7A8	1	1	1
C5_STABLE_DOWN	C5 stable	down	ENSG00000112715.26	VEGFA	1	1	1
C5_STABLE_DOWN	C5 stable	down	ENSG00000164754.16	RAD21	1	1	1
C5_STABLE_UP	C5 stable	up	ENSG00000181222.19	POLR2A	1	1	1
C5_STABLE_DOWN	C5 stable	down	ENSG00000175115.13	PACS1	1	1	1
C5_STABLE_DOWN	C5 stable	down	ENSG00000148773.14	MKI67	1	1	1
C5_STABLE_DOWN	C5 stable	down	ENSG00000114353.17	GNAI2	1	1	1
C5_STABLE_UP	C5 stable	up	ENSG00000087086.15	FTL	1	1	1
C5_STABLE_DOWN	C5 stable	down	ENSG00000067992.17	PDK3	1	1	1
C5_STABLE_DOWN	C5 stable	down	ENSG00000112902.12	SEMA5A	1	1	1
C5_STABLE_DOWN	C5 stable	down	ENSG00000273802.3	H2BC8	0	0	0
C5_STABLE_DOWN	C5 stable	down	ENSG00000038382.23	TRIO	1	1	1
C5_STABLE_UP	C5 stable	up	ENSG00000100796.18	PPP4R3A	0	0	1
C5_STABLE_DOWN	C5 stable	down	ENSG00000137831.15	UACA	1	1	1
C5_STABLE_DOWN	C5 stable	down	ENSG00000187840.5	EIF4EBP1	1	1	1
C5_STABLE_UP	C5 stable	up	ENSG00000138166.6	DUSP5	1	1	1
C5_STABLE_UP	C5 stable	up	ENSG00000113742.14	CPEB4	1	1	1
C5_STABLE_DOWN	C5 stable	down	ENSG00000197386.14	HTT	1	1	1
C5_STABLE_DOWN	C5 stable	down	ENSG00000142208.18	AKT1	1	1	1
C5_STABLE_DOWN	C5 stable	down	ENSG00000160200.18	CBS	1	1	1
C5_STABLE_DOWN	C5 stable	down	ENSG00000116199.12	FAM20B	1	1	1
C5_STABLE_DOWN	C5 stable	down	ENSG00000090863.12	GLG1	1	1	1
C5_STABLE_DOWN	C5 stable	down	ENSG00000171314.9	PGAM1	1	1	1
C5_STABLE_DOWN	C5 stable	down	ENSG00000169189.17	NSMCE1	1	1	1
C5_STABLE_DOWN	C5 stable	down	ENSG00000183020.15	AP2A2	1	1	1
C5_STABLE_DOWN	C5 stable	down	ENSG00000182718.18	ANXA2	1	1	1
C5_STABLE_UP	C5 stable	up	ENSG00000111412.6	SPRING1	0	0	0
C5_STABLE_DOWN	C5 stable	down	ENSG00000134684.13	YARS1	0	0	0
C5_STABLE_UP	C5 stable	up	ENSG00000128590.5	DNAJB9	1	1	1
C5_STABLE_DOWN	C5 stable	down	ENSG00000178035.13	IMPDH2	1	1	1
C5_STABLE_UP	C5 stable	up	ENSG00000116954.8	RRAGC	1	1	1
C5_STABLE_DOWN	C5 stable	down	ENSG00000049239.13	H6PD	1	1	1
C5_STABLE_DOWN	C5 stable	down	ENSG00000273749.5	CYFIP1	1	1	1
C5_STABLE_DOWN	C5 stable	down	ENSG00000198668.14	CALM1	1	1	1
C5_STABLE_DOWN	C5 stable	down	ENSG00000163171.8	CDC42EP3	1	1	1
C5_STABLE_DOWN	C5 stable	down	ENSG00000112029.10	FBXO5	1	1	1
C5_STABLE_UP	C5 stable	up	ENSG00000173545.5	ZNF622	1	1	1
C5_STABLE_UP	C5 stable	up	ENSG00000141232.5	TOB1	1	1	1
C5_STABLE_DOWN	C5 stable	down	ENSG00000275379.2	H3C11	0	0	0
C5_STABLE_DOWN	C5 stable	down	ENSG00000196924.19	FLNA	1	1	1
C5_STABLE_DOWN	C5 stable	down	ENSG00000006534.17	ALDH3B1	1	1	1
C5_STABLE_DOWN	C5 stable	down	ENSG00000105426.19	PTPRS	1	1	1
C5_STABLE_DOWN	C5 stable	down	ENSG00000100994.12	PYGB	1	1	1
C5_STABLE_DOWN	C5 stable	down	ENSG00000103335.22	PIEZO1	1	1	1
C5_STABLE_UP	C5 stable	up	ENSG00000084073.10	ZMPSTE24	1	1	1
C5_STABLE_DOWN	C5 stable	down	ENSG00000170471.15	RALGAPB	1	1	1
C5_STABLE_UP	C5 stable	up	ENSG00000103855.18	CD276	1	1	1
C5_STABLE_DOWN	C5 stable	down	ENSG00000172939.9	OXSR1	1	1	1
C5_STABLE_DOWN	C5 stable	down	ENSG00000146674.16	IGFBP3	1	1	1
C5_STABLE_UP	C5 stable	up	ENSG00000184254.17	ALDH1A3	1	1	1
C5_STABLE_UP	C5 stable	up	ENSG00000119707.14	RBM25	1	1	1
C5_STABLE_DOWN	C5 stable	down	ENSG00000234745.14	HLA-B	1	1	1
C5_STABLE_UP	C5 stable	up	ENSG00000173812.11	EIF1	1	1	1
C5_STABLE_DOWN	C5 stable	down	ENSG00000167377.19	ZNF23	1	1	1
C5_STABLE_DOWN	C5 stable	down	ENSG00000119681.12	LTBP2	1	1	1
C5_STABLE_DOWN	C5 stable	down	ENSG00000100644.17	HIF1A	1	1	1
C5_STABLE_DOWN	C5 stable	down	ENSG00000134247.10	PTGFRN	1	1	1
C5_STABLE_UP	C5 stable	up	ENSG00000124225.16	PMEPA1	1	1	1
C5_STABLE_DOWN	C5 stable	down	ENSG00000178031.18	ADAMTSL1	1	1	1
C5_STABLE_DOWN	C5 stable	down	ENSG00000026025.16	VIM	1	1	1
C5_STABLE_DOWN	C5 stable	down	ENSG00000092470.12	WDR76	1	1	1
C5_STABLE_UP	C5 stable	up	ENSG00000115524.17	SF3B1	1	1	1
C5_STABLE_DOWN	C5 stable	down	ENSG00000174231.18	PRPF8	1	1	1
C5_STABLE_DOWN	C5 stable	down	ENSG00000274290.3	H2BC6	0	0	0
C5_STABLE_DOWN	C5 stable	down	ENSG00000138119.17	MYOF	1	1	1
C5_STABLE_DOWN	C5 stable	down	ENSG00000254772.10	EEF1G	1	1	1
C5_STABLE_DOWN	C5 stable	down	ENSG00000004660.15	CAMKK1	1	1	1
C5_STABLE_UP	C5 stable	up	ENSG00000100836.11	PABPN1	1	1	1
C5_STABLE_UP	C5 stable	up	ENSG00000183696.14	UPP1	1	1	1
C5_STABLE_DOWN	C5 stable	down	ENSG00000090861.17	AARS1	0	0	0
C5_STABLE_DOWN	C5 stable	down	ENSG00000144642.22	RBMS3	1	1	1
C5_STABLE_UP	C5 stable	up	ENSG00000198900.7	TOP1	1	1	1
C5_STABLE_DOWN	C5 stable	down	ENSG00000128510.12	CPA4	1	1	1
C5_STABLE_DOWN	C5 stable	down	ENSG00000130635.17	COL5A1	1	1	1
C5_STABLE_UP	C5 stable	up	ENSG00000167378.10	IRGQ	1	1	1
C5_STABLE_UP	C5 stable	up	ENSG00000109606.13	DHX15	1	1	1
C5_STABLE_UP	C5 stable	up	ENSG00000149806.11	FAU	1	1	1
C5_STABLE_UP	C5 stable	up	ENSG00000038427.16	VCAN	1	1	1
C5_STABLE_UP	C5 stable	up	ENSG00000172071.15	EIF2AK3	1	1	1
C5_STABLE_DOWN	C5 stable	down	ENSG00000162733.19	DDR2	1	1	1
C5_STABLE_DOWN	C5 stable	down	ENSG00000083444.17	PLOD1	1	1	1
C5_STABLE_UP	C5 stable	up	ENSG00000163728.11	TTC14	1	1	1
C5_STABLE_DOWN	C5 stable	down	ENSG00000174564.13	IL20RB	1	1	1
C5_STABLE_UP	C5 stable	up	ENSG00000160785.14	SLC25A44	1	1	1
C5_STABLE_UP	C5 stable	up	ENSG00000141458.13	NPC1	1	1	1
C5_STABLE_DOWN	C5 stable	down	ENSG00000101444.13	AHCY	1	1	1
C5_STABLE_DOWN	C5 stable	down	ENSG00000144320.14	LNPK	0	0	0
C5_STABLE_DOWN	C5 stable	down	ENSG00000116984.15	MTR	1	1	1
C5_STABLE_DOWN	C5 stable	down	ENSG00000140740.11	UQCRC2	1	1	1
C5_STABLE_DOWN	C5 stable	down	ENSG00000110427.17	KIAA1549L	1	1	1
C5_STABLE_UP	C5 stable	up	ENSG00000179041.4	RRS1	1	1	1
C5_STABLE_DOWN	C5 stable	down	ENSG00000075213.11	SEMA3A	1	1	1
C5_STABLE_DOWN	C5 stable	down	ENSG00000151914.22	DST	1	1	1
C5_STABLE_UP	C5 stable	up	ENSG00000117877.11	POLR1G	0	0	0
C5_STABLE_DOWN	C5 stable	down	ENSG00000128731.18	HERC2	1	1	1
C5_STABLE_DOWN	C5 stable	down	ENSG00000100889.12	PCK2	1	1	1
C5_STABLE_DOWN	C5 stable	down	ENSG00000218336.9	TENM3	1	1	1
C5_STABLE_UP	C5 stable	up	ENSG00000197961.12	ZNF121	1	1	1
C5_STABLE_DOWN	C5 stable	down	ENSG00000071242.12	RPS6KA2	1	1	1
C5_STABLE_DOWN	C5 stable	down	ENSG00000196419.13	XRCC6	1	1	1
C5_STABLE_DOWN	C5 stable	down	ENSG00000104812.15	GYS1	1	1	1
C5_STABLE_DOWN	C5 stable	down	ENSG00000089053.13	ANAPC5	1	1	1
C5_STABLE_DOWN	C5 stable	down	ENSG00000118922.19	KLF12	1	1	1
C5_STABLE_DOWN	C5 stable	down	ENSG00000150593.18	PDCD4	1	1	1
C5_STABLE_DOWN	C5 stable	down	ENSG00000102317.18	RBM3	1	1	1
C5_STABLE_DOWN	C5 stable	down	ENSG00000135842.17	NIBAN1	0	0	0
C5_STABLE_DOWN	C5 stable	down	ENSG00000273703.2	H2BC14	0	0	0
C5_STABLE_UP	C5 stable	up	ENSG00000071054.17	MAP4K4	1	1	1
C5_STABLE_UP	C5 stable	up	ENSG00000136003.16	ISCU	1	1	1
C5_STABLE_UP	C5 stable	up	ENSG00000058262.11	SEC61A1	1	1	1
C5_STABLE_DOWN	C5 stable	down	ENSG00000139734.19	DIAPH3	1	1	1
C5_STABLE_DOWN	C5 stable	down	ENSG00000066933.16	MYO9A	1	1	1
C5_STABLE_DOWN	C5 stable	down	ENSG00000101938.15	CHRDL1	1	1	1
C5_STABLE_UP	C5 stable	up	ENSG00000147383.11	NSDHL	1	1	1
C5_STABLE_UP	C5 stable	up	ENSG00000174695.10	TMEM167A	1	1	1
C5_STABLE_UP	C5 stable	up	ENSG00000041353.10	RAB27B	1	1	1
C5_STABLE_DOWN	C5 stable	down	ENSG00000165280.18	VCP	1	1	1
C5_STABLE_UP	C5 stable	up	ENSG00000157654.19	PALM2AKAP2	0	0	0
C5_STABLE_UP	C5 stable	up	ENSG00000060339.14	CCAR1	1	1	1
C5_STABLE_DOWN	C5 stable	down	ENSG00000275714.2	H3C1	0	0	0
C5_STABLE_DOWN	C5 stable	down	ENSG00000152642.11	GPD1L	1	1	1
C5_STABLE_DOWN	C5 stable	down	ENSG00000184270.6	H2AC21	0	0	0
C5_STABLE_DOWN	C5 stable	down	ENSG00000145687.17	SSBP2	1	1	1
C5_STABLE_DOWN	C5 stable	down	ENSG00000146729.10	NIPSNAP2	0	0	0
C5_STABLE_DOWN	C5 stable	down	ENSG00000130638.17	ATXN10	1	1	1
C5_STABLE_DOWN	C5 stable	down	ENSG00000091436.17	MAP3K20	0	0	0
C5_STABLE_DOWN	C5 stable	down	ENSG00000100504.17	PYGL	1	1	1
C5_STABLE_DOWN	C5 stable	down	ENSG00000160796.18	NBEAL2	1	1	1
C5_STABLE_DOWN	C5 stable	down	ENSG00000157168.21	NRG1	1	1	1
C5_STABLE_UP	C5 stable	up	ENSG00000057252.13	SOAT1	1	1	1
C5_STABLE_DOWN	C5 stable	down	ENSG00000103222.20	ABCC1	1	1	1
C5_STABLE_UP	C5 stable	up	ENSG00000142396.11	ERVK3-1	0	0	1
C5_STABLE_DOWN	C5 stable	down	ENSG00000174444.15	RPL4	1	1	1
C5_STABLE_UP	C5 stable	up	ENSG00000172840.7	PDP2	1	1	1
C5_STABLE_DOWN	C5 stable	down	ENSG00000163913.14	IFT122	1	1	1
C5_STABLE_UP	C5 stable	up	ENSG00000120549.19	KIAA1217	1	1	1
C5_STABLE_UP	C5 stable	up	ENSG00000124201.15	ZNFX1	1	1	1
C5_STABLE_DOWN	C5 stable	down	ENSG00000114554.12	PLXNA1	1	1	1
C5_STABLE_UP	C5 stable	up	ENSG00000105825.14	TFPI2	1	1	1
C5_STABLE_DOWN	C5 stable	down	ENSG00000164929.17	BAALC	1	1	1
C5_STABLE_DOWN	C5 stable	down	ENSG00000122870.12	BICC1	1	1	1
C5_STABLE_UP	C5 stable	up	ENSG00000105993.15	DNAJB6	1	1	1
C5_STABLE_UP	C5 stable	up	ENSG00000274012.1	RN7SL2	0	0	0
C5_STABLE_DOWN	C5 stable	down	ENSG00000156011.18	PSD3	1	1	1
C5_STABLE_DOWN	C5 stable	down	ENSG00000104884.17	ERCC2	1	1	1
C5_STABLE_DOWN	C5 stable	down	ENSG00000155897.10	ADCY8	1	1	1
C5_STABLE_UP	C5 stable	up	ENSG00000123983.15	ACSL3	1	1	1
C5_STABLE_DOWN	C5 stable	down	ENSG00000122406.14	RPL5	1	1	1
C5_STABLE_DOWN	C5 stable	down	ENSG00000119950.21	MXI1	1	1	1
C5_STABLE_DOWN	C5 stable	down	ENSG00000065060.18	BLTP3A	0	0	0
C5_STABLE_DOWN	C5 stable	down	ENSG00000113083.15	LOX	1	1	1
C5_STABLE_DOWN	C5 stable	down	ENSG00000087245.13	MMP2	1	1	1
C5_STABLE_DOWN	C5 stable	down	ENSG00000236824.2	BCYRN1	1	1	1
C5_STABLE_DOWN	C5 stable	down	ENSG00000093009.11	CDC45	1	1	1
C5_STABLE_DOWN	C5 stable	down	ENSG00000167601.12	AXL	1	1	1
C5_STABLE_UP	C5 stable	up	ENSG00000001630.18	CYP51A1	1	1	1
C5_STABLE_DOWN	C5 stable	down	ENSG00000172340.15	SUCLG2	1	1	1
C5_STABLE_DOWN	C5 stable	down	ENSG00000147459.18	DOCK5	1	1	1
C5_STABLE_DOWN	C5 stable	down	ENSG00000115365.13	LANCL1	1	1	1
C5_STABLE_DOWN	C5 stable	down	ENSG00000228716.7	DHFR	1	1	1
C5_STABLE_DOWN	C5 stable	down	ENSG00000104331.9	BPNT2	0	0	0
C5_STABLE_DOWN	C5 stable	down	ENSG00000096063.16	SRPK1	1	1	1
C5_STABLE_UP	C5 stable	up	ENSG00000198952.8	SMG5	1	1	1
C5_STABLE_UP	C5 stable	up	ENSG00000186591.13	UBE2H	1	1	1
C5_STABLE_DOWN	C5 stable	down	ENSG00000180530.11	NRIP1	1	1	1
C5_STABLE_DOWN	C5 stable	down	ENSG00000161638.11	ITGA5	1	1	1
C5_STABLE_UP	C5 stable	up	ENSG00000136888.8	ATP6V1G1	1	1	1
C5_STABLE_DOWN	C5 stable	down	ENSG00000104765.16	BNIP3L	1	1	1
C5_STABLE_UP	C5 stable	up	ENSG00000091527.17	CDV3	1	1	1
C5_STABLE_UP	C5 stable	up	ENSG00000100591.8	AHSA1	1	1	1
C5_STABLE_UP	C5 stable	up	ENSG00000185728.17	YTHDF3	1	1	1
C5_STABLE_UP	C5 stable	up	ENSG00000223496.3	EXOSC6	1	1	1
C5_STABLE_UP	C5 stable	up	ENSG00000084652.16	TXLNA	1	1	1
C5_STABLE_UP	C5 stable	up	ENSG00000198356.12	GET3	0	0	0
C5_STABLE_UP	C5 stable	up	ENSG00000107581.13	EIF3A	1	1	1
C5_STABLE_UP	C5 stable	up	ENSG00000187051.9	RPS19BP1	1	1	1
C5_STABLE_UP	C5 stable	up	ENSG00000123505.19	AMD1	1	1	1
C5_STABLE_DOWN	C5 stable	down	ENSG00000167291.16	TBC1D16	1	1	1
C5_STABLE_DOWN	C5 stable	down	ENSG00000099917.17	MED15	1	1	1
C5_STABLE_DOWN	C5 stable	down	ENSG00000114023.16	FAM162A	1	1	1
C5_STABLE_DOWN	C5 stable	down	ENSG00000018625.15	ATP1A2	1	1	1
C5_STABLE_UP	C5 stable	up	ENSG00000198157.11	HMGN5	1	1	1
C5_STABLE_DOWN	C5 stable	down	ENSG00000135686.13	KLHL36	1	1	1
C5_STABLE_DOWN	C5 stable	down	ENSG00000128567.17	PODXL	1	1	1
C5_STABLE_DOWN	C5 stable	down	ENSG00000130640.15	TUBGCP2	1	1	1
C5_STABLE_DOWN	C5 stable	down	ENSG00000123384.14	LRP1	1	1	1
C5_STABLE_UP	C5 stable	up	ENSG00000122378.14	PRXL2A	0	0	0
C5_STABLE_UP	C5 stable	up	ENSG00000156875.14	SLC71A1	0	0	0
C5_STABLE_UP	C5 stable	up	ENSG00000143384.14	MCL1	1	1	1
C5_STABLE_DOWN	C5 stable	down	ENSG00000104889.7	RNASEH2A	1	1	1
C5_STABLE_DOWN	C5 stable	down	ENSG00000176014.13	TUBB6	1	1	1
C5_STABLE_DOWN	C5 stable	down	ENSG00000166986.15	MARS1	0	0	0
C5_STABLE_DOWN	C5 stable	down	ENSG00000100316.16	RPL3	1	1	1
C5_STABLE_DOWN	C5 stable	down	ENSG00000068438.15	FTSJ1	1	1	1
C5_STABLE_UP	C5 stable	up	ENSG00000133789.15	SWAP70	1	1	1
C5_STABLE_DOWN	C5 stable	down	ENSG00000048828.18	FAM120A	1	1	1
C5_STABLE_DOWN	C5 stable	down	ENSG00000159399.10	HK2	1	1	1
C5_STABLE_DOWN	C5 stable	down	ENSG00000173575.24	CHD2	1	1	1
C5_STABLE_DOWN	C5 stable	down	ENSG00000008441.19	NFIX	1	1	1
C5_STABLE_DOWN	C5 stable	down	ENSG00000184575.12	XPOT	1	1	1
C5_STABLE_UP	C5 stable	up	ENSG00000050820.17	BCAR1	1	1	1
C5_STABLE_DOWN	C5 stable	down	ENSG00000234616.9	JRK	1	0	1
C5_STABLE_UP	C5 stable	up	ENSG00000096384.20	HSP90AB1	1	1	1
C5_STABLE_DOWN	C5 stable	down	ENSG00000151150.22	ANK3	1	1	1
C5_STABLE_DOWN	C5 stable	down	ENSG00000086758.17	HUWE1	1	1	1
C5_STABLE_DOWN	C5 stable	down	ENSG00000146263.12	MMS22L	1	1	1
C5_STABLE_UP	C5 stable	up	ENSG00000166016.6	ABTB2	1	1	1
C5_STABLE_UP	C5 stable	up	ENSG00000165886.5	UBTD1	1	1	1
C5_STABLE_DOWN	C5 stable	down	ENSG00000167325.15	RRM1	1	1	1
C5_STABLE_UP	C5 stable	up	ENSG00000087074.9	PPP1R15A	1	1	1
C5_STABLE_DOWN	C5 stable	down	ENSG00000161970.15	RPL26	1	1	1
C5_STABLE_DOWN	C5 stable	down	ENSG00000071794.16	HLTF	1	1	1
C5_STABLE_DOWN	C5 stable	down	ENSG00000085788.14	DDHD2	1	1	1
C5_STABLE_DOWN	C5 stable	down	ENSG00000092621.13	PHGDH	1	1	1
C5_STABLE_DOWN	C5 stable	down	ENSG00000139433.11	GLTP	1	1	1
C5_STABLE_UP	C5 stable	up	ENSG00000183779.7	ZNF703	1	1	1
C5_STABLE_DOWN	C5 stable	down	ENSG00000249306.7	LINC01411	0	0	1
C5_STABLE_DOWN	C5 stable	down	ENSG00000183098.11	GPC6	1	1	1
C5_STABLE_DOWN	C5 stable	down	ENSG00000184897.7	H1-10	0	0	0
C5_STABLE_UP	C5 stable	up	ENSG00000186834.4	HEXIM1	1	1	1
C5_STABLE_UP	C5 stable	up	ENSG00000139977.14	NAA30	1	1	1
C5_STABLE_UP	C5 stable	up	ENSG00000113263.14	ITK	1	1	1
C5_STABLE_DOWN	C5 stable	down	ENSG00000048707.15	VPS13D	1	1	1
C5_STABLE_UP	C5 stable	up	ENSG00000245532.11	NEAT1	1	1	1
C5_STABLE_UP	C5 stable	up	ENSG00000165632.9	TAF3	1	1	1
C5_STABLE_DOWN	C5 stable	down	ENSG00000167900.12	TK1	1	1	1
C5_STABLE_UP	C5 stable	up	ENSG00000122705.18	CLTA	1	1	1
C5_STABLE_UP	C5 stable	up	ENSG00000134057.15	CCNB1	1	1	1
C5_STABLE_DOWN	C5 stable	down	ENSG00000151779.14	NBAS	1	1	1
C5_STABLE_DOWN	C5 stable	down	ENSG00000176678.6	FOXL1	1	1	1
C5_STABLE_DOWN	C5 stable	down	ENSG00000065882.18	TBC1D1	1	1	1
C5_STABLE_UP	C5 stable	up	ENSG00000163870.16	TPRA1	1	1	1
C5_STABLE_UP	C5 stable	up	ENSG00000164889.15	SLC4A2	1	1	1
C5_STABLE_DOWN	C5 stable	down	ENSG00000137310.13	TCF19	1	1	1
C5_STABLE_DOWN	C5 stable	down	ENSG00000148303.17	RPL7A	1	1	1
C5_STABLE_UP	C5 stable	up	ENSG00000172216.6	CEBPB	1	1	1
C5_STABLE_UP	C5 stable	up	ENSG00000147416.11	ATP6V1B2	1	1	1
C5_STABLE_DOWN	C5 stable	down	ENSG00000158406.6	H4C8	0	0	0
C5_STABLE_DOWN	C5 stable	down	ENSG00000005810.20	MYCBP2	1	1	1
C5_STABLE_DOWN	C5 stable	down	ENSG00000143847.16	PPFIA4	1	1	1
C5_STABLE_DOWN	C5 stable	down	ENSG00000079805.19	DNM2	1	1	1
C5_STABLE_DOWN	C5 stable	down	ENSG00000185189.18	NRBP2	1	1	1
C5_STABLE_DOWN	C5 stable	down	ENSG00000213585.11	VDAC1	1	1	1
C5_STABLE_UP	C5 stable	up	ENSG00000172893.18	DHCR7	1	1	1
C5_STABLE_DOWN	C5 stable	down	ENSG00000126457.22	PRMT1	1	1	1
C5_STABLE_DOWN	C5 stable	down	ENSG00000149925.22	ALDOA	1	1	1
C5_STABLE_DOWN	C5 stable	down	ENSG00000090339.9	ICAM1	1	1	1
C5_STABLE_DOWN	C5 stable	down	ENSG00000129116.20	PALLD	1	1	1
C5_STABLE_DOWN	C5 stable	down	ENSG00000107796.13	ACTA2	1	1	1
C5_STABLE_DOWN	C5 stable	down	ENSG00000100979.15	PLTP	1	1	1
C5_STABLE_UP	C5 stable	up	ENSG00000136802.12	LRRC8A	1	1	1
C5_STABLE_DOWN	C5 stable	down	ENSG00000157985.20	AGAP1	1	1	1
C5_STABLE_DOWN	C5 stable	down	ENSG00000169855.21	ROBO1	1	1	1
C5_STABLE_DOWN	C5 stable	down	ENSG00000106948.17	AKNA	1	1	1
C5_STABLE_DOWN	C5 stable	down	ENSG00000090006.18	LTBP4	1	1	1
C5_STABLE_UP	C5 stable	up	ENSG00000107372.13	ZFAND5	1	1	1
C5_STABLE_DOWN	C5 stable	down	ENSG00000157106.18	SMG1	1	1	1
C5_STABLE_DOWN	C5 stable	down	ENSG00000171862.14	PTEN	1	1	1
C5_STABLE_DOWN	C5 stable	down	ENSG00000178802.18	MPI	1	1	1
C5_STABLE_UP	C5 stable	up	ENSG00000184481.17	FOXO4	1	1	1
C5_STABLE_DOWN	C5 stable	down	ENSG00000152952.14	PLOD2	1	1	1
C5_STABLE_UP	C5 stable	up	ENSG00000177311.12	ZBTB38	1	1	1
C5_STABLE_UP	C5 stable	up	ENSG00000133872.14	SARAF	0	0	1
C5_STABLE_DOWN	C5 stable	down	ENSG00000130821.17	SLC6A8	1	1	1
C5_STABLE_UP	C5 stable	up	ENSG00000169155.10	ZBTB43	1	1	1
C5_STABLE_DOWN	C5 stable	down	ENSG00000105953.16	OGDH	1	1	1
C5_STABLE_DOWN	C5 stable	down	ENSG00000138182.15	KIF20B	1	1	1
C5_STABLE_DOWN	C5 stable	down	ENSG00000145730.21	PAM	1	1	1
C5_STABLE_DOWN	C5 stable	down	ENSG00000110619.18	CARS1	0	0	0
C5_STABLE_DOWN	C5 stable	down	ENSG00000002746.15	HECW1	1	1	1
C5_STABLE_UP	C5 stable	up	ENSG00000170088.14	TMEM192	1	1	1
C5_STABLE_DOWN	C5 stable	down	ENSG00000072310.18	SREBF1	1	1	1
C5_STABLE_DOWN	C5 stable	down	ENSG00000109685.19	NSD2	0	0	0
C5_STABLE_DOWN	C5 stable	down	ENSG00000153930.13	ANKFN1	1	1	1
C5_STABLE_DOWN	C5 stable	down	ENSG00000183287.15	CCBE1	1	1	1
C5_STABLE_DOWN	C5 stable	down	ENSG00000084754.12	HADHA	1	1	1
C5_STABLE_DOWN	C5 stable	down	ENSG00000146197.9	SCUBE3	1	1	1
C5_STABLE_UP	C5 stable	up	ENSG00000100413.17	POLR3H	1	1	1
C5_STABLE_UP	C5 stable	up	ENSG00000156976.17	EIF4A2	1	1	1
C5_STABLE_UP	C5 stable	up	ENSG00000011422.12	PLAUR	1	1	1
C5_STABLE_UP	C5 stable	up	ENSG00000121039.10	RDH10	1	1	1
C5_STABLE_UP	C5 stable	up	ENSG00000159720.13	ATP6V0D1	1	1	1
C5_STABLE_DOWN	C5 stable	down	ENSG00000075702.19	WDR62	1	1	1
C5_STABLE_UP	C5 stable	up	ENSG00000241764.5	CBLL1-AS1	0	0	0
C5_STABLE_DOWN	C5 stable	down	ENSG00000131747.15	TOP2A	1	1	1
C5_STABLE_DOWN	C5 stable	down	ENSG00000183495.15	EP400	1	1	1
C5_STABLE_DOWN	C5 stable	down	ENSG00000135452.10	TSPAN31	1	1	1
C5_STABLE_DOWN	C5 stable	down	ENSG00000101346.15	POFUT1	1	1	1
C5_STABLE_DOWN	C5 stable	down	ENSG00000188846.14	RPL14	1	1	1
C5_STABLE_UP	C5 stable	up	ENSG00000105058.12	FAM32A	1	1	1
C5_STABLE_DOWN	C5 stable	down	ENSG00000122971.9	ACADS	1	1	1
C5_STABLE_UP	C5 stable	up	ENSG00000161011.20	SQSTM1	1	1	1
C5_STABLE_DOWN	C5 stable	down	ENSG00000177694.16	NAALADL2	1	1	1
C5_STABLE_UP	C5 stable	up	ENSG00000172667.11	ZMAT3	1	1	1
C5_STABLE_DOWN	C5 stable	down	ENSG00000134138.22	MEIS2	1	1	1
C5_STABLE_UP	C5 stable	up	ENSG00000196262.15	PPIA	1	1	1
C5_STABLE_UP	C5 stable	up	ENSG00000113732.9	ATP6V0E1	1	1	1
C5_STABLE_UP	C5 stable	up	ENSG00000157933.11	SKI	1	1	1
C5_STABLE_UP	C5 stable	up	ENSG00000204120.16	GIGYF2	1	1	1
C5_STABLE_DOWN	C5 stable	down	ENSG00000163815.6	CLEC3B	1	1	1
C5_STABLE_DOWN	C5 stable	down	ENSG00000161996.19	WDR90	1	1	1
C5_STABLE_UP	C5 stable	up	ENSG00000204673.11	AKT1S1	1	1	1
C5_STABLE_DOWN	C5 stable	down	ENSG00000077514.9	POLD3	1	1	1
C5_STABLE_UP	C5 stable	up	ENSG00000103549.22	RNF40	1	1	1
C5_STABLE_UP	C5 stable	up	ENSG00000171208.10	NETO2	1	1	1
C5_STABLE_DOWN	C5 stable	down	ENSG00000198796.7	ALPK2	1	1	1
C5_STABLE_DOWN	C5 stable	down	ENSG00000121774.18	KHDRBS1	1	1	1
C5_STABLE_DOWN	C5 stable	down	ENSG00000066279.19	ASPM	1	1	1
C5_STABLE_UP	C5 stable	up	ENSG00000116560.12	SFPQ	1	1	1
C5_STABLE_DOWN	C5 stable	down	ENSG00000178202.14	POGLUT3	0	0	0
C5_STABLE_UP	C5 stable	up	ENSG00000125037.13	EMC3	1	1	1
C5_STABLE_DOWN	C5 stable	down	ENSG00000096433.11	ITPR3	1	1	1
C5_STABLE_DOWN	C5 stable	down	ENSG00000105281.12	SLC1A5	1	1	1
C5_STABLE_DOWN	C5 stable	down	ENSG00000140939.15	NOL3	1	1	1
C5_STABLE_DOWN	C5 stable	down	ENSG00000072062.16	PRKACA	1	1	1
C5_STABLE_DOWN	C5 stable	down	ENSG00000120896.14	SORBS3	1	1	1
C5_STABLE_DOWN	C5 stable	down	ENSG00000062822.16	POLD1	1	1	1
C5_STABLE_DOWN	C5 stable	down	ENSG00000164692.19	COL1A2	1	1	1
C5_STABLE_UP	C5 stable	up	ENSG00000105855.10	ITGB8	1	1	1
C5_STABLE_DOWN	C5 stable	down	ENSG00000177084.19	POLE	1	1	1
C5_STABLE_UP	C5 stable	up	ENSG00000185950.9	IRS2	1	1	1
C5_STABLE_DOWN	C5 stable	down	ENSG00000277443.3	MARCKS	1	1	1
C5_STABLE_DOWN	C5 stable	down	ENSG00000112297.18	CRYBG1	0	0	0
C5_STABLE_UP	C5 stable	up	ENSG00000065526.13	SPEN	1	1	1
C5_STABLE_UP	C5 stable	up	ENSG00000109819.9	PPARGC1A	1	1	1
C5_STABLE_DOWN	C5 stable	down	ENSG00000165802.23	NSMF	1	1	1
C5_STABLE_UP	C5 stable	up	ENSG00000162734.13	PEA15	1	1	1
C5_STABLE_UP	C5 stable	up	ENSG00000120705.13	ETF1	1	1	1
C5_STABLE_DOWN	C5 stable	down	ENSG00000183160.9	TMEM119	1	1	1
C5_STABLE_UP	C5 stable	up	ENSG00000213463.5	SYNJ2BP	1	1	1
C5_STABLE_DOWN	C5 stable	down	ENSG00000091986.16	CCDC80	1	1	1
C5_STABLE_UP	C5 stable	up	ENSG00000103018.18	CYB5B	1	1	1
C5_STABLE_UP	C5 stable	up	ENSG00000204569.10	PPP1R10	1	1	1
C5_STABLE_DOWN	C5 stable	down	ENSG00000117298.16	ECE1	1	1	1
C5_STABLE_DOWN	C5 stable	down	ENSG00000144810.16	COL8A1	1	1	1
C5_STABLE_DOWN	C5 stable	down	ENSG00000119408.17	NEK6	1	1	1
C5_STABLE_DOWN	C5 stable	down	ENSG00000166750.10	SLFN5	1	1	1
C5_STABLE_DOWN	C5 stable	down	ENSG00000183856.11	IQGAP3	1	1	1
C5_STABLE_UP	C5 stable	up	ENSG00000115053.17	NUCLEOLIN	0	0	0
C5_STABLE_DOWN	C5 stable	down	ENSG00000157064.11	NMNAT2	1	1	1
C5_STABLE_DOWN	C5 stable	down	ENSG00000189091.13	SF3B3	1	1	1
C5_STABLE_UP	C5 stable	up	ENSG00000056097.16	ZFR	1	1	1
C5_STABLE_DOWN	C5 stable	down	ENSG00000134954.14	ETS1	1	1	1
C5_STABLE_UP	C5 stable	up	ENSG00000181472.5	ZBTB2	1	1	1
C5_STABLE_DOWN	C5 stable	down	ENSG00000100403.12	ZC3H7B	1	1	1
C5_STABLE_UP	C5 stable	up	ENSG00000140941.14	MAP1LC3B	1	1	1
C5_STABLE_DOWN	C5 stable	down	ENSG00000026559.14	KCNG1	1	1	1
C5_STABLE_UP	C5 stable	up	ENSG00000132471.12	WBP2	1	1	1
C5_STABLE_DOWN	C5 stable	down	ENSG00000141252.21	VPS53	1	1	1
C5_STABLE_UP	C5 stable	up	ENSG00000202198.1	7SK	0	0	0
C5_STABLE_UP	C5 stable	up	ENSG00000118855.21	MFSD1	1	1	1
C5_STABLE_DOWN	C5 stable	down	ENSG00000069275.13	NUCKS1	1	1	1
C5_STABLE_DOWN	C5 stable	down	ENSG00000005022.6	SLC25A5	1	1	1
C5_STABLE_DOWN	C5 stable	down	ENSG00000272674.4	PCDHB16	1	1	1
C5_STABLE_DOWN	C5 stable	down	ENSG00000163634.12	THOC7	1	1	1
C5_STABLE_DOWN	C5 stable	down	ENSG00000112118.20	MCM3	1	1	1
C5_STABLE_UP	C5 stable	up	ENSG00000090432.7	MUL1	1	1	1
C5_STABLE_DOWN	C5 stable	down	ENSG00000145431.11	PDGFC	1	1	1
C5_STABLE_DOWN	C5 stable	down	ENSG00000163682.17	RPL9	1	1	1
C5_STABLE_DOWN	C5 stable	down	ENSG00000150938.10	CRIM1	1	1	1
C5_STABLE_DOWN	C5 stable	down	ENSG00000100097.12	LGALS1	1	1	1
C5_STABLE_DOWN	C5 stable	down	ENSG00000247095.5	MIR210HG	1	1	1
C5_STABLE_DOWN	C5 stable	down	ENSG00000198925.12	ATG9A	1	1	1
C5_STABLE_UP	C5 stable	up	ENSG00000269343.9	ZNF587B	1	1	1
C5_STABLE_UP	C5 stable	up	ENSG00000276168.1	RN7SL1	0	0	0
C5_STABLE_UP	C5 stable	up	ENSG00000164619.10	BMPER	1	1	1
C5_STABLE_DOWN	C5 stable	down	ENSG00000142156.16	COL6A1	1	1	1
C5_STABLE_DOWN	C5 stable	down	ENSG00000107957.17	SH3PXD2A	1	1	1
C5_STABLE_UP	C5 stable	up	ENSG00000134324.12	LPIN1	1	1	1
C5_STABLE_UP	C5 stable	up	ENSG00000117523.18	PRRC2C	1	1	1
C5_STABLE_DOWN	C5 stable	down	ENSG00000179222.18	MAGED1	1	1	1
C5_STABLE_UP	C5 stable	up	ENSG00000117984.15	CTSD	1	1	1
C5_STABLE_UP	C5 stable	up	ENSG00000069849.11	ATP1B3	1	1	1
C5_STABLE_DOWN	C5 stable	down	ENSG00000116285.13	ERRFI1	1	1	1
C5_STABLE_DOWN	C5 stable	down	ENSG00000131876.18	SNRPA1	1	1	1
C5_STABLE_UP	C5 stable	up	ENSG00000129347.21	KRI1	1	1	1
C5_STABLE_DOWN	C5 stable	down	ENSG00000196549.13	MME	1	1	1
C5_STABLE_UP	C5 stable	up	ENSG00000150551.11	LYPD1	1	1	1
C5_STABLE_DOWN	C5 stable	down	ENSG00000139613.12	SMARCC2	1	1	1
C5_STABLE_UP	C5 stable	up	ENSG00000023902.14	PLEKHO1	1	1	1
C5_STABLE_UP	C5 stable	up	ENSG00000111641.12	NOP2	1	1	1
C5_STABLE_DOWN	C5 stable	down	ENSG00000111450.15	STX2	1	1	1
C5_STABLE_UP	C5 stable	up	ENSG00000166025.18	AMOTL1	1	1	1
C5_STABLE_DOWN	C5 stable	down	ENSG00000113719.17	ERGIC1	1	1	1
C5_STABLE_UP	C5 stable	up	ENSG00000242028.8	HYPK	1	1	1
C5_STABLE_DOWN	C5 stable	down	ENSG00000091542.9	ALKBH5	1	1	1
C5_STABLE_UP	C5 stable	up	ENSG00000128340.16	RAC2	1	1	1
C5_STABLE_DOWN	C5 stable	down	ENSG00000067704.10	IARS2	1	1	1
C5_STABLE_DOWN	C5 stable	down	ENSG00000136960.13	ENPP2	1	1	1
C5_STABLE_DOWN	C5 stable	down	ENSG00000258441.1	LINC00641	1	0	0
C5_STABLE_UP	C5 stable	up	ENSG00000116741.8	RGS2	1	1	1
C5_STABLE_UP	C5 stable	up	ENSG00000164111.15	ANXA5	1	1	1
C5_STABLE_DOWN	C5 stable	down	ENSG00000133243.10	BTBD2	1	1	1
C5_STABLE_UP	C5 stable	up	ENSG00000105298.14	CACTIN	1	1	1
C5_STABLE_DOWN	C5 stable	down	ENSG00000131899.12	LLGL1	1	1	1
C5_STABLE_UP	C5 stable	up	ENSG00000144674.19	GOLGA4	1	1	1
C5_STABLE_DOWN	C5 stable	down	ENSG00000076770.16	MBNL3	1	1	1
C5_STABLE_DOWN	C5 stable	down	ENSG00000064961.19	HMG20B	1	1	1
C5_STABLE_DOWN	C5 stable	down	ENSG00000125148.7	MT2A	1	1	1
C5_STABLE_DOWN	C5 stable	down	ENSG00000119938.9	PPP1R3C	1	1	1
C5_STABLE_UP	C5 stable	up	ENSG00000138678.11	GPAT3	0	0	1
C5_STABLE_UP	C5 stable	up	ENSG00000204256.14	BRD2	1	1	1
C5_STABLE_DOWN	C5 stable	down	ENSG00000139842.15	CUL4A	1	1	1
C5_STABLE_UP	C5 stable	up	ENSG00000168610.16	STAT3	1	1	1
C5_STABLE_DOWN	C5 stable	down	ENSG00000166897.16	ELFN2	1	1	1
C5_STABLE_DOWN	C5 stable	down	ENSG00000149090.13	PAMR1	1	1	1
C5_STABLE_UP	C5 stable	up	ENSG00000124766.7	SOX4	1	1	1
C5_STABLE_UP	C5 stable	up	ENSG00000148082.10	SHC3	1	1	1
C5_STABLE_DOWN	C5 stable	down	ENSG00000006125.18	AP2B1	1	1	1
C5_STABLE_UP	C5 stable	up	ENSG00000170606.16	HSPA4	1	1	1
C5_STABLE_UP	C5 stable	up	ENSG00000182149.21	IST1	1	1	1
C5_STABLE_UP	C5 stable	up	ENSG00000154803.13	FLCN	1	1	1
C5_STABLE_DOWN	C5 stable	down	ENSG00000184678.11	H2BC21	0	0	0
C5_STABLE_DOWN	C5 stable	down	ENSG00000076513.17	ANKRD13A	1	1	1
C5_STABLE_DOWN	C5 stable	down	ENSG00000170921.16	TANC2	1	1	1
C5_STABLE_UP	C5 stable	up	ENSG00000255224.2		0	0	0
C5_STABLE_UP	C5 stable	up	ENSG00000122591.13	HYCC1	0	0	0
C5_STABLE_DOWN	C5 stable	down	ENSG00000177453.7	NIM1K	0	1	1
C5_STABLE_UP	C5 stable	up	ENSG00000110047.18	EHD1	1	1	1
C5_STABLE_DOWN	C5 stable	down	ENSG00000154175.18	ABI3BP	1	1	1
C5_STABLE_DOWN	C5 stable	down	ENSG00000145362.21	ANK2	1	1	1
C5_STABLE_UP	C5 stable	up	ENSG00000119669.5	IRF2BPL	1	1	1
C5_STABLE_UP	C5 stable	up	ENSG00000105372.8	RPS19	1	1	1
C5_STABLE_DOWN	C5 stable	down	ENSG00000135624.17	CCT7	1	1	1
C5_STABLE_DOWN	C5 stable	down	ENSG00000129691.16	ASH2L	1	1	1
C5_STABLE_UP	C5 stable	up	ENSG00000168374.11	ARF4	1	1	1
C5_STABLE_UP	C5 stable	up	ENSG00000175556.17	LONRF3	1	1	1
C5_STABLE_UP	C5 stable	up	ENSG00000100941.9	PNN	1	1	1
C5_STABLE_DOWN	C5 stable	down	ENSG00000197409.8	H3C4	0	0	0
C5_STABLE_DOWN	C5 stable	down	ENSG00000172965.17	MIR4435-2HG	0	0	1
C5_STABLE_DOWN	C5 stable	down	ENSG00000163430.12	FSTL1	1	1	1
C5_STABLE_DOWN	C5 stable	down	ENSG00000106789.13	CORO2A	1	1	1
C5_STABLE_UP	C5 stable	up	ENSG00000149084.13	HSD17B12	1	1	1
C5_STABLE_DOWN	C5 stable	down	ENSG00000120699.14	EXOSC8	1	1	1
C5_STABLE_UP	C5 stable	up	ENSG00000108654.16	DDX5	1	1	1
C5_STABLE_UP	C5 stable	up	ENSG00000172819.17	RARG	1	1	1
C5_STABLE_UP	C5 stable	up	ENSG00000197622.13	CDC42SE1	1	1	1
C5_STABLE_DOWN	C5 stable	down	ENSG00000169032.11	MAP2K1	1	1	1
C5_STABLE_DOWN	C5 stable	down	ENSG00000075426.12	FOSL2	1	1	1
C5_STABLE_DOWN	C5 stable	down	ENSG00000064393.16	HIPK2	1	1	1
C5_STABLE_DOWN	C5 stable	down	ENSG00000126602.11	TRAP1	1	1	1
C5_STABLE_UP	C5 stable	up	ENSG00000141219.16	MTNAP1	0	0	0
C5_STABLE_DOWN	C5 stable	down	ENSG00000136824.19	SMC2	1	1	1
C5_STABLE_DOWN	C5 stable	down	ENSG00000079308.21	TNS1	1	1	1
C5_STABLE_DOWN	C5 stable	down	ENSG00000129226.14	CD68	1	1	1
C5_STABLE_DOWN	C5 stable	down	ENSG00000124222.22	STX16	1	1	1
C5_STABLE_DOWN	C5 stable	down	ENSG00000113721.14	PDGFRB	1	1	1
C5_STABLE_UP	C5 stable	up	ENSG00000188211.9	NCR3LG1	1	1	1
C5_STABLE_DOWN	C5 stable	down	ENSG00000131558.15	EXOC4	1	1	1
C5_STABLE_UP	C5 stable	up	ENSG00000147140.17	NONO	1	1	1
C5_STABLE_DOWN	C5 stable	down	ENSG00000206503.14	HLA-A	1	1	1
C5_STABLE_UP	C5 stable	up	ENSG00000099194.6	SCD	1	1	1
C5_STABLE_DOWN	C5 stable	down	ENSG00000198752.11	CDC42BPB	1	1	1
C5_STABLE_UP	C5 stable	up	ENSG00000169905.13	TOR1AIP2	1	1	1
C5_STABLE_DOWN	C5 stable	down	ENSG00000275126.2	H4C13	0	0	0
C5_STABLE_DOWN	C5 stable	down	ENSG00000070371.16	CLTCL1	1	1	1
C5_STABLE_DOWN	C5 stable	down	ENSG00000111667.14	USP5	1	1	1
C5_STABLE_DOWN	C5 stable	down	ENSG00000204217.16	BMPR2	1	1	1
C5_STABLE_UP	C5 stable	up	ENSG00000171729.14	TMEM51	1	1	1
C5_STABLE_DOWN	C5 stable	down	ENSG00000116353.16	MECR	1	1	1
C5_STABLE_DOWN	C5 stable	down	ENSG00000187134.14	AKR1C1	1	1	1
C5_STABLE_UP	C5 stable	up	ENSG00000133961.21	NUMB	1	1	1
C5_STABLE_UP	C5 stable	up	ENSG00000101680.16	LAMA1	1	1	1
C5_STABLE_DOWN	C5 stable	down	ENSG00000133706.19	LARS1	0	0	0
C5_STABLE_DOWN	C5 stable	down	ENSG00000101974.15	ATP11C	1	1	1
C5_STABLE_UP	C5 stable	up	ENSG00000033170.17	FUT8	1	1	1
C5_STABLE_UP	C5 stable	up	ENSG00000145022.5	TCTA	1	1	1
C5_STABLE_UP	C5 stable	up	ENSG00000153214.11	TMEM87B	1	1	1
C5_STABLE_UP	C5 stable	up	ENSG00000105821.15	DNAJC2	1	1	1
C5_STABLE_DOWN	C5 stable	down	ENSG00000106049.9	HIBADH	1	1	1
C5_STABLE_UP	C5 stable	up	ENSG00000102974.16	CTCF	1	1	1
C5_STABLE_DOWN	C5 stable	down	ENSG00000171848.16	RRM2	1	1	1
C5_STABLE_DOWN	C5 stable	down	ENSG00000196526.11	AFAP1	1	1	1
C5_STABLE_UP	C5 stable	up	ENSG00000146007.11	ZMAT2	1	1	1
C5_STABLE_DOWN	C5 stable	down	ENSG00000116120.11	FARSB	1	1	1
C5_STABLE_UP	C5 stable	up	ENSG00000184677.18	ZBTB40	1	1	1
C5_STABLE_DOWN	C5 stable	down	ENSG00000130414.13	NDUFA10	1	1	1
C5_STABLE_DOWN	C5 stable	down	ENSG00000160445.11	ZER1	1	1	1
C5_STABLE_DOWN	C5 stable	down	ENSG00000198648.12	STK39	1	1	1
C5_STABLE_UP	C5 stable	up	ENSG00000155097.12	ATP6V1C1	1	1	1
C5_STABLE_UP	C5 stable	up	ENSG00000125952.20	MAX	1	1	1
C5_STABLE_DOWN	C5 stable	down	ENSG00000177156.11	TALDO1	1	1	1
C5_STABLE_UP	C5 stable	up	ENSG00000124151.19	NCOA3	1	1	1
C5_STABLE_DOWN	C5 stable	down	ENSG00000198408.14	OGA	0	0	0
C5_STABLE_DOWN	C5 stable	down	ENSG00000105220.17	GPI	1	1	1
C5_STABLE_DOWN	C5 stable	down	ENSG00000171033.13	PKIA	1	1	1
C5_STABLE_DOWN	C5 stable	down	ENSG00000144741.19	SLC25A26	1	1	1
C5_STABLE_UP	C5 stable	up	ENSG00000117616.18	RSRP1	0	0	1
C5_STABLE_UP	C5 stable	up	ENSG00000106852.16	LHX6	1	1	1
C5_STABLE_UP	C5 stable	up	ENSG00000075785.14	RAB7A	1	1	1
C5_STABLE_UP	C5 stable	up	ENSG00000163694.15	RBM47	1	1	1
C5_STABLE_UP	C5 stable	up	ENSG00000135047.16	CTSL	0	1	1
C5_STABLE_DOWN	C5 stable	down	ENSG00000143554.14	SLC27A3	1	1	1
C5_STABLE_UP	C5 stable	up	ENSG00000196937.11	FAM3C	1	1	1
C5_STABLE_UP	C5 stable	up	ENSG00000204574.14	ABCF1	1	1	1
C5_STABLE_DOWN	C5 stable	down	ENSG00000115355.18	CCDC88A	1	1	1
C5_STABLE_DOWN	C5 stable	down	ENSG00000074855.11	ANO8	1	1	1
C5_STABLE_UP	C5 stable	up	ENSG00000107554.17	DNMBP	1	1	1
C5_STABLE_DOWN	C5 stable	down	ENSG00000137166.18	FOXP4	1	1	1
C5_STABLE_DOWN	C5 stable	down	ENSG00000100697.17	DICER1	1	1	1
C5_STABLE_UP	C5 stable	up	ENSG00000141452.10	RMC1	0	0	0
C5_STABLE_DOWN	C5 stable	down	ENSG00000198721.13	ECI2	1	1	1
C5_STABLE_DOWN	C5 stable	down	ENSG00000115657.14	ABCB6	1	1	1
C5_STABLE_DOWN	C5 stable	down	ENSG00000149273.15	RPS3	1	1	1
C5_STABLE_DOWN	C5 stable	down	ENSG00000153976.3	HS3ST3A1	1	1	1
C5_STABLE_DOWN	C5 stable	down	ENSG00000119969.16	HELLS	1	1	1
C5_STABLE_UP	C5 stable	up	ENSG00000100380.15	ST13	1	1	1
C5_STABLE_DOWN	C5 stable	down	ENSG00000165512.5	ZNF22	1	1	1
C5_STABLE_DOWN	C5 stable	down	ENSG00000172432.19	GTPBP2	1	1	1
C5_STABLE_UP	C5 stable	up	ENSG00000108848.16	LUC7L3	1	1	1
C5_STABLE_DOWN	C5 stable	down	ENSG00000065923.10	SLC9A7	1	1	1
C5_STABLE_DOWN	C5 stable	down	ENSG00000106853.20	PTGR1	1	1	1
C5_STABLE_DOWN	C5 stable	down	ENSG00000106628.13	POLD2	1	1	1
C5_STABLE_UP	C5 stable	up	ENSG00000112200.17	ZNF451	1	1	1
C5_STABLE_DOWN	C5 stable	down	ENSG00000148848.15	ADAM12	1	1	1
C5_STABLE_UP	C5 stable	up	ENSG00000102393.14	GLA	1	1	1
C5_STABLE_DOWN	C5 stable	down	ENSG00000164880.16	INTS1	1	1	1
C5_STABLE_DOWN	C5 stable	down	ENSG00000103202.13	NME4	1	1	1
C5_STABLE_DOWN	C5 stable	down	ENSG00000132670.21	PTPRA	1	1	1
C5_STABLE_DOWN	C5 stable	down	ENSG00000171388.12	APLN	1	1	1
C5_STABLE_DOWN	C5 stable	down	ENSG00000149506.12	ZP1	1	1	1
C5_STABLE_DOWN	C5 stable	down	ENSG00000140563.16	MCTP2	1	1	1
C5_STABLE_UP	C5 stable	up	ENSG00000156304.15	SCAF4	1	1	1
C5_STABLE_UP	C5 stable	up	ENSG00000132718.9	SYT11	1	1	1
C5_STABLE_DOWN	C5 stable	down	ENSG00000084070.12	SMAP2	1	1	1
C5_STABLE_UP	C5 stable	up	ENSG00000143507.18	DUSP10	1	1	1
C5_STABLE_DOWN	C5 stable	down	ENSG00000163655.16	GMPS	1	1	1
C5_STABLE_DOWN	C5 stable	down	ENSG00000144354.15	CDCA7	1	1	1
C5_STABLE_DOWN	C5 stable	down	ENSG00000081041.9	CXCL2	1	1	1
C5_STABLE_DOWN	C5 stable	down	ENSG00000115902.11	SLC1A4	1	1	1
C5_STABLE_DOWN	C5 stable	down	ENSG00000214026.11	MRPL23	1	1	1
C5_STABLE_UP	C5 stable	up	ENSG00000164338.10	UTP15	1	1	1
C5_STABLE_UP	C5 stable	up	ENSG00000167193.8	CRK	1	1	1
C5_STABLE_UP	C5 stable	up	ENSG00000125657.5	TNFSF9	1	1	1
C5_STABLE_DOWN	C5 stable	down	ENSG00000131089.17	ARHGEF9	1	1	1
C5_STABLE_UP	C5 stable	up	ENSG00000177548.13	RABEP2	1	1	1
C5_STABLE_UP	C5 stable	up	ENSG00000117597.18	UTP25	0	0	0
C5_STABLE_DOWN	C5 stable	down	ENSG00000198755.11	RPL10A	1	1	1
C5_STABLE_UP	C5 stable	up	ENSG00000144560.16	VGLL4	1	1	1
C5_STABLE_DOWN	C5 stable	down	ENSG00000102910.14	LONP2	1	1	1
C5_STABLE_DOWN	C5 stable	down	ENSG00000198034.11	RPS4X	1	1	1
C5_STABLE_DOWN	C5 stable	down	ENSG00000162631.20	NTNG1	1	1	1
C5_STABLE_DOWN	C5 stable	down	ENSG00000103942.13	HOMER2	1	1	1
C5_STABLE_UP	C5 stable	up	ENSG00000165732.14	DDX21	1	1	1
C5_STABLE_DOWN	C5 stable	down	ENSG00000110237.5	ARHGEF17	1	1	1
C5_STABLE_DOWN	C5 stable	down	ENSG00000128272.18	ATF4	1	1	1
C5_STABLE_UP	C5 stable	up	ENSG00000170855.4	TRIAP1	1	1	1
C5_STABLE_DOWN	C5 stable	down	ENSG00000124181.15	PLCG1	1	1	1
C5_STABLE_DOWN	C5 stable	down	ENSG00000182774.13	RPS17	1	1	1
C5_STABLE_DOWN	C5 stable	down	ENSG00000109756.10	RAPGEF2	1	1	1
C5_STABLE_UP	C5 stable	up	ENSG00000141378.15	PTRH2	1	1	1
C5_STABLE_DOWN	C5 stable	down	ENSG00000172086.9	KRCC1	1	1	1
C5_STABLE_DOWN	C5 stable	down	ENSG00000166484.20	MAPK7	1	1	1
C5_STABLE_UP	C5 stable	up	ENSG00000186472.20	PCLO	1	1	1
C5_STABLE_DOWN	C5 stable	down	ENSG00000102893.18	PHKB	1	1	1
C5_STABLE_DOWN	C5 stable	down	ENSG00000147274.14	RBMX	1	1	1
C5_STABLE_DOWN	C5 stable	down	ENSG00000054356.14	PTPRN	1	1	1
C5_STABLE_UP	C5 stable	up	ENSG00000134313.17	KIDINS220	1	1	1
C5_STABLE_UP	C5 stable	up	ENSG00000128052.10	KDR	1	1	1
C5_STABLE_DOWN	C5 stable	down	ENSG00000123096.12	SSPN	1	1	1
C5_STABLE_DOWN	C5 stable	down	ENSG00000125124.14	BBS2	1	1	1
C5_STABLE_UP	C5 stable	up	ENSG00000134186.12	PRPF38B	1	1	1
C5_STABLE_DOWN	C5 stable	down	ENSG00000114120.14	SLC25A36	1	1	1
C5_STABLE_UP	C5 stable	up	ENSG00000100664.11	EIF5	1	1	1
C5_STABLE_UP	C5 stable	up	ENSG00000108179.14	PPIF	1	1	1
C5_STABLE_DOWN	C5 stable	down	ENSG00000203811.2	H3C14	0	0	0
C5_STABLE_UP	C5 stable	up	ENSG00000140948.13	ZCCHC14	1	1	1
C5_STABLE_UP	C5 stable	up	ENSG00000165804.16	ZNF219	1	1	1
C5_STABLE_DOWN	C5 stable	down	ENSG00000149177.15	PTPRJ	1	1	1
C5_STABLE_DOWN	C5 stable	down	ENSG00000137764.20	MAP2K5	1	1	1
C5_STABLE_UP	C5 stable	up	ENSG00000172466.16	ZNF24	1	1	1
C5_STABLE_UP	C5 stable	up	ENSG00000099381.19	SETD1A	1	1	1
C5_STABLE_UP	C5 stable	up	ENSG00000115363.14	EVA1A	1	1	1
C5_STABLE_DOWN	C5 stable	down	ENSG00000137770.14	CTDSPL2	1	1	1
C5_STABLE_DOWN	C5 stable	down	ENSG00000104517.13	UBR5	1	1	1
C5_STABLE_DOWN	C5 stable	down	ENSG00000187109.15	NAP1L1	1	1	1
C5_STABLE_DOWN	C5 stable	down	ENSG00000142327.13	RNPEPL1	1	1	1
C5_STABLE_UP	C5 stable	up	ENSG00000204619.8	PPP1R11	1	1	1
C5_STABLE_DOWN	C5 stable	down	ENSG00000069869.17	NEDD4	1	1	1
C5_STABLE_UP	C5 stable	up	ENSG00000111817.19	DSE	1	1	1
C5_STABLE_UP	C5 stable	up	ENSG00000164609.10	SLU7	1	1	1
C5_STABLE_DOWN	C5 stable	down	ENSG00000157782.10	CABP1	1	1	1
C5_STABLE_DOWN	C5 stable	down	ENSG00000115318.12	LOXL3	1	1	1
C5_STABLE_UP	C5 stable	up	ENSG00000116161.18	CACYBP	1	1	1
C5_STABLE_DOWN	C5 stable	down	ENSG00000023697.13	DERA	1	1	1
C5_STABLE_DOWN	C5 stable	down	ENSG00000042088.14	TDP1	1	1	1
C5_STABLE_DOWN	C5 stable	down	ENSG00000138356.14	AOX1	1	1	1
C5_STABLE_DOWN	C5 stable	down	ENSG00000005448.17	WDR54	1	1	1
C5_STABLE_DOWN	C5 stable	down	ENSG00000141510.18	TP53	1	1	1
C5_STABLE_UP	C5 stable	up	ENSG00000136999.5	CCN3	0	0	0
C5_STABLE_UP	C5 stable	up	ENSG00000165494.12	PCF11	1	1	1
C5_STABLE_DOWN	C5 stable	down	ENSG00000107625.14	DDX50	1	1	1
C5_STABLE_UP	C5 stable	up	ENSG00000092439.16	TRPM7	1	1	1
C5_STABLE_DOWN	C5 stable	down	ENSG00000138071.15	ACTR2	1	1	1
C5_STABLE_UP	C5 stable	up	ENSG00000100852.14	ARHGAP5	1	1	1
C5_STABLE_UP	C5 stable	up	ENSG00000160285.15	LSS	1	1	1
C5_STABLE_DOWN	C5 stable	down	ENSG00000134996.12	OSTF1	1	1	1
C5_STABLE_UP	C5 stable	up	ENSG00000054116.12	TRAPPC3	1	1	1
C5_STABLE_DOWN	C5 stable	down	ENSG00000197358.9	BNIP3P1	0	0	0
C5_STABLE_DOWN	C5 stable	down	ENSG00000108924.14	HLF	1	1	1
C5_STABLE_UP	C5 stable	up	ENSG00000113240.14	CLK4	1	1	1
C5_STABLE_DOWN	C5 stable	down	ENSG00000124785.9	NRN1	1	1	1
C5_STABLE_DOWN	C5 stable	down	ENSG00000122884.13	P4HA1	1	1	1
C5_STABLE_UP	C5 stable	up	ENSG00000104691.16	UBXN8	1	0	1
C5_STABLE_DOWN	C5 stable	down	ENSG00000131374.15	TBC1D5	1	1	1
C5_STABLE_UP	C5 stable	up	ENSG00000161813.23	LARP4	1	1	1
C5_STABLE_DOWN	C5 stable	down	ENSG00000186364.12	NUDT17	1	1	1
C5_STABLE_DOWN	C5 stable	down	ENSG00000099991.18	CABIN1	1	1	1
C5_STABLE_DOWN	C5 stable	down	ENSG00000019549.13	SNAI2	1	1	1
C5_STABLE_DOWN	C5 stable	down	ENSG00000149499.12	EML3	1	1	1
C5_STABLE_DOWN	C5 stable	down	ENSG00000101400.6	SNTA1	1	1	1
C5_STABLE_DOWN	C5 stable	down	ENSG00000115760.16	BIRC6	1	1	1
C5_STABLE_DOWN	C5 stable	down	ENSG00000134590.14	RTL8C	0	0	0
C5_STABLE_DOWN	C5 stable	down	ENSG00000198554.12	WDHD1	1	1	1
C5_STABLE_DOWN	C5 stable	down	ENSG00000151632.18	AKR1C2	1	1	1
C5_STABLE_DOWN	C5 stable	down	ENSG00000214435.9	AS3MT	1	1	1
C5_STABLE_DOWN	C5 stable	down	ENSG00000100505.14	TRIM9	1	1	1
C5_STABLE_UP	C5 stable	up	ENSG00000124198.10	ARFGEF2	1	1	1
C5_STABLE_DOWN	C5 stable	down	ENSG00000110931.19	CAMKK2	1	1	1
C5_STABLE_DOWN	C5 stable	down	ENSG00000146278.11	PNRC1	1	1	1
C5_STABLE_UP	C5 stable	up	ENSG00000104131.13	EIF3J	1	1	1
C5_STABLE_DOWN	C5 stable	down	ENSG00000181744.9	DIPK2A	0	0	0
C5_STABLE_DOWN	C5 stable	down	ENSG00000145623.13	OSMR	1	1	1
C5_STABLE_DOWN	C5 stable	down	ENSG00000104756.16	KCTD9	1	1	1
C5_STABLE_DOWN	C5 stable	down	ENSG00000103657.14	HERC1	1	1	1
C5_STABLE_DOWN	C5 stable	down	ENSG00000131788.16	PIAS3	1	1	1
C5_STABLE_UP	C5 stable	up	ENSG00000116729.14	WLS	1	1	1
C5_STABLE_UP	C5 stable	up	ENSG00000168724.18	DNAJC21	1	1	1
C5_STABLE_DOWN	C5 stable	down	ENSG00000112308.13	C6orf62	1	1	1
C5_STABLE_UP	C5 stable	up	ENSG00000162783.11	IER5	1	1	1
C5_STABLE_DOWN	C5 stable	down	ENSG00000128829.12	EIF2AK4	1	1	1
C5_STABLE_UP	C5 stable	up	ENSG00000157540.22	DYRK1A	1	1	1
C5_STABLE_UP	C5 stable	up	ENSG00000156599.11	ZDHHC5	1	1	1
C5_STABLE_DOWN	C5 stable	down	ENSG00000163808.17	KIF15	1	1	1
C5_STABLE_DOWN	C5 stable	down	ENSG00000104738.19	MCM4	1	1	1
C5_STABLE_DOWN	C5 stable	down	ENSG00000214357.9	NEURL1B	1	1	1
C5_STABLE_UP	C5 stable	up	ENSG00000139233.7	LLPH	1	1	1
C5_STABLE_DOWN	C5 stable	down	ENSG00000236144.9	TMEM147-AS1	0	0	1
C5_STABLE_DOWN	C5 stable	down	ENSG00000132326.13	PER2	1	1	1
C5_STABLE_UP	C5 stable	up	ENSG00000055483.20	USP36	1	1	1
C5_STABLE_DOWN	C5 stable	down	ENSG00000144554.13	FANCD2	1	1	1
C5_STABLE_UP	C5 stable	up	ENSG00000100142.16	POLR2F	1	1	1
C5_STABLE_UP	C5 stable	up	ENSG00000011198.10	ABHD5	1	1	1
C5_STABLE_DOWN	C5 stable	down	ENSG00000108055.11	SMC3	1	1	1
C5_STABLE_DOWN	C5 stable	down	ENSG00000273784.5		0	0	0
C5_STABLE_DOWN	C5 stable	down	ENSG00000272909.1		0	0	0
C5_STABLE_UP	C5 stable	up	ENSG00000240184.7	PCDHGC3	1	1	1
C5_STABLE_DOWN	C5 stable	down	ENSG00000181458.10	TMEM45A	1	1	1
C5_STABLE_UP	C5 stable	up	ENSG00000119013.10	NDUFB3	1	1	1
C5_STABLE_DOWN	C5 stable	down	ENSG00000140682.19	TGFB1I1	1	1	1
C5_STABLE_UP	C5 stable	up	ENSG00000221983.8	UBA52	1	1	1
C5_STABLE_DOWN	C5 stable	down	ENSG00000164649.20	CDCA7L	1	1	1
C5_STABLE_DOWN	C5 stable	down	ENSG00000119684.16	MLH3	1	1	1
C5_STABLE_DOWN	C5 stable	down	ENSG00000275835.5	TUBGCP5	1	1	1
C5_STABLE_UP	C5 stable	up	ENSG00000241839.10	PLEKHO2	1	1	1
C5_STABLE_UP	C5 stable	up	ENSG00000258289.10	CHURC1	1	1	1
C5_STABLE_DOWN	C5 stable	down	ENSG00000168172.9	HOOK3	1	1	1
C5_STABLE_UP	C5 stable	up	ENSG00000126217.22	MCF2L	1	1	1
C5_STABLE_DOWN	C5 stable	down	ENSG00000152818.20	UTRN	1	1	1
C5_STABLE_DOWN	C5 stable	down	ENSG00000182628.13	SKA2	1	1	1
C5_STABLE_DOWN	C5 stable	down	ENSG00000144645.16	OSBPL10	1	1	1
C5_STABLE_UP	C5 stable	up	ENSG00000198160.15	MIER1	1	1	1
C5_STABLE_DOWN	C5 stable	down	ENSG00000158008.10	EXTL1	1	1	1
C5_STABLE_DOWN	C5 stable	down	ENSG00000137801.11	THBS1	1	1	1
C5_STABLE_UP	C5 stable	up	ENSG00000151893.15	CACUL1	1	1	1
C5_STABLE_DOWN	C5 stable	down	ENSG00000110076.21	NRXN2	1	1	1
C5_STABLE_DOWN	C5 stable	down	ENSG00000044115.21	CTNNA1	1	1	1
C5_STABLE_DOWN	C5 stable	down	ENSG00000198625.14	MDM4	1	1	1
C5_STABLE_DOWN	C5 stable	down	ENSG00000110063.10	DCPS	1	1	1
C5_STABLE_DOWN	C5 stable	down	ENSG00000163531.17	NFASC	1	1	1
C5_STABLE_UP	C5 stable	up	ENSG00000166348.20	USP54	1	1	1
C5_STABLE_UP	C5 stable	up	ENSG00000006007.12	GDE1	1	1	1
C5_STABLE_UP	C5 stable	up	ENSG00000102804.15	TSC22D1	1	1	1
C5_STABLE_DOWN	C5 stable	down	ENSG00000204084.13	INPP5B	1	1	1
C5_STABLE_DOWN	C5 stable	down	ENSG00000079931.15	MOXD1	1	1	1
C5_STABLE_UP	C5 stable	up	ENSG00000166592.12	RRAD	1	1	1
C5_STABLE_DOWN	C5 stable	down	ENSG00000092020.11	PPP2R3C	1	1	1
C5_STABLE_UP	C5 stable	up	ENSG00000174405.15	LIG4	1	1	1
C5_STABLE_DOWN	C5 stable	down	ENSG00000111716.14	LDHB	1	1	1
C5_STABLE_UP	C5 stable	up	ENSG00000125266.8	EFNB2	1	1	1
C5_STABLE_UP	C5 stable	up	ENSG00000198042.11	MAK16	1	1	1
C5_STABLE_DOWN	C5 stable	down	ENSG00000160410.15	SHKBP1	1	1	1
C5_STABLE_UP	C5 stable	up	ENSG00000203805.11	PLPP4	0	0	1
C5_STABLE_DOWN	C5 stable	down	ENSG00000153044.10	CENPH	1	1	1
C5_STABLE_UP	C5 stable	up	ENSG00000066422.7	ZBTB11	1	1	1
C5_STABLE_DOWN	C5 stable	down	ENSG00000102174.10	PHEX	1	1	1
C5_STABLE_UP	C5 stable	up	ENSG00000118523.6	CCN2	0	0	0
C5_STABLE_UP	C5 stable	up	ENSG00000123975.5	CKS2	1	1	1
C5_STABLE_DOWN	C5 stable	down	ENSG00000094804.12	CDC6	1	1	1
C5_STABLE_DOWN	C5 stable	down	ENSG00000095002.15	MSH2	1	1	1
C5_STABLE_DOWN	C5 stable	down	ENSG00000214753.4	HNRNPUL2	1	1	1
C5_STABLE_UP	C5 stable	up	ENSG00000080819.9	CPOX	1	1	1
C5_STABLE_DOWN	C5 stable	down	ENSG00000102359.9	SRPX2	1	1	1
C5_STABLE_DOWN	C5 stable	down	ENSG00000131323.17	TRAF3	1	1	1
C5_STABLE_UP	C5 stable	up	ENSG00000206195.11	DUXAP8	0	0	0
C5_STABLE_DOWN	C5 stable	down	ENSG00000153815.18	CMIP	1	1	1
C5_STABLE_UP	C5 stable	up	ENSG00000133895.18	MEN1	1	1	1
C5_STABLE_UP	C5 stable	up	ENSG00000156232.7	WHAMM	1	1	1
C5_STABLE_DOWN	C5 stable	down	ENSG00000168952.16	STXBP6	1	1	1
C5_STABLE_UP	C5 stable	up	ENSG00000103429.11	BFAR	1	1	1
C5_STABLE_DOWN	C5 stable	down	ENSG00000134516.20	DOCK2	1	1	1
C5_STABLE_UP	C5 stable	up	ENSG00000164168.8	TMEM184C	1	1	1
C5_STABLE_DOWN	C5 stable	down	ENSG00000169180.12	XPO6	1	1	1
C5_STABLE_UP	C5 stable	up	ENSG00000185896.11	LAMP1	1	1	1
C5_STABLE_DOWN	C5 stable	down	ENSG00000140835.10	CHST4	1	1	1
C5_STABLE_UP	C5 stable	up	ENSG00000179119.15	SPTY2D1	1	1	1
C5_STABLE_DOWN	C5 stable	down	ENSG00000175203.17	DCTN2	1	1	1
C5_STABLE_DOWN	C5 stable	down	ENSG00000146918.20	NCAPG2	1	1	1
C5_STABLE_UP	C5 stable	up	ENSG00000072736.19	NFATC3	1	1	1
C5_STABLE_UP	C5 stable	up	ENSG00000125651.14	GTF2F1	1	1	1
C5_STABLE_UP	C5 stable	up	ENSG00000119508.18	NR4A3	1	1	1
C5_STABLE_DOWN	C5 stable	down	ENSG00000178996.14	SNX18	1	1	1
C5_STABLE_UP	C5 stable	up	ENSG00000084733.11	RAB10	1	1	1
C5_STABLE_UP	C5 stable	up	ENSG00000152137.8	HSPB8	1	1	1
C5_STABLE_DOWN	C5 stable	down	ENSG00000196968.11	POFUT4	0	0	0
C5_STABLE_UP	C5 stable	up	ENSG00000163811.12	WDR43	1	1	1
C5_STABLE_DOWN	C5 stable	down	ENSG00000197043.15	ANXA6	1	1	1
C5_STABLE_DOWN	C5 stable	down	ENSG00000142698.15	C1orf94	1	1	1
C5_STABLE_DOWN	C5 stable	down	ENSG00000152127.9	MGAT5	1	1	1
C5_STABLE_UP	C5 stable	up	ENSG00000177613.9	CSTF2T	1	1	1
C5_STABLE_DOWN	C5 stable	down	ENSG00000168078.10	PBK	1	1	1
C5_STABLE_UP	C5 stable	up	ENSG00000174032.17	SLC25A30	1	1	1
C5_STABLE_DOWN	C5 stable	down	ENSG00000138443.17	ABI2	1	1	1
C5_STABLE_UP	C5 stable	up	ENSG00000198856.13	OSTC	1	1	1
C5_STABLE_DOWN	C5 stable	down	ENSG00000112379.9	ARFGEF3	0	0	1
C5_STABLE_DOWN	C5 stable	down	ENSG00000019582.17	CD74	1	1	1
C5_STABLE_DOWN	C5 stable	down	ENSG00000105373.19	NOP53	0	0	0
C5_STABLE_DOWN	C5 stable	down	ENSG00000088179.9	PTPN4	1	1	1
C5_STABLE_UP	C5 stable	up	ENSG00000124228.15	DDX27	1	1	1
C5_STABLE_UP	C5 stable	up	ENSG00000127948.17	POR	1	1	1
C5_STABLE_DOWN	C5 stable	down	ENSG00000242114.6	MTFP1	1	1	1
C5_STABLE_DOWN	C5 stable	down	ENSG00000172009.15	THOP1	1	1	1
C5_STABLE_UP	C5 stable	up	ENSG00000121486.12	TRMT1L	1	1	1
C5_STABLE_DOWN	C5 stable	down	ENSG00000134308.14	YWHAQ	1	1	1
C5_STABLE_UP	C5 stable	up	ENSG00000132196.16	HSD17B7	1	1	1
C5_STABLE_DOWN	C5 stable	down	ENSG00000182621.18	PLCB1	1	1	1
C5_STABLE_UP	C5 stable	up	ENSG00000083223.18	TUT7	0	0	0
C5_STABLE_DOWN	C5 stable	down	ENSG00000153113.24	CAST	1	1	1
C5_STABLE_UP	C5 stable	up	ENSG00000146386.8	ABRACL	1	1	1
C5_STABLE_UP	C5 stable	up	ENSG00000198369.10	SPRED2	1	1	1
C5_STABLE_DOWN	C5 stable	down	ENSG00000234520.8	HRAT17	0	0	1
C5_STABLE_DOWN	C5 stable	down	ENSG00000180304.14	OAZ2	1	1	1
C5_STABLE_UP	C5 stable	up	ENSG00000168566.13	SNRNP48	1	1	1
C5_STABLE_UP	C5 stable	up	ENSG00000022277.13	RTF2	0	0	0
C5_STABLE_DOWN	C5 stable	down	ENSG00000163431.13	LMOD1	1	1	1
C5_STABLE_DOWN	C5 stable	down	ENSG00000127663.15	KDM4B	1	1	1
C5_STABLE_DOWN	C5 stable	down	ENSG00000141959.17	PFKL	1	1	1
C5_STABLE_DOWN	C5 stable	down	ENSG00000110328.6	GALNT18	1	1	1
C5_STABLE_DOWN	C5 stable	down	ENSG00000221818.9	EBF2	1	1	1
C5_STABLE_UP	C5 stable	up	ENSG00000115947.14	ORC4	1	1	1
C5_STABLE_UP	C5 stable	up	ENSG00000267519.6	MIR23AHG	0	0	0
C5_STABLE_UP	C5 stable	up	ENSG00000110713.18	NUP98	1	1	1
C5_STABLE_DOWN	C5 stable	down	ENSG00000142937.12	RPS8	1	1	1
C5_STABLE_DOWN	C5 stable	down	ENSG00000155111.15	CDK19	1	1	1
C5_STABLE_DOWN	C5 stable	down	ENSG00000180801.14	ARSJ	1	1	1
C5_STABLE_UP	C5 stable	up	ENSG00000166200.15	COPS2	1	1	1
C5_STABLE_DOWN	C5 stable	down	ENSG00000137809.17	ITGA11	1	1	1
C5_STABLE_UP	C5 stable	up	ENSG00000009830.13	POMT2	1	1	1
C5_STABLE_DOWN	C5 stable	down	ENSG00000102038.16	SMARCA1	1	1	1
C5_STABLE_UP	C5 stable	up	ENSG00000108773.11	KAT2A	1	1	1
C5_STABLE_DOWN	C5 stable	down	ENSG00000125968.9	ID1	1	1	1
C5_STABLE_DOWN	C5 stable	down	ENSG00000275160.1	RPL7AP45	0	0	0
C5_STABLE_DOWN	C5 stable	down	ENSG00000122367.21	LDB3	1	1	1
C5_STABLE_DOWN	C5 stable	down	ENSG00000123737.13	EXOSC9	1	1	1
C5_STABLE_DOWN	C5 stable	down	ENSG00000169764.16	UGP2	1	1	1
C5_STABLE_DOWN	C5 stable	down	ENSG00000138085.18	ATRAID	1	1	1
C5_STABLE_DOWN	C5 stable	down	ENSG00000164970.15	FAM219A	1	1	1
C5_STABLE_UP	C5 stable	up	ENSG00000123562.18	MORF4L2	1	1	1
C5_STABLE_UP	C5 stable	up	ENSG00000095139.15	ARCN1	1	1	1
C5_STABLE_DOWN	C5 stable	down	ENSG00000282278.1		0	0	0
C5_STABLE_UP	C5 stable	up	ENSG00000114770.17	ABCC5	1	1	1
C5_STABLE_UP	C5 stable	up	ENSG00000163961.4	RNF168	1	1	1
C5_STABLE_DOWN	C5 stable	down	ENSG00000278705.3	H4C2	0	0	0
C5_STABLE_UP	C5 stable	up	ENSG00000152193.8	OBI1	0	0	0
C5_STABLE_DOWN	C5 stable	down	ENSG00000143515.20	ATP8B2	1	1	1
C5_STABLE_UP	C5 stable	up	ENSG00000171206.15	TRIM8	1	1	1
C5_STABLE_UP	C5 stable	up	ENSG00000163291.14	PAQR3	1	1	1
C5_STABLE_UP	C5 stable	up	ENSG00000047056.18	WDR37	1	1	1
C5_STABLE_UP	C5 stable	up	ENSG00000105732.13	ZNF574	1	1	1
C5_STABLE_DOWN	C5 stable	down	ENSG00000204406.14	MBD5	1	1	1
C5_STABLE_DOWN	C5 stable	down	ENSG00000197415.12	VEPH1	1	1	1
C5_STABLE_DOWN	C5 stable	down	ENSG00000103494.16	RPGRIP1L	1	1	1
C5_STABLE_UP	C5 stable	up	ENSG00000050405.14	LIMA1	1	1	1
C5_STABLE_UP	C5 stable	up	ENSG00000167635.12	ZNF146	1	1	1
C5_STABLE_DOWN	C5 stable	down	ENSG00000063854.13	HAGH	1	1	1
C5_STABLE_UP	C5 stable	up	ENSG00000154832.16	CXXC1	1	1	1
C5_STABLE_UP	C5 stable	up	ENSG00000179010.16	MRFAP1	1	1	1
C5_STABLE_DOWN	C5 stable	down	ENSG00000073792.16	IGF2BP2	1	1	1
C5_STABLE_DOWN	C5 stable	down	ENSG00000156535.15	CD109	1	1	1
C5_STABLE_UP	C5 stable	up	ENSG00000248008.5	NRAV	0	0	1
C5_STABLE_DOWN	C5 stable	down	ENSG00000132953.18	XPO4	1	1	1
C5_STABLE_UP	C5 stable	up	ENSG00000112511.18	PHF1	1	1	1
C5_STABLE_DOWN	C5 stable	down	ENSG00000168398.7	BDKRB2	1	1	1
C5_STABLE_UP	C5 stable	up	ENSG00000188786.10	MTF1	1	1	1
C5_STABLE_DOWN	C5 stable	down	ENSG00000145425.10	RPS3A	1	1	1
C5_STABLE_UP	C5 stable	up	ENSG00000042445.14	RETSAT	1	1	1
C5_STABLE_DOWN	C5 stable	down	ENSG00000100242.16	SUN2	1	1	1
C5_STABLE_DOWN	C5 stable	down	ENSG00000182199.11	SHMT2	1	1	1
C5_STABLE_DOWN	C5 stable	down	ENSG00000136231.14	IGF2BP3	1	1	1
C5_STABLE_DOWN	C5 stable	down	ENSG00000197712.12	FAM114A1	1	1	1
C5_STABLE_DOWN	C5 stable	down	ENSG00000161040.19	FBXL13	1	1	1
C5_STABLE_UP	C5 stable	up	ENSG00000164938.14	TP53INP1	1	1	1
C5_STABLE_UP	C5 stable	up	ENSG00000168282.6	MGAT2	1	1	1
C5_STABLE_DOWN	C5 stable	down	ENSG00000144681.11	STAC	1	1	1
C5_STABLE_DOWN	C5 stable	down	ENSG00000204394.13	VARS1	0	0	0
C5_STABLE_UP	C5 stable	up	ENSG00000160633.13	SAFB	1	1	1
C5_STABLE_UP	C5 stable	up	ENSG00000159079.19	CFAP298	0	0	0
C5_STABLE_DOWN	C5 stable	down	ENSG00000123472.13	ATPAF1	1	1	1
C5_STABLE_DOWN	C5 stable	down	ENSG00000164253.14	WDR41	1	1	1
C5_STABLE_UP	C5 stable	up	ENSG00000041802.11	LSG1	1	1	1
C5_STABLE_DOWN	C5 stable	down	ENSG00000141258.13	SGSM2	1	1	1
C5_STABLE_UP	C5 stable	up	ENSG00000049130.16	KITLG	1	1	1
C5_STABLE_DOWN	C5 stable	down	ENSG00000110651.13	CD81	1	1	1
C5_STABLE_UP	C5 stable	up	ENSG00000112335.15	SNX3	1	1	1
C5_STABLE_UP	C5 stable	up	ENSG00000205903.7	ZNF316	0	0	1
C5_STABLE_DOWN	C5 stable	down	ENSG00000215030.5	RPL13P12	0	0	0
C5_STABLE_UP	C5 stable	up	ENSG00000149532.16	CPSF7	1	1	1
C5_STABLE_UP	C5 stable	up	ENSG00000120885.22	CLU	1	1	1
C5_STABLE_UP	C5 stable	up	ENSG00000132357.14	CARD6	1	1	1
C5_STABLE_DOWN	C5 stable	down	ENSG00000105520.11	PLPPR2	0	0	1
C5_STABLE_DOWN	C5 stable	down	ENSG00000180098.9	TRNAU1AP	1	1	1
C5_STABLE_DOWN	C5 stable	down	ENSG00000103319.12	EEF2K	1	1	1
C5_STABLE_UP	C5 stable	up	ENSG00000165806.21	CASP7	1	1	1
C5_STABLE_DOWN	C5 stable	down	ENSG00000149577.16	SIDT2	1	1	1
C5_STABLE_UP	C5 stable	up	ENSG00000166272.18	WBP1L	1	1	1
C5_STABLE_DOWN	C5 stable	down	ENSG00000184347.15	SLIT3	1	1	1
C5_STABLE_UP	C5 stable	up	ENSG00000104635.15	SLC39A14	1	1	1
C5_STABLE_DOWN	C5 stable	down	ENSG00000254681.7	PKD1P5	0	0	0
C5_STABLE_UP	C5 stable	up	ENSG00000131100.13	ATP6V1E1	1	1	1
C5_STABLE_UP	C5 stable	up	ENSG00000134049.6	IER3IP1	1	1	1
C5_STABLE_UP	C5 stable	up	ENSG00000197024.9	ZNF398	1	1	1
C5_STABLE_DOWN	C5 stable	down	ENSG00000172061.9	LRRC15	1	1	1
C5_STABLE_UP	C5 stable	up	ENSG00000143294.15	PRCC	1	1	1
C5_STABLE_UP	C5 stable	up	ENSG00000176994.11	SMCR8	1	1	1
C5_STABLE_UP	C5 stable	up	ENSG00000180198.17	RCC1	1	1	1
C5_STABLE_DOWN	C5 stable	down	ENSG00000126261.13	UBA2	1	1	1
C5_STABLE_UP	C5 stable	up	ENSG00000183741.12	CBX6	1	1	1
C5_STABLE_DOWN	C5 stable	down	ENSG00000141556.22	TBCD	1	1	1
C5_STABLE_DOWN	C5 stable	down	ENSG00000101911.13	PRPS2	1	1	1
C5_STABLE_DOWN	C5 stable	down	ENSG00000106771.13	TMEM245	1	1	1
C5_STABLE_UP	C5 stable	up	ENSG00000197063.11	MAFG	1	1	1
C5_STABLE_UP	C5 stable	up	ENSG00000162545.6	CAMK2N1	1	1	1
C5_STABLE_DOWN	C5 stable	down	ENSG00000167397.15	VKORC1	1	1	1
C5_STABLE_DOWN	C5 stable	down	ENSG00000014824.14	SLC30A9	1	1	1
C5_STABLE_UP	C5 stable	up	ENSG00000079263.19	SP140	1	1	1
C5_STABLE_UP	C5 stable	up	ENSG00000011260.14	UTP18	1	1	1
C5_STABLE_DOWN	C5 stable	down	ENSG00000117016.10	RIMS3	1	1	1
C5_STABLE_UP	C5 stable	up	ENSG00000148153.14	INIP	1	1	1
C5_STABLE_DOWN	C5 stable	down	ENSG00000025772.8	TOMM34	1	1	1
C5_STABLE_UP	C5 stable	up	ENSG00000224470.9	ATXN1L	1	1	1
C5_STABLE_UP	C5 stable	up	ENSG00000083896.13	YTHDC1	1	1	1
C5_STABLE_DOWN	C5 stable	down	ENSG00000049249.10	TNFRSF9	1	1	1
C5_STABLE_DOWN	C5 stable	down	ENSG00000108509.21	CAMTA2	1	1	1
C5_STABLE_DOWN	C5 stable	down	ENSG00000107672.15	NSMCE4A	1	1	1
C5_STABLE_UP	C5 stable	up	ENSG00000155846.17	PPARGC1B	1	1	1
C5_STABLE_UP	C5 stable	up	ENSG00000123700.5	KCNJ2	1	1	1
C5_STABLE_UP	C5 stable	up	ENSG00000171310.11	CHST11	1	1	1
C5_STABLE_UP	C5 stable	up	ENSG00000198492.16	YTHDF2	1	1	1
C5_STABLE_UP	C5 stable	up	ENSG00000105497.8	ZNF175	1	1	1
C5_STABLE_UP	C5 stable	up	ENSG00000122482.22	ZNF644	1	1	1
C5_STABLE_DOWN	C5 stable	down	ENSG00000288825.1	H2AC18	0	0	0
C5_STABLE_DOWN	C5 stable	down	ENSG00000114450.11	GNB4	1	1	1
C5_STABLE_DOWN	C5 stable	down	ENSG00000164104.12	HMGB2	1	1	1
C5_STABLE_UP	C5 stable	up	ENSG00000135829.17	DHX9	1	1	1
C5_STABLE_UP	C5 stable	up	ENSG00000108342.13	CSF3	1	1	1
C5_STABLE_DOWN	C5 stable	down	ENSG00000106034.18	CPED1	1	1	1
C5_STABLE_UP	C5 stable	up	ENSG00000101084.19	RAB5IF	0	0	0
C5_STABLE_DOWN	C5 stable	down	ENSG00000107959.17	PITRM1	1	1	1
C5_STABLE_DOWN	C5 stable	down	ENSG00000141905.19	NFIC	1	1	1
C5_STABLE_DOWN	C5 stable	down	ENSG00000184743.13	ATL3	1	1	1
C5_STABLE_DOWN	C5 stable	down	ENSG00000119326.15	CTNNAL1	1	1	1
C5_STABLE_UP	C5 stable	up	ENSG00000136379.12	ABHD17C	0	1	1
C5_STABLE_DOWN	C5 stable	down	ENSG00000084693.16	AGBL5	1	1	1
C5_STABLE_DOWN	C5 stable	down	ENSG00000169994.20	MYO7B	1	1	1
C5_STABLE_DOWN	C5 stable	down	ENSG00000188157.15	AGRN	1	1	1
C5_STABLE_DOWN	C5 stable	down	ENSG00000196139.14	AKR1C3	1	1	1
C5_STABLE_UP	C5 stable	up	ENSG00000259001.3		0	0	0
C5_STABLE_DOWN	C5 stable	down	ENSG00000168137.20	SETD5	1	1	1
C5_STABLE_DOWN	C5 stable	down	ENSG00000106772.19	PRUNE2	1	1	1
C5_STABLE_DOWN	C5 stable	down	ENSG00000178104.22	PDE4DIP	1	1	1
C5_STABLE_UP	C5 stable	up	ENSG00000088832.18	FKBP1A	1	1	1
C5_STABLE_UP	C5 stable	up	ENSG00000104783.15	KCNN4	1	1	1
C5_STABLE_UP	C5 stable	up	ENSG00000197746.15	PSAP	1	1	1
C5_STABLE_UP	C5 stable	up	ENSG00000113312.12	TTC1	1	1	1
C5_STABLE_UP	C5 stable	up	ENSG00000123595.8	RAB9A	1	1	1
C5_STABLE_DOWN	C5 stable	down	ENSG00000060656.20	PTPRU	1	1	1
C5_STABLE_UP	C5 stable	up	ENSG00000189241.8	TSPYL1	1	1	1
C5_STABLE_UP	C5 stable	up	ENSG00000160256.13	SLX9	0	0	0
C5_STABLE_DOWN	C5 stable	down	ENSG00000123374.11	CDK2	1	1	1
C5_STABLE_DOWN	C5 stable	down	ENSG00000244115.1	DNAJC25-GNG10	1	1	1
C5_STABLE_UP	C5 stable	up	ENSG00000172757.13	CFL1	1	1	1
C5_STABLE_DOWN	C5 stable	down	ENSG00000135905.21	DOCK10	1	1	1
C5_STABLE_UP	C5 stable	up	ENSG00000140259.7	MFAP1	1	1	1
C5_STABLE_UP	C5 stable	up	ENSG00000196950.14	SLC39A10	1	1	1
C5_STABLE_UP	C5 stable	up	ENSG00000136603.15	SKIL	1	1	1
C5_STABLE_UP	C5 stable	up	ENSG00000271121.2	NUDT4P2	0	0	0
C5_STABLE_DOWN	C5 stable	down	ENSG00000147955.18	SIGMAR1	1	1	1
C5_STABLE_DOWN	C5 stable	down	ENSG00000184903.10	IMMP2L	1	1	1
C5_STABLE_DOWN	C5 stable	down	ENSG00000105246.6	EBI3	1	1	1
C5_STABLE_UP	C5 stable	up	ENSG00000135956.9	TMEM127	1	1	1
C5_STABLE_DOWN	C5 stable	down	ENSG00000120156.22	TEK	1	1	1
C5_STABLE_UP	C5 stable	up	ENSG00000261915.6		0	0	0
C5_STABLE_UP	C5 stable	up	ENSG00000105939.14	ZC3HAV1	1	1	1
C5_STABLE_DOWN	C5 stable	down	ENSG00000106991.14	ENG	1	1	1
C5_STABLE_DOWN	C5 stable	down	ENSG00000155189.12	AGPAT5	1	1	1
C5_STABLE_DOWN	C5 stable	down	ENSG00000196230.14	TUBB	1	1	1
C5_STABLE_DOWN	C5 stable	down	ENSG00000168734.14	PKIG	1	1	1
C5_STABLE_DOWN	C5 stable	down	ENSG00000147862.18	NFIB	1	1	1
C5_STABLE_UP	C5 stable	up	ENSG00000153560.12	UBP1	1	1	1
C5_STABLE_DOWN	C5 stable	down	ENSG00000137309.21	HMGA1	1	1	1
C5_STABLE_DOWN	C5 stable	down	ENSG00000106868.17	SUSD1	1	1	1
C5_STABLE_DOWN	C5 stable	down	ENSG00000101751.11	POLI	1	1	1
C5_STABLE_DOWN	C5 stable	down	ENSG00000213080.3		0	0	0
C5_STABLE_DOWN	C5 stable	down	ENSG00000142453.12	CARM1	1	1	1
C5_STABLE_UP	C5 stable	up	ENSG00000146072.6	TNFRSF21	1	1	1
C5_STABLE_DOWN	C5 stable	down	ENSG00000183479.13	TREX2	1	1	1
C5_STABLE_UP	C5 stable	up	ENSG00000170540.15	ARL6IP1	1	1	1
C5_STABLE_UP	C5 stable	up	ENSG00000185800.12	DMWD	1	1	1
C5_STABLE_DOWN	C5 stable	down	ENSG00000125247.16	TMTC4	1	1	1
C5_STABLE_DOWN	C5 stable	down	ENSG00000156802.13	ATAD2	1	1	1
C5_STABLE_UP	C5 stable	up	ENSG00000100823.12	APEX1	1	1	1
C5_STABLE_UP	C5 stable	up	ENSG00000175348.11	TMEM9B	1	1	1
C5_STABLE_UP	C5 stable	up	ENSG00000174197.19	MGA	1	1	1
C5_STABLE_UP	C5 stable	up	ENSG00000137955.16	RABGGTB	1	1	1
C5_STABLE_DOWN	C5 stable	down	ENSG00000169504.15	CLIC4	1	1	1
C5_STABLE_DOWN	C5 stable	down	ENSG00000198951.12	NAGA	1	1	1
C5_STABLE_DOWN	C5 stable	down	ENSG00000169499.15	PLEKHA2	1	1	1
C5_STABLE_DOWN	C5 stable	down	ENSG00000124191.18	TOX2	1	1	1
C5_STABLE_DOWN	C5 stable	down	ENSG00000260917.1	LOC103344931	0	0	0
C5_STABLE_DOWN	C5 stable	down	ENSG00000172890.13	NADSYN1	1	1	1
C5_STABLE_UP	C5 stable	up	ENSG00000236552.2	RPL13AP5	1	0	0
C5_STABLE_UP	C5 stable	up	ENSG00000119812.20	TSLIG3A	0	0	0
C5_STABLE_DOWN	C5 stable	down	ENSG00000285793.1	ANAPC1P2	0	0	0
C5_STABLE_DOWN	C5 stable	down	ENSG00000164985.15	PSIP1	1	1	1
C5_STABLE_DOWN	C5 stable	down	ENSG00000125249.7	RAP2A	1	1	1
C5_STABLE_UP	C5 stable	up	ENSG00000132274.17	TRIM22	1	1	1
C5_STABLE_DOWN	C5 stable	down	ENSG00000139641.13	ESYT1	1	1	1
C5_STABLE_UP	C5 stable	up	ENSG00000120942.14	UBIAD1	1	1	1
C5_STABLE_DOWN	C5 stable	down	ENSG00000175390.15	EIF3F	1	1	1
C5_STABLE_UP	C5 stable	up	ENSG00000135046.14	ANXA1	1	1	1
C5_STABLE_DOWN	C5 stable	down	ENSG00000127418.15	FGFRL1	1	1	1
C5_STABLE_DOWN	C5 stable	down	ENSG00000066926.13	FECH	1	1	1
C5_STABLE_DOWN	C5 stable	down	ENSG00000100412.17	ACO2	1	1	1
C5_STABLE_DOWN	C5 stable	down	ENSG00000007202.15	BLTP2	0	0	0
C5_STABLE_DOWN	C5 stable	down	ENSG00000072682.20	P4HA2	1	1	1
C5_STABLE_DOWN	C5 stable	down	ENSG00000101412.13	E2F1	1	1	1
C5_STABLE_UP	C5 stable	up	ENSG00000113282.14	CLINT1	1	1	1
C5_STABLE_UP	C5 stable	up	ENSG00000278771.1	RN7SL3	0	0	0
C5_STABLE_DOWN	C5 stable	down	ENSG00000173281.5	PPP1R3B	1	1	1
C5_STABLE_UP	C5 stable	up	ENSG00000160888.7	IER2	1	1	1
C5_STABLE_UP	C5 stable	up	ENSG00000096070.19	BRPF3	1	1	1
C5_STABLE_DOWN	C5 stable	down	ENSG00000100297.16	MCM5	1	1	1
C5_STABLE_DOWN	C5 stable	down	ENSG00000128185.10	DGCR6L	1	1	1
C5_STABLE_DOWN	C5 stable	down	ENSG00000145012.14	LPP	1	1	1
C5_STABLE_DOWN	C5 stable	down	ENSG00000121691.7	CAT	1	1	1
C5_STABLE_UP	C5 stable	up	ENSG00000120742.11	SERP1	1	1	1
C5_STABLE_DOWN	C5 stable	down	ENSG00000179295.19	PTPN11	1	1	1
C5_STABLE_DOWN	C5 stable	down	ENSG00000173581.8	CCDC106	1	1	1
C5_STABLE_DOWN	C5 stable	down	ENSG00000130766.5	SESN2	1	1	1
C5_STABLE_DOWN	C5 stable	down	ENSG00000141295.14	SCRN2	1	1	1
C5_STABLE_DOWN	C5 stable	down	ENSG00000084112.15	SSH1	1	1	1
C5_STABLE_UP	C5 stable	up	ENSG00000198018.7	ENTPD7	1	1	1
C5_STABLE_UP	C5 stable	up	ENSG00000131459.13	GFPT2	1	1	1
C5_STABLE_DOWN	C5 stable	down	ENSG00000215817.9	ZC3H11B	0	0	0
C5_STABLE_DOWN	C5 stable	down	ENSG00000117318.9	ID3	1	1	1
C5_STABLE_UP	C5 stable	up	ENSG00000144369.14	FAM171B	1	1	1
C5_STABLE_DOWN	C5 stable	down	ENSG00000167004.14	PDIA3	1	1	1
C5_STABLE_UP	C5 stable	up	ENSG00000133104.14	SPART	0	0	0
C5_STABLE_UP	C5 stable	up	ENSG00000181649.8	PHLDA2	1	1	1
C5_STABLE_UP	C5 stable	up	ENSG00000163877.11	SNIP1	1	1	1
C5_STABLE_DOWN	C5 stable	down	ENSG00000069998.12	HDHD5	0	0	0
C5_STABLE_DOWN	C5 stable	down	ENSG00000167553.17	TUBA1C	1	1	1
C5_STABLE_UP	C5 stable	up	ENSG00000122778.10	KIAA1549	1	1	1
C5_STABLE_UP	C5 stable	up	ENSG00000148841.17	ITPRIP	1	1	1
C5_STABLE_UP	C5 stable	up	ENSG00000170315.14	UBB	1	1	1
C5_STABLE_DOWN	C5 stable	down	ENSG00000116761.12	CTH	1	1	1
C5_STABLE_DOWN	C5 stable	down	ENSG00000140688.17	RUSF1	0	0	0
C5_STABLE_UP	C5 stable	up	ENSG00000167131.17	DNAAF19	0	0	0
C5_STABLE_DOWN	C5 stable	down	ENSG00000168056.18	LTBP3	1	1	1
C5_STABLE_UP	C5 stable	up	ENSG00000184232.9	OAF	1	1	1
C5_STABLE_DOWN	C5 stable	down	ENSG00000160360.13	GPSM1	1	1	1
C5_STABLE_UP	C5 stable	up	ENSG00000174437.18	ATP2A2	1	1	1
C5_STABLE_DOWN	C5 stable	down	ENSG00000100239.16	PPP6R2	1	1	1
C5_STABLE_UP	C5 stable	up	ENSG00000275740.1	RBM27-POU4F3	0	0	0
C5_STABLE_UP	C5 stable	up	ENSG00000053770.12	AP5M1	1	1	1
C5_STABLE_DOWN	C5 stable	down	ENSG00000118217.7	ATF6	1	1	1
C5_STABLE_UP	C5 stable	up	ENSG00000100266.19	PACSIN2	1	1	1
C5_STABLE_UP	C5 stable	up	ENSG00000188215.10	DCUN1D3	1	1	1
C5_STABLE_DOWN	C5 stable	down	ENSG00000176438.13	SYNE3	1	1	1
C5_STABLE_DOWN	C5 stable	down	ENSG00000147475.17	ERLIN2	1	1	1
C5_STABLE_DOWN	C5 stable	down	ENSG00000102882.12	MAPK3	1	1	1
C5_STABLE_UP	C5 stable	up	ENSG00000174010.10	KLHL15	1	1	1
C5_STABLE_DOWN	C5 stable	down	ENSG00000108582.12	CPD	1	1	1
C5_STABLE_UP	C5 stable	up	ENSG00000165606.10	DRGX	1	1	1
C5_STABLE_UP	C5 stable	up	ENSG00000174744.14	BRMS1	1	1	1
C5_STABLE_UP	C5 stable	up	ENSG00000173621.9	LRFN4	1	1	1
C5_STABLE_DOWN	C5 stable	down	ENSG00000029153.15	BMAL2	0	0	0
C5_STABLE_UP	C5 stable	up	ENSG00000117410.14	ATP6V0B	1	1	1
C5_STABLE_UP	C5 stable	up	ENSG00000145734.20	BDP1	1	1	1
C5_STABLE_DOWN	C5 stable	down	ENSG00000198563.14	DDX39B	1	1	1
C5_STABLE_UP	C5 stable	up	ENSG00000124164.16	VAPB	1	1	1
C5_STABLE_DOWN	C5 stable	down	ENSG00000255874.4	PRECSIT	0	0	0
C5_STABLE_DOWN	C5 stable	down	ENSG00000153832.12	FBXO36	1	1	1
C5_STABLE_UP	C5 stable	up	ENSG00000173559.15	NABP1	1	1	1
C5_STABLE_DOWN	C5 stable	down	ENSG00000165475.15	CRYL1	1	1	1
C5_STABLE_DOWN	C5 stable	down	ENSG00000106484.16	MEST	1	1	1
C5_STABLE_UP	C5 stable	up	ENSG00000111961.19	SASH1	1	1	1
C5_STABLE_UP	C5 stable	up	ENSG00000249915.9	PDCD6	1	1	1
C5_STABLE_DOWN	C5 stable	down	ENSG00000198793.14	MTOR	1	1	1
C5_STABLE_UP	C5 stable	up	ENSG00000100583.5	SAMD15	1	1	1
C5_STABLE_DOWN	C5 stable	down	ENSG00000089009.16	RPL6	1	1	1
C5_STABLE_UP	C5 stable	up	ENSG00000125650.5	PSPN	1	1	1
C5_STABLE_UP	C5 stable	up	ENSG00000166562.9	SEC11C	1	1	1
C5_STABLE_UP	C5 stable	up	ENSG00000274266.1	SNORA73A	0	0	0
C5_STABLE_UP	C5 stable	up	ENSG00000160877.7	NACC1	1	1	1
C5_STABLE_DOWN	C5 stable	down	ENSG00000100968.14	NFATC4	1	1	1
C5_STABLE_UP	C5 stable	up	ENSG00000169641.15	LUZP1	1	1	1
C5_STABLE_DOWN	C5 stable	down	ENSG00000164096.13	ARLN	0	0	0
C5_STABLE_DOWN	C5 stable	down	ENSG00000162849.16	KIF26B	1	1	1
C5_STABLE_UP	C5 stable	up	ENSG00000142039.4	CCDC97	1	1	1
C5_STABLE_UP	C5 stable	up	ENSG00000167552.15	TUBA1A	1	1	1
C5_STABLE_DOWN	C5 stable	down	ENSG00000145555.15	MYO10	1	1	1
C5_STABLE_UP	C5 stable	up	ENSG00000134153.10	EMC7	1	1	1
C5_STABLE_UP	C5 stable	up	ENSG00000126267.11	COX6B1	1	1	1
C5_STABLE_DOWN	C5 stable	down	ENSG00000152661.9	GJA1	1	1	1
C5_STABLE_DOWN	C5 stable	down	ENSG00000174791.11	RIN1	1	1	1
C5_STABLE_UP	C5 stable	up	ENSG00000087303.19	NID2	1	1	1
C5_STABLE_UP	C5 stable	up	ENSG00000106244.13	PDAP1	1	1	1
C5_STABLE_DOWN	C5 stable	down	ENSG00000152234.16	ATP5F1A	0	0	0
C5_STABLE_UP	C5 stable	up	ENSG00000169710.9	FASN	1	1	1
C5_STABLE_UP	C5 stable	up	ENSG00000108523.16	RNF167	1	1	1
C5_STABLE_DOWN	C5 stable	down	ENSG00000241749.4	RPSAP52	1	0	0
C5_STABLE_UP	C5 stable	up	ENSG00000139289.15	PHLDA1	1	1	1
C5_STABLE_DOWN	C5 stable	down	ENSG00000119487.17	MAPKAP1	1	1	1
C5_STABLE_DOWN	C5 stable	down	ENSG00000198860.14	TSEN15	1	1	1
C5_STABLE_UP	C5 stable	up	ENSG00000174307.7	PHLDA3	1	1	1
C5_STABLE_UP	C5 stable	up	ENSG00000133997.12	MED6	1	1	1
C5_STABLE_DOWN	C5 stable	down	ENSG00000186088.16	GSAP	0	1	1
C5_STABLE_DOWN	C5 stable	down	ENSG00000135245.10	HILPDA	1	1	1
C5_STABLE_DOWN	C5 stable	down	ENSG00000169604.21	ANTXR1	1	1	1
C5_STABLE_UP	C5 stable	up	ENSG00000100225.18	FBXO7	1	1	1
C5_STABLE_UP	C5 stable	up	ENSG00000159840.16	ZYX	1	1	1
C5_STABLE_DOWN	C5 stable	down	ENSG00000204253.4	HNRNPCP2	0	0	0
C5_STABLE_DOWN	C5 stable	down	ENSG00000204536.15	CCHCR1	1	1	1
C5_STABLE_UP	C5 stable	up	ENSG00000164604.14	GPR85	1	1	1
C5_STABLE_UP	C5 stable	up	ENSG00000085063.18	CD59	1	1	1
C5_STABLE_DOWN	C5 stable	down	ENSG00000139926.16	FRMD6	1	1	1
C5_STABLE_UP	C5 stable	up	ENSG00000125347.15	IRF1	1	1	1
C5_STABLE_DOWN	C5 stable	down	ENSG00000166888.12	STAT6	1	1	1
C5_STABLE_UP	C5 stable	up	ENSG00000100612.14	DHRS7	1	1	1
C5_STABLE_DOWN	C5 stable	down	ENSG00000053254.16	FOXN3	1	1	1
C5_STABLE_UP	C5 stable	up	ENSG00000197976.12	AKAP17A	1	1	1
C5_STABLE_UP	C5 stable	up	ENSG00000129460.17	NGDN	1	1	1
C5_STABLE_UP	C5 stable	up	ENSG00000177426.22	TGIF1	1	1	1
C5_STABLE_DOWN	C5 stable	down	ENSG00000181192.12	DHTKD1	1	1	1
C5_STABLE_UP	C5 stable	up	ENSG00000143183.18	TMCO1	1	1	1
C5_STABLE_UP	C5 stable	up	ENSG00000131051.24	RBM39	1	1	1
C5_STABLE_DOWN	C5 stable	down	ENSG00000143776.20	CDC42BPA	1	1	1
C5_STABLE_DOWN	C5 stable	down	ENSG00000128573.28	FOXP2	1	1	1
C5_STABLE_DOWN	C5 stable	down	ENSG00000183580.10	FBXL7	1	1	1
C5_STABLE_DOWN	C5 stable	down	ENSG00000108852.16	MPP2	1	1	1
C5_STABLE_UP	C5 stable	up	ENSG00000108510.10	MED13	1	1	1
C5_STABLE_DOWN	C5 stable	down	ENSG00000104415.14	CCN4	0	0	0
C5_STABLE_UP	C5 stable	up	ENSG00000197956.10	S100A6	1	1	1
C5_STABLE_UP	C5 stable	up	ENSG00000162772.17	ATF3	1	1	1
C5_STABLE_UP	C5 stable	up	ENSG00000102580.15	DNAJC3	1	1	1
C5_STABLE_DOWN	C5 stable	down	ENSG00000118197.14	DDX59	1	1	1
C5_STABLE_DOWN	C5 stable	down	ENSG00000167695.15	TLCD3A	0	0	0
C5_STABLE_UP	C5 stable	up	ENSG00000158470.5	B4GALT5	1	1	1
C5_STABLE_UP	C5 stable	up	ENSG00000173846.13	PLK3	1	1	1
C5_STABLE_DOWN	C5 stable	down	ENSG00000151640.13	DPYSL4	1	1	1
C5_STABLE_UP	C5 stable	up	ENSG00000167566.17	NCKAP5L	1	1	1
C5_STABLE_DOWN	C5 stable	down	ENSG00000196517.13	SLC6A9	1	1	1
C5_STABLE_UP	C5 stable	up	ENSG00000102908.23	NFAT5	1	1	1
C5_STABLE_UP	C5 stable	up	ENSG00000269858.6	EGLN2	1	1	1
C5_STABLE_DOWN	C5 stable	down	ENSG00000054965.11	FAM168A	1	1	1
C5_STABLE_UP	C5 stable	up	ENSG00000107815.10	TWNK	0	0	0
C5_STABLE_DOWN	C5 stable	down	ENSG00000163755.9	HPS3	1	1	1
C5_STABLE_DOWN	C5 stable	down	ENSG00000039560.14	RAI14	1	1	1
C5_STABLE_DOWN	C5 stable	down	ENSG00000151725.12	CENPU	0	1	1
C5_STABLE_DOWN	C5 stable	down	ENSG00000218510.9	LINC00339	1	1	1
C5_STABLE_DOWN	C5 stable	down	ENSG00000116212.15	LRRC42	1	1	1
C5_STABLE_UP	C5 stable	up	ENSG00000186577.14	SMIM29	0	0	0
C5_STABLE_UP	C5 stable	up	ENSG00000151461.20	UPF2	1	1	1
C5_STABLE_UP	C5 stable	up	ENSG00000188167.9	TMPPE	1	1	1
C5_STABLE_UP	C5 stable	up	ENSG00000132002.9	DNAJB1	1	1	1
C5_STABLE_DOWN	C5 stable	down	ENSG00000156510.13	HKDC1	1	1	1
C5_STABLE_UP	C5 stable	up	ENSG00000213246.7	SUPT4H1	1	1	1
C5_STABLE_DOWN	C5 stable	down	ENSG00000291105.1		0	0	0
C5_STABLE_UP	C5 stable	up	ENSG00000040633.13	PHF23	1	1	1
C5_STABLE_UP	C5 stable	up	ENSG00000138398.17	PPIG	1	1	1
C5_STABLE_DOWN	C5 stable	down	ENSG00000125257.16	ABCC4	1	1	1
C5_STABLE_UP	C5 stable	up	ENSG00000103342.13	GSPT1	1	1	1
C5_STABLE_UP	C5 stable	up	ENSG00000005469.12	CROT	1	1	1
C5_STABLE_UP	C5 stable	up	ENSG00000115307.17	AUP1	1	1	1
C5_STABLE_UP	C5 stable	up	ENSG00000162231.14	NXF1	1	1	1
C5_STABLE_UP	C5 stable	up	ENSG00000198576.4	ARC	1	1	1
C5_STABLE_UP	C5 stable	up	ENSG00000146676.10	PURB	1	1	1
C5_STABLE_UP	C5 stable	up	ENSG00000110048.12	OSBP	1	1	1
C5_STABLE_UP	C5 stable	up	ENSG00000151458.12	ANKRD50	1	1	1
C5_STABLE_DOWN	C5 stable	down	ENSG00000213977.8	TAX1BP3	1	1	1
C5_STABLE_UP	C5 stable	up	ENSG00000093000.19	NUP50	1	1	1
C5_STABLE_DOWN	C5 stable	down	ENSG00000116678.20	LEPR	1	1	1
C5_STABLE_DOWN	C5 stable	down	ENSG00000099260.12	PALMD	1	1	1
C5_STABLE_DOWN	C5 stable	down	ENSG00000106290.16	TAF6	1	1	1
C5_STABLE_DOWN	C5 stable	down	ENSG00000167720.13	SRR	1	1	1
C5_STABLE_UP	C5 stable	up	ENSG00000198843.14	SELENOT	0	0	0
C5_STABLE_DOWN	C5 stable	down	ENSG00000181588.17	MEX3D	1	1	1
C5_STABLE_UP	C5 stable	up	ENSG00000165699.15	TSC1	1	1	1
C5_STABLE_UP	C5 stable	up	ENSG00000118900.15	UBN1	1	1	1
C5_STABLE_DOWN	C5 stable	down	ENSG00000119943.13	PYROXD2	1	1	1
C5_STABLE_DOWN	C5 stable	down	ENSG00000124570.21	SERPINB6	1	1	1
C5_STABLE_UP	C5 stable	up	ENSG00000169813.17	HNRNPF	1	1	1
C5_STABLE_UP	C5 stable	up	ENSG00000200312.1	RN7SKP255	0	0	0
C5_STABLE_DOWN	C5 stable	down	ENSG00000108039.18	XPNPEP1	1	1	1
C5_STABLE_UP	C5 stable	up	ENSG00000173530.6	TNFRSF10D	1	1	1
C5_STABLE_DOWN	C5 stable	down	ENSG00000187634.13	SAMD11	1	1	1
C5_STABLE_DOWN	C5 stable	down	ENSG00000174748.22	RPL15	1	1	1
C5_STABLE_DOWN	C5 stable	down	ENSG00000158623.14	COPG2	1	1	1
C5_STABLE_DOWN	C5 stable	down	ENSG00000172260.15	NEGR1	1	1	1
C5_STABLE_DOWN	C5 stable	down	ENSG00000177119.17	ANO6	1	1	1
C5_STABLE_DOWN	C5 stable	down	ENSG00000140534.14	TICRR	1	1	1
C5_STABLE_DOWN	C5 stable	down	ENSG00000105429.13	MEGF8	1	1	1
C5_STABLE_UP	C5 stable	up	ENSG00000138413.14	IDH1	1	1	1
C5_STABLE_UP	C5 stable	up	ENSG00000034152.19	MAP2K3	1	1	1
C5_STABLE_UP	C5 stable	up	ENSG00000115211.17	EIF2B4	1	1	1
C5_STABLE_UP	C5 stable	up	ENSG00000145247.12	OCIAD2	1	1	1
C5_STABLE_DOWN	C5 stable	down	ENSG00000104375.17	STK3	1	1	1
C5_STABLE_DOWN	C5 stable	down	ENSG00000168615.13	ADAM9	1	1	1
C5_STABLE_UP	C5 stable	up	ENSG00000169598.17	DFFB	1	1	1
C5_STABLE_DOWN	C5 stable	down	ENSG00000035928.17	RFC1	1	1	1
C5_STABLE_DOWN	C5 stable	down	ENSG00000174780.17	SRP72	1	1	1
C5_STABLE_DOWN	C5 stable	down	ENSG00000180628.15	PCGF5	1	1	1
C5_STABLE_DOWN	C5 stable	down	ENSG00000097007.20	ABL1	1	1	1
C5_STABLE_DOWN	C5 stable	down	ENSG00000138002.16	IFT172	1	1	1
C5_STABLE_UP	C5 stable	up	ENSG00000149658.18	YTHDF1	1	1	1
C5_STABLE_UP	C5 stable	up	ENSG00000160214.13	RRP1	1	1	1
C5_STABLE_DOWN	C5 stable	down	ENSG00000125107.19	CNOT1	1	1	1
C5_STABLE_UP	C5 stable	up	ENSG00000103248.19	MTHFSD	1	1	1
C5_STABLE_DOWN	C5 stable	down	ENSG00000004455.18	AK2	1	1	1
C5_STABLE_UP	C5 stable	up	ENSG00000166963.13	MAP1A	1	1	1
C5_STABLE_UP	C5 stable	up	ENSG00000127334.11	DYRK2	1	1	1
C5_STABLE_DOWN	C5 stable	down	ENSG00000148926.10	ADM	1	1	1
C5_STABLE_UP	C5 stable	up	ENSG00000258655.2	ARHGAP5-AS1	1	1	1
C5_STABLE_DOWN	C5 stable	down	ENSG00000167792.13	NDUFV1	1	1	1
C5_STABLE_DOWN	C5 stable	down	ENSG00000122642.11	FKBP9	1	1	1
C5_STABLE_UP	C5 stable	up	ENSG00000140264.21	SERF2	1	1	1
C5_STABLE_UP	C5 stable	up	ENSG00000181163.14	NPM1	1	1	1
C5_STABLE_UP	C5 stable	up	ENSG00000197180.4	ATP6AP1-DT	0	0	0
C5_STABLE_DOWN	C5 stable	down	ENSG00000095574.12	IKZF5	1	1	1
C5_STABLE_DOWN	C5 stable	down	ENSG00000151532.15	VTI1A	1	1	1
C5_STABLE_UP	C5 stable	up	ENSG00000155438.12	NIFK	0	1	1
C5_STABLE_UP	C5 stable	up	ENSG00000115652.15	UXS1	1	1	1
C5_STABLE_UP	C5 stable	up	ENSG00000123545.6	NDUFAF4	1	1	1
C5_STABLE_UP	C5 stable	up	ENSG00000142634.13	EFHD2	1	1	1
C5_STABLE_UP	C5 stable	up	ENSG00000099804.9	CDC34	1	1	1
C5_STABLE_UP	C5 stable	up	ENSG00000166250.12	CLMP	1	1	1
C5_STABLE_UP	C5 stable	up	ENSG00000239857.7	GET4	1	1	1
C5_STABLE_UP	C5 stable	up	ENSG00000165813.20	CCDC186	0	0	1
C5_STABLE_UP	C5 stable	up	ENSG00000153914.16	SREK1	1	1	1
C5_STABLE_UP	C5 stable	up	ENSG00000178607.17	ERN1	1	1	1
C5_STABLE_DOWN	C5 stable	down	ENSG00000183570.17	PCBP3	1	1	1
C5_STABLE_UP	C5 stable	up	ENSG00000185745.10	IFIT1	1	1	1
C5_STABLE_DOWN	C5 stable	down	ENSG00000182923.20	CEP63	1	1	1
C5_STABLE_UP	C5 stable	up	ENSG00000196453.8	ZNF777	1	1	1
C5_STABLE_UP	C5 stable	up	ENSG00000132823.11	OSER1	0	1	1
C5_STABLE_DOWN	C5 stable	down	ENSG00000061337.15	LZTS1	1	1	1
C5_STABLE_UP	C5 stable	up	ENSG00000242802.9	AP5Z1	1	1	1
C5_STABLE_DOWN	C5 stable	down	ENSG00000163697.17	APBB2	1	1	1
C5_STABLE_DOWN	C5 stable	down	ENSG00000176692.8	FOXC2	1	1	1
C5_STABLE_DOWN	C5 stable	down	ENSG00000077097.17	TOP2B	1	1	1
C5_STABLE_DOWN	C5 stable	down	ENSG00000125534.10	PPDPF	1	1	1
C5_STABLE_DOWN	C5 stable	down	ENSG00000262814.8	MRPL12	1	1	1
C5_STABLE_DOWN	C5 stable	down	ENSG00000198961.10	PJA2	1	1	1
C5_STABLE_DOWN	C5 stable	down	ENSG00000149256.16	TENM4	1	1	1
C5_STABLE_UP	C5 stable	up	ENSG00000178988.11	MRFAP1L1	1	1	1
C5_STABLE_DOWN	C5 stable	down	ENSG00000102172.16	SMS	1	1	1
C5_STABLE_DOWN	C5 stable	down	ENSG00000079150.19	FKBP7	1	1	1
C5_STABLE_UP	C5 stable	up	ENSG00000164949.8	GEM	1	1	1
C5_STABLE_UP	C5 stable	up	ENSG00000108091.11	CCDC6	1	1	1
C5_STABLE_UP	C5 stable	up	ENSG00000198728.11	LDB1	1	1	1
C5_STABLE_UP	C5 stable	up	ENSG00000167996.16	FTH1	1	1	1
C5_STABLE_UP	C5 stable	up	ENSG00000106299.8	WASL	1	1	1
C5_STABLE_DOWN	C5 stable	down	ENSG00000288701.1	PRRC2B	1	1	1
C5_STABLE_UP	C5 stable	up	ENSG00000130449.6	ZSWIM6	1	1	1
C5_STABLE_DOWN	C5 stable	down	ENSG00000171863.15	RPS7	1	1	1
C5_STABLE_UP	C5 stable	up	ENSG00000166848.7	TERF2IP	1	1	1
C5_STABLE_DOWN	C5 stable	down	ENSG00000124486.15	USP9X	1	1	1
C5_STABLE_DOWN	C5 stable	down	ENSG00000141376.23	BCAS3	1	1	1
C5_STABLE_UP	C5 stable	up	ENSG00000118946.12	PCDH17	1	1	1
C5_STABLE_DOWN	C5 stable	down	ENSG00000196923.14	PDLIM7	1	1	1
C5_STABLE_UP	C5 stable	up	ENSG00000175040.6	CHST2	1	1	1
C5_STABLE_UP	C5 stable	up	ENSG00000152443.13	ZNF776	1	1	1
C5_STABLE_UP	C5 stable	up	ENSG00000116030.17	SUMO1	1	1	1
C5_STABLE_UP	C5 stable	up	ENSG00000135924.17	DNAJB2	1	1	1
C5_STABLE_UP	C5 stable	up	ENSG00000112343.11	TRIM38	1	1	1
C5_STABLE_DOWN	C5 stable	down	ENSG00000059145.19	UNKL	1	1	1
C5_STABLE_DOWN	C5 stable	down	ENSG00000088538.13	DOCK3	1	1	1
C5_STABLE_UP	C5 stable	up	ENSG00000175376.9	EIF1AD	1	1	1
C5_STABLE_DOWN	C5 stable	down	ENSG00000289586.2		0	0	0
C5_STABLE_UP	C5 stable	up	ENSG00000167994.13	RAB3IL1	1	1	1
C5_STABLE_UP	C5 stable	up	ENSG00000061936.10	SFSWAP	1	1	1
C5_STABLE_UP	C5 stable	up	ENSG00000095752.7	IL11	1	1	1
C5_STABLE_UP	C5 stable	up	ENSG00000163558.13	PRKCI	1	1	1
C5_STABLE_UP	C5 stable	up	ENSG00000172115.9	CYCS	1	1	1
C5_STABLE_UP	C5 stable	up	ENSG00000109084.14	TMEM97	1	1	1
C5_STABLE_UP	C5 stable	up	ENSG00000091164.13	TXNL1	1	1	1
C5_STABLE_UP	C5 stable	up	ENSG00000105127.10	AKAP8	1	1	1
C5_STABLE_UP	C5 stable	up	ENSG00000148840.11	PPRC1	1	1	1
C5_STABLE_UP	C5 stable	up	ENSG00000116871.16	MAP7D1	1	1	1
C5_STABLE_UP	C5 stable	up	ENSG00000128524.5	ATP6V1F	1	1	1
C5_STABLE_DOWN	C5 stable	down	ENSG00000170379.21	TCAF2	0	0	1
C5_STABLE_UP	C5 stable	up	ENSG00000179889.20	PDXDC1	1	1	1
C5_STABLE_UP	C5 stable	up	ENSG00000113460.13	BRIX1	1	1	1
C5_STABLE_DOWN	C5 stable	down	ENSG00000167645.17	YIF1B	1	1	1
C5_STABLE_UP	C5 stable	up	ENSG00000163947.12	ARHGEF3	1	1	1
C5_STABLE_UP	C5 stable	up	ENSG00000136450.13	SRSF1	1	1	1
C5_STABLE_UP	C5 stable	up	ENSG00000060491.17	OGFR	1	1	1
C5_STABLE_DOWN	C5 stable	down	ENSG00000156030.14	MIDEAS	0	0	0
C5_STABLE_UP	C5 stable	up	ENSG00000171860.5	C3AR1	1	1	1
C5_STABLE_DOWN	C5 stable	down	ENSG00000185033.15	SEMA4B	1	1	1
C5_STABLE_UP	C5 stable	up	ENSG00000130254.12	SAFB2	1	1	1
C5_STABLE_DOWN	C5 stable	down	ENSG00000267120.3		0	0	0
C5_STABLE_DOWN	C5 stable	down	ENSG00000135766.9	EGLN1	1	1	1
C5_STABLE_DOWN	C5 stable	down	ENSG00000004487.18	KDM1A	1	1	1
C5_STABLE_UP	C5 stable	up	ENSG00000198467.16	TPM2	1	1	1
C5_STABLE_DOWN	C5 stable	down	ENSG00000171723.16	GPHN	1	1	1
C5_STABLE_UP	C5 stable	up	ENSG00000211455.8	STK38L	1	1	1
C5_STABLE_DOWN	C5 stable	down	ENSG00000187838.17	PLSCR3	1	0	0
C5_STABLE_DOWN	C5 stable	down	ENSG00000102181.21	CD99L2	1	1	1
C5_STABLE_UP	C5 stable	up	ENSG00000146826.17	TRAPPC14	0	0	0
C5_STABLE_UP	C5 stable	up	ENSG00000204371.12	EHMT2	1	1	1
C5_STABLE_DOWN	C5 stable	down	ENSG00000230257.7	NFE4	0	1	1
C5_STABLE_DOWN	C5 stable	down	ENSG00000127564.17	PKMYT1	1	1	1
C5_STABLE_DOWN	C5 stable	down	ENSG00000286112.1	KYAT1	0	0	0
C5_STABLE_UP	C5 stable	up	ENSG00000035403.18	VCL	1	1	1
C5_STABLE_UP	C5 stable	up	ENSG00000198189.11	HSD17B11	1	1	1
C5_STABLE_UP	C5 stable	up	ENSG00000258947.8	TUBB3	1	1	1
C5_STABLE_UP	C5 stable	up	ENSG00000116251.11	RPL22	1	1	1
C5_STABLE_DOWN	C5 stable	down	ENSG00000291149.1	LOC154761	1	0	0
C5_STABLE_DOWN	C5 stable	down	ENSG00000275131.4	PDE4DIPP2	0	0	0
C5_STABLE_UP	C5 stable	up	ENSG00000264364.3	DYNLL2	1	1	1
C5_STABLE_UP	C5 stable	up	ENSG00000026103.25	FAS	1	1	1
C5_STABLE_DOWN	C5 stable	down	ENSG00000184445.12	KNTC1	1	1	1
C5_STABLE_UP	C5 stable	up	ENSG00000196878.15	LAMB3	1	1	1
C5_STABLE_DOWN	C5 stable	down	ENSG00000117153.16	KLHL12	1	1	1
C5_STABLE_UP	C5 stable	up	ENSG00000167657.14	DAPK3	1	1	1
C5_STABLE_DOWN	C5 stable	down	ENSG00000280120.1		0	0	0
C5_STABLE_UP	C5 stable	up	ENSG00000123146.20	ADGRE5	0	0	1
C5_STABLE_UP	C5 stable	up	ENSG00000234127.9	TRIM26	1	1	1
C5_STABLE_DOWN	C5 stable	down	ENSG00000123095.6	BHLHE41	1	1	1
C5_STABLE_UP	C5 stable	up	ENSG00000240489.1	SETP14	0	0	0
C5_STABLE_UP	C5 stable	up	ENSG00000138434.17	ITPRID2	0	0	0
C5_STABLE_UP	C5 stable	up	ENSG00000143545.10	RAB13	1	1	1
C5_STABLE_UP	C5 stable	up	ENSG00000101146.13	RAE1	1	1	1
C5_STABLE_UP	C5 stable	up	ENSG00000164172.20	MOCS2	1	1	1
C5_STABLE_DOWN	C5 stable	down	ENSG00000196810.5	CTBP1-DT	0	0	0
C5_STABLE_DOWN	C5 stable	down	ENSG00000241973.11	PI4KA	1	1	1
C5_STABLE_UP	C5 stable	up	ENSG00000052841.16	TTC17	1	1	1
C5_STABLE_UP	C5 stable	up	ENSG00000159164.10	SV2A	1	1	1
C5_STABLE_DOWN	C5 stable	down	ENSG00000104824.18	HNRNPL	1	1	1
C5_STABLE_DOWN	C5 stable	down	ENSG00000068796.19	KIF2A	1	1	1
C5_STABLE_UP	C5 stable	up	ENSG00000134884.15	ARGLU1	1	1	1
C5_STABLE_DOWN	C5 stable	down	ENSG00000043514.17	TRIT1	1	1	1
C5_STABLE_DOWN	C5 stable	down	ENSG00000253982.3	CLN8-AS1	0	0	0
C5_STABLE_UP	C5 stable	up	ENSG00000181704.12	YIPF6	1	1	1
C5_STABLE_DOWN	C5 stable	down	ENSG00000119471.15	HSDL2	1	1	1
C5_STABLE_DOWN	C5 stable	down	ENSG00000188191.16	PRKAR1B	1	1	1
C5_STABLE_DOWN	C5 stable	down	ENSG00000153015.17	CWC27	1	1	1
C5_STABLE_UP	C5 stable	up	ENSG00000275700.6	AATF	1	1	1
C5_STABLE_UP	C5 stable	up	ENSG00000126903.16	SLC10A3	1	1	1
C5_STABLE_DOWN	C5 stable	down	ENSG00000131153.9	GINS2	1	1	1
C5_STABLE_UP	C5 stable	up	ENSG00000118242.16	MREG	1	1	1
C5_STABLE_UP	C5 stable	up	ENSG00000103042.9	SLC38A7	1	1	1
C5_STABLE_UP	C5 stable	up	ENSG00000089248.7	ERP29	1	1	1
C5_STABLE_UP	C5 stable	up	ENSG00000277462.2	ZNF670	1	1	1
C5_STABLE_DOWN	C5 stable	down	ENSG00000197594.14	ENPP1	1	1	1
C5_STABLE_DOWN	C5 stable	down	ENSG00000123143.13	PKN1	1	1	1
C5_STABLE_UP	C5 stable	up	ENSG00000107951.15	MTPAP	1	1	1
C5_STABLE_UP	C5 stable	up	ENSG00000198954.9	KIFBP	0	0	0
C5_STABLE_UP	C5 stable	up	ENSG00000126947.13	ARMCX1	1	1	1
C5_STABLE_DOWN	C5 stable	down	ENSG00000141627.14	DYM	1	1	1
C5_STABLE_DOWN	C5 stable	down	ENSG00000126803.10	HSPA2	1	1	1
C5_STABLE_UP	C5 stable	up	ENSG00000065989.16	PDE4A	1	1	1
C5_STABLE_UP	C5 stable	up	ENSG00000052749.14	RRP12	1	1	1
C5_STABLE_DOWN	C5 stable	down	ENSG00000078369.19	GNB1	1	1	1
C5_STABLE_UP	C5 stable	up	ENSG00000127989.14	MTERF1	0	0	1
C5_STABLE_UP	C5 stable	up	ENSG00000268043.9	NBPF12	0	1	1
C5_STABLE_DOWN	C5 stable	down	ENSG00000107862.7	GBF1	1	1	1
C5_STABLE_UP	C5 stable	up	ENSG00000072840.13	EVC	1	1	1
C5_STABLE_UP	C5 stable	up	ENSG00000149930.18	TAOK2	1	1	1
C5_STABLE_UP	C5 stable	up	ENSG00000198331.11	HYLS1	1	1	1
C5_STABLE_UP	C5 stable	up	ENSG00000124226.11	RNF114	1	1	1
C5_STABLE_UP	C5 stable	up	ENSG00000182117.7	NOP10	1	1	1
C5_STABLE_DOWN	C5 stable	down	ENSG00000115464.15	USP34	1	1	1
C5_STABLE_UP	C5 stable	up	ENSG00000112658.8	SRF	1	1	1
C5_STABLE_UP	C5 stable	up	ENSG00000155506.19	LARP1	1	1	1
C5_STABLE_UP	C5 stable	up	ENSG00000213694.7	S1PR3	1	1	1
C5_STABLE_UP	C5 stable	up	ENSG00000132467.4	UTP3	1	1	1
C5_STABLE_UP	C5 stable	up	ENSG00000116455.14	WDR77	1	1	1
C5_STABLE_UP	C5 stable	up	ENSG00000152749.8	GPR180	1	1	1
C5_STABLE_DOWN	C5 stable	down	ENSG00000231500.7	RPS18	1	1	1
C5_STABLE_DOWN	C5 stable	down	ENSG00000155229.21	MMS19	1	1	1
C5_STABLE_DOWN	C5 stable	down	ENSG00000087008.16	ACOX3	1	1	1
C5_STABLE_UP	C5 stable	up	ENSG00000214160.10	ALG3	1	1	1
C5_STABLE_UP	C5 stable	up	ENSG00000108819.11	PPP1R9B	1	1	1
C5_STABLE_UP	C5 stable	up	ENSG00000153339.15	TRAPPC8	1	1	1
C5_STABLE_UP	C5 stable	up	ENSG00000213144.2	PDAP1P1	0	0	0
C5_STABLE_DOWN	C5 stable	down	ENSG00000178980.16	SELENOW	0	0	0
C5_STABLE_UP	C5 stable	up	ENSG00000135052.16	GOLM1	1	1	1
C5_STABLE_DOWN	C5 stable	down	ENSG00000164068.16	RNF123	1	1	1
C5_STABLE_DOWN	C5 stable	down	ENSG00000174371.17	EXO1	1	1	1
C5_STABLE_UP	C5 stable	up	ENSG00000163874.11	ZC3H12A	1	1	1
C5_STABLE_UP	C5 stable	up	ENSG00000138835.24	RGS3	1	1	1
C5_STABLE_UP	C5 stable	up	ENSG00000096717.12	SIRT1	1	1	1
C5_STABLE_UP	C5 stable	up	ENSG00000171368.12	TPPP	1	1	1
C5_STABLE_UP	C5 stable	up	ENSG00000157827.20	FMNL2	1	1	1
C5_STABLE_UP	C5 stable	up	ENSG00000185339.10	TCN2	1	1	1
C5_STABLE_UP	C5 stable	up	ENSG00000055044.11	NOP58	1	1	1
C5_STABLE_UP	C5 stable	up	ENSG00000099968.18	BCL2L13	1	1	1
C5_STABLE_UP	C5 stable	up	ENSG00000258644.6	SYNJ2BP-COX16	1	0	1
C5_STABLE_UP	C5 stable	up	ENSG00000169045.18	HNRNPH1	1	1	1
C5_STABLE_UP	C5 stable	up	ENSG00000111305.19	GSG1	1	1	1
C5_STABLE_UP	C5 stable	up	ENSG00000064666.15	CNN2	1	1	1
C5_STABLE_UP	C5 stable	up	ENSG00000163319.11	MRPS18C	1	1	1
C5_STABLE_DOWN	C5 stable	down	ENSG00000108469.15	RECQL5	1	1	1
C5_STABLE_UP	C5 stable	up	ENSG00000156697.13	UTP14A	1	1	1
C5_STABLE_DOWN	C5 stable	down	ENSG00000077092.20	RARB	1	1	1
C5_STABLE_DOWN	C5 stable	down	ENSG00000120328.6	PCDHB12	1	1	1
C5_STABLE_UP	C5 stable	up	ENSG00000130939.20	UBE4B	1	1	1
C5_STABLE_DOWN	C5 stable	down	ENSG00000188641.14	DPYD	1	1	1
C5_STABLE_DOWN	C5 stable	down	ENSG00000214078.13	CPNE1	1	1	1
C5_STABLE_UP	C5 stable	up	ENSG00000163539.18	CLASP2	1	1	1
C5_STABLE_UP	C5 stable	up	ENSG00000164484.12	TMEM200A	1	1	1
C5_STABLE_UP	C5 stable	up	ENSG00000149809.17	TM7SF2	1	1	1
C5_STABLE_DOWN	C5 stable	down	ENSG00000073712.15	FERMT2	1	1	1
C5_STABLE_DOWN	C5 stable	down	ENSG00000116852.15	KIF21B	1	1	1
C5_STABLE_UP	C5 stable	up	ENSG00000186594.16	MIR22HG	1	1	1
C5_STABLE_DOWN	C5 stable	down	ENSG00000162441.12	LZIC	1	1	1
C5_STABLE_DOWN	C5 stable	down	ENSG00000112237.13	CCNC	1	1	1
C5_STABLE_DOWN	C5 stable	down	ENSG00000196735.13	HLA-DQA1	1	1	1
C5_STABLE_UP	C5 stable	up	ENSG00000115539.14	PDCL3	1	1	1
C5_STABLE_UP	C5 stable	up	ENSG00000143543.15	JTB	1	1	1
C5_STABLE_DOWN	C5 stable	down	ENSG00000243156.9	MICAL3	1	1	1
C5_STABLE_UP	C5 stable	up	ENSG00000004766.17	VPS50	0	0	1
C5_STABLE_DOWN	C5 stable	down	ENSG00000259768.8	ZFHX3-AS1	0	0	0
C5_STABLE_UP	C5 stable	up	ENSG00000100416.15	TRMU	1	1	1
C5_STABLE_UP	C5 stable	up	ENSG00000144746.7	ARL6IP5	1	1	1
C5_STABLE_UP	C5 stable	up	ENSG00000160818.17	GPATCH4	1	1	1
C5_STABLE_UP	C5 stable	up	ENSG00000095015.6	MAP3K1	1	1	1
C5_STABLE_UP	C5 stable	up	ENSG00000119335.18	SET	1	1	1
C5_STABLE_UP	C5 stable	up	ENSG00000149357.10	LAMTOR1	1	1	1
C5_STABLE_UP	C5 stable	up	ENSG00000047315.17	POLR2B	1	1	1
C5_STABLE_DOWN	C5 stable	down	ENSG00000143320.9	CRABP2	1	1	1
C5_STABLE_UP	C5 stable	up	ENSG00000170581.15	STAT2	1	1	1
C5_STABLE_UP	C5 stable	up	ENSG00000257621.9	PSMA3-AS1	0	0	1
C5_STABLE_DOWN	C5 stable	down	ENSG00000074047.22	GLI2	1	1	1
C5_STABLE_DOWN	C5 stable	down	ENSG00000137834.15	SMAD6	1	1	1
C5_STABLE_UP	C5 stable	up	ENSG00000184863.11	RBM33	1	1	1
C5_STABLE_DOWN	C5 stable	down	ENSG00000268941.2	LINC01711	0	0	0
C5_STABLE_DOWN	C5 stable	down	ENSG00000226752.10	CUTALP	0	0	0
C5_STABLE_DOWN	C5 stable	down	ENSG00000165752.17	STK32C	1	1	1
C5_STABLE_UP	C5 stable	up	ENSG00000023572.10	GLRX2	1	1	1
C5_STABLE_DOWN	C5 stable	down	ENSG00000069424.16	KCNAB2	1	1	1
C5_STABLE_UP	C5 stable	up	ENSG00000136689.20	IL1RN	1	1	1
M_shared_antiproliferative	module	module		ABCE1	1	1	1
M_shared_antiproliferative	module	module		ABL1	1	1	1
M_shared_antiproliferative	module	module		ACP1	1	1	1
M_shared_antiproliferative	module	module		AIMP2	1	1	1
M_shared_antiproliferative	module	module		AK2	1	1	1
M_shared_antiproliferative	module	module		AMD1	1	1	1
M_shared_antiproliferative	module	module		ANP32E	1	1	1
M_shared_antiproliferative	module	module		AP3S1	1	1	1
M_shared_antiproliferative	module	module		APEX1	1	1	1
M_shared_antiproliferative	module	module		ARID4A	1	1	1
M_shared_antiproliferative	module	module		ASF1A	1	1	1
M_shared_antiproliferative	module	module		ASF1B	1	1	1
M_shared_antiproliferative	module	module		ATAD2	1	1	1
M_shared_antiproliferative	module	module		ATF5	1	1	1
M_shared_antiproliferative	module	module		ATRX	1	1	1
M_shared_antiproliferative	module	module		AURKA	1	1	1
M_shared_antiproliferative	module	module		AURKB	1	1	1
M_shared_antiproliferative	module	module		BARD1	1	1	1
M_shared_antiproliferative	module	module		BCL3	1	1	1
M_shared_antiproliferative	module	module		BIRC5	1	1	1
M_shared_antiproliferative	module	module		BRCA1	1	1	1
M_shared_antiproliferative	module	module		BRCA2	1	1	1
M_shared_antiproliferative	module	module		BRMS1L	1	1	1
M_shared_antiproliferative	module	module		BUB1	1	1	1
M_shared_antiproliferative	module	module		BUB1B	1	1	1
M_shared_antiproliferative	module	module		BUB3	1	1	1
M_shared_antiproliferative	module	module		C1QBP	1	1	1
M_shared_antiproliferative	module	module		CAD	1	1	1
M_shared_antiproliferative	module	module		CANX	1	1	1
M_shared_antiproliferative	module	module		CASP8AP2	1	0	1
M_shared_antiproliferative	module	module		CBX1	1	1	1
M_shared_antiproliferative	module	module		CBX3	1	1	1
M_shared_antiproliferative	module	module		CBX5	1	1	1
M_shared_antiproliferative	module	module		CCNA2	1	1	1
M_shared_antiproliferative	module	module		CCNB2	1	1	1
M_shared_antiproliferative	module	module		CCND1	1	1	1
M_shared_antiproliferative	module	module		CCNE1	1	1	1
M_shared_antiproliferative	module	module		CCNF	1	1	1
M_shared_antiproliferative	module	module		CCNT1	1	1	1
M_shared_antiproliferative	module	module		CCP110	1	1	1
M_shared_antiproliferative	module	module		CCT2	1	1	1
M_shared_antiproliferative	module	module		CCT3	1	1	1
M_shared_antiproliferative	module	module		CCT4	1	1	1
M_shared_antiproliferative	module	module		CCT5	1	1	1
M_shared_antiproliferative	module	module		CCT7	1	1	1
M_shared_antiproliferative	module	module		CDC20	1	1	1
M_shared_antiproliferative	module	module		CDC25A	1	1	1
M_shared_antiproliferative	module	module		CDC25B	1	1	1
M_shared_antiproliferative	module	module		CDC27	1	1	1
M_shared_antiproliferative	module	module		CDC45	1	1	1
M_shared_antiproliferative	module	module		CDC6	1	1	1
M_shared_antiproliferative	module	module		CDC7	1	1	1
M_shared_antiproliferative	module	module		CDCA3	1	1	1
M_shared_antiproliferative	module	module		CDCA8	1	1	1
M_shared_antiproliferative	module	module		CDK1	1	1	1
M_shared_antiproliferative	module	module		CDK2	1	1	1
M_shared_antiproliferative	module	module		CDK4	1	1	1
M_shared_antiproliferative	module	module		CDKN1A	1	1	1
M_shared_antiproliferative	module	module		CDKN1B	1	1	1
M_shared_antiproliferative	module	module		CDKN2A	1	1	1
M_shared_antiproliferative	module	module		CDKN2C	1	1	1
M_shared_antiproliferative	module	module		CDKN3	1	1	1
M_shared_antiproliferative	module	module		CENPA	1	1	1
M_shared_antiproliferative	module	module		CENPE	1	1	1
M_shared_antiproliferative	module	module		CENPF	1	1	1
M_shared_antiproliferative	module	module		CENPM	1	1	1
M_shared_antiproliferative	module	module		CHAF1A	1	1	1
M_shared_antiproliferative	module	module		CHEK1	1	1	1
M_shared_antiproliferative	module	module		CHEK2	1	1	1
M_shared_antiproliferative	module	module		CHMP1A	1	1	1
M_shared_antiproliferative	module	module		CIT	1	1	1
M_shared_antiproliferative	module	module		CKS1B	1	1	1
M_shared_antiproliferative	module	module		CKS2	1	1	1
M_shared_antiproliferative	module	module		CLNS1A	1	1	1
M_shared_antiproliferative	module	module		CNBP	1	1	1
M_shared_antiproliferative	module	module		CNOT9	0	0	0
M_shared_antiproliferative	module	module		COPS5	1	1	1
M_shared_antiproliferative	module	module		COX5A	1	1	1
M_shared_antiproliferative	module	module		CSE1L	1	1	1
M_shared_antiproliferative	module	module		CSTF2	1	1	1
M_shared_antiproliferative	module	module		CTCF	1	1	1
M_shared_antiproliferative	module	module		CTPS1	1	1	1
M_shared_antiproliferative	module	module		CUL1	1	1	1
M_shared_antiproliferative	module	module		CUL3	1	1	1
M_shared_antiproliferative	module	module		CUL4A	1	1	1
M_shared_antiproliferative	module	module		CUL5	1	1	1
M_shared_antiproliferative	module	module		CYC1	1	1	1
M_shared_antiproliferative	module	module		DBF4	1	1	1
M_shared_antiproliferative	module	module		DCK	1	1	1
M_shared_antiproliferative	module	module		DCLRE1B	1	1	1
M_shared_antiproliferative	module	module		DCTPP1	1	1	1
M_shared_antiproliferative	module	module		DDX18	1	1	1
M_shared_antiproliferative	module	module		DDX21	1	1	1
M_shared_antiproliferative	module	module		DDX39A	1	1	1
M_shared_antiproliferative	module	module		DEK	1	1	1
M_shared_antiproliferative	module	module		DEPDC1	1	1	1
M_shared_antiproliferative	module	module		DHX15	1	1	1
M_shared_antiproliferative	module	module		DIAPH3	1	1	1
M_shared_antiproliferative	module	module		DKC1	1	1	1
M_shared_antiproliferative	module	module		DLGAP5	1	1	1
M_shared_antiproliferative	module	module		DMD	1	1	1
M_shared_antiproliferative	module	module		DNMT1	1	1	1
M_shared_antiproliferative	module	module		DONSON	1	1	1
M_shared_antiproliferative	module	module		DR1	1	1	1
M_shared_antiproliferative	module	module		DSCC1	1	1	1
M_shared_antiproliferative	module	module		DTYMK	1	1	1
M_shared_antiproliferative	module	module		DUT	1	1	1
M_shared_antiproliferative	module	module		E2F1	1	1	1
M_shared_antiproliferative	module	module		E2F2	1	1	1
M_shared_antiproliferative	module	module		E2F3	1	1	1
M_shared_antiproliferative	module	module		E2F4	1	1	1
M_shared_antiproliferative	module	module		E2F8	1	1	1
M_shared_antiproliferative	module	module		EED	1	1	1
M_shared_antiproliferative	module	module		EEF1B2	1	1	1
M_shared_antiproliferative	module	module		EFNA5	1	1	1
M_shared_antiproliferative	module	module		EGF	1	1	1
M_shared_antiproliferative	module	module		EIF1AX	1	1	1
M_shared_antiproliferative	module	module		EIF2S1	1	1	1
M_shared_antiproliferative	module	module		EIF2S2	1	1	1
M_shared_antiproliferative	module	module		EIF3B	1	1	1
M_shared_antiproliferative	module	module		EIF3D	1	1	1
M_shared_antiproliferative	module	module		EIF3J	1	1	1
M_shared_antiproliferative	module	module		EIF4A1	1	1	1
M_shared_antiproliferative	module	module		EIF4E	1	1	1
M_shared_antiproliferative	module	module		EIF4G2	1	1	1
M_shared_antiproliferative	module	module		EIF4H	1	1	1
M_shared_antiproliferative	module	module		EPRS1	0	0	0
M_shared_antiproliferative	module	module		ERH	1	1	1
M_shared_antiproliferative	module	module		ESPL1	1	1	1
M_shared_antiproliferative	module	module		ETF1	1	1	1
M_shared_antiproliferative	module	module		EWSR1	1	1	1
M_shared_antiproliferative	module	module		EXO1	1	1	1
M_shared_antiproliferative	module	module		EXOSC7	1	1	1
M_shared_antiproliferative	module	module		EXOSC8	1	1	1
M_shared_antiproliferative	module	module		EZH2	1	1	1
M_shared_antiproliferative	module	module		FAM120A	1	1	1
M_shared_antiproliferative	module	module		FANCC	1	1	1
M_shared_antiproliferative	module	module		FBL	1	1	1
M_shared_antiproliferative	module	module		FBXO5	1	1	1
M_shared_antiproliferative	module	module		FOXN3	1	1	1
M_shared_antiproliferative	module	module		G3BP1	1	1	1
M_shared_antiproliferative	module	module		GINS1	1	1	1
M_shared_antiproliferative	module	module		GINS2	1	1	1
M_shared_antiproliferative	module	module		GINS3	1	1	1
M_shared_antiproliferative	module	module		GINS4	1	1	1
M_shared_antiproliferative	module	module		GLO1	1	1	1
M_shared_antiproliferative	module	module		GNL3	1	1	1
M_shared_antiproliferative	module	module		GOT2	1	1	1
M_shared_antiproliferative	module	module		GSPT1	1	1	1
M_shared_antiproliferative	module	module		H2AX	0	0	0
M_shared_antiproliferative	module	module		H2AZ1	0	0	0
M_shared_antiproliferative	module	module		H2AZ2	0	0	0
M_shared_antiproliferative	module	module		H2BC12	0	0	0
M_shared_antiproliferative	module	module		HDAC2	1	1	1
M_shared_antiproliferative	module	module		HDDC2	1	1	1
M_shared_antiproliferative	module	module		HDGF	1	1	1
M_shared_antiproliferative	module	module		HELLS	1	1	1
M_shared_antiproliferative	module	module		HIF1A	1	1	1
M_shared_antiproliferative	module	module		HIRA	1	1	1
M_shared_antiproliferative	module	module		HMGA1	1	1	1
M_shared_antiproliferative	module	module		HMGB2	1	1	1
M_shared_antiproliferative	module	module		HMGB3	1	1	1
M_shared_antiproliferative	module	module		HMGN2	1	1	1
M_shared_antiproliferative	module	module		HMMR	1	1	1
M_shared_antiproliferative	module	module		HNRNPA1	1	1	1
M_shared_antiproliferative	module	module		HNRNPA2B1	1	1	1
M_shared_antiproliferative	module	module		HNRNPA3	1	1	1
M_shared_antiproliferative	module	module		HNRNPC	1	1	1
M_shared_antiproliferative	module	module		HNRNPD	1	1	1
M_shared_antiproliferative	module	module		HNRNPR	1	1	1
M_shared_antiproliferative	module	module		HNRNPU	1	1	1
M_shared_antiproliferative	module	module		HOXC10	1	1	1
M_shared_antiproliferative	module	module		HPRT1	1	1	1
M_shared_antiproliferative	module	module		HSP90AB1	1	1	1
M_shared_antiproliferative	module	module		HSPA8	1	1	1
M_shared_antiproliferative	module	module		HSPD1	1	1	1
M_shared_antiproliferative	module	module		HSPE1	1	1	1
M_shared_antiproliferative	module	module		HUS1	1	1	1
M_shared_antiproliferative	module	module		IARS1	0	0	0
M_shared_antiproliferative	module	module		IFRD1	1	1	1
M_shared_antiproliferative	module	module		ILF2	1	1	1
M_shared_antiproliferative	module	module		ILF3	1	1	1
M_shared_antiproliferative	module	module		IMPDH2	1	1	1
M_shared_antiproliferative	module	module		INCENP	1	1	1
M_shared_antiproliferative	module	module		ING3	1	1	1
M_shared_antiproliferative	module	module		IPO7	1	1	1
M_shared_antiproliferative	module	module		JPT1	0	0	0
M_shared_antiproliferative	module	module		KARS1	0	0	0
M_shared_antiproliferative	module	module		KATNA1	1	1	1
M_shared_antiproliferative	module	module		KIF11	1	1	1
M_shared_antiproliferative	module	module		KIF15	1	1	1
M_shared_antiproliferative	module	module		KIF18B	1	1	1
M_shared_antiproliferative	module	module		KIF20B	1	1	1
M_shared_antiproliferative	module	module		KIF22	1	1	1
M_shared_antiproliferative	module	module		KIF23	1	1	1
M_shared_antiproliferative	module	module		KIF2C	1	1	1
M_shared_antiproliferative	module	module		KIF4A	1	1	1
M_shared_antiproliferative	module	module		KIF5B	1	1	1
M_shared_antiproliferative	module	module		KMT5A	0	0	1
M_shared_antiproliferative	module	module		KNL1	0	0	0
M_shared_antiproliferative	module	module		KPNA2	1	1	1
M_shared_antiproliferative	module	module		KPNB1	1	1	1
M_shared_antiproliferative	module	module		LBR	1	1	1
M_shared_antiproliferative	module	module		LDHA	1	1	1
M_shared_antiproliferative	module	module		LIG1	1	1	1
M_shared_antiproliferative	module	module		LIG3	1	1	1
M_shared_antiproliferative	module	module		LMNB1	1	1	1
M_shared_antiproliferative	module	module		LSM2	1	1	1
M_shared_antiproliferative	module	module		LSM7	1	1	1
M_shared_antiproliferative	module	module		LUC7L3	1	1	1
M_shared_antiproliferative	module	module		LYAR	1	1	1
M_shared_antiproliferative	module	module		MAD2L1	1	1	1
M_shared_antiproliferative	module	module		MAP3K20	0	0	0
M_shared_antiproliferative	module	module		MAPK14	1	1	1
M_shared_antiproliferative	module	module		MARCKS	1	1	1
M_shared_antiproliferative	module	module		MCM2	1	1	1
M_shared_antiproliferative	module	module		MCM3	1	1	1
M_shared_antiproliferative	module	module		MCM4	1	1	1
M_shared_antiproliferative	module	module		MCM5	1	1	1
M_shared_antiproliferative	module	module		MCM6	1	1	1
M_shared_antiproliferative	module	module		MCM7	1	1	1
M_shared_antiproliferative	module	module		MEIS1	1	1	1
M_shared_antiproliferative	module	module		MEIS2	1	1	1
M_shared_antiproliferative	module	module		MELK	1	1	1
M_shared_antiproliferative	module	module		MKI67	1	1	1
M_shared_antiproliferative	module	module		MLH1	1	1	1
M_shared_antiproliferative	module	module		MMS22L	1	1	1
M_shared_antiproliferative	module	module		MNAT1	1	1	1
M_shared_antiproliferative	module	module		MRE11	0	0	0
M_shared_antiproliferative	module	module		MRPL23	1	1	1
M_shared_antiproliferative	module	module		MRPL9	1	1	1
M_shared_antiproliferative	module	module		MRPS18B	1	1	1
M_shared_antiproliferative	module	module		MSH2	1	1	1
M_shared_antiproliferative	module	module		MT2A	1	1	1
M_shared_antiproliferative	module	module		MTF2	1	1	1
M_shared_antiproliferative	module	module		MTHFD2	1	1	1
M_shared_antiproliferative	module	module		MXD3	1	1	1
M_shared_antiproliferative	module	module		MYBL2	1	1	1
M_shared_antiproliferative	module	module		MYC	1	1	1
M_shared_antiproliferative	module	module		NAA38	1	1	1
M_shared_antiproliferative	module	module		NAP1L1	1	1	1
M_shared_antiproliferative	module	module		NASP	1	1	1
M_shared_antiproliferative	module	module		NBN	1	1	1
M_shared_antiproliferative	module	module		NCAPD2	1	1	1
M_shared_antiproliferative	module	module		NCBP1	1	1	1
M_shared_antiproliferative	module	module		NCBP2	1	1	1
M_shared_antiproliferative	module	module		NCL	1	1	1
M_shared_antiproliferative	module	module		NDC80	1	1	1
M_shared_antiproliferative	module	module		NDUFAB1	1	1	1
M_shared_antiproliferative	module	module		NEK2	1	1	1
M_shared_antiproliferative	module	module		NHP2	1	1	1
M_shared_antiproliferative	module	module		NME1	1	1	1
M_shared_antiproliferative	module	module		NOLC1	1	1	1
M_shared_antiproliferative	module	module		NOP16	1	1	1
M_shared_antiproliferative	module	module		NOP56	1	1	1
M_shared_antiproliferative	module	module		NOTCH2	1	1	1
M_shared_antiproliferative	module	module		NPM1	1	1	1
M_shared_antiproliferative	module	module		NSD2	0	0	0
M_shared_antiproliferative	module	module		NUDT21	1	1	1
M_shared_antiproliferative	module	module		NUMA1	1	1	1
M_shared_antiproliferative	module	module		NUP107	1	1	1
M_shared_antiproliferative	module	module		NUP153	1	1	1
M_shared_antiproliferative	module	module		NUP205	1	1	1
M_shared_antiproliferative	module	module		NUP50	1	1	1
M_shared_antiproliferative	module	module		NUP98	1	1	1
M_shared_antiproliferative	module	module		NUSAP1	1	1	1
M_shared_antiproliferative	module	module		ODC1	1	1	1
M_shared_antiproliferative	module	module		ODF2	1	1	1
M_shared_antiproliferative	module	module		ORC2	1	1	1
M_shared_antiproliferative	module	module		ORC5	1	1	1
M_shared_antiproliferative	module	module		ORC6	1	1	1
M_shared_antiproliferative	module	module		PA2G4	1	1	1
M_shared_antiproliferative	module	module		PABPC1	1	1	1
M_shared_antiproliferative	module	module		PABPC4	1	1	1
M_shared_antiproliferative	module	module		PAFAH1B1	1	1	1
M_shared_antiproliferative	module	module		PAICS	1	1	1
M_shared_antiproliferative	module	module		PAN2	1	1	1
M_shared_antiproliferative	module	module		PBK	1	1	1
M_shared_antiproliferative	module	module		PCBP1	1	1	1
M_shared_antiproliferative	module	module		PCNA	1	1	1
M_shared_antiproliferative	module	module		PDS5B	1	1	1
M_shared_antiproliferative	module	module		PGK1	1	1	1
M_shared_antiproliferative	module	module		PHB	1	1	1
M_shared_antiproliferative	module	module		PHB2	1	1	1
M_shared_antiproliferative	module	module		PHF5A	1	1	1
M_shared_antiproliferative	module	module		PLK1	1	1	1
M_shared_antiproliferative	module	module		PLK4	1	1	1
M_shared_antiproliferative	module	module		PML	1	1	1
M_shared_antiproliferative	module	module		PMS2	1	1	1
M_shared_antiproliferative	module	module		PNN	1	1	1
M_shared_antiproliferative	module	module		POLA2	1	1	1
M_shared_antiproliferative	module	module		POLD1	1	1	1
M_shared_antiproliferative	module	module		POLD2	1	1	1
M_shared_antiproliferative	module	module		POLD3	1	1	1
M_shared_antiproliferative	module	module		POLE	1	1	1
M_shared_antiproliferative	module	module		POLE3	1	1	1
M_shared_antiproliferative	module	module		POLE4	1	1	1
M_shared_antiproliferative	module	module		POLQ	1	1	1
M_shared_antiproliferative	module	module		POP7	1	1	1
M_shared_antiproliferative	module	module		PPIA	1	1	1
M_shared_antiproliferative	module	module		PPM1D	1	1	1
M_shared_antiproliferative	module	module		PPM1G	1	1	1
M_shared_antiproliferative	module	module		PPP1R8	1	1	1
M_shared_antiproliferative	module	module		PRC1	1	1	1
M_shared_antiproliferative	module	module		PRDX3	1	1	1
M_shared_antiproliferative	module	module		PRDX4	1	1	1
M_shared_antiproliferative	module	module		PRIM2	1	1	1
M_shared_antiproliferative	module	module		PRKDC	1	1	1
M_shared_antiproliferative	module	module		PRMT5	1	1	1
M_shared_antiproliferative	module	module		PRPF31	1	1	1
M_shared_antiproliferative	module	module		PRPF4B	1	1	1
M_shared_antiproliferative	module	module		PRPS1	1	1	1
M_shared_antiproliferative	module	module		PRPS2	1	1	1
M_shared_antiproliferative	module	module		PSIP1	1	1	1
M_shared_antiproliferative	module	module		PSMA1	1	1	1
M_shared_antiproliferative	module	module		PSMA2	1	1	1
M_shared_antiproliferative	module	module		PSMA4	1	1	1
M_shared_antiproliferative	module	module		PSMA6	1	1	1
M_shared_antiproliferative	module	module		PSMA7	1	1	1
M_shared_antiproliferative	module	module		PSMB2	1	1	1
M_shared_antiproliferative	module	module		PSMB3	1	1	1
M_shared_antiproliferative	module	module		PSMC3IP	1	1	1
M_shared_antiproliferative	module	module		PSMC4	1	1	1
M_shared_antiproliferative	module	module		PSMC6	1	1	1
M_shared_antiproliferative	module	module		PSMD1	1	1	1
M_shared_antiproliferative	module	module		PSMD14	1	1	1
M_shared_antiproliferative	module	module		PSMD3	1	1	1
M_shared_antiproliferative	module	module		PSMD7	1	1	1
M_shared_antiproliferative	module	module		PSMD8	1	1	1
M_shared_antiproliferative	module	module		PTGES3	1	1	1
M_shared_antiproliferative	module	module		PTTG1	1	1	1
M_shared_antiproliferative	module	module		PTTG3P	1	0	0
M_shared_antiproliferative	module	module		PURA	1	1	1
M_shared_antiproliferative	module	module		PWP1	1	1	1
M_shared_antiproliferative	module	module		RACGAP1	1	1	1
M_shared_antiproliferative	module	module		RACK1	0	0	0
M_shared_antiproliferative	module	module		RAD1	1	1	1
M_shared_antiproliferative	module	module		RAD21	1	1	1
M_shared_antiproliferative	module	module		RAD23B	1	1	1
M_shared_antiproliferative	module	module		RAD50	1	1	1
M_shared_antiproliferative	module	module		RAD51AP1	1	1	1
M_shared_antiproliferative	module	module		RAD51C	1	1	1
M_shared_antiproliferative	module	module		RAD54L	1	1	1
M_shared_antiproliferative	module	module		RAN	1	1	1
M_shared_antiproliferative	module	module		RANBP1	1	1	1
M_shared_antiproliferative	module	module		RASAL2	1	1	1
M_shared_antiproliferative	module	module		RBBP7	1	1	1
M_shared_antiproliferative	module	module		RBL1	1	1	1
M_shared_antiproliferative	module	module		RBM14	1	1	1
M_shared_antiproliferative	module	module		RFC1	1	1	1
M_shared_antiproliferative	module	module		RFC2	1	1	1
M_shared_antiproliferative	module	module		RFC3	1	1	1
M_shared_antiproliferative	module	module		RFC4	1	1	1
M_shared_antiproliferative	module	module		RNASEH2A	1	1	1
M_shared_antiproliferative	module	module		RNPS1	1	1	1
M_shared_antiproliferative	module	module		RPA1	1	1	1
M_shared_antiproliferative	module	module		RPA2	1	1	1
M_shared_antiproliferative	module	module		RPA3	1	1	1
M_shared_antiproliferative	module	module		RPL14	1	1	1
M_shared_antiproliferative	module	module		RPL18	1	1	1
M_shared_antiproliferative	module	module		RPL22	1	1	1
M_shared_antiproliferative	module	module		RPL34	1	1	1
M_shared_antiproliferative	module	module		RPL6	1	1	1
M_shared_antiproliferative	module	module		RPLP0	1	1	1
M_shared_antiproliferative	module	module		RPS10	1	1	1
M_shared_antiproliferative	module	module		RPS2	1	1	1
M_shared_antiproliferative	module	module		RPS3	1	1	1
M_shared_antiproliferative	module	module		RPS5	1	1	1
M_shared_antiproliferative	module	module		RPS6	1	1	1
M_shared_antiproliferative	module	module		RPS6KA5	1	1	1
M_shared_antiproliferative	module	module		RRM1	1	1	1
M_shared_antiproliferative	module	module		RRM2	1	1	1
M_shared_antiproliferative	module	module		RRP9	1	1	1
M_shared_antiproliferative	module	module		RSL1D1	1	1	1
M_shared_antiproliferative	module	module		RUVBL2	1	1	1
M_shared_antiproliferative	module	module		SAP30	1	1	1
M_shared_antiproliferative	module	module		SERBP1	1	1	1
M_shared_antiproliferative	module	module		SET	1	1	1
M_shared_antiproliferative	module	module		SF3A1	1	1	1
M_shared_antiproliferative	module	module		SF3B3	1	1	1
M_shared_antiproliferative	module	module		SFPQ	1	1	1
M_shared_antiproliferative	module	module		SHMT1	1	1	1
M_shared_antiproliferative	module	module		SLBP	1	1	1
M_shared_antiproliferative	module	module		SLC12A2	1	1	1
M_shared_antiproliferative	module	module		SLC25A3	1	1	1
M_shared_antiproliferative	module	module		SLC38A1	1	1	1
M_shared_antiproliferative	module	module		SLC7A1	1	1	1
M_shared_antiproliferative	module	module		SLC7A5	1	1	1
M_shared_antiproliferative	module	module		SMAD3	1	1	1
M_shared_antiproliferative	module	module		SMARCC1	1	1	1
M_shared_antiproliferative	module	module		SMC1A	1	1	1
M_shared_antiproliferative	module	module		SMC2	1	1	1
M_shared_antiproliferative	module	module		SMC3	1	1	1
M_shared_antiproliferative	module	module		SMC4	1	1	1
M_shared_antiproliferative	module	module		SMC6	1	1	1
M_shared_antiproliferative	module	module		SNRPA	1	1	1
M_shared_antiproliferative	module	module		SNRPA1	1	1	1
M_shared_antiproliferative	module	module		SNRPB	1	1	1
M_shared_antiproliferative	module	module		SNRPB2	1	1	1
M_shared_antiproliferative	module	module		SNRPD1	1	1	1
M_shared_antiproliferative	module	module		SNRPD2	1	1	1
M_shared_antiproliferative	module	module		SNRPD3	1	1	1
M_shared_antiproliferative	module	module		SNRPG	1	1	1
M_shared_antiproliferative	module	module		SPAG5	1	1	1
M_shared_antiproliferative	module	module		SPC24	1	1	1
M_shared_antiproliferative	module	module		SPC25	1	1	1
M_shared_antiproliferative	module	module		SQLE	1	1	1
M_shared_antiproliferative	module	module		SRM	1	1	1
M_shared_antiproliferative	module	module		SRPK1	1	1	1
M_shared_antiproliferative	module	module		SRSF1	1	1	1
M_shared_antiproliferative	module	module		SRSF10	1	1	1
M_shared_antiproliferative	module	module		SRSF2	1	1	1
M_shared_antiproliferative	module	module		SRSF3	1	1	1
M_shared_antiproliferative	module	module		SRSF7	1	1	1
M_shared_antiproliferative	module	module		SS18	1	1	1
M_shared_antiproliferative	module	module		SSB	1	1	1
M_shared_antiproliferative	module	module		SSBP1	1	1	1
M_shared_antiproliferative	module	module		SSRP1	1	1	1
M_shared_antiproliferative	module	module		STAG1	1	1	1
M_shared_antiproliferative	module	module		STARD7	1	1	1
M_shared_antiproliferative	module	module		STIL	1	1	1
M_shared_antiproliferative	module	module		STMN1	1	1	1
M_shared_antiproliferative	module	module		SUV39H1	1	1	1
M_shared_antiproliferative	module	module		SYNCRIP	1	1	1
M_shared_antiproliferative	module	module		TACC3	1	1	1
M_shared_antiproliferative	module	module		TARDBP	1	1	1
M_shared_antiproliferative	module	module		TBRG4	1	1	1
M_shared_antiproliferative	module	module		TCF19	1	1	1
M_shared_antiproliferative	module	module		TCP1	1	1	1
M_shared_antiproliferative	module	module		TENT4A	0	0	0
M_shared_antiproliferative	module	module		TFDP1	1	1	1
M_shared_antiproliferative	module	module		TFRC	1	1	1
M_shared_antiproliferative	module	module		TGFB1	1	1	1
M_shared_antiproliferative	module	module		TIMELESS	1	1	1
M_shared_antiproliferative	module	module		TIPIN	1	1	1
M_shared_antiproliferative	module	module		TK1	1	1	1
M_shared_antiproliferative	module	module		TLE3	1	1	1
M_shared_antiproliferative	module	module		TMPO	1	1	1
M_shared_antiproliferative	module	module		TNPO2	1	1	1
M_shared_antiproliferative	module	module		TOMM70	0	0	0
M_shared_antiproliferative	module	module		TOP1	1	1	1
M_shared_antiproliferative	module	module		TOP2A	1	1	1
M_shared_antiproliferative	module	module		TP53	1	1	1
M_shared_antiproliferative	module	module		TPX2	1	1	1
M_shared_antiproliferative	module	module		TRA2B	1	1	1
M_shared_antiproliferative	module	module		TRAIP	1	1	1
M_shared_antiproliferative	module	module		TRIM28	1	1	1
M_shared_antiproliferative	module	module		TRIP13	1	1	1
M_shared_antiproliferative	module	module		TROAP	1	1	1
M_shared_antiproliferative	module	module		TTK	1	1	1
M_shared_antiproliferative	module	module		TUBB	1	1	1
M_shared_antiproliferative	module	module		TUBG1	1	1	1
M_shared_antiproliferative	module	module		TUFM	1	1	1
M_shared_antiproliferative	module	module		TXNL4A	1	1	1
M_shared_antiproliferative	module	module		TYMS	1	1	1
M_shared_antiproliferative	module	module		U2AF1	1	1	1
M_shared_antiproliferative	module	module		UBA2	1	1	1
M_shared_antiproliferative	module	module		UBE2C	1	1	1
M_shared_antiproliferative	module	module		UBE2E1	1	1	1
M_shared_antiproliferative	module	module		UBE2L3	1	1	1
M_shared_antiproliferative	module	module		UBE2S	1	1	1
M_shared_antiproliferative	module	module		UBE2T	1	1	1
M_shared_antiproliferative	module	module		UBR7	1	1	1
M_shared_antiproliferative	module	module		UCK2	1	1	1
M_shared_antiproliferative	module	module		UNG	1	1	1
M_shared_antiproliferative	module	module		UPF1	1	1	1
M_shared_antiproliferative	module	module		USP1	1	1	1
M_shared_antiproliferative	module	module		VBP1	1	1	1
M_shared_antiproliferative	module	module		VDAC1	1	1	1
M_shared_antiproliferative	module	module		VDAC3	1	1	1
M_shared_antiproliferative	module	module		WDR90	1	1	1
M_shared_antiproliferative	module	module		WEE1	1	1	1
M_shared_antiproliferative	module	module		WRN	1	1	1
M_shared_antiproliferative	module	module		XPO1	1	1	1
M_shared_antiproliferative	module	module		XPOT	1	1	1
M_shared_antiproliferative	module	module		XRCC6	1	1	1
M_shared_antiproliferative	module	module		YTHDC1	1	1	1
M_shared_antiproliferative	module	module		YWHAE	1	1	1
M_shared_antiproliferative	module	module		YWHAQ	1	1	1
M_shared_antiproliferative	module	module		ZW10	1	1	1
M_shared_ER_UPR	module	module		ACADVL	1	1	1
M_shared_ER_UPR	module	module		ACD	1	1	1
M_shared_ER_UPR	module	module		ADD1	1	1	1
M_shared_ER_UPR	module	module		ALDH18A1	1	1	1
M_shared_ER_UPR	module	module		ARFGAP1	1	1	1
M_shared_ER_UPR	module	module		ASNS	1	1	1
M_shared_ER_UPR	module	module		ATF3	1	1	1
M_shared_ER_UPR	module	module		ATF4	1	1	1
M_shared_ER_UPR	module	module		ATF6	1	1	1
M_shared_ER_UPR	module	module		ATP6V0D1	1	1	1
M_shared_ER_UPR	module	module		BAG3	1	1	1
M_shared_ER_UPR	module	module		BANF1	1	1	1
M_shared_ER_UPR	module	module		CALR	1	1	1
M_shared_ER_UPR	module	module		CCL2	1	1	1
M_shared_ER_UPR	module	module		CEBPB	1	1	1
M_shared_ER_UPR	module	module		CEBPG	1	1	1
M_shared_ER_UPR	module	module		CHAC1	1	1	1
M_shared_ER_UPR	module	module		CKS1B	1	1	1
M_shared_ER_UPR	module	module		CNOT2	1	1	1
M_shared_ER_UPR	module	module		CNOT4	1	1	1
M_shared_ER_UPR	module	module		CNOT6	1	1	1
M_shared_ER_UPR	module	module		CREB3L1	1	1	1
M_shared_ER_UPR	module	module		CREB3L2	1	1	1
M_shared_ER_UPR	module	module		CREB3L3	1	1	1
M_shared_ER_UPR	module	module		CREB3L4	1	1	1
M_shared_ER_UPR	module	module		CREBRF	1	1	1
M_shared_ER_UPR	module	module		CTDSP2	1	1	1
M_shared_ER_UPR	module	module		CUL7	1	1	1
M_shared_ER_UPR	module	module		CXCL8	0	0	1
M_shared_ER_UPR	module	module		CXXC1	1	1	1
M_shared_ER_UPR	module	module		DCP1A	1	1	1
M_shared_ER_UPR	module	module		DCP2	1	1	1
M_shared_ER_UPR	module	module		DCSTAMP	1	1	1
M_shared_ER_UPR	module	module		DCTN1	1	1	1
M_shared_ER_UPR	module	module		DDIT3	1	1	1
M_shared_ER_UPR	module	module		DDIT4	1	1	1
M_shared_ER_UPR	module	module		DDX10	1	1	1
M_shared_ER_UPR	module	module		DDX11	1	1	1
M_shared_ER_UPR	module	module		DIS3	1	1	1
M_shared_ER_UPR	module	module		DKC1	1	1	1
M_shared_ER_UPR	module	module		DNAJA4	1	1	1
M_shared_ER_UPR	module	module		DNAJB11	1	1	1
M_shared_ER_UPR	module	module		DNAJB9	1	1	1
M_shared_ER_UPR	module	module		DNAJC3	1	1	1
M_shared_ER_UPR	module	module		EDC4	1	1	1
M_shared_ER_UPR	module	module		EDEM1	1	1	1
M_shared_ER_UPR	module	module		EEF2	1	1	1
M_shared_ER_UPR	module	module		EIF2AK3	1	1	1
M_shared_ER_UPR	module	module		EIF2S1	1	1	1
M_shared_ER_UPR	module	module		EIF2S2	1	1	1
M_shared_ER_UPR	module	module		EIF2S3	1	1	1
M_shared_ER_UPR	module	module		EIF4A1	1	1	1
M_shared_ER_UPR	module	module		EIF4A2	1	1	1
M_shared_ER_UPR	module	module		EIF4A3	1	1	1
M_shared_ER_UPR	module	module		EIF4E	1	1	1
M_shared_ER_UPR	module	module		EIF4EBP1	1	1	1
M_shared_ER_UPR	module	module		EIF4G1	1	1	1
M_shared_ER_UPR	module	module		ERN1	1	1	1
M_shared_ER_UPR	module	module		ERO1A	0	0	1
M_shared_ER_UPR	module	module		EXOC2	1	1	1
M_shared_ER_UPR	module	module		EXOSC1	1	1	1
M_shared_ER_UPR	module	module		EXOSC10	1	1	1
M_shared_ER_UPR	module	module		EXOSC2	1	1	1
M_shared_ER_UPR	module	module		EXOSC3	1	1	1
M_shared_ER_UPR	module	module		EXOSC4	1	1	1
M_shared_ER_UPR	module	module		EXOSC5	1	1	1
M_shared_ER_UPR	module	module		EXOSC6	1	1	1
M_shared_ER_UPR	module	module		EXOSC7	1	1	1
M_shared_ER_UPR	module	module		EXOSC8	1	1	1
M_shared_ER_UPR	module	module		EXOSC9	1	1	1
M_shared_ER_UPR	module	module		EXTL1	1	1	1
M_shared_ER_UPR	module	module		EXTL2	1	1	1
M_shared_ER_UPR	module	module		EXTL3	1	1	1
M_shared_ER_UPR	module	module		FKBP14	1	1	1
M_shared_ER_UPR	module	module		FUS	1	1	1
M_shared_ER_UPR	module	module		GEMIN4	1	1	1
M_shared_ER_UPR	module	module		GFPT1	1	1	1
M_shared_ER_UPR	module	module		GOSR2	1	1	1
M_shared_ER_UPR	module	module		GSK3A	1	1	1
M_shared_ER_UPR	module	module		H2AX	0	0	0
M_shared_ER_UPR	module	module		HDGF	1	1	1
M_shared_ER_UPR	module	module		HERPUD1	1	1	1
M_shared_ER_UPR	module	module		HSP90B1	1	1	1
M_shared_ER_UPR	module	module		HSPA5	1	1	1
M_shared_ER_UPR	module	module		HSPA9	1	1	1
M_shared_ER_UPR	module	module		HYOU1	1	1	1
M_shared_ER_UPR	module	module		IARS1	0	0	0
M_shared_ER_UPR	module	module		IFIT1	1	1	1
M_shared_ER_UPR	module	module		IGFBP1	1	1	1
M_shared_ER_UPR	module	module		IMP3	1	1	1
M_shared_ER_UPR	module	module		KDELR3	1	1	1
M_shared_ER_UPR	module	module		KHSRP	1	1	1
M_shared_ER_UPR	module	module		KIF5B	1	1	1
M_shared_ER_UPR	module	module		KLHDC3	1	1	1
M_shared_ER_UPR	module	module		LMNA	1	1	1
M_shared_ER_UPR	module	module		LSM1	1	1	1
M_shared_ER_UPR	module	module		LSM4	1	1	1
M_shared_ER_UPR	module	module		MBTPS1	1	1	1
M_shared_ER_UPR	module	module		MBTPS2	1	1	1
M_shared_ER_UPR	module	module		MTHFD2	1	1	1
M_shared_ER_UPR	module	module		MTREX	0	0	0
M_shared_ER_UPR	module	module		MYDGF	0	0	1
M_shared_ER_UPR	module	module		NABP1	1	1	1
M_shared_ER_UPR	module	module		NFYA	1	1	1
M_shared_ER_UPR	module	module		NFYB	1	1	1
M_shared_ER_UPR	module	module		NFYC	1	1	1
M_shared_ER_UPR	module	module		NHP2	1	1	1
M_shared_ER_UPR	module	module		NOLC1	1	1	1
M_shared_ER_UPR	module	module		NOP14	1	1	1
M_shared_ER_UPR	module	module		NOP56	1	1	1
M_shared_ER_UPR	module	module		NPM1	1	1	1
M_shared_ER_UPR	module	module		PAIP1	1	1	1
M_shared_ER_UPR	module	module		PARN	1	1	1
M_shared_ER_UPR	module	module		PDIA5	1	1	1
M_shared_ER_UPR	module	module		PDIA6	1	1	1
M_shared_ER_UPR	module	module		PLA2G4B	1	1	1
M_shared_ER_UPR	module	module		POP4	1	1	1
M_shared_ER_UPR	module	module		PPP2R5B	1	1	1
M_shared_ER_UPR	module	module		PREB	1	1	1
M_shared_ER_UPR	module	module		PSAT1	1	1	1
M_shared_ER_UPR	module	module		RPS14	1	1	1
M_shared_ER_UPR	module	module		RRP9	1	1	1
M_shared_ER_UPR	module	module		SDAD1	1	1	1
M_shared_ER_UPR	module	module		SEC11A	1	1	1
M_shared_ER_UPR	module	module		SEC31A	1	1	1
M_shared_ER_UPR	module	module		SERP1	1	1	1
M_shared_ER_UPR	module	module		SHC1	1	1	1
M_shared_ER_UPR	module	module		SLC1A4	1	1	1
M_shared_ER_UPR	module	module		SLC30A5	1	1	1
M_shared_ER_UPR	module	module		SLC7A5	1	1	1
M_shared_ER_UPR	module	module		SPCS1	1	1	1
M_shared_ER_UPR	module	module		SPCS3	1	1	1
M_shared_ER_UPR	module	module		SRPRA	0	0	1
M_shared_ER_UPR	module	module		SRPRB	1	1	1
M_shared_ER_UPR	module	module		SSR1	1	1	1
M_shared_ER_UPR	module	module		STC2	1	1	1
M_shared_ER_UPR	module	module		SYVN1	1	1	1
M_shared_ER_UPR	module	module		TARS1	0	0	0
M_shared_ER_UPR	module	module		TATDN2	1	1	1
M_shared_ER_UPR	module	module		TLN1	1	1	1
M_shared_ER_UPR	module	module		TSPYL2	1	1	1
M_shared_ER_UPR	module	module		TTC37	1	1	1
M_shared_ER_UPR	module	module		TUBB2A	1	1	1
M_shared_ER_UPR	module	module		VEGFA	1	1	1
M_shared_ER_UPR	module	module		WFS1	1	1	1
M_shared_ER_UPR	module	module		WIPI1	1	1	1
M_shared_ER_UPR	module	module		XBP1	1	1	1
M_shared_ER_UPR	module	module		XPOT	1	1	1
M_shared_ER_UPR	module	module		YIF1A	1	1	1
M_shared_ER_UPR	module	module		YWHAZ	1	1	1
M_shared_ER_UPR	module	module		ZBTB17	1	1	1
M_HSF1_heat_shock	module	module		AAAS	1	1	1
M_HSF1_heat_shock	module	module		AKT1S1	1	1	1
M_HSF1_heat_shock	module	module		ATM	1	1	1
M_HSF1_heat_shock	module	module		BAG1	1	1	1
M_HSF1_heat_shock	module	module		BAG2	1	1	1
M_HSF1_heat_shock	module	module		BAG3	1	1	1
M_HSF1_heat_shock	module	module		BAG4	1	1	1
M_HSF1_heat_shock	module	module		BAG5	1	1	1
M_HSF1_heat_shock	module	module		CAMK2A	1	1	1
M_HSF1_heat_shock	module	module		CAMK2B	1	1	1
M_HSF1_heat_shock	module	module		CAMK2D	1	1	1
M_HSF1_heat_shock	module	module		CAMK2G	1	1	1
M_HSF1_heat_shock	module	module		CCAR2	0	1	1
M_HSF1_heat_shock	module	module		COL4A6	1	1	1
M_HSF1_heat_shock	module	module		CREBBP	1	1	1
M_HSF1_heat_shock	module	module		CRYAB	1	1	1
M_HSF1_heat_shock	module	module		CRYBA4	1	1	1
M_HSF1_heat_shock	module	module		DEDD2	1	1	1
M_HSF1_heat_shock	module	module		DNAJB1	1	1	1
M_HSF1_heat_shock	module	module		DNAJB6	1	1	1
M_HSF1_heat_shock	module	module		DNAJC2	1	1	1
M_HSF1_heat_shock	module	module		DNAJC7	1	1	1
M_HSF1_heat_shock	module	module		EEF1A1	1	1	1
M_HSF1_heat_shock	module	module		EP300	1	1	1
M_HSF1_heat_shock	module	module		FKBP4	1	1	1
M_HSF1_heat_shock	module	module		GML	1	1	1
M_HSF1_heat_shock	module	module		GSK3B	1	1	1
M_HSF1_heat_shock	module	module		HDAC6	1	1	1
M_HSF1_heat_shock	module	module		HIKESHI	0	0	0
M_HSF1_heat_shock	module	module		HSBP1	1	1	1
M_HSF1_heat_shock	module	module		HSF1	1	1	1
M_HSF1_heat_shock	module	module		HSP90AA1	1	1	1
M_HSF1_heat_shock	module	module		HSP90AB1	1	1	1
M_HSF1_heat_shock	module	module		HSPA12A	1	1	1
M_HSF1_heat_shock	module	module		HSPA12B	1	1	1
M_HSF1_heat_shock	module	module		HSPA13	1	1	1
M_HSF1_heat_shock	module	module		HSPA14	1	1	1
M_HSF1_heat_shock	module	module		HSPA1A	1	1	1
M_HSF1_heat_shock	module	module		HSPA1B	1	1	1
M_HSF1_heat_shock	module	module		HSPA1L	1	1	1
M_HSF1_heat_shock	module	module		HSPA2	1	1	1
M_HSF1_heat_shock	module	module		HSPA4	1	1	1
M_HSF1_heat_shock	module	module		HSPA4L	1	1	1
M_HSF1_heat_shock	module	module		HSPA5	1	1	1
M_HSF1_heat_shock	module	module		HSPA6	1	1	1
M_HSF1_heat_shock	module	module		HSPA8	1	1	1
M_HSF1_heat_shock	module	module		HSPA9	1	1	1
M_HSF1_heat_shock	module	module		HSPB8	1	1	1
M_HSF1_heat_shock	module	module		HSPH1	1	1	1
M_HSF1_heat_shock	module	module		MAPK1	1	1	1
M_HSF1_heat_shock	module	module		MAPK3	1	1	1
M_HSF1_heat_shock	module	module		MAPKAPK2	1	1	1
M_HSF1_heat_shock	module	module		MLST8	1	1	1
M_HSF1_heat_shock	module	module		MRPL18	1	1	1
M_HSF1_heat_shock	module	module		MTOR	1	1	1
M_HSF1_heat_shock	module	module		NDC1	0	1	1
M_HSF1_heat_shock	module	module		NUP107	1	1	1
M_HSF1_heat_shock	module	module		NUP133	1	1	1
M_HSF1_heat_shock	module	module		NUP153	1	1	1
M_HSF1_heat_shock	module	module		NUP155	1	1	1
M_HSF1_heat_shock	module	module		NUP160	1	1	1
M_HSF1_heat_shock	module	module		NUP188	1	1	1
M_HSF1_heat_shock	module	module		NUP205	1	1	1
M_HSF1_heat_shock	module	module		NUP210	1	1	1
M_HSF1_heat_shock	module	module		NUP214	1	1	1
M_HSF1_heat_shock	module	module		NUP35	1	1	1
M_HSF1_heat_shock	module	module		NUP37	1	1	1
M_HSF1_heat_shock	module	module		NUP42	0	0	0
M_HSF1_heat_shock	module	module		NUP43	1	1	1
M_HSF1_heat_shock	module	module		NUP50	1	1	1
M_HSF1_heat_shock	module	module		NUP54	1	1	1
M_HSF1_heat_shock	module	module		NUP58	0	0	1
M_HSF1_heat_shock	module	module		NUP62	1	1	1
M_HSF1_heat_shock	module	module		NUP85	1	1	1
M_HSF1_heat_shock	module	module		NUP88	1	1	1
M_HSF1_heat_shock	module	module		NUP93	1	1	1
M_HSF1_heat_shock	module	module		NUP98	1	1	1
M_HSF1_heat_shock	module	module		POLR1A	1	1	1
M_HSF1_heat_shock	module	module		POLR1B	1	1	1
M_HSF1_heat_shock	module	module		POM121	1	1	1
M_HSF1_heat_shock	module	module		POM121C	1	1	1
M_HSF1_heat_shock	module	module		PTGES3	1	1	1
M_HSF1_heat_shock	module	module		RANBP2	1	1	1
M_HSF1_heat_shock	module	module		RLN1	1	1	1
M_HSF1_heat_shock	module	module		RNASE7	1	1	1
M_HSF1_heat_shock	module	module		RPA3	1	1	1
M_HSF1_heat_shock	module	module		RPS19BP1	1	1	1
M_HSF1_heat_shock	module	module		RPTOR	1	1	1
M_HSF1_heat_shock	module	module		SEC13	1	1	1
M_HSF1_heat_shock	module	module		SEH1L	1	1	1
M_HSF1_heat_shock	module	module		SERPINA2	0	0	0
M_HSF1_heat_shock	module	module		SERPINH1	1	1	1
M_HSF1_heat_shock	module	module		SIRT1	1	1	1
M_HSF1_heat_shock	module	module		ST13	1	1	1
M_HSF1_heat_shock	module	module		TNFRSF21	1	1	1
M_HSF1_heat_shock	module	module		TPR	1	1	1
M_HSF1_heat_shock	module	module		UBB	1	1	1
M_HSF1_heat_shock	module	module		VCP	1	1	1
M_HSF1_heat_shock	module	module		YWHAE	1	1	1
M_cholesterol_SREBP	module	module		ABCA2	1	1	1
M_cholesterol_SREBP	module	module		ACACA	1	1	1
M_cholesterol_SREBP	module	module		ACACB	1	1	1
M_cholesterol_SREBP	module	module		ACAT2	1	1	1
M_cholesterol_SREBP	module	module		ACSS2	1	1	1
M_cholesterol_SREBP	module	module		ACTG1	1	1	1
M_cholesterol_SREBP	module	module		ADH4	1	1	1
M_cholesterol_SREBP	module	module		ALCAM	1	1	1
M_cholesterol_SREBP	module	module		ALDOC	1	1	1
M_cholesterol_SREBP	module	module		ANTXR2	1	1	1
M_cholesterol_SREBP	module	module		ANXA13	1	1	1
M_cholesterol_SREBP	module	module		ANXA5	1	1	1
M_cholesterol_SREBP	module	module		ARV1	1	1	1
M_cholesterol_SREBP	module	module		ATF3	1	1	1
M_cholesterol_SREBP	module	module		ATF5	1	1	1
M_cholesterol_SREBP	module	module		ATXN2	1	1	1
M_cholesterol_SREBP	module	module		AVPR1A	1	1	1
M_cholesterol_SREBP	module	module		CARM1	1	1	1
M_cholesterol_SREBP	module	module		CBS	1	1	1
M_cholesterol_SREBP	module	module		CD9	1	1	1
M_cholesterol_SREBP	module	module		CHD9	1	1	1
M_cholesterol_SREBP	module	module		CHKA	1	1	1
M_cholesterol_SREBP	module	module		CLU	1	1	1
M_cholesterol_SREBP	module	module		CPEB2	1	1	1
M_cholesterol_SREBP	module	module		CREBBP	1	1	1
M_cholesterol_SREBP	module	module		CTNNB1	1	1	1
M_cholesterol_SREBP	module	module		CXCL16	1	1	1
M_cholesterol_SREBP	module	module		CYP51A1	1	1	1
M_cholesterol_SREBP	module	module		DAND5	1	1	1
M_cholesterol_SREBP	module	module		DHCR24	1	1	1
M_cholesterol_SREBP	module	module		DHCR7	1	1	1
M_cholesterol_SREBP	module	module		EBP	1	1	1
M_cholesterol_SREBP	module	module		ECH1	1	1	1
M_cholesterol_SREBP	module	module		ELOVL6	1	1	1
M_cholesterol_SREBP	module	module		ERRFI1	1	1	1
M_cholesterol_SREBP	module	module		ETHE1	1	1	1
M_cholesterol_SREBP	module	module		FABP5	1	1	1
M_cholesterol_SREBP	module	module		FADS2	1	1	1
M_cholesterol_SREBP	module	module		FASN	1	1	1
M_cholesterol_SREBP	module	module		FBXO6	1	1	1
M_cholesterol_SREBP	module	module		FDFT1	1	1	1
M_cholesterol_SREBP	module	module		FDPS	1	1	1
M_cholesterol_SREBP	module	module		GGPS1	1	1	1
M_cholesterol_SREBP	module	module		GLDC	1	1	1
M_cholesterol_SREBP	module	module		GNAI1	1	1	1
M_cholesterol_SREBP	module	module		GPAM	1	1	1
M_cholesterol_SREBP	module	module		GPX8	1	1	1
M_cholesterol_SREBP	module	module		GSTM2	1	1	1
M_cholesterol_SREBP	module	module		GUSB	1	1	1
M_cholesterol_SREBP	module	module		HELZ2	1	1	1
M_cholesterol_SREBP	module	module		HMGCR	1	1	1
M_cholesterol_SREBP	module	module		HMGCS1	1	1	1
M_cholesterol_SREBP	module	module		HSD17B7	1	1	1
M_cholesterol_SREBP	module	module		IDI1	1	1	1
M_cholesterol_SREBP	module	module		IDI2	1	1	1
M_cholesterol_SREBP	module	module		INSIG1	1	1	1
M_cholesterol_SREBP	module	module		INSIG2	1	1	1
M_cholesterol_SREBP	module	module		JAG1	1	1	1
M_cholesterol_SREBP	module	module		KPNB1	1	1	1
M_cholesterol_SREBP	module	module		LBR	1	1	1
M_cholesterol_SREBP	module	module		LDLR	1	1	1
M_cholesterol_SREBP	module	module		LGALS3	1	1	1
M_cholesterol_SREBP	module	module		LGMN	1	1	1
M_cholesterol_SREBP	module	module		LIN9	1	1	1
M_cholesterol_SREBP	module	module		LMBR1	1	1	1
M_cholesterol_SREBP	module	module		LPL	1	1	1
M_cholesterol_SREBP	module	module		LSS	1	1	1
M_cholesterol_SREBP	module	module		MAL2	1	1	1
M_cholesterol_SREBP	module	module		MBD4	1	1	1
M_cholesterol_SREBP	module	module		MBTPS1	1	1	1
M_cholesterol_SREBP	module	module		MBTPS2	1	1	1
M_cholesterol_SREBP	module	module		MSMO1	1	1	1
M_cholesterol_SREBP	module	module		MVD	1	1	1
M_cholesterol_SREBP	module	module		MVK	1	1	1
M_cholesterol_SREBP	module	module		NCOA1	1	1	1
M_cholesterol_SREBP	module	module		NCOA2	1	1	1
M_cholesterol_SREBP	module	module		NCOA6	1	1	1
M_cholesterol_SREBP	module	module		NFIL3	1	1	1
M_cholesterol_SREBP	module	module		NFYA	1	1	1
M_cholesterol_SREBP	module	module		NFYB	1	1	1
M_cholesterol_SREBP	module	module		NFYC	1	1	1
M_cholesterol_SREBP	module	module		NIBAN1	0	0	0
M_cholesterol_SREBP	module	module		NSDHL	1	1	1
M_cholesterol_SREBP	module	module		PCYT2	1	1	1
M_cholesterol_SREBP	module	module		PDK3	1	1	1
M_cholesterol_SREBP	module	module		PKMYT1	1	1	1
M_cholesterol_SREBP	module	module		PLAUR	1	1	1
M_cholesterol_SREBP	module	module		PLPP6	0	0	1
M_cholesterol_SREBP	module	module		PLSCR1	1	1	1
M_cholesterol_SREBP	module	module		PMVK	1	1	1
M_cholesterol_SREBP	module	module		PNRC1	1	1	1
M_cholesterol_SREBP	module	module		PPARA	1	1	1
M_cholesterol_SREBP	module	module		PPARG	1	1	1
M_cholesterol_SREBP	module	module		RAN	1	1	1
M_cholesterol_SREBP	module	module		RXRA	1	1	1
M_cholesterol_SREBP	module	module		S100A11	1	1	1
M_cholesterol_SREBP	module	module		SAR1B	1	1	1
M_cholesterol_SREBP	module	module		SC5D	0	1	1
M_cholesterol_SREBP	module	module		SCAP	1	1	1
M_cholesterol_SREBP	module	module		SCD	1	1	1
M_cholesterol_SREBP	module	module		SEC23A	1	1	1
M_cholesterol_SREBP	module	module		SEC24A	1	1	1
M_cholesterol_SREBP	module	module		SEC24B	1	1	1
M_cholesterol_SREBP	module	module		SEC24C	1	1	1
M_cholesterol_SREBP	module	module		SEC24D	1	1	1
M_cholesterol_SREBP	module	module		SEMA3B	1	0	1
M_cholesterol_SREBP	module	module		SH3D19	1	1	1
M_cholesterol_SREBP	module	module		SMARCD3	1	1	1
M_cholesterol_SREBP	module	module		SOAT2	1	1	1
M_cholesterol_SREBP	module	module		SQLE	1	1	1
M_cholesterol_SREBP	module	module		SREBF1	1	1	1
M_cholesterol_SREBP	module	module		SREBF2	1	1	1
M_cholesterol_SREBP	module	module		STARD4	1	1	1
M_cholesterol_SREBP	module	module		STX5	1	1	1
M_cholesterol_SREBP	module	module		TBL1X	1	1	1
M_cholesterol_SREBP	module	module		TBL1XR1	1	1	1
M_cholesterol_SREBP	module	module		TM7SF2	1	1	1
M_cholesterol_SREBP	module	module		TMEM97	1	1	1
M_cholesterol_SREBP	module	module		TNFRSF12A	1	1	1
M_cholesterol_SREBP	module	module		TP53INP1	1	1	1
M_cholesterol_SREBP	module	module		TRIB3	1	1	1
M_autophagy_lysosome	module	module		AMBRA1	1	1	1
M_autophagy_lysosome	module	module		AP1B1	1	1	1
M_autophagy_lysosome	module	module		AP1G1	1	1	1
M_autophagy_lysosome	module	module		AP1G2	1	1	1
M_autophagy_lysosome	module	module		AP1M1	1	1	1
M_autophagy_lysosome	module	module		AP1M2	1	1	1
M_autophagy_lysosome	module	module		AP1S1	1	1	1
M_autophagy_lysosome	module	module		AP1S2	1	1	1
M_autophagy_lysosome	module	module		AP1S3	1	1	1
M_autophagy_lysosome	module	module		AP4B1	1	1	1
M_autophagy_lysosome	module	module		AP4E1	1	1	1
M_autophagy_lysosome	module	module		AP4M1	1	1	1
M_autophagy_lysosome	module	module		AP4S1	1	1	1
M_autophagy_lysosome	module	module		APP	1	1	1
M_autophagy_lysosome	module	module		ARL13B	1	1	1
M_autophagy_lysosome	module	module		ARRB1	1	1	1
M_autophagy_lysosome	module	module		ATG10	1	1	1
M_autophagy_lysosome	module	module		ATG101	0	0	1
M_autophagy_lysosome	module	module		ATG12	1	1	1
M_autophagy_lysosome	module	module		ATG13	1	1	1
M_autophagy_lysosome	module	module		ATG14	1	1	1
M_autophagy_lysosome	module	module		ATG16L1	1	1	1
M_autophagy_lysosome	module	module		ATG3	1	1	1
M_autophagy_lysosome	module	module		ATG4A	1	1	1
M_autophagy_lysosome	module	module		ATG4B	1	1	1
M_autophagy_lysosome	module	module		ATG4C	1	1	1
M_autophagy_lysosome	module	module		ATG4D	1	1	1
M_autophagy_lysosome	module	module		ATG5	1	1	1
M_autophagy_lysosome	module	module		ATG7	1	1	1
M_autophagy_lysosome	module	module		ATG9A	1	1	1
M_autophagy_lysosome	module	module		ATG9B	1	1	1
M_autophagy_lysosome	module	module		ATM	1	1	1
M_autophagy_lysosome	module	module		BECN1	1	1	1
M_autophagy_lysosome	module	module		BLOC1S1	1	1	1
M_autophagy_lysosome	module	module		CETN1	1	1	1
M_autophagy_lysosome	module	module		CFTR	1	1	1
M_autophagy_lysosome	module	module		CHMP2A	1	1	1
M_autophagy_lysosome	module	module		CHMP2B	1	1	1
M_autophagy_lysosome	module	module		CHMP4B	1	1	1
M_autophagy_lysosome	module	module		CHMP4C	1	1	1
M_autophagy_lysosome	module	module		CHMP6	1	1	1
M_autophagy_lysosome	module	module		CHMP7	1	1	1
M_autophagy_lysosome	module	module		CLTA	1	1	1
M_autophagy_lysosome	module	module		CLTB	1	1	1
M_autophagy_lysosome	module	module		CLTC	1	1	1
M_autophagy_lysosome	module	module		CLVS1	1	1	1
M_autophagy_lysosome	module	module		CLVS2	1	1	1
M_autophagy_lysosome	module	module		CSNK2A2	1	1	1
M_autophagy_lysosome	module	module		CSNK2B	1	1	1
M_autophagy_lysosome	module	module		CTSZ	1	1	1
M_autophagy_lysosome	module	module		DNAJC6	1	1	1
M_autophagy_lysosome	module	module		DNASE2	1	1	1
M_autophagy_lysosome	module	module		DNM2	1	1	1
M_autophagy_lysosome	module	module		DYNC1H1	1	1	1
M_autophagy_lysosome	module	module		DYNC1I1	1	1	1
M_autophagy_lysosome	module	module		DYNC1I2	1	1	1
M_autophagy_lysosome	module	module		DYNC1LI1	1	1	1
M_autophagy_lysosome	module	module		DYNC1LI2	1	1	1
M_autophagy_lysosome	module	module		DYNLL1	1	1	1
M_autophagy_lysosome	module	module		DYNLL2	1	1	1
M_autophagy_lysosome	module	module		EPAS1	1	1	1
M_autophagy_lysosome	module	module		FUNDC1	1	1	1
M_autophagy_lysosome	module	module		GABARAP	1	1	1
M_autophagy_lysosome	module	module		GABARAPL1	1	1	1
M_autophagy_lysosome	module	module		GABARAPL2	1	1	1
M_autophagy_lysosome	module	module		GNS	1	1	1
M_autophagy_lysosome	module	module		HDAC6	1	1	1
M_autophagy_lysosome	module	module		HGS	1	1	1
M_autophagy_lysosome	module	module		HSF1	1	1	1
M_autophagy_lysosome	module	module		HSP90AA1	1	1	1
M_autophagy_lysosome	module	module		HSPA8	1	1	1
M_autophagy_lysosome	module	module		IFT88	1	1	1
M_autophagy_lysosome	module	module		LAMTOR1	1	1	1
M_autophagy_lysosome	module	module		LAMTOR2	1	1	1
M_autophagy_lysosome	module	module		LAMTOR3	1	1	1
M_autophagy_lysosome	module	module		LAMTOR4	1	1	1
M_autophagy_lysosome	module	module		LAMTOR5	1	1	1
M_autophagy_lysosome	module	module		M6PR	1	1	1
M_autophagy_lysosome	module	module		MAP1LC3A	1	1	1
M_autophagy_lysosome	module	module		MAP1LC3B	1	1	1
M_autophagy_lysosome	module	module		MAP1LC3C	1	1	1
M_autophagy_lysosome	module	module		MFN1	1	1	1
M_autophagy_lysosome	module	module		MFN2	1	1	1
M_autophagy_lysosome	module	module		MLST8	1	1	1
M_autophagy_lysosome	module	module		MTERF3	0	0	1
M_autophagy_lysosome	module	module		MTMR14	1	1	1
M_autophagy_lysosome	module	module		MTMR3	1	1	1
M_autophagy_lysosome	module	module		MTOR	1	1	1
M_autophagy_lysosome	module	module		NBR1	1	1	1
M_autophagy_lysosome	module	module		PARK7	1	1	1
M_autophagy_lysosome	module	module		PCNT	1	1	1
M_autophagy_lysosome	module	module		PEX5	1	1	1
M_autophagy_lysosome	module	module		PGAM5	1	1	1
M_autophagy_lysosome	module	module		PIK3C3	1	1	1
M_autophagy_lysosome	module	module		PIK3R4	1	1	1
M_autophagy_lysosome	module	module		PINK1	1	1	1
M_autophagy_lysosome	module	module		PLIN2	1	1	1
M_autophagy_lysosome	module	module		PLIN3	1	1	1
M_autophagy_lysosome	module	module		PRKAA1	1	1	1
M_autophagy_lysosome	module	module		PRKAA2	1	1	1
M_autophagy_lysosome	module	module		PRKAB1	1	1	1
M_autophagy_lysosome	module	module		PRKAB2	1	1	1
M_autophagy_lysosome	module	module		PRKAG1	1	1	1
M_autophagy_lysosome	module	module		PRKAG2	1	1	1
M_autophagy_lysosome	module	module		PRKAG3	1	1	1
M_autophagy_lysosome	module	module		PRKN	0	0	0
M_autophagy_lysosome	module	module		RB1CC1	1	1	1
M_autophagy_lysosome	module	module		RHEB	1	1	1
M_autophagy_lysosome	module	module		RNF103-CHMP3	1	1	1
M_autophagy_lysosome	module	module		RPS27A	1	1	1
M_autophagy_lysosome	module	module		RPTOR	1	1	1
M_autophagy_lysosome	module	module		RRAGA	1	1	1
M_autophagy_lysosome	module	module		RRAGB	1	1	1
M_autophagy_lysosome	module	module		RRAGC	1	1	1
M_autophagy_lysosome	module	module		RRAGD	1	1	1
M_autophagy_lysosome	module	module		SH3GL2	1	1	1
M_autophagy_lysosome	module	module		SLC38A9	1	1	1
M_autophagy_lysosome	module	module		SQSTM1	1	1	1
M_autophagy_lysosome	module	module		SRC	1	1	1
M_autophagy_lysosome	module	module		TOMM20	1	1	1
M_autophagy_lysosome	module	module		TOMM22	1	1	1
M_autophagy_lysosome	module	module		TOMM40	1	1	1
M_autophagy_lysosome	module	module		TOMM5	1	1	1
M_autophagy_lysosome	module	module		TOMM6	1	1	1
M_autophagy_lysosome	module	module		TOMM7	1	1	1
M_autophagy_lysosome	module	module		TOMM70	0	0	0
M_autophagy_lysosome	module	module		TSC1	1	1	1
M_autophagy_lysosome	module	module		TSC2	1	1	1
M_autophagy_lysosome	module	module		TXNDC5	1	1	1
M_autophagy_lysosome	module	module		UBA52	1	1	1
M_autophagy_lysosome	module	module		UBB	1	1	1
M_autophagy_lysosome	module	module		UBC	1	1	1
M_autophagy_lysosome	module	module		UBE2N	1	1	1
M_autophagy_lysosome	module	module		UBE2V1	1	1	1
M_autophagy_lysosome	module	module		ULK1	1	1	1
M_autophagy_lysosome	module	module		USP30	1	1	1
M_autophagy_lysosome	module	module		UVRAG	1	1	1
M_autophagy_lysosome	module	module		VAMP2	1	1	1
M_autophagy_lysosome	module	module		VAMP7	1	1	1
M_autophagy_lysosome	module	module		VAMP8	1	1	1
M_autophagy_lysosome	module	module		VCP	1	1	1
M_autophagy_lysosome	module	module		VDAC1	1	1	1
M_autophagy_lysosome	module	module		WDR45	1	1	1
M_autophagy_lysosome	module	module		WDR45B	1	1	1
M_autophagy_lysosome	module	module		WIPI1	1	1	1
M_autophagy_lysosome	module	module		WIPI2	1	1	1
M_TNF_NFkB	module	module		ABCA1	1	1	1
M_TNF_NFkB	module	module		ACKR3	0	1	1
M_TNF_NFkB	module	module		AREG	1	1	1
M_TNF_NFkB	module	module		ATF3	1	1	1
M_TNF_NFkB	module	module		ATP2B1	1	1	1
M_TNF_NFkB	module	module		B4GALT1	1	1	1
M_TNF_NFkB	module	module		B4GALT5	1	1	1
M_TNF_NFkB	module	module		BCL2A1	1	1	1
M_TNF_NFkB	module	module		BCL3	1	1	1
M_TNF_NFkB	module	module		BCL6	1	1	1
M_TNF_NFkB	module	module		BHLHE40	1	1	1
M_TNF_NFkB	module	module		BIRC2	1	1	1
M_TNF_NFkB	module	module		BIRC3	1	1	1
M_TNF_NFkB	module	module		BMP2	1	1	1
M_TNF_NFkB	module	module		BTG1	1	1	1
M_TNF_NFkB	module	module		BTG2	1	1	1
M_TNF_NFkB	module	module		BTG3	1	1	1
M_TNF_NFkB	module	module		CCL2	1	1	1
M_TNF_NFkB	module	module		CCL20	1	1	1
M_TNF_NFkB	module	module		CCL4	1	1	1
M_TNF_NFkB	module	module		CCL5	1	1	1
M_TNF_NFkB	module	module		CCN1	0	0	0
M_TNF_NFkB	module	module		CCND1	1	1	1
M_TNF_NFkB	module	module		CCNL1	1	1	1
M_TNF_NFkB	module	module		CCRL2	1	1	1
M_TNF_NFkB	module	module		CD44	1	1	1
M_TNF_NFkB	module	module		CD69	1	1	1
M_TNF_NFkB	module	module		CD80	1	1	1
M_TNF_NFkB	module	module		CD83	1	1	1
M_TNF_NFkB	module	module		CDKN1A	1	1	1
M_TNF_NFkB	module	module		CEBPB	1	1	1
M_TNF_NFkB	module	module		CEBPD	1	1	1
M_TNF_NFkB	module	module		CFLAR	1	1	1
M_TNF_NFkB	module	module		CHUK	1	1	1
M_TNF_NFkB	module	module		CLCF1	1	1	1
M_TNF_NFkB	module	module		CSF1	1	1	1
M_TNF_NFkB	module	module		CSF2	1	1	1
M_TNF_NFkB	module	module		CXCL1	1	1	1
M_TNF_NFkB	module	module		CXCL10	1	1	1
M_TNF_NFkB	module	module		CXCL11	1	1	1
M_TNF_NFkB	module	module		CXCL2	1	1	1
M_TNF_NFkB	module	module		CXCL3	1	1	1
M_TNF_NFkB	module	module		CXCL6	1	1	1
M_TNF_NFkB	module	module		CYLD	1	1	1
M_TNF_NFkB	module	module		DDX58	1	1	1
M_TNF_NFkB	module	module		DENND5A	1	1	1
M_TNF_NFkB	module	module		DNAJB4	1	1	1
M_TNF_NFkB	module	module		DRAM1	1	1	1
M_TNF_NFkB	module	module		DUSP1	1	1	1
M_TNF_NFkB	module	module		DUSP2	1	1	1
M_TNF_NFkB	module	module		DUSP4	1	1	1
M_TNF_NFkB	module	module		DUSP5	1	1	1
M_TNF_NFkB	module	module		EDN1	1	1	1
M_TNF_NFkB	module	module		EFNA1	1	1	1
M_TNF_NFkB	module	module		EGR1	1	1	1
M_TNF_NFkB	module	module		EGR2	1	1	1
M_TNF_NFkB	module	module		EGR3	1	1	1
M_TNF_NFkB	module	module		EHD1	1	1	1
M_TNF_NFkB	module	module		EIF1	1	1	1
M_TNF_NFkB	module	module		ETS2	1	1	1
M_TNF_NFkB	module	module		F2RL1	1	1	1
M_TNF_NFkB	module	module		F3	1	1	1
M_TNF_NFkB	module	module		FJX1	1	1	1
M_TNF_NFkB	module	module		FOS	1	1	1
M_TNF_NFkB	module	module		FOSB	1	1	1
M_TNF_NFkB	module	module		FOSL1	1	1	1
M_TNF_NFkB	module	module		FOSL2	1	1	1
M_TNF_NFkB	module	module		FUT4	1	1	1
M_TNF_NFkB	module	module		G0S2	1	1	1
M_TNF_NFkB	module	module		GADD45A	1	1	1
M_TNF_NFkB	module	module		GADD45B	1	1	1
M_TNF_NFkB	module	module		GCH1	1	1	1
M_TNF_NFkB	module	module		GEM	1	1	1
M_TNF_NFkB	module	module		GFPT2	1	1	1
M_TNF_NFkB	module	module		GPR183	1	1	1
M_TNF_NFkB	module	module		HBEGF	1	1	1
M_TNF_NFkB	module	module		HES1	1	1	1
M_TNF_NFkB	module	module		ICAM1	1	1	1
M_TNF_NFkB	module	module		ICOSLG	1	1	1
M_TNF_NFkB	module	module		ID2	1	1	1
M_TNF_NFkB	module	module		IER2	1	1	1
M_TNF_NFkB	module	module		IER3	1	1	1
M_TNF_NFkB	module	module		IER5	1	1	1
M_TNF_NFkB	module	module		IFIH1	1	1	1
M_TNF_NFkB	module	module		IFIT2	1	1	1
M_TNF_NFkB	module	module		IFNGR2	1	1	1
M_TNF_NFkB	module	module		IKBKB	1	1	1
M_TNF_NFkB	module	module		IKBKG	1	1	1
M_TNF_NFkB	module	module		IL12B	1	1	1
M_TNF_NFkB	module	module		IL15RA	1	1	1
M_TNF_NFkB	module	module		IL18	1	1	1
M_TNF_NFkB	module	module		IL1A	1	1	1
M_TNF_NFkB	module	module		IL1B	1	1	1
M_TNF_NFkB	module	module		IL23A	1	1	1
M_TNF_NFkB	module	module		IL6	1	1	1
M_TNF_NFkB	module	module		IL6ST	1	1	1
M_TNF_NFkB	module	module		IL7R	1	1	1
M_TNF_NFkB	module	module		INHBA	1	1	1
M_TNF_NFkB	module	module		IRF1	1	1	1
M_TNF_NFkB	module	module		IRS2	1	1	1
M_TNF_NFkB	module	module		JAG1	1	1	1
M_TNF_NFkB	module	module		JUN	1	1	1
M_TNF_NFkB	module	module		JUNB	1	1	1
M_TNF_NFkB	module	module		KDM6B	1	1	1
M_TNF_NFkB	module	module		KLF10	1	1	1
M_TNF_NFkB	module	module		KLF2	1	1	1
M_TNF_NFkB	module	module		KLF4	1	1	1
M_TNF_NFkB	module	module		KLF6	1	1	1
M_TNF_NFkB	module	module		KLF9	1	1	1
M_TNF_NFkB	module	module		KYNU	1	1	1
M_TNF_NFkB	module	module		LAMB3	1	1	1
M_TNF_NFkB	module	module		LDLR	1	1	1
M_TNF_NFkB	module	module		LIF	1	1	1
M_TNF_NFkB	module	module		LITAF	1	1	1
M_TNF_NFkB	module	module		MAFF	1	1	1
M_TNF_NFkB	module	module		MAP2K3	1	1	1
M_TNF_NFkB	module	module		MAP3K7	1	1	1
M_TNF_NFkB	module	module		MAP3K8	1	1	1
M_TNF_NFkB	module	module		MARCKS	1	1	1
M_TNF_NFkB	module	module		MCL1	1	1	1
M_TNF_NFkB	module	module		MSC	1	1	1
M_TNF_NFkB	module	module		MXD1	1	1	1
M_TNF_NFkB	module	module		MYC	1	1	1
M_TNF_NFkB	module	module		NAMPT	1	1	1
M_TNF_NFkB	module	module		NFAT5	1	1	1
M_TNF_NFkB	module	module		NFE2L2	1	1	1
M_TNF_NFkB	module	module		NFIL3	1	1	1
M_TNF_NFkB	module	module		NFKB1	1	1	1
M_TNF_NFkB	module	module		NFKB2	1	1	1
M_TNF_NFkB	module	module		NFKBIA	1	1	1
M_TNF_NFkB	module	module		NFKBIE	1	1	1
M_TNF_NFkB	module	module		NINJ1	1	1	1
M_TNF_NFkB	module	module		NR4A1	1	1	1
M_TNF_NFkB	module	module		NR4A2	1	1	1
M_TNF_NFkB	module	module		NR4A3	1	1	1
M_TNF_NFkB	module	module		OLR1	1	1	1
M_TNF_NFkB	module	module		OTUD7B	1	1	1
M_TNF_NFkB	module	module		PANX1	1	1	1
M_TNF_NFkB	module	module		PDE4B	1	1	1
M_TNF_NFkB	module	module		PDLIM5	1	1	1
M_TNF_NFkB	module	module		PER1	1	1	1
M_TNF_NFkB	module	module		PFKFB3	1	1	1
M_TNF_NFkB	module	module		PHLDA1	1	1	1
M_TNF_NFkB	module	module		PHLDA2	1	1	1
M_TNF_NFkB	module	module		PLAU	1	1	1
M_TNF_NFkB	module	module		PLAUR	1	1	1
M_TNF_NFkB	module	module		PLEK	1	1	1
M_TNF_NFkB	module	module		PLK2	1	1	1
M_TNF_NFkB	module	module		PLPP3	0	0	1
M_TNF_NFkB	module	module		PMEPA1	1	1	1
M_TNF_NFkB	module	module		PNRC1	1	1	1
M_TNF_NFkB	module	module		PPP1R15A	1	1	1
M_TNF_NFkB	module	module		PTGER4	1	1	1
M_TNF_NFkB	module	module		PTGS2	1	1	1
M_TNF_NFkB	module	module		PTPRE	1	1	1
M_TNF_NFkB	module	module		PTX3	1	1	1
M_TNF_NFkB	module	module		RACK1	0	0	0
M_TNF_NFkB	module	module		RBCK1	1	1	1
M_TNF_NFkB	module	module		RCAN1	1	1	1
M_TNF_NFkB	module	module		REL	1	1	1
M_TNF_NFkB	module	module		RELA	1	1	1
M_TNF_NFkB	module	module		RELB	1	1	1
M_TNF_NFkB	module	module		RHOB	1	1	1
M_TNF_NFkB	module	module		RIPK1	1	1	1
M_TNF_NFkB	module	module		RIPK2	1	1	1
M_TNF_NFkB	module	module		RNF19B	1	1	1
M_TNF_NFkB	module	module		RNF31	1	1	1
M_TNF_NFkB	module	module		SAT1	1	1	1
M_TNF_NFkB	module	module		SDC4	1	1	1
M_TNF_NFkB	module	module		SERPINB2	1	1	1
M_TNF_NFkB	module	module		SERPINB8	1	1	1
M_TNF_NFkB	module	module		SERPINE1	1	1	1
M_TNF_NFkB	module	module		SGK1	1	1	1
M_TNF_NFkB	module	module		SHARPIN	1	1	1
M_TNF_NFkB	module	module		SIK1	1	1	1
M_TNF_NFkB	module	module		SLC16A6	1	1	1
M_TNF_NFkB	module	module		SLC2A3	1	1	1
M_TNF_NFkB	module	module		SLC2A6	1	1	1
M_TNF_NFkB	module	module		SMAD3	1	1	1
M_TNF_NFkB	module	module		SNN	1	1	1
M_TNF_NFkB	module	module		SOCS3	1	1	1
M_TNF_NFkB	module	module		SOD2	1	1	1
M_TNF_NFkB	module	module		SPHK1	1	1	1
M_TNF_NFkB	module	module		SPSB1	1	1	1
M_TNF_NFkB	module	module		SQSTM1	1	1	1
M_TNF_NFkB	module	module		STAT5A	1	1	1
M_TNF_NFkB	module	module		TAB1	1	1	1
M_TNF_NFkB	module	module		TAB2	1	1	1
M_TNF_NFkB	module	module		TAB3	1	1	1
M_TNF_NFkB	module	module		TANK	1	1	1
M_TNF_NFkB	module	module		TAP1	1	1	1
M_TNF_NFkB	module	module		TGIF1	1	1	1
M_TNF_NFkB	module	module		TIPARP	1	1	1
M_TNF_NFkB	module	module		TLR2	1	1	1
M_TNF_NFkB	module	module		TNC	1	1	1
M_TNF_NFkB	module	module		TNF	1	1	1
M_TNF_NFkB	module	module		TNFAIP2	1	1	1
M_TNF_NFkB	module	module		TNFAIP3	1	1	1
M_TNF_NFkB	module	module		TNFAIP6	1	1	1
M_TNF_NFkB	module	module		TNFAIP8	1	1	1
M_TNF_NFkB	module	module		TNFRSF1A	1	1	1
M_TNF_NFkB	module	module		TNFRSF9	1	1	1
M_TNF_NFkB	module	module		TNFSF9	1	1	1
M_TNF_NFkB	module	module		TNIP1	1	1	1
M_TNF_NFkB	module	module		TNIP2	1	1	1
M_TNF_NFkB	module	module		TRADD	1	1	1
M_TNF_NFkB	module	module		TRAF1	1	1	1
M_TNF_NFkB	module	module		TRIB1	1	1	1
M_TNF_NFkB	module	module		TRIP10	1	1	1
M_TNF_NFkB	module	module		TSC22D1	1	1	1
M_TNF_NFkB	module	module		TUBB2A	1	1	1
M_TNF_NFkB	module	module		USP2	1	1	1
M_TNF_NFkB	module	module		USP25	1	1	1
M_TNF_NFkB	module	module		USP4	1	1	1
M_TNF_NFkB	module	module		VEGFA	1	1	1
M_TNF_NFkB	module	module		XIAP	1	1	1
M_TNF_NFkB	module	module		YRDC	1	1	1
M_TNF_NFkB	module	module		ZBTB10	1	1	1
M_TNF_NFkB	module	module		ZC3H12A	1	1	1
M_TNF_NFkB	module	module		ZFP36	1	1	1
M_p53_apoptosis	module	module		ABAT	1	1	1
M_p53_apoptosis	module	module		ABCC5	1	1	1
M_p53_apoptosis	module	module		ABHD4	1	1	1
M_p53_apoptosis	module	module		ACVR1B	1	1	1
M_p53_apoptosis	module	module		ADA	1	1	1
M_p53_apoptosis	module	module		ADD1	1	1	1
M_p53_apoptosis	module	module		AEN	1	1	1
M_p53_apoptosis	module	module		AIFM3	1	1	1
M_p53_apoptosis	module	module		AK1	1	1	1
M_p53_apoptosis	module	module		ALOX15B	1	1	1
M_p53_apoptosis	module	module		ANKH	1	1	1
M_p53_apoptosis	module	module		ANKRA2	1	1	1
M_p53_apoptosis	module	module		ANXA1	1	1	1
M_p53_apoptosis	module	module		APAF1	1	1	1
M_p53_apoptosis	module	module		APP	1	1	1
M_p53_apoptosis	module	module		ATF3	1	1	1
M_p53_apoptosis	module	module		AVPR1A	1	1	1
M_p53_apoptosis	module	module		BAIAP2	1	1	1
M_p53_apoptosis	module	module		BAK1	1	1	1
M_p53_apoptosis	module	module		BAX	1	1	1
M_p53_apoptosis	module	module		BCAP31	1	1	1
M_p53_apoptosis	module	module		BCL10	1	1	1
M_p53_apoptosis	module	module		BCL2L1	1	1	1
M_p53_apoptosis	module	module		BCL2L10	1	1	1
M_p53_apoptosis	module	module		BCL2L11	1	1	1
M_p53_apoptosis	module	module		BCL2L2	1	1	1
M_p53_apoptosis	module	module		BGN	1	1	1
M_p53_apoptosis	module	module		BID	1	1	1
M_p53_apoptosis	module	module		BIK	1	1	1
M_p53_apoptosis	module	module		BIRC3	1	1	1
M_p53_apoptosis	module	module		BLCAP	1	1	1
M_p53_apoptosis	module	module		BMF	1	1	1
M_p53_apoptosis	module	module		BMP2	1	1	1
M_p53_apoptosis	module	module		BNIP3L	1	1	1
M_p53_apoptosis	module	module		BRCA1	1	1	1
M_p53_apoptosis	module	module		BTG1	1	1	1
M_p53_apoptosis	module	module		BTG2	1	1	1
M_p53_apoptosis	module	module		BTG3	1	1	1
M_p53_apoptosis	module	module		CASP1	1	1	1
M_p53_apoptosis	module	module		CASP2	1	1	1
M_p53_apoptosis	module	module		CASP3	1	1	1
M_p53_apoptosis	module	module		CASP4	1	1	1
M_p53_apoptosis	module	module		CASP6	1	1	1
M_p53_apoptosis	module	module		CASP7	1	1	1
M_p53_apoptosis	module	module		CASP8	1	1	1
M_p53_apoptosis	module	module		CASP9	1	1	1
M_p53_apoptosis	module	module		CAV1	1	1	1
M_p53_apoptosis	module	module		CCNA1	1	1	1
M_p53_apoptosis	module	module		CCND1	1	1	1
M_p53_apoptosis	module	module		CCND2	1	1	1
M_p53_apoptosis	module	module		CCND3	1	1	1
M_p53_apoptosis	module	module		CCNG1	1	1	1
M_p53_apoptosis	module	module		CCNK	1	1	1
M_p53_apoptosis	module	module		CCP110	1	1	1
M_p53_apoptosis	module	module		CD14	1	1	1
M_p53_apoptosis	module	module		CD2	1	1	1
M_p53_apoptosis	module	module		CD38	1	1	1
M_p53_apoptosis	module	module		CD44	1	1	1
M_p53_apoptosis	module	module		CD69	1	1	1
M_p53_apoptosis	module	module		CD81	1	1	1
M_p53_apoptosis	module	module		CD82	1	1	1
M_p53_apoptosis	module	module		CDC25B	1	1	1
M_p53_apoptosis	module	module		CDH13	1	1	1
M_p53_apoptosis	module	module		CDK2	1	1	1
M_p53_apoptosis	module	module		CDK5R1	1	1	1
M_p53_apoptosis	module	module		CDKN1A	1	1	1
M_p53_apoptosis	module	module		CDKN1B	1	1	1
M_p53_apoptosis	module	module		CDKN2A	1	1	1
M_p53_apoptosis	module	module		CDKN2AIP	1	1	1
M_p53_apoptosis	module	module		CDKN2B	1	1	1
M_p53_apoptosis	module	module		CEBPA	1	1	1
M_p53_apoptosis	module	module		CFLAR	1	1	1
M_p53_apoptosis	module	module		CGRRF1	1	1	1
M_p53_apoptosis	module	module		CLCA2	1	1	1
M_p53_apoptosis	module	module		CLU	1	1	1
M_p53_apoptosis	module	module		COQ8A	0	0	0
M_p53_apoptosis	module	module		CREBBP	1	1	1
M_p53_apoptosis	module	module		CSRNP2	1	1	1
M_p53_apoptosis	module	module		CTH	1	1	1
M_p53_apoptosis	module	module		CTNNB1	1	1	1
M_p53_apoptosis	module	module		CTSD	1	1	1
M_p53_apoptosis	module	module		CTSF	1	1	1
M_p53_apoptosis	module	module		CYFIP2	1	1	1
M_p53_apoptosis	module	module		CYLD	1	1	1
M_p53_apoptosis	module	module		DAP	1	1	1
M_p53_apoptosis	module	module		DAP3	1	1	1
M_p53_apoptosis	module	module		DCN	1	1	1
M_p53_apoptosis	module	module		DCXR	1	1	1
M_p53_apoptosis	module	module		DDB2	1	1	1
M_p53_apoptosis	module	module		DDIT3	1	1	1
M_p53_apoptosis	module	module		DDIT4	1	1	1
M_p53_apoptosis	module	module		DEF6	1	1	1
M_p53_apoptosis	module	module		DFFA	1	1	1
M_p53_apoptosis	module	module		DGKA	1	1	1
M_p53_apoptosis	module	module		DIABLO	1	1	1
M_p53_apoptosis	module	module		DNAJA1	1	1	1
M_p53_apoptosis	module	module		DNAJC3	1	1	1
M_p53_apoptosis	module	module		DNM1L	1	1	1
M_p53_apoptosis	module	module		DNTTIP2	1	1	1
M_p53_apoptosis	module	module		DPYD	1	1	1
M_p53_apoptosis	module	module		DRAM1	1	1	1
M_p53_apoptosis	module	module		EBP	1	1	1
M_p53_apoptosis	module	module		EGR3	1	1	1
M_p53_apoptosis	module	module		EI24	1	1	1
M_p53_apoptosis	module	module		ELP1	0	0	0
M_p53_apoptosis	module	module		EMP1	1	1	1
M_p53_apoptosis	module	module		ENO2	1	1	1
M_p53_apoptosis	module	module		EPHA2	1	1	1
M_p53_apoptosis	module	module		EPHX1	1	1	1
M_p53_apoptosis	module	module		EPS8L2	1	1	1
M_p53_apoptosis	module	module		ERBB2	1	1	1
M_p53_apoptosis	module	module		ERBB3	1	1	1
M_p53_apoptosis	module	module		ERCC5	1	1	1
M_p53_apoptosis	module	module		EREG	1	1	1
M_p53_apoptosis	module	module		ETF1	1	1	1
M_p53_apoptosis	module	module		F2	1	1	1
M_p53_apoptosis	module	module		F2R	1	1	1
M_p53_apoptosis	module	module		FAM162A	1	1	1
M_p53_apoptosis	module	module		FAS	1	1	1
M_p53_apoptosis	module	module		FASLG	1	1	1
M_p53_apoptosis	module	module		FBXW7	1	1	1
M_p53_apoptosis	module	module		FDXR	1	1	1
M_p53_apoptosis	module	module		FEZ1	1	1	1
M_p53_apoptosis	module	module		FGF13	1	1	1
M_p53_apoptosis	module	module		FOS	1	1	1
M_p53_apoptosis	module	module		FOXO3	1	1	1
M_p53_apoptosis	module	module		FUCA1	1	1	1
M_p53_apoptosis	module	module		GADD45A	1	1	1
M_p53_apoptosis	module	module		GADD45B	1	1	1
M_p53_apoptosis	module	module		GCH1	1	1	1
M_p53_apoptosis	module	module		GLS2	1	1	1
M_p53_apoptosis	module	module		GM2A	1	1	1
M_p53_apoptosis	module	module		GNA15	1	1	1
M_p53_apoptosis	module	module		GPX1	1	1	1
M_p53_apoptosis	module	module		GPX2	1	1	1
M_p53_apoptosis	module	module		GPX3	1	1	1
M_p53_apoptosis	module	module		GPX4	1	1	1
M_p53_apoptosis	module	module		GSN	1	1	1
M_p53_apoptosis	module	module		GSR	1	1	1
M_p53_apoptosis	module	module		GSTM1	1	1	1
M_p53_apoptosis	module	module		GUCY2D	1	1	1
M_p53_apoptosis	module	module		H1-0	0	0	0
M_p53_apoptosis	module	module		H1-2	0	0	0
M_p53_apoptosis	module	module		H2AJ	0	0	0
M_p53_apoptosis	module	module		H2AW	0	0	0
M_p53_apoptosis	module	module		HBEGF	1	1	1
M_p53_apoptosis	module	module		HDAC3	1	1	1
M_p53_apoptosis	module	module		HEXIM1	1	1	1
M_p53_apoptosis	module	module		HGF	1	1	1
M_p53_apoptosis	module	module		HINT1	1	1	1
M_p53_apoptosis	module	module		HMGB2	1	1	1
M_p53_apoptosis	module	module		HMOX1	1	1	1
M_p53_apoptosis	module	module		HRAS	1	1	1
M_p53_apoptosis	module	module		HSPA4L	1	1	1
M_p53_apoptosis	module	module		HSPB1	1	1	1
M_p53_apoptosis	module	module		IER3	1	1	1
M_p53_apoptosis	module	module		IER5	1	1	1
M_p53_apoptosis	module	module		IFI30	1	1	1
M_p53_apoptosis	module	module		IFITM3	1	1	1
M_p53_apoptosis	module	module		IFNB1	1	1	1
M_p53_apoptosis	module	module		IFNGR1	1	1	1
M_p53_apoptosis	module	module		IGF2R	1	1	1
M_p53_apoptosis	module	module		IGFBP6	1	1	1
M_p53_apoptosis	module	module		IL18	1	1	1
M_p53_apoptosis	module	module		IL1A	1	1	1
M_p53_apoptosis	module	module		IL1B	1	1	1
M_p53_apoptosis	module	module		IL6	1	1	1
M_p53_apoptosis	module	module		INHBB	1	1	1
M_p53_apoptosis	module	module		IP6K2	1	1	1
M_p53_apoptosis	module	module		IRAG2	0	0	0
M_p53_apoptosis	module	module		IRAK1	1	1	1
M_p53_apoptosis	module	module		IRF1	1	1	1
M_p53_apoptosis	module	module		ISCU	1	1	1
M_p53_apoptosis	module	module		ISG20	1	1	1
M_p53_apoptosis	module	module		ITGB4	1	1	1
M_p53_apoptosis	module	module		JAG2	1	1	1
M_p53_apoptosis	module	module		JUN	1	1	1
M_p53_apoptosis	module	module		KIF13B	1	1	1
M_p53_apoptosis	module	module		KLF4	1	1	1
M_p53_apoptosis	module	module		KLK8	1	1	1
M_p53_apoptosis	module	module		KRT17	1	1	1
M_p53_apoptosis	module	module		KRT18	1	1	1
M_p53_apoptosis	module	module		LDHB	1	1	1
M_p53_apoptosis	module	module		LEF1	1	1	1
M_p53_apoptosis	module	module		LGALS3	1	1	1
M_p53_apoptosis	module	module		LIF	1	1	1
M_p53_apoptosis	module	module		LMNA	1	1	1
M_p53_apoptosis	module	module		LUM	1	1	1
M_p53_apoptosis	module	module		MADD	1	1	1
M_p53_apoptosis	module	module		MAPKAPK3	1	1	1
M_p53_apoptosis	module	module		MCL1	1	1	1
M_p53_apoptosis	module	module		MDM2	1	1	1
M_p53_apoptosis	module	module		MGMT	1	1	1
M_p53_apoptosis	module	module		MKNK2	1	1	1
M_p53_apoptosis	module	module		MMP2	1	1	1
M_p53_apoptosis	module	module		MXD1	1	1	1
M_p53_apoptosis	module	module		MXD4	1	1	1
M_p53_apoptosis	module	module		NDRG1	1	1	1
M_p53_apoptosis	module	module		NEDD9	1	1	1
M_p53_apoptosis	module	module		NEFH	1	1	1
M_p53_apoptosis	module	module		NHLH2	1	1	1
M_p53_apoptosis	module	module		NINJ1	1	1	1
M_p53_apoptosis	module	module		NOL8	1	1	1
M_p53_apoptosis	module	module		NOTCH1	1	1	1
M_p53_apoptosis	module	module		NUDT15	1	1	1
M_p53_apoptosis	module	module		NUPR1	1	1	1
M_p53_apoptosis	module	module		OSGIN1	1	1	1
M_p53_apoptosis	module	module		PAK1	1	1	1
M_p53_apoptosis	module	module		PCNA	1	1	1
M_p53_apoptosis	module	module		PDCD4	1	1	1
M_p53_apoptosis	module	module		PDGFA	1	1	1
M_p53_apoptosis	module	module		PDGFRB	1	1	1
M_p53_apoptosis	module	module		PEA15	1	1	1
M_p53_apoptosis	module	module		PERP	1	1	1
M_p53_apoptosis	module	module		PHLDA3	1	1	1
M_p53_apoptosis	module	module		PIDD1	0	0	1
M_p53_apoptosis	module	module		PITPNC1	1	1	1
M_p53_apoptosis	module	module		PLAT	1	1	1
M_p53_apoptosis	module	module		PLCB2	1	1	1
M_p53_apoptosis	module	module		PLK2	1	1	1
M_p53_apoptosis	module	module		PLK3	1	1	1
M_p53_apoptosis	module	module		PLPPR4	0	0	1
M_p53_apoptosis	module	module		PLXNB2	1	1	1
M_p53_apoptosis	module	module		PMAIP1	1	1	1
M_p53_apoptosis	module	module		PMM1	1	1	1
M_p53_apoptosis	module	module		POLH	1	1	1
M_p53_apoptosis	module	module		POM121	1	1	1
M_p53_apoptosis	module	module		PPM1D	1	1	1
M_p53_apoptosis	module	module		PPP1R15A	1	1	1
M_p53_apoptosis	module	module		PPP2R5B	1	1	1
M_p53_apoptosis	module	module		PPP3R1	1	1	1
M_p53_apoptosis	module	module		PPT1	1	1	1
M_p53_apoptosis	module	module		PRF1	1	1	1
M_p53_apoptosis	module	module		PRKAB1	1	1	1
M_p53_apoptosis	module	module		PRMT2	1	1	1
M_p53_apoptosis	module	module		PROCR	1	1	1
M_p53_apoptosis	module	module		PSEN1	1	1	1
M_p53_apoptosis	module	module		PSEN2	1	1	1
M_p53_apoptosis	module	module		PTK2	1	1	1
M_p53_apoptosis	module	module		PTPN14	1	1	1
M_p53_apoptosis	module	module		PTPRE	1	1	1
M_p53_apoptosis	module	module		PVT1	1	0	1
M_p53_apoptosis	module	module		RAB40C	1	1	1
M_p53_apoptosis	module	module		RACK1	0	0	0
M_p53_apoptosis	module	module		RAD51C	1	1	1
M_p53_apoptosis	module	module		RAD9A	1	1	1
M_p53_apoptosis	module	module		RALGDS	1	1	1
M_p53_apoptosis	module	module		RAP2B	1	1	1
M_p53_apoptosis	module	module		RARA	1	1	1
M_p53_apoptosis	module	module		RB1	1	1	1
M_p53_apoptosis	module	module		RCHY1	1	1	1
M_p53_apoptosis	module	module		RELA	1	1	1
M_p53_apoptosis	module	module		RETSAT	1	1	1
M_p53_apoptosis	module	module		RGS16	1	1	1
M_p53_apoptosis	module	module		RHBDF2	1	1	1
M_p53_apoptosis	module	module		RHOB	1	1	1
M_p53_apoptosis	module	module		RHOT2	1	1	1
M_p53_apoptosis	module	module		RNASEL	1	1	1
M_p53_apoptosis	module	module		RNF19B	1	1	1
M_p53_apoptosis	module	module		ROCK1	1	1	1
M_p53_apoptosis	module	module		RPL18	1	1	1
M_p53_apoptosis	module	module		RPL36	1	1	1
M_p53_apoptosis	module	module		RPS12	1	1	1
M_p53_apoptosis	module	module		RPS27L	1	1	1
M_p53_apoptosis	module	module		RRAD	1	1	1
M_p53_apoptosis	module	module		RRP8	1	1	1
M_p53_apoptosis	module	module		RXRA	1	1	1
M_p53_apoptosis	module	module		S100A10	1	1	1
M_p53_apoptosis	module	module		S100A4	1	1	1
M_p53_apoptosis	module	module		SAT1	1	1	1
M_p53_apoptosis	module	module		SATB1	1	1	1
M_p53_apoptosis	module	module		SC5D	0	1	1
M_p53_apoptosis	module	module		SDC1	1	1	1
M_p53_apoptosis	module	module		SEC61A1	1	1	1
M_p53_apoptosis	module	module		SERPINB5	1	1	1
M_p53_apoptosis	module	module		SERTAD3	1	1	1
M_p53_apoptosis	module	module		SESN1	1	1	1
M_p53_apoptosis	module	module		SFN	1	1	1
M_p53_apoptosis	module	module		SLC19A2	1	1	1
M_p53_apoptosis	module	module		SLC20A1	1	1	1
M_p53_apoptosis	module	module		SLC35D1	1	1	1
M_p53_apoptosis	module	module		SLC3A2	1	1	1
M_p53_apoptosis	module	module		SLC7A11	1	1	1
M_p53_apoptosis	module	module		SMAD7	1	1	1
M_p53_apoptosis	module	module		SOCS1	1	1	1
M_p53_apoptosis	module	module		SOD1	1	1	1
M_p53_apoptosis	module	module		SOD2	1	1	1
M_p53_apoptosis	module	module		SP1	1	1	1
M_p53_apoptosis	module	module		SPHK1	1	1	1
M_p53_apoptosis	module	module		SPTAN1	1	1	1
M_p53_apoptosis	module	module		SQSTM1	1	1	1
M_p53_apoptosis	module	module		ST14	1	1	1
M_p53_apoptosis	module	module		STEAP3	1	1	1
M_p53_apoptosis	module	module		STOM	1	1	1
M_p53_apoptosis	module	module		TAP1	1	1	1
M_p53_apoptosis	module	module		TAX1BP3	1	1	1
M_p53_apoptosis	module	module		TCHH	1	1	1
M_p53_apoptosis	module	module		TCN2	1	1	1
M_p53_apoptosis	module	module		TGFA	1	1	1
M_p53_apoptosis	module	module		TGFB1	1	1	1
M_p53_apoptosis	module	module		TGFB2	1	1	1
M_p53_apoptosis	module	module		TGFBR3	1	1	1
M_p53_apoptosis	module	module		TIMP1	1	1	1
M_p53_apoptosis	module	module		TIMP2	1	1	1
M_p53_apoptosis	module	module		TIMP3	1	1	1
M_p53_apoptosis	module	module		TM4SF1	1	1	1
M_p53_apoptosis	module	module		TM7SF3	1	1	1
M_p53_apoptosis	module	module		TNF	1	1	1
M_p53_apoptosis	module	module		TNFRSF12A	1	1	1
M_p53_apoptosis	module	module		TNFSF10	1	1	1
M_p53_apoptosis	module	module		TNFSF9	1	1	1
M_p53_apoptosis	module	module		TNNI1	1	1	1
M_p53_apoptosis	module	module		TOB1	1	1	1
M_p53_apoptosis	module	module		TOP2A	1	1	1
M_p53_apoptosis	module	module		TP53	1	1	1
M_p53_apoptosis	module	module		TP63	1	1	1
M_p53_apoptosis	module	module		TPD52L1	1	1	1
M_p53_apoptosis	module	module		TPRKB	1	1	1
M_p53_apoptosis	module	module		TRAF4	1	1	1
M_p53_apoptosis	module	module		TRAFD1	1	1	1
M_p53_apoptosis	module	module		TRIAP1	1	1	1
M_p53_apoptosis	module	module		TRIB3	1	1	1
M_p53_apoptosis	module	module		TSC22D1	1	1	1
M_p53_apoptosis	module	module		TSPO	1	1	1
M_p53_apoptosis	module	module		TSPYL2	1	1	1
M_p53_apoptosis	module	module		TXNIP	1	1	1
M_p53_apoptosis	module	module		UPP1	1	1	1
M_p53_apoptosis	module	module		VAMP8	1	1	1
M_p53_apoptosis	module	module		VDAC2	1	1	1
M_p53_apoptosis	module	module		VDR	1	1	1
M_p53_apoptosis	module	module		VWA5A	1	1	1
M_p53_apoptosis	module	module		WEE1	1	1	1
M_p53_apoptosis	module	module		WRAP73	1	1	1
M_p53_apoptosis	module	module		WWP1	1	1	1
M_p53_apoptosis	module	module		XIAP	1	1	1
M_p53_apoptosis	module	module		XPC	1	1	1
M_p53_apoptosis	module	module		ZBTB16	1	1	1
M_p53_apoptosis	module	module		ZFP36L1	1	1	1
M_p53_apoptosis	module	module		ZMAT3	1	1	1
M_p53_apoptosis	module	module		ZNF365	1	1	1
M_RIGI_typeI_IFN	module	module		ABCE1	1	1	1
M_RIGI_typeI_IFN	module	module		ADAR	1	1	1
M_RIGI_typeI_IFN	module	module		AGER	1	1	1
M_RIGI_typeI_IFN	module	module		APP	1	1	1
M_RIGI_typeI_IFN	module	module		ATG12	1	1	1
M_RIGI_typeI_IFN	module	module		ATG5	1	1	1
M_RIGI_typeI_IFN	module	module		BST2	1	1	1
M_RIGI_typeI_IFN	module	module		CASP10	1	1	1
M_RIGI_typeI_IFN	module	module		CASP8	1	1	1
M_RIGI_typeI_IFN	module	module		CHUK	1	1	1
M_RIGI_typeI_IFN	module	module		CREBBP	1	1	1
M_RIGI_typeI_IFN	module	module		CYLD	1	1	1
M_RIGI_typeI_IFN	module	module		DHX58	1	1	1
M_RIGI_typeI_IFN	module	module		EGR1	1	1	1
M_RIGI_typeI_IFN	module	module		EP300	1	1	1
M_RIGI_typeI_IFN	module	module		FADD	1	1	1
M_RIGI_typeI_IFN	module	module		GBP2	1	1	1
M_RIGI_typeI_IFN	module	module		HERC5	1	1	1
M_RIGI_typeI_IFN	module	module		HLA-A	1	1	1
M_RIGI_typeI_IFN	module	module		HLA-B	1	1	1
M_RIGI_typeI_IFN	module	module		HLA-C	1	1	1
M_RIGI_typeI_IFN	module	module		HLA-E	1	1	1
M_RIGI_typeI_IFN	module	module		HLA-F	1	1	1
M_RIGI_typeI_IFN	module	module		HLA-G	1	1	1
M_RIGI_typeI_IFN	module	module		HMGB1	1	1	1
M_RIGI_typeI_IFN	module	module		HOXC13	1	1	1
M_RIGI_typeI_IFN	module	module		HSP90AA1	1	1	1
M_RIGI_typeI_IFN	module	module		HSP90AB1	1	1	1
M_RIGI_typeI_IFN	module	module		IFI27	1	1	1
M_RIGI_typeI_IFN	module	module		IFI35	1	1	1
M_RIGI_typeI_IFN	module	module		IFI6	1	1	1
M_RIGI_typeI_IFN	module	module		IFIH1	1	1	1
M_RIGI_typeI_IFN	module	module		IFIT1	1	1	1
M_RIGI_typeI_IFN	module	module		IFIT2	1	1	1
M_RIGI_typeI_IFN	module	module		IFIT3	1	1	1
M_RIGI_typeI_IFN	module	module		IFIT5	1	1	1
M_RIGI_typeI_IFN	module	module		IFITM1	1	1	1
M_RIGI_typeI_IFN	module	module		IFITM2	1	1	1
M_RIGI_typeI_IFN	module	module		IFITM3	1	1	1
M_RIGI_typeI_IFN	module	module		IFNA1	1	1	1
M_RIGI_typeI_IFN	module	module		IFNA10	1	1	1
M_RIGI_typeI_IFN	module	module		IFNA14	1	1	1
M_RIGI_typeI_IFN	module	module		IFNA16	1	1	1
M_RIGI_typeI_IFN	module	module		IFNA17	1	1	1
M_RIGI_typeI_IFN	module	module		IFNA2	1	1	1
M_RIGI_typeI_IFN	module	module		IFNA21	1	1	1
M_RIGI_typeI_IFN	module	module		IFNA4	1	1	1
M_RIGI_typeI_IFN	module	module		IFNA5	1	1	1
M_RIGI_typeI_IFN	module	module		IFNA6	1	1	1
M_RIGI_typeI_IFN	module	module		IFNA7	1	1	1
M_RIGI_typeI_IFN	module	module		IFNA8	1	1	1
M_RIGI_typeI_IFN	module	module		IFNAR1	1	1	1
M_RIGI_typeI_IFN	module	module		IFNAR2	1	1	1
M_RIGI_typeI_IFN	module	module		IFNB1	1	1	1
M_RIGI_typeI_IFN	module	module		IKBKB	1	1	1
M_RIGI_typeI_IFN	module	module		IKBKE	1	1	1
M_RIGI_typeI_IFN	module	module		IKBKG	1	1	1
M_RIGI_typeI_IFN	module	module		IP6K2	1	1	1
M_RIGI_typeI_IFN	module	module		IRF1	1	1	1
M_RIGI_typeI_IFN	module	module		IRF2	1	1	1
M_RIGI_typeI_IFN	module	module		IRF3	1	1	1
M_RIGI_typeI_IFN	module	module		IRF4	1	1	1
M_RIGI_typeI_IFN	module	module		IRF5	1	1	1
M_RIGI_typeI_IFN	module	module		IRF6	1	1	1
M_RIGI_typeI_IFN	module	module		IRF7	1	1	1
M_RIGI_typeI_IFN	module	module		IRF8	1	1	1
M_RIGI_typeI_IFN	module	module		IRF9	1	1	1
M_RIGI_typeI_IFN	module	module		ISG15	1	1	1
M_RIGI_typeI_IFN	module	module		ISG20	1	1	1
M_RIGI_typeI_IFN	module	module		ITCH	1	1	1
M_RIGI_typeI_IFN	module	module		JAK1	1	1	1
M_RIGI_typeI_IFN	module	module		KPNA1	1	1	1
M_RIGI_typeI_IFN	module	module		KPNB1	1	1	1
M_RIGI_typeI_IFN	module	module		MAP3K1	1	1	1
M_RIGI_typeI_IFN	module	module		MAVS	1	1	1
M_RIGI_typeI_IFN	module	module		MX1	1	1	1
M_RIGI_typeI_IFN	module	module		MX2	1	1	1
M_RIGI_typeI_IFN	module	module		NFKB1	1	1	1
M_RIGI_typeI_IFN	module	module		NFKB2	1	1	1
M_RIGI_typeI_IFN	module	module		NFKBIA	1	1	1
M_RIGI_typeI_IFN	module	module		NFKBIB	1	1	1
M_RIGI_typeI_IFN	module	module		NKIRAS1	1	1	1
M_RIGI_typeI_IFN	module	module		NKIRAS2	1	1	1
M_RIGI_typeI_IFN	module	module		NLRC5	1	1	1
M_RIGI_typeI_IFN	module	module		NLRX1	1	1	1
M_RIGI_typeI_IFN	module	module		OAS1	1	1	1
M_RIGI_typeI_IFN	module	module		OAS2	1	1	1
M_RIGI_typeI_IFN	module	module		OAS3	1	1	1
M_RIGI_typeI_IFN	module	module		OASL	1	1	1
M_RIGI_typeI_IFN	module	module		OTUD5	1	1	1
M_RIGI_typeI_IFN	module	module		PCBP2	1	1	1
M_RIGI_typeI_IFN	module	module		PDZD2	1	1	1
M_RIGI_typeI_IFN	module	module		PSMB8	1	1	1
M_RIGI_typeI_IFN	module	module		PTPN1	1	1	1
M_RIGI_typeI_IFN	module	module		PTPN11	1	1	1
M_RIGI_typeI_IFN	module	module		PTPN6	1	1	1
M_RIGI_typeI_IFN	module	module		RELA	1	1	1
M_RIGI_typeI_IFN	module	module		RIGI	0	0	0
M_RIGI_typeI_IFN	module	module		RIPK1	1	1	1
M_RIGI_typeI_IFN	module	module		RNASEL	1	1	1
M_RIGI_typeI_IFN	module	module		RNF125	1	1	1
M_RIGI_typeI_IFN	module	module		RNF135	1	1	1
M_RIGI_typeI_IFN	module	module		RNF216	1	1	1
M_RIGI_typeI_IFN	module	module		RPS27A	1	1	1
M_RIGI_typeI_IFN	module	module		RSAD2	1	1	1
M_RIGI_typeI_IFN	module	module		S100A12	1	1	1
M_RIGI_typeI_IFN	module	module		S100B	1	1	1
M_RIGI_typeI_IFN	module	module		SAA2	1	1	1
M_RIGI_typeI_IFN	module	module		SAMHD1	1	1	1
M_RIGI_typeI_IFN	module	module		SIKE1	1	1	1
M_RIGI_typeI_IFN	module	module		SOCS1	1	1	1
M_RIGI_typeI_IFN	module	module		SOCS3	1	1	1
M_RIGI_typeI_IFN	module	module		STAT1	1	1	1
M_RIGI_typeI_IFN	module	module		STAT2	1	1	1
M_RIGI_typeI_IFN	module	module		TANK	1	1	1
M_RIGI_typeI_IFN	module	module		TAX1BP1	1	1	1
M_RIGI_typeI_IFN	module	module		TBK1	1	1	1
M_RIGI_typeI_IFN	module	module		TKFC	0	0	1
M_RIGI_typeI_IFN	module	module		TNFAIP3	1	1	1
M_RIGI_typeI_IFN	module	module		TOMM70	0	0	0
M_RIGI_typeI_IFN	module	module		TRAF3	1	1	1
M_RIGI_typeI_IFN	module	module		TRAF6	1	1	1
M_RIGI_typeI_IFN	module	module		TRIM25	1	1	1
M_RIGI_typeI_IFN	module	module		TRIM4	1	1	1
M_RIGI_typeI_IFN	module	module		TYK2	1	1	1
M_RIGI_typeI_IFN	module	module		UBA52	1	1	1
M_RIGI_typeI_IFN	module	module		UBA7	1	1	1
M_RIGI_typeI_IFN	module	module		UBB	1	1	1
M_RIGI_typeI_IFN	module	module		UBC	1	1	1
M_RIGI_typeI_IFN	module	module		UBE2D1	1	1	1
M_RIGI_typeI_IFN	module	module		UBE2D2	1	1	1
M_RIGI_typeI_IFN	module	module		UBE2D3	1	1	1
M_RIGI_typeI_IFN	module	module		UBE2K	1	1	1
M_RIGI_typeI_IFN	module	module		UBE2L6	1	1	1
M_RIGI_typeI_IFN	module	module		USP18	1	1	1
M_RIGI_typeI_IFN	module	module		XAF1	1	1	1
